[0.864s] DEBUG:colcon:Command line arguments: ['/usr/bin/colcon', 'build']
[0.866s] DEBUG:colcon:Parsed command line arguments: Namespace(log_base=None, log_level=None, verb_name='build', build_base='build', install_base='install', merge_install=False, symlink_install=False, test_result_base=None, continue_on_error=False, executor='parallel', parallel_workers=16, event_handlers=None, ignore_user_meta=False, metas=['./colcon.meta'], base_paths=['.'], packages_ignore=None, packages_ignore_regex=None, paths=None, packages_up_to=None, packages_up_to_regex=None, packages_above=None, packages_above_and_dependencies=None, packages_above_depth=None, packages_select_by_dep=None, packages_skip_by_dep=None, packages_skip_up_to=None, packages_select_build_failed=False, packages_skip_build_finished=False, packages_select_test_failures=False, packages_skip_test_passed=False, packages_select=None, packages_skip=None, packages_select_regex=None, packages_skip_regex=None, packages_start=None, packages_end=None, allow_overriding=[], cmake_args=None, cmake_target=None, cmake_target_skip_unavailable=False, cmake_clean_cache=False, cmake_clean_first=False, cmake_force_configure=False, ament_cmake_args=None, catkin_cmake_args=None, catkin_skip_building_tests=False, verb_parser=<colcon_defaults.argument_parser.defaults.DefaultArgumentsDecorator object at 0x7fc4d3f43910>, verb_extension=<colcon_core.verb.build.BuildVerb object at 0x7fc4d40485b0>, main=<bound method BuildVerb.main of <colcon_core.verb.build.BuildVerb object at 0x7fc4d40485b0>>)
[1.532s] Level 1:colcon.colcon_core.package_discovery:discover_packages(colcon_meta) check parameters
[1.532s] Level 1:colcon.colcon_core.package_discovery:discover_packages(recursive) check parameters
[1.532s] Level 1:colcon.colcon_core.package_discovery:discover_packages(ignore) check parameters
[1.533s] Level 1:colcon.colcon_core.package_discovery:discover_packages(path) check parameters
[1.533s] Level 1:colcon.colcon_core.package_discovery:discover_packages(colcon_meta) discover
[1.533s] Level 1:colcon.colcon_core.package_discovery:discover_packages(recursive) discover
[1.534s] INFO:colcon.colcon_core.package_discovery:Crawling recursively for packages in '/home/ubuntu/rj_training_container/training_ws'
[1.535s] Level 1:colcon.colcon_core.package_identification:_identify(.) by extensions ['ignore', 'ignore_ament_install']
[1.536s] Level 1:colcon.colcon_core.package_identification:_identify(.) by extension 'ignore'
[1.536s] Level 1:colcon.colcon_core.package_identification:_identify(.) by extension 'ignore_ament_install'
[1.537s] Level 1:colcon.colcon_core.package_identification:_identify(.) by extensions ['colcon_pkg']
[1.537s] Level 1:colcon.colcon_core.package_identification:_identify(.) by extension 'colcon_pkg'
[1.538s] Level 1:colcon.colcon_core.package_identification:_identify(.) by extensions ['colcon_meta']
[1.538s] Level 1:colcon.colcon_core.package_identification:_identify(.) by extension 'colcon_meta'
[1.538s] Level 1:colcon.colcon_core.package_identification:_identify(.) by extensions ['ros']
[1.538s] Level 1:colcon.colcon_core.package_identification:_identify(.) by extension 'ros'
[1.561s] Level 1:colcon.colcon_core.package_identification:_identify(.) by extensions ['cmake', 'python']
[1.561s] Level 1:colcon.colcon_core.package_identification:_identify(.) by extension 'cmake'
[1.562s] Level 1:colcon.colcon_core.package_identification:_identify(.) by extension 'python'
[1.562s] Level 1:colcon.colcon_core.package_identification:_identify(.) by extensions ['python_setup_py']
[1.563s] Level 1:colcon.colcon_core.package_identification:_identify(.) by extension 'python_setup_py'
[1.566s] Level 1:colcon.colcon_core.package_identification:_identify(build) by extensions ['ignore', 'ignore_ament_install']
[1.567s] Level 1:colcon.colcon_core.package_identification:_identify(build) by extension 'ignore'
[1.569s] Level 1:colcon.colcon_core.package_identification:_identify(build) ignored
[1.572s] Level 1:colcon.colcon_core.package_identification:_identify(install) by extensions ['ignore', 'ignore_ament_install']
[1.572s] Level 1:colcon.colcon_core.package_identification:_identify(install) by extension 'ignore'
[1.574s] Level 1:colcon.colcon_core.package_identification:_identify(install) ignored
[1.581s] Level 1:colcon.colcon_core.package_identification:_identify(log) by extensions ['ignore', 'ignore_ament_install']
[1.581s] Level 1:colcon.colcon_core.package_identification:_identify(log) by extension 'ignore'
[1.582s] Level 1:colcon.colcon_core.package_identification:_identify(log) ignored
[1.586s] Level 1:colcon.colcon_core.package_identification:_identify(src) by extensions ['ignore', 'ignore_ament_install']
[1.586s] Level 1:colcon.colcon_core.package_identification:_identify(src) by extension 'ignore'
[1.587s] Level 1:colcon.colcon_core.package_identification:_identify(src) by extension 'ignore_ament_install'
[1.589s] Level 1:colcon.colcon_core.package_identification:_identify(src) by extensions ['colcon_pkg']
[1.589s] Level 1:colcon.colcon_core.package_identification:_identify(src) by extension 'colcon_pkg'
[1.590s] Level 1:colcon.colcon_core.package_identification:_identify(src) by extensions ['colcon_meta']
[1.590s] Level 1:colcon.colcon_core.package_identification:_identify(src) by extension 'colcon_meta'
[1.591s] Level 1:colcon.colcon_core.package_identification:_identify(src) by extensions ['ros']
[1.592s] Level 1:colcon.colcon_core.package_identification:_identify(src) by extension 'ros'
[1.595s] Level 1:colcon.colcon_core.package_identification:_identify(src) by extensions ['cmake', 'python']
[1.595s] Level 1:colcon.colcon_core.package_identification:_identify(src) by extension 'cmake'
[1.597s] Level 1:colcon.colcon_core.package_identification:_identify(src) by extension 'python'
[1.598s] Level 1:colcon.colcon_core.package_identification:_identify(src) by extensions ['python_setup_py']
[1.598s] Level 1:colcon.colcon_core.package_identification:_identify(src) by extension 'python_setup_py'
[1.604s] Level 1:colcon.colcon_core.package_identification:_identify(src/software-training-old) by extensions ['ignore', 'ignore_ament_install']
[1.604s] Level 1:colcon.colcon_core.package_identification:_identify(src/software-training-old) by extension 'ignore'
[1.605s] Level 1:colcon.colcon_core.package_identification:_identify(src/software-training-old) by extension 'ignore_ament_install'
[1.608s] Level 1:colcon.colcon_core.package_identification:_identify(src/software-training-old) by extensions ['colcon_pkg']
[1.608s] Level 1:colcon.colcon_core.package_identification:_identify(src/software-training-old) by extension 'colcon_pkg'
[1.610s] Level 1:colcon.colcon_core.package_identification:_identify(src/software-training-old) by extensions ['colcon_meta']
[1.610s] Level 1:colcon.colcon_core.package_identification:_identify(src/software-training-old) by extension 'colcon_meta'
[1.612s] Level 1:colcon.colcon_core.package_identification:_identify(src/software-training-old) by extensions ['ros']
[1.612s] Level 1:colcon.colcon_core.package_identification:_identify(src/software-training-old) by extension 'ros'
[1.619s] Level 1:colcon.colcon_core.package_identification:_identify(src/software-training-old) by extensions ['cmake', 'python']
[1.619s] Level 1:colcon.colcon_core.package_identification:_identify(src/software-training-old) by extension 'cmake'
[1.620s] Level 1:colcon.colcon_core.package_identification:_identify(src/software-training-old) by extension 'python'
[1.622s] Level 1:colcon.colcon_core.package_identification:_identify(src/software-training-old) by extensions ['python_setup_py']
[1.622s] Level 1:colcon.colcon_core.package_identification:_identify(src/software-training-old) by extension 'python_setup_py'
[1.629s] Level 1:colcon.colcon_core.package_identification:_identify(src/software-training-old/astar_path_planner) by extensions ['ignore', 'ignore_ament_install']
[1.630s] Level 1:colcon.colcon_core.package_identification:_identify(src/software-training-old/astar_path_planner) by extension 'ignore'
[1.632s] Level 1:colcon.colcon_core.package_identification:_identify(src/software-training-old/astar_path_planner) by extension 'ignore_ament_install'
[1.635s] Level 1:colcon.colcon_core.package_identification:_identify(src/software-training-old/astar_path_planner) by extensions ['colcon_pkg']
[1.636s] Level 1:colcon.colcon_core.package_identification:_identify(src/software-training-old/astar_path_planner) by extension 'colcon_pkg'
[1.638s] Level 1:colcon.colcon_core.package_identification:_identify(src/software-training-old/astar_path_planner) by extensions ['colcon_meta']
[1.638s] Level 1:colcon.colcon_core.package_identification:_identify(src/software-training-old/astar_path_planner) by extension 'colcon_meta'
[1.642s] Level 1:colcon.colcon_core.package_identification:_identify(src/software-training-old/astar_path_planner) by extensions ['ros']
[1.642s] Level 1:colcon.colcon_core.package_identification:_identify(src/software-training-old/astar_path_planner) by extension 'ros'
[1.672s] DEBUG:colcon.colcon_core.package_identification:Package 'src/software-training-old/astar_path_planner' with type 'ros.ament_cmake' and name 'astar_path_planner'
[1.681s] Level 1:colcon.colcon_core.package_identification:_identify(src/software-training-old/controllers) by extensions ['ignore', 'ignore_ament_install']
[1.681s] Level 1:colcon.colcon_core.package_identification:_identify(src/software-training-old/controllers) by extension 'ignore'
[1.683s] Level 1:colcon.colcon_core.package_identification:_identify(src/software-training-old/controllers) by extension 'ignore_ament_install'
[1.687s] Level 1:colcon.colcon_core.package_identification:_identify(src/software-training-old/controllers) by extensions ['colcon_pkg']
[1.687s] Level 1:colcon.colcon_core.package_identification:_identify(src/software-training-old/controllers) by extension 'colcon_pkg'
[1.690s] Level 1:colcon.colcon_core.package_identification:_identify(src/software-training-old/controllers) by extensions ['colcon_meta']
[1.691s] Level 1:colcon.colcon_core.package_identification:_identify(src/software-training-old/controllers) by extension 'colcon_meta'
[1.695s] Level 1:colcon.colcon_core.package_identification:_identify(src/software-training-old/controllers) by extensions ['ros']
[1.695s] Level 1:colcon.colcon_core.package_identification:_identify(src/software-training-old/controllers) by extension 'ros'
[1.725s] DEBUG:colcon.colcon_core.package_identification:Package 'src/software-training-old/controllers' with type 'ros.ament_cmake' and name 'controllers'
[1.734s] Level 1:colcon.colcon_core.package_identification:_identify(src/software-training-old/coordinate_transform) by extensions ['ignore', 'ignore_ament_install']
[1.734s] Level 1:colcon.colcon_core.package_identification:_identify(src/software-training-old/coordinate_transform) by extension 'ignore'
[1.736s] Level 1:colcon.colcon_core.package_identification:_identify(src/software-training-old/coordinate_transform) by extension 'ignore_ament_install'
[1.739s] Level 1:colcon.colcon_core.package_identification:_identify(src/software-training-old/coordinate_transform) by extensions ['colcon_pkg']
[1.740s] Level 1:colcon.colcon_core.package_identification:_identify(src/software-training-old/coordinate_transform) by extension 'colcon_pkg'
[1.742s] Level 1:colcon.colcon_core.package_identification:_identify(src/software-training-old/coordinate_transform) by extensions ['colcon_meta']
[1.742s] Level 1:colcon.colcon_core.package_identification:_identify(src/software-training-old/coordinate_transform) by extension 'colcon_meta'
[1.746s] Level 1:colcon.colcon_core.package_identification:_identify(src/software-training-old/coordinate_transform) by extensions ['ros']
[1.746s] Level 1:colcon.colcon_core.package_identification:_identify(src/software-training-old/coordinate_transform) by extension 'ros'
[1.768s] DEBUG:colcon.colcon_core.package_identification:Package 'src/software-training-old/coordinate_transform' with type 'ros.ament_cmake' and name 'coordinate_transform'
[1.774s] Level 1:colcon.colcon_core.package_identification:_identify(src/software-training-old/localization) by extensions ['ignore', 'ignore_ament_install']
[1.775s] Level 1:colcon.colcon_core.package_identification:_identify(src/software-training-old/localization) by extension 'ignore'
[1.777s] Level 1:colcon.colcon_core.package_identification:_identify(src/software-training-old/localization) by extension 'ignore_ament_install'
[1.780s] Level 1:colcon.colcon_core.package_identification:_identify(src/software-training-old/localization) by extensions ['colcon_pkg']
[1.781s] Level 1:colcon.colcon_core.package_identification:_identify(src/software-training-old/localization) by extension 'colcon_pkg'
[1.783s] Level 1:colcon.colcon_core.package_identification:_identify(src/software-training-old/localization) by extensions ['colcon_meta']
[1.783s] Level 1:colcon.colcon_core.package_identification:_identify(src/software-training-old/localization) by extension 'colcon_meta'
[1.787s] Level 1:colcon.colcon_core.package_identification:_identify(src/software-training-old/localization) by extensions ['ros']
[1.787s] Level 1:colcon.colcon_core.package_identification:_identify(src/software-training-old/localization) by extension 'ros'
[1.807s] DEBUG:colcon.colcon_core.package_identification:Package 'src/software-training-old/localization' with type 'ros.ament_cmake' and name 'localization'
[1.816s] Level 1:colcon.colcon_core.package_identification:_identify(src/software-training-old/mapping) by extensions ['ignore', 'ignore_ament_install']
[1.816s] Level 1:colcon.colcon_core.package_identification:_identify(src/software-training-old/mapping) by extension 'ignore'
[1.818s] Level 1:colcon.colcon_core.package_identification:_identify(src/software-training-old/mapping) by extension 'ignore_ament_install'
[1.822s] Level 1:colcon.colcon_core.package_identification:_identify(src/software-training-old/mapping) by extensions ['colcon_pkg']
[1.823s] Level 1:colcon.colcon_core.package_identification:_identify(src/software-training-old/mapping) by extension 'colcon_pkg'
[1.825s] Level 1:colcon.colcon_core.package_identification:_identify(src/software-training-old/mapping) by extensions ['colcon_meta']
[1.825s] Level 1:colcon.colcon_core.package_identification:_identify(src/software-training-old/mapping) by extension 'colcon_meta'
[1.829s] Level 1:colcon.colcon_core.package_identification:_identify(src/software-training-old/mapping) by extensions ['ros']
[1.829s] Level 1:colcon.colcon_core.package_identification:_identify(src/software-training-old/mapping) by extension 'ros'
[1.861s] DEBUG:colcon.colcon_core.package_identification:Package 'src/software-training-old/mapping' with type 'ros.ament_cmake' and name 'mapping'
[1.870s] Level 1:colcon.colcon_core.package_identification:_identify(src/software-training-old/mineral_deposit_tracking) by extensions ['ignore', 'ignore_ament_install']
[1.870s] Level 1:colcon.colcon_core.package_identification:_identify(src/software-training-old/mineral_deposit_tracking) by extension 'ignore'
[1.872s] Level 1:colcon.colcon_core.package_identification:_identify(src/software-training-old/mineral_deposit_tracking) by extension 'ignore_ament_install'
[1.876s] Level 1:colcon.colcon_core.package_identification:_identify(src/software-training-old/mineral_deposit_tracking) by extensions ['colcon_pkg']
[1.876s] Level 1:colcon.colcon_core.package_identification:_identify(src/software-training-old/mineral_deposit_tracking) by extension 'colcon_pkg'
[1.878s] Level 1:colcon.colcon_core.package_identification:_identify(src/software-training-old/mineral_deposit_tracking) by extensions ['colcon_meta']
[1.879s] Level 1:colcon.colcon_core.package_identification:_identify(src/software-training-old/mineral_deposit_tracking) by extension 'colcon_meta'
[1.883s] Level 1:colcon.colcon_core.package_identification:_identify(src/software-training-old/mineral_deposit_tracking) by extensions ['ros']
[1.883s] Level 1:colcon.colcon_core.package_identification:_identify(src/software-training-old/mineral_deposit_tracking) by extension 'ros'
[1.907s] DEBUG:colcon.colcon_core.package_identification:Package 'src/software-training-old/mineral_deposit_tracking' with type 'ros.ament_cmake' and name 'mineral_deposit_tracking'
[1.914s] Level 1:colcon.colcon_core.package_identification:_identify(src/software-training-old/obstacle_detector) by extensions ['ignore', 'ignore_ament_install']
[1.914s] Level 1:colcon.colcon_core.package_identification:_identify(src/software-training-old/obstacle_detector) by extension 'ignore'
[1.916s] Level 1:colcon.colcon_core.package_identification:_identify(src/software-training-old/obstacle_detector) by extension 'ignore_ament_install'
[1.920s] Level 1:colcon.colcon_core.package_identification:_identify(src/software-training-old/obstacle_detector) by extensions ['colcon_pkg']
[1.921s] Level 1:colcon.colcon_core.package_identification:_identify(src/software-training-old/obstacle_detector) by extension 'colcon_pkg'
[1.923s] Level 1:colcon.colcon_core.package_identification:_identify(src/software-training-old/obstacle_detector) by extensions ['colcon_meta']
[1.923s] Level 1:colcon.colcon_core.package_identification:_identify(src/software-training-old/obstacle_detector) by extension 'colcon_meta'
[1.928s] Level 1:colcon.colcon_core.package_identification:_identify(src/software-training-old/obstacle_detector) by extensions ['ros']
[1.928s] Level 1:colcon.colcon_core.package_identification:_identify(src/software-training-old/obstacle_detector) by extension 'ros'
[1.953s] DEBUG:colcon.colcon_core.package_identification:Package 'src/software-training-old/obstacle_detector' with type 'ros.ament_cmake' and name 'obstacle_detector'
[1.961s] Level 1:colcon.colcon_core.package_identification:_identify(src/software-training-old/peak_finder) by extensions ['ignore', 'ignore_ament_install']
[1.962s] Level 1:colcon.colcon_core.package_identification:_identify(src/software-training-old/peak_finder) by extension 'ignore'
[1.964s] Level 1:colcon.colcon_core.package_identification:_identify(src/software-training-old/peak_finder) by extension 'ignore_ament_install'
[1.968s] Level 1:colcon.colcon_core.package_identification:_identify(src/software-training-old/peak_finder) by extensions ['colcon_pkg']
[1.968s] Level 1:colcon.colcon_core.package_identification:_identify(src/software-training-old/peak_finder) by extension 'colcon_pkg'
[1.970s] Level 1:colcon.colcon_core.package_identification:_identify(src/software-training-old/peak_finder) by extensions ['colcon_meta']
[1.970s] Level 1:colcon.colcon_core.package_identification:_identify(src/software-training-old/peak_finder) by extension 'colcon_meta'
[1.973s] Level 1:colcon.colcon_core.package_identification:_identify(src/software-training-old/peak_finder) by extensions ['ros']
[1.974s] Level 1:colcon.colcon_core.package_identification:_identify(src/software-training-old/peak_finder) by extension 'ros'
[2.004s] DEBUG:colcon.colcon_core.package_identification:Package 'src/software-training-old/peak_finder' with type 'ros.ament_cmake' and name 'peak_finder'
[2.013s] Level 1:colcon.colcon_core.package_identification:_identify(src/software-training-old/projects) by extensions ['ignore', 'ignore_ament_install']
[2.013s] Level 1:colcon.colcon_core.package_identification:_identify(src/software-training-old/projects) by extension 'ignore'
[2.015s] Level 1:colcon.colcon_core.package_identification:_identify(src/software-training-old/projects) by extension 'ignore_ament_install'
[2.018s] Level 1:colcon.colcon_core.package_identification:_identify(src/software-training-old/projects) by extensions ['colcon_pkg']
[2.019s] Level 1:colcon.colcon_core.package_identification:_identify(src/software-training-old/projects) by extension 'colcon_pkg'
[2.021s] Level 1:colcon.colcon_core.package_identification:_identify(src/software-training-old/projects) by extensions ['colcon_meta']
[2.021s] Level 1:colcon.colcon_core.package_identification:_identify(src/software-training-old/projects) by extension 'colcon_meta'
[2.025s] Level 1:colcon.colcon_core.package_identification:_identify(src/software-training-old/projects) by extensions ['ros']
[2.025s] Level 1:colcon.colcon_core.package_identification:_identify(src/software-training-old/projects) by extension 'ros'
[2.034s] Level 1:colcon.colcon_core.package_identification:_identify(src/software-training-old/projects) by extensions ['cmake', 'python']
[2.034s] Level 1:colcon.colcon_core.package_identification:_identify(src/software-training-old/projects) by extension 'cmake'
[2.036s] Level 1:colcon.colcon_core.package_identification:_identify(src/software-training-old/projects) by extension 'python'
[2.038s] Level 1:colcon.colcon_core.package_identification:_identify(src/software-training-old/projects) by extensions ['python_setup_py']
[2.038s] Level 1:colcon.colcon_core.package_identification:_identify(src/software-training-old/projects) by extension 'python_setup_py'
[2.048s] Level 1:colcon.colcon_core.package_identification:_identify(src/software-training-old/projects/week_1) by extensions ['ignore', 'ignore_ament_install']
[2.049s] Level 1:colcon.colcon_core.package_identification:_identify(src/software-training-old/projects/week_1) by extension 'ignore'
[2.051s] Level 1:colcon.colcon_core.package_identification:_identify(src/software-training-old/projects/week_1) by extension 'ignore_ament_install'
[2.055s] Level 1:colcon.colcon_core.package_identification:_identify(src/software-training-old/projects/week_1) by extensions ['colcon_pkg']
[2.056s] Level 1:colcon.colcon_core.package_identification:_identify(src/software-training-old/projects/week_1) by extension 'colcon_pkg'
[2.058s] Level 1:colcon.colcon_core.package_identification:_identify(src/software-training-old/projects/week_1) by extensions ['colcon_meta']
[2.058s] Level 1:colcon.colcon_core.package_identification:_identify(src/software-training-old/projects/week_1) by extension 'colcon_meta'
[2.064s] Level 1:colcon.colcon_core.package_identification:_identify(src/software-training-old/projects/week_1) by extensions ['ros']
[2.064s] Level 1:colcon.colcon_core.package_identification:_identify(src/software-training-old/projects/week_1) by extension 'ros'
[2.075s] Level 1:colcon.colcon_core.package_identification:_identify(src/software-training-old/projects/week_1) by extensions ['cmake', 'python']
[2.075s] Level 1:colcon.colcon_core.package_identification:_identify(src/software-training-old/projects/week_1) by extension 'cmake'
[2.078s] Level 1:colcon.colcon_core.package_identification:_identify(src/software-training-old/projects/week_1) by extension 'python'
[2.080s] Level 1:colcon.colcon_core.package_identification:_identify(src/software-training-old/projects/week_1) by extensions ['python_setup_py']
[2.080s] Level 1:colcon.colcon_core.package_identification:_identify(src/software-training-old/projects/week_1) by extension 'python_setup_py'
[2.092s] Level 1:colcon.colcon_core.package_identification:_identify(src/software-training-old/projects/week_2) by extensions ['ignore', 'ignore_ament_install']
[2.092s] Level 1:colcon.colcon_core.package_identification:_identify(src/software-training-old/projects/week_2) by extension 'ignore'
[2.095s] Level 1:colcon.colcon_core.package_identification:_identify(src/software-training-old/projects/week_2) by extension 'ignore_ament_install'
[2.099s] Level 1:colcon.colcon_core.package_identification:_identify(src/software-training-old/projects/week_2) by extensions ['colcon_pkg']
[2.099s] Level 1:colcon.colcon_core.package_identification:_identify(src/software-training-old/projects/week_2) by extension 'colcon_pkg'
[2.102s] Level 1:colcon.colcon_core.package_identification:_identify(src/software-training-old/projects/week_2) by extensions ['colcon_meta']
[2.102s] Level 1:colcon.colcon_core.package_identification:_identify(src/software-training-old/projects/week_2) by extension 'colcon_meta'
[2.108s] Level 1:colcon.colcon_core.package_identification:_identify(src/software-training-old/projects/week_2) by extensions ['ros']
[2.109s] Level 1:colcon.colcon_core.package_identification:_identify(src/software-training-old/projects/week_2) by extension 'ros'
[2.119s] Level 1:colcon.colcon_core.package_identification:_identify(src/software-training-old/projects/week_2) by extensions ['cmake', 'python']
[2.119s] Level 1:colcon.colcon_core.package_identification:_identify(src/software-training-old/projects/week_2) by extension 'cmake'
[2.122s] Level 1:colcon.colcon_core.package_identification:_identify(src/software-training-old/projects/week_2) by extension 'python'
[2.124s] Level 1:colcon.colcon_core.package_identification:_identify(src/software-training-old/projects/week_2) by extensions ['python_setup_py']
[2.125s] Level 1:colcon.colcon_core.package_identification:_identify(src/software-training-old/projects/week_2) by extension 'python_setup_py'
[2.136s] Level 1:colcon.colcon_core.package_identification:_identify(src/software-training-old/projects/week_3) by extensions ['ignore', 'ignore_ament_install']
[2.136s] Level 1:colcon.colcon_core.package_identification:_identify(src/software-training-old/projects/week_3) by extension 'ignore'
[2.139s] Level 1:colcon.colcon_core.package_identification:_identify(src/software-training-old/projects/week_3) by extension 'ignore_ament_install'
[2.143s] Level 1:colcon.colcon_core.package_identification:_identify(src/software-training-old/projects/week_3) by extensions ['colcon_pkg']
[2.144s] Level 1:colcon.colcon_core.package_identification:_identify(src/software-training-old/projects/week_3) by extension 'colcon_pkg'
[2.146s] Level 1:colcon.colcon_core.package_identification:_identify(src/software-training-old/projects/week_3) by extensions ['colcon_meta']
[2.146s] Level 1:colcon.colcon_core.package_identification:_identify(src/software-training-old/projects/week_3) by extension 'colcon_meta'
[2.153s] Level 1:colcon.colcon_core.package_identification:_identify(src/software-training-old/projects/week_3) by extensions ['ros']
[2.153s] Level 1:colcon.colcon_core.package_identification:_identify(src/software-training-old/projects/week_3) by extension 'ros'
[2.163s] Level 1:colcon.colcon_core.package_identification:_identify(src/software-training-old/projects/week_3) by extensions ['cmake', 'python']
[2.164s] Level 1:colcon.colcon_core.package_identification:_identify(src/software-training-old/projects/week_3) by extension 'cmake'
[2.166s] Level 1:colcon.colcon_core.package_identification:_identify(src/software-training-old/projects/week_3) by extension 'python'
[2.169s] Level 1:colcon.colcon_core.package_identification:_identify(src/software-training-old/projects/week_3) by extensions ['python_setup_py']
[2.170s] Level 1:colcon.colcon_core.package_identification:_identify(src/software-training-old/projects/week_3) by extension 'python_setup_py'
[2.181s] Level 1:colcon.colcon_core.package_identification:_identify(src/software-training-old/projects/week_4) by extensions ['ignore', 'ignore_ament_install']
[2.182s] Level 1:colcon.colcon_core.package_identification:_identify(src/software-training-old/projects/week_4) by extension 'ignore'
[2.184s] Level 1:colcon.colcon_core.package_identification:_identify(src/software-training-old/projects/week_4) by extension 'ignore_ament_install'
[2.189s] Level 1:colcon.colcon_core.package_identification:_identify(src/software-training-old/projects/week_4) by extensions ['colcon_pkg']
[2.189s] Level 1:colcon.colcon_core.package_identification:_identify(src/software-training-old/projects/week_4) by extension 'colcon_pkg'
[2.191s] Level 1:colcon.colcon_core.package_identification:_identify(src/software-training-old/projects/week_4) by extensions ['colcon_meta']
[2.191s] Level 1:colcon.colcon_core.package_identification:_identify(src/software-training-old/projects/week_4) by extension 'colcon_meta'
[2.197s] Level 1:colcon.colcon_core.package_identification:_identify(src/software-training-old/projects/week_4) by extensions ['ros']
[2.197s] Level 1:colcon.colcon_core.package_identification:_identify(src/software-training-old/projects/week_4) by extension 'ros'
[2.207s] Level 1:colcon.colcon_core.package_identification:_identify(src/software-training-old/projects/week_4) by extensions ['cmake', 'python']
[2.208s] Level 1:colcon.colcon_core.package_identification:_identify(src/software-training-old/projects/week_4) by extension 'cmake'
[2.210s] Level 1:colcon.colcon_core.package_identification:_identify(src/software-training-old/projects/week_4) by extension 'python'
[2.213s] Level 1:colcon.colcon_core.package_identification:_identify(src/software-training-old/projects/week_4) by extensions ['python_setup_py']
[2.213s] Level 1:colcon.colcon_core.package_identification:_identify(src/software-training-old/projects/week_4) by extension 'python_setup_py'
[2.225s] Level 1:colcon.colcon_core.package_identification:_identify(src/software-training-old/projects/week_5) by extensions ['ignore', 'ignore_ament_install']
[2.225s] Level 1:colcon.colcon_core.package_identification:_identify(src/software-training-old/projects/week_5) by extension 'ignore'
[2.227s] Level 1:colcon.colcon_core.package_identification:_identify(src/software-training-old/projects/week_5) by extension 'ignore_ament_install'
[2.232s] Level 1:colcon.colcon_core.package_identification:_identify(src/software-training-old/projects/week_5) by extensions ['colcon_pkg']
[2.232s] Level 1:colcon.colcon_core.package_identification:_identify(src/software-training-old/projects/week_5) by extension 'colcon_pkg'
[2.234s] Level 1:colcon.colcon_core.package_identification:_identify(src/software-training-old/projects/week_5) by extensions ['colcon_meta']
[2.234s] Level 1:colcon.colcon_core.package_identification:_identify(src/software-training-old/projects/week_5) by extension 'colcon_meta'
[2.240s] Level 1:colcon.colcon_core.package_identification:_identify(src/software-training-old/projects/week_5) by extensions ['ros']
[2.241s] Level 1:colcon.colcon_core.package_identification:_identify(src/software-training-old/projects/week_5) by extension 'ros'
[2.251s] Level 1:colcon.colcon_core.package_identification:_identify(src/software-training-old/projects/week_5) by extensions ['cmake', 'python']
[2.252s] Level 1:colcon.colcon_core.package_identification:_identify(src/software-training-old/projects/week_5) by extension 'cmake'
[2.254s] Level 1:colcon.colcon_core.package_identification:_identify(src/software-training-old/projects/week_5) by extension 'python'
[2.256s] Level 1:colcon.colcon_core.package_identification:_identify(src/software-training-old/projects/week_5) by extensions ['python_setup_py']
[2.257s] Level 1:colcon.colcon_core.package_identification:_identify(src/software-training-old/projects/week_5) by extension 'python_setup_py'
[2.267s] Level 1:colcon.colcon_core.package_identification:_identify(src/software-training-old/projects/week_6) by extensions ['ignore', 'ignore_ament_install']
[2.268s] Level 1:colcon.colcon_core.package_identification:_identify(src/software-training-old/projects/week_6) by extension 'ignore'
[2.270s] Level 1:colcon.colcon_core.package_identification:_identify(src/software-training-old/projects/week_6) by extension 'ignore_ament_install'
[2.275s] Level 1:colcon.colcon_core.package_identification:_identify(src/software-training-old/projects/week_6) by extensions ['colcon_pkg']
[2.276s] Level 1:colcon.colcon_core.package_identification:_identify(src/software-training-old/projects/week_6) by extension 'colcon_pkg'
[2.278s] Level 1:colcon.colcon_core.package_identification:_identify(src/software-training-old/projects/week_6) by extensions ['colcon_meta']
[2.279s] Level 1:colcon.colcon_core.package_identification:_identify(src/software-training-old/projects/week_6) by extension 'colcon_meta'
[2.284s] Level 1:colcon.colcon_core.package_identification:_identify(src/software-training-old/projects/week_6) by extensions ['ros']
[2.284s] Level 1:colcon.colcon_core.package_identification:_identify(src/software-training-old/projects/week_6) by extension 'ros'
[2.295s] Level 1:colcon.colcon_core.package_identification:_identify(src/software-training-old/projects/week_6) by extensions ['cmake', 'python']
[2.295s] Level 1:colcon.colcon_core.package_identification:_identify(src/software-training-old/projects/week_6) by extension 'cmake'
[2.297s] Level 1:colcon.colcon_core.package_identification:_identify(src/software-training-old/projects/week_6) by extension 'python'
[2.299s] Level 1:colcon.colcon_core.package_identification:_identify(src/software-training-old/projects/week_6) by extensions ['python_setup_py']
[2.300s] Level 1:colcon.colcon_core.package_identification:_identify(src/software-training-old/projects/week_6) by extension 'python_setup_py'
[2.311s] Level 1:colcon.colcon_core.package_identification:_identify(src/software-training-old/projects/week_7) by extensions ['ignore', 'ignore_ament_install']
[2.312s] Level 1:colcon.colcon_core.package_identification:_identify(src/software-training-old/projects/week_7) by extension 'ignore'
[2.314s] Level 1:colcon.colcon_core.package_identification:_identify(src/software-training-old/projects/week_7) by extension 'ignore_ament_install'
[2.318s] Level 1:colcon.colcon_core.package_identification:_identify(src/software-training-old/projects/week_7) by extensions ['colcon_pkg']
[2.318s] Level 1:colcon.colcon_core.package_identification:_identify(src/software-training-old/projects/week_7) by extension 'colcon_pkg'
[2.320s] Level 1:colcon.colcon_core.package_identification:_identify(src/software-training-old/projects/week_7) by extensions ['colcon_meta']
[2.321s] Level 1:colcon.colcon_core.package_identification:_identify(src/software-training-old/projects/week_7) by extension 'colcon_meta'
[2.326s] Level 1:colcon.colcon_core.package_identification:_identify(src/software-training-old/projects/week_7) by extensions ['ros']
[2.326s] Level 1:colcon.colcon_core.package_identification:_identify(src/software-training-old/projects/week_7) by extension 'ros'
[2.337s] Level 1:colcon.colcon_core.package_identification:_identify(src/software-training-old/projects/week_7) by extensions ['cmake', 'python']
[2.337s] Level 1:colcon.colcon_core.package_identification:_identify(src/software-training-old/projects/week_7) by extension 'cmake'
[2.339s] Level 1:colcon.colcon_core.package_identification:_identify(src/software-training-old/projects/week_7) by extension 'python'
[2.342s] Level 1:colcon.colcon_core.package_identification:_identify(src/software-training-old/projects/week_7) by extensions ['python_setup_py']
[2.342s] Level 1:colcon.colcon_core.package_identification:_identify(src/software-training-old/projects/week_7) by extension 'python_setup_py'
[2.352s] Level 1:colcon.colcon_core.package_identification:_identify(src/software-training-old/projects/week_8) by extensions ['ignore', 'ignore_ament_install']
[2.353s] Level 1:colcon.colcon_core.package_identification:_identify(src/software-training-old/projects/week_8) by extension 'ignore'
[2.355s] Level 1:colcon.colcon_core.package_identification:_identify(src/software-training-old/projects/week_8) by extension 'ignore_ament_install'
[2.359s] Level 1:colcon.colcon_core.package_identification:_identify(src/software-training-old/projects/week_8) by extensions ['colcon_pkg']
[2.360s] Level 1:colcon.colcon_core.package_identification:_identify(src/software-training-old/projects/week_8) by extension 'colcon_pkg'
[2.362s] Level 1:colcon.colcon_core.package_identification:_identify(src/software-training-old/projects/week_8) by extensions ['colcon_meta']
[2.362s] Level 1:colcon.colcon_core.package_identification:_identify(src/software-training-old/projects/week_8) by extension 'colcon_meta'
[2.368s] Level 1:colcon.colcon_core.package_identification:_identify(src/software-training-old/projects/week_8) by extensions ['ros']
[2.368s] Level 1:colcon.colcon_core.package_identification:_identify(src/software-training-old/projects/week_8) by extension 'ros'
[2.379s] Level 1:colcon.colcon_core.package_identification:_identify(src/software-training-old/projects/week_8) by extensions ['cmake', 'python']
[2.379s] Level 1:colcon.colcon_core.package_identification:_identify(src/software-training-old/projects/week_8) by extension 'cmake'
[2.382s] Level 1:colcon.colcon_core.package_identification:_identify(src/software-training-old/projects/week_8) by extension 'python'
[2.384s] Level 1:colcon.colcon_core.package_identification:_identify(src/software-training-old/projects/week_8) by extensions ['python_setup_py']
[2.384s] Level 1:colcon.colcon_core.package_identification:_identify(src/software-training-old/projects/week_8) by extension 'python_setup_py'
[2.392s] Level 1:colcon.colcon_core.package_identification:_identify(src/software-training-old/reference_solutions) by extensions ['ignore', 'ignore_ament_install']
[2.393s] Level 1:colcon.colcon_core.package_identification:_identify(src/software-training-old/reference_solutions) by extension 'ignore'
[2.395s] Level 1:colcon.colcon_core.package_identification:_identify(src/software-training-old/reference_solutions) ignored
[2.401s] Level 1:colcon.colcon_core.package_identification:_identify(src/software-training-old/rj_training_bringup) by extensions ['ignore', 'ignore_ament_install']
[2.402s] Level 1:colcon.colcon_core.package_identification:_identify(src/software-training-old/rj_training_bringup) by extension 'ignore'
[2.403s] Level 1:colcon.colcon_core.package_identification:_identify(src/software-training-old/rj_training_bringup) by extension 'ignore_ament_install'
[2.407s] Level 1:colcon.colcon_core.package_identification:_identify(src/software-training-old/rj_training_bringup) by extensions ['colcon_pkg']
[2.407s] Level 1:colcon.colcon_core.package_identification:_identify(src/software-training-old/rj_training_bringup) by extension 'colcon_pkg'
[2.409s] Level 1:colcon.colcon_core.package_identification:_identify(src/software-training-old/rj_training_bringup) by extensions ['colcon_meta']
[2.409s] Level 1:colcon.colcon_core.package_identification:_identify(src/software-training-old/rj_training_bringup) by extension 'colcon_meta'
[2.413s] Level 1:colcon.colcon_core.package_identification:_identify(src/software-training-old/rj_training_bringup) by extensions ['ros']
[2.413s] Level 1:colcon.colcon_core.package_identification:_identify(src/software-training-old/rj_training_bringup) by extension 'ros'
[2.442s] DEBUG:colcon.colcon_core.package_identification:Package 'src/software-training-old/rj_training_bringup' with type 'ros.ament_cmake' and name 'rj_training_bringup'
[2.450s] Level 1:colcon.colcon_core.package_identification:_identify(src/software-training-old/setup_instructons) by extensions ['ignore', 'ignore_ament_install']
[2.451s] Level 1:colcon.colcon_core.package_identification:_identify(src/software-training-old/setup_instructons) by extension 'ignore'
[2.453s] Level 1:colcon.colcon_core.package_identification:_identify(src/software-training-old/setup_instructons) by extension 'ignore_ament_install'
[2.456s] Level 1:colcon.colcon_core.package_identification:_identify(src/software-training-old/setup_instructons) by extensions ['colcon_pkg']
[2.456s] Level 1:colcon.colcon_core.package_identification:_identify(src/software-training-old/setup_instructons) by extension 'colcon_pkg'
[2.458s] Level 1:colcon.colcon_core.package_identification:_identify(src/software-training-old/setup_instructons) by extensions ['colcon_meta']
[2.458s] Level 1:colcon.colcon_core.package_identification:_identify(src/software-training-old/setup_instructons) by extension 'colcon_meta'
[2.462s] Level 1:colcon.colcon_core.package_identification:_identify(src/software-training-old/setup_instructons) by extensions ['ros']
[2.462s] Level 1:colcon.colcon_core.package_identification:_identify(src/software-training-old/setup_instructons) by extension 'ros'
[2.471s] Level 1:colcon.colcon_core.package_identification:_identify(src/software-training-old/setup_instructons) by extensions ['cmake', 'python']
[2.471s] Level 1:colcon.colcon_core.package_identification:_identify(src/software-training-old/setup_instructons) by extension 'cmake'
[2.473s] Level 1:colcon.colcon_core.package_identification:_identify(src/software-training-old/setup_instructons) by extension 'python'
[2.475s] Level 1:colcon.colcon_core.package_identification:_identify(src/software-training-old/setup_instructons) by extensions ['python_setup_py']
[2.475s] Level 1:colcon.colcon_core.package_identification:_identify(src/software-training-old/setup_instructons) by extension 'python_setup_py'
[2.481s] Level 1:colcon.colcon_core.package_identification:_identify(src/stsl) by extensions ['ignore', 'ignore_ament_install']
[2.481s] Level 1:colcon.colcon_core.package_identification:_identify(src/stsl) by extension 'ignore'
[2.483s] Level 1:colcon.colcon_core.package_identification:_identify(src/stsl) by extension 'ignore_ament_install'
[2.485s] Level 1:colcon.colcon_core.package_identification:_identify(src/stsl) by extensions ['colcon_pkg']
[2.486s] Level 1:colcon.colcon_core.package_identification:_identify(src/stsl) by extension 'colcon_pkg'
[2.487s] Level 1:colcon.colcon_core.package_identification:_identify(src/stsl) by extensions ['colcon_meta']
[2.487s] Level 1:colcon.colcon_core.package_identification:_identify(src/stsl) by extension 'colcon_meta'
[2.489s] Level 1:colcon.colcon_core.package_identification:_identify(src/stsl) by extensions ['ros']
[2.489s] Level 1:colcon.colcon_core.package_identification:_identify(src/stsl) by extension 'ros'
[2.495s] Level 1:colcon.colcon_core.package_identification:_identify(src/stsl) by extensions ['cmake', 'python']
[2.495s] Level 1:colcon.colcon_core.package_identification:_identify(src/stsl) by extension 'cmake'
[2.497s] Level 1:colcon.colcon_core.package_identification:_identify(src/stsl) by extension 'python'
[2.498s] Level 1:colcon.colcon_core.package_identification:_identify(src/stsl) by extensions ['python_setup_py']
[2.498s] Level 1:colcon.colcon_core.package_identification:_identify(src/stsl) by extension 'python_setup_py'
[2.505s] Level 1:colcon.colcon_core.package_identification:_identify(src/stsl/deployment) by extensions ['ignore', 'ignore_ament_install']
[2.506s] Level 1:colcon.colcon_core.package_identification:_identify(src/stsl/deployment) by extension 'ignore'
[2.508s] Level 1:colcon.colcon_core.package_identification:_identify(src/stsl/deployment) by extension 'ignore_ament_install'
[2.511s] Level 1:colcon.colcon_core.package_identification:_identify(src/stsl/deployment) by extensions ['colcon_pkg']
[2.512s] Level 1:colcon.colcon_core.package_identification:_identify(src/stsl/deployment) by extension 'colcon_pkg'
[2.514s] Level 1:colcon.colcon_core.package_identification:_identify(src/stsl/deployment) by extensions ['colcon_meta']
[2.514s] Level 1:colcon.colcon_core.package_identification:_identify(src/stsl/deployment) by extension 'colcon_meta'
[2.517s] Level 1:colcon.colcon_core.package_identification:_identify(src/stsl/deployment) by extensions ['ros']
[2.518s] Level 1:colcon.colcon_core.package_identification:_identify(src/stsl/deployment) by extension 'ros'
[2.526s] Level 1:colcon.colcon_core.package_identification:_identify(src/stsl/deployment) by extensions ['cmake', 'python']
[2.526s] Level 1:colcon.colcon_core.package_identification:_identify(src/stsl/deployment) by extension 'cmake'
[2.528s] Level 1:colcon.colcon_core.package_identification:_identify(src/stsl/deployment) by extension 'python'
[2.530s] Level 1:colcon.colcon_core.package_identification:_identify(src/stsl/deployment) by extensions ['python_setup_py']
[2.530s] Level 1:colcon.colcon_core.package_identification:_identify(src/stsl/deployment) by extension 'python_setup_py'
[2.541s] Level 1:colcon.colcon_core.package_identification:_identify(src/stsl/deployment/package_generation) by extensions ['ignore', 'ignore_ament_install']
[2.541s] Level 1:colcon.colcon_core.package_identification:_identify(src/stsl/deployment/package_generation) by extension 'ignore'
[2.543s] Level 1:colcon.colcon_core.package_identification:_identify(src/stsl/deployment/package_generation) by extension 'ignore_ament_install'
[2.547s] Level 1:colcon.colcon_core.package_identification:_identify(src/stsl/deployment/package_generation) by extensions ['colcon_pkg']
[2.548s] Level 1:colcon.colcon_core.package_identification:_identify(src/stsl/deployment/package_generation) by extension 'colcon_pkg'
[2.551s] Level 1:colcon.colcon_core.package_identification:_identify(src/stsl/deployment/package_generation) by extensions ['colcon_meta']
[2.551s] Level 1:colcon.colcon_core.package_identification:_identify(src/stsl/deployment/package_generation) by extension 'colcon_meta'
[2.556s] Level 1:colcon.colcon_core.package_identification:_identify(src/stsl/deployment/package_generation) by extensions ['ros']
[2.557s] Level 1:colcon.colcon_core.package_identification:_identify(src/stsl/deployment/package_generation) by extension 'ros'
[2.566s] Level 1:colcon.colcon_core.package_identification:_identify(src/stsl/deployment/package_generation) by extensions ['cmake', 'python']
[2.567s] Level 1:colcon.colcon_core.package_identification:_identify(src/stsl/deployment/package_generation) by extension 'cmake'
[2.569s] Level 1:colcon.colcon_core.package_identification:_identify(src/stsl/deployment/package_generation) by extension 'python'
[2.572s] Level 1:colcon.colcon_core.package_identification:_identify(src/stsl/deployment/package_generation) by extensions ['python_setup_py']
[2.572s] Level 1:colcon.colcon_core.package_identification:_identify(src/stsl/deployment/package_generation) by extension 'python_setup_py'
[2.583s] Level 1:colcon.colcon_core.package_identification:_identify(src/stsl/deployment/package_hosting) by extensions ['ignore', 'ignore_ament_install']
[2.583s] Level 1:colcon.colcon_core.package_identification:_identify(src/stsl/deployment/package_hosting) by extension 'ignore'
[2.586s] Level 1:colcon.colcon_core.package_identification:_identify(src/stsl/deployment/package_hosting) by extension 'ignore_ament_install'
[2.590s] Level 1:colcon.colcon_core.package_identification:_identify(src/stsl/deployment/package_hosting) by extensions ['colcon_pkg']
[2.591s] Level 1:colcon.colcon_core.package_identification:_identify(src/stsl/deployment/package_hosting) by extension 'colcon_pkg'
[2.593s] Level 1:colcon.colcon_core.package_identification:_identify(src/stsl/deployment/package_hosting) by extensions ['colcon_meta']
[2.593s] Level 1:colcon.colcon_core.package_identification:_identify(src/stsl/deployment/package_hosting) by extension 'colcon_meta'
[2.599s] Level 1:colcon.colcon_core.package_identification:_identify(src/stsl/deployment/package_hosting) by extensions ['ros']
[2.599s] Level 1:colcon.colcon_core.package_identification:_identify(src/stsl/deployment/package_hosting) by extension 'ros'
[2.609s] Level 1:colcon.colcon_core.package_identification:_identify(src/stsl/deployment/package_hosting) by extensions ['cmake', 'python']
[2.610s] Level 1:colcon.colcon_core.package_identification:_identify(src/stsl/deployment/package_hosting) by extension 'cmake'
[2.613s] Level 1:colcon.colcon_core.package_identification:_identify(src/stsl/deployment/package_hosting) by extension 'python'
[2.615s] Level 1:colcon.colcon_core.package_identification:_identify(src/stsl/deployment/package_hosting) by extensions ['python_setup_py']
[2.615s] Level 1:colcon.colcon_core.package_identification:_identify(src/stsl/deployment/package_hosting) by extension 'python_setup_py'
[2.623s] Level 1:colcon.colcon_core.package_identification:_identify(src/stsl/elevation_server) by extensions ['ignore', 'ignore_ament_install']
[2.623s] Level 1:colcon.colcon_core.package_identification:_identify(src/stsl/elevation_server) by extension 'ignore'
[2.625s] Level 1:colcon.colcon_core.package_identification:_identify(src/stsl/elevation_server) by extension 'ignore_ament_install'
[2.629s] Level 1:colcon.colcon_core.package_identification:_identify(src/stsl/elevation_server) by extensions ['colcon_pkg']
[2.629s] Level 1:colcon.colcon_core.package_identification:_identify(src/stsl/elevation_server) by extension 'colcon_pkg'
[2.631s] Level 1:colcon.colcon_core.package_identification:_identify(src/stsl/elevation_server) by extensions ['colcon_meta']
[2.631s] Level 1:colcon.colcon_core.package_identification:_identify(src/stsl/elevation_server) by extension 'colcon_meta'
[2.635s] Level 1:colcon.colcon_core.package_identification:_identify(src/stsl/elevation_server) by extensions ['ros']
[2.635s] Level 1:colcon.colcon_core.package_identification:_identify(src/stsl/elevation_server) by extension 'ros'
[2.661s] DEBUG:colcon.colcon_core.package_identification:Package 'src/stsl/elevation_server' with type 'ros.ament_cmake' and name 'elevation_server'
[2.669s] Level 1:colcon.colcon_core.package_identification:_identify(src/stsl/mineral_deposit_detection) by extensions ['ignore', 'ignore_ament_install']
[2.670s] Level 1:colcon.colcon_core.package_identification:_identify(src/stsl/mineral_deposit_detection) by extension 'ignore'
[2.671s] Level 1:colcon.colcon_core.package_identification:_identify(src/stsl/mineral_deposit_detection) by extension 'ignore_ament_install'
[2.675s] Level 1:colcon.colcon_core.package_identification:_identify(src/stsl/mineral_deposit_detection) by extensions ['colcon_pkg']
[2.676s] Level 1:colcon.colcon_core.package_identification:_identify(src/stsl/mineral_deposit_detection) by extension 'colcon_pkg'
[2.677s] Level 1:colcon.colcon_core.package_identification:_identify(src/stsl/mineral_deposit_detection) by extensions ['colcon_meta']
[2.678s] Level 1:colcon.colcon_core.package_identification:_identify(src/stsl/mineral_deposit_detection) by extension 'colcon_meta'
[2.681s] Level 1:colcon.colcon_core.package_identification:_identify(src/stsl/mineral_deposit_detection) by extensions ['ros']
[2.682s] Level 1:colcon.colcon_core.package_identification:_identify(src/stsl/mineral_deposit_detection) by extension 'ros'
[2.711s] DEBUG:colcon.colcon_core.package_identification:Package 'src/stsl/mineral_deposit_detection' with type 'ros.ament_cmake' and name 'mineral_deposit_detection'
[2.719s] Level 1:colcon.colcon_core.package_identification:_identify(src/stsl/mission_orchestration) by extensions ['ignore', 'ignore_ament_install']
[2.719s] Level 1:colcon.colcon_core.package_identification:_identify(src/stsl/mission_orchestration) by extension 'ignore'
[2.722s] Level 1:colcon.colcon_core.package_identification:_identify(src/stsl/mission_orchestration) by extension 'ignore_ament_install'
[2.725s] Level 1:colcon.colcon_core.package_identification:_identify(src/stsl/mission_orchestration) by extensions ['colcon_pkg']
[2.725s] Level 1:colcon.colcon_core.package_identification:_identify(src/stsl/mission_orchestration) by extension 'colcon_pkg'
[2.727s] Level 1:colcon.colcon_core.package_identification:_identify(src/stsl/mission_orchestration) by extensions ['colcon_meta']
[2.727s] Level 1:colcon.colcon_core.package_identification:_identify(src/stsl/mission_orchestration) by extension 'colcon_meta'
[2.731s] Level 1:colcon.colcon_core.package_identification:_identify(src/stsl/mission_orchestration) by extensions ['ros']
[2.731s] Level 1:colcon.colcon_core.package_identification:_identify(src/stsl/mission_orchestration) by extension 'ros'
[2.759s] DEBUG:colcon.colcon_core.package_identification:Package 'src/stsl/mission_orchestration' with type 'ros.ament_cmake' and name 'mission_orchestration'
[2.768s] Level 1:colcon.colcon_core.package_identification:_identify(src/stsl/stsl_aruco_tags) by extensions ['ignore', 'ignore_ament_install']
[2.769s] Level 1:colcon.colcon_core.package_identification:_identify(src/stsl/stsl_aruco_tags) by extension 'ignore'
[2.771s] Level 1:colcon.colcon_core.package_identification:_identify(src/stsl/stsl_aruco_tags) by extension 'ignore_ament_install'
[2.774s] Level 1:colcon.colcon_core.package_identification:_identify(src/stsl/stsl_aruco_tags) by extensions ['colcon_pkg']
[2.774s] Level 1:colcon.colcon_core.package_identification:_identify(src/stsl/stsl_aruco_tags) by extension 'colcon_pkg'
[2.777s] Level 1:colcon.colcon_core.package_identification:_identify(src/stsl/stsl_aruco_tags) by extensions ['colcon_meta']
[2.777s] Level 1:colcon.colcon_core.package_identification:_identify(src/stsl/stsl_aruco_tags) by extension 'colcon_meta'
[2.781s] Level 1:colcon.colcon_core.package_identification:_identify(src/stsl/stsl_aruco_tags) by extensions ['ros']
[2.781s] Level 1:colcon.colcon_core.package_identification:_identify(src/stsl/stsl_aruco_tags) by extension 'ros'
[2.802s] DEBUG:colcon.colcon_core.package_identification:Package 'src/stsl/stsl_aruco_tags' with type 'ros.ament_cmake' and name 'stsl_aruco_tags'
[2.809s] Level 1:colcon.colcon_core.package_identification:_identify(src/stsl/stsl_bt_nodes) by extensions ['ignore', 'ignore_ament_install']
[2.809s] Level 1:colcon.colcon_core.package_identification:_identify(src/stsl/stsl_bt_nodes) by extension 'ignore'
[2.811s] Level 1:colcon.colcon_core.package_identification:_identify(src/stsl/stsl_bt_nodes) by extension 'ignore_ament_install'
[2.814s] Level 1:colcon.colcon_core.package_identification:_identify(src/stsl/stsl_bt_nodes) by extensions ['colcon_pkg']
[2.815s] Level 1:colcon.colcon_core.package_identification:_identify(src/stsl/stsl_bt_nodes) by extension 'colcon_pkg'
[2.817s] Level 1:colcon.colcon_core.package_identification:_identify(src/stsl/stsl_bt_nodes) by extensions ['colcon_meta']
[2.817s] Level 1:colcon.colcon_core.package_identification:_identify(src/stsl/stsl_bt_nodes) by extension 'colcon_meta'
[2.820s] Level 1:colcon.colcon_core.package_identification:_identify(src/stsl/stsl_bt_nodes) by extensions ['ros']
[2.821s] Level 1:colcon.colcon_core.package_identification:_identify(src/stsl/stsl_bt_nodes) by extension 'ros'
[2.846s] DEBUG:colcon.colcon_core.package_identification:Package 'src/stsl/stsl_bt_nodes' with type 'ros.ament_cmake' and name 'stsl_bt_nodes'
[2.854s] Level 1:colcon.colcon_core.package_identification:_identify(src/stsl/stsl_desktop) by extensions ['ignore', 'ignore_ament_install']
[2.854s] Level 1:colcon.colcon_core.package_identification:_identify(src/stsl/stsl_desktop) by extension 'ignore'
[2.856s] Level 1:colcon.colcon_core.package_identification:_identify(src/stsl/stsl_desktop) by extension 'ignore_ament_install'
[2.859s] Level 1:colcon.colcon_core.package_identification:_identify(src/stsl/stsl_desktop) by extensions ['colcon_pkg']
[2.859s] Level 1:colcon.colcon_core.package_identification:_identify(src/stsl/stsl_desktop) by extension 'colcon_pkg'
[2.861s] Level 1:colcon.colcon_core.package_identification:_identify(src/stsl/stsl_desktop) by extensions ['colcon_meta']
[2.861s] Level 1:colcon.colcon_core.package_identification:_identify(src/stsl/stsl_desktop) by extension 'colcon_meta'
[2.865s] Level 1:colcon.colcon_core.package_identification:_identify(src/stsl/stsl_desktop) by extensions ['ros']
[2.865s] Level 1:colcon.colcon_core.package_identification:_identify(src/stsl/stsl_desktop) by extension 'ros'
[2.886s] DEBUG:colcon.colcon_core.package_identification:Package 'src/stsl/stsl_desktop' with type 'ros.ament_cmake' and name 'stsl_desktop'
[2.892s] Level 1:colcon.colcon_core.package_identification:_identify(src/stsl/stsl_gazebo_plugins) by extensions ['ignore', 'ignore_ament_install']
[2.893s] Level 1:colcon.colcon_core.package_identification:_identify(src/stsl/stsl_gazebo_plugins) by extension 'ignore'
[2.895s] Level 1:colcon.colcon_core.package_identification:_identify(src/stsl/stsl_gazebo_plugins) by extension 'ignore_ament_install'
[2.898s] Level 1:colcon.colcon_core.package_identification:_identify(src/stsl/stsl_gazebo_plugins) by extensions ['colcon_pkg']
[2.898s] Level 1:colcon.colcon_core.package_identification:_identify(src/stsl/stsl_gazebo_plugins) by extension 'colcon_pkg'
[2.900s] Level 1:colcon.colcon_core.package_identification:_identify(src/stsl/stsl_gazebo_plugins) by extensions ['colcon_meta']
[2.900s] Level 1:colcon.colcon_core.package_identification:_identify(src/stsl/stsl_gazebo_plugins) by extension 'colcon_meta'
[2.904s] Level 1:colcon.colcon_core.package_identification:_identify(src/stsl/stsl_gazebo_plugins) by extensions ['ros']
[2.905s] Level 1:colcon.colcon_core.package_identification:_identify(src/stsl/stsl_gazebo_plugins) by extension 'ros'
[2.933s] DEBUG:colcon.colcon_core.package_identification:Package 'src/stsl/stsl_gazebo_plugins' with type 'ros.ament_cmake' and name 'stsl_gazebo_plugins'
[2.941s] Level 1:colcon.colcon_core.package_identification:_identify(src/stsl/stsl_interfaces) by extensions ['ignore', 'ignore_ament_install']
[2.941s] Level 1:colcon.colcon_core.package_identification:_identify(src/stsl/stsl_interfaces) by extension 'ignore'
[2.943s] Level 1:colcon.colcon_core.package_identification:_identify(src/stsl/stsl_interfaces) by extension 'ignore_ament_install'
[2.946s] Level 1:colcon.colcon_core.package_identification:_identify(src/stsl/stsl_interfaces) by extensions ['colcon_pkg']
[2.947s] Level 1:colcon.colcon_core.package_identification:_identify(src/stsl/stsl_interfaces) by extension 'colcon_pkg'
[2.948s] Level 1:colcon.colcon_core.package_identification:_identify(src/stsl/stsl_interfaces) by extensions ['colcon_meta']
[2.948s] Level 1:colcon.colcon_core.package_identification:_identify(src/stsl/stsl_interfaces) by extension 'colcon_meta'
[2.952s] Level 1:colcon.colcon_core.package_identification:_identify(src/stsl/stsl_interfaces) by extensions ['ros']
[2.953s] Level 1:colcon.colcon_core.package_identification:_identify(src/stsl/stsl_interfaces) by extension 'ros'
[2.972s] DEBUG:colcon.colcon_core.package_identification:Package 'src/stsl/stsl_interfaces' with type 'ros.ament_cmake' and name 'stsl_interfaces'
[2.979s] Level 1:colcon.colcon_core.package_identification:_identify(src/stsl/stsl_nav_plugins) by extensions ['ignore', 'ignore_ament_install']
[2.979s] Level 1:colcon.colcon_core.package_identification:_identify(src/stsl/stsl_nav_plugins) by extension 'ignore'
[2.981s] Level 1:colcon.colcon_core.package_identification:_identify(src/stsl/stsl_nav_plugins) by extension 'ignore_ament_install'
[2.985s] Level 1:colcon.colcon_core.package_identification:_identify(src/stsl/stsl_nav_plugins) by extensions ['colcon_pkg']
[2.985s] Level 1:colcon.colcon_core.package_identification:_identify(src/stsl/stsl_nav_plugins) by extension 'colcon_pkg'
[2.987s] Level 1:colcon.colcon_core.package_identification:_identify(src/stsl/stsl_nav_plugins) by extensions ['colcon_meta']
[2.987s] Level 1:colcon.colcon_core.package_identification:_identify(src/stsl/stsl_nav_plugins) by extension 'colcon_meta'
[2.991s] Level 1:colcon.colcon_core.package_identification:_identify(src/stsl/stsl_nav_plugins) by extensions ['ros']
[2.991s] Level 1:colcon.colcon_core.package_identification:_identify(src/stsl/stsl_nav_plugins) by extension 'ros'
[3.020s] DEBUG:colcon.colcon_core.package_identification:Package 'src/stsl/stsl_nav_plugins' with type 'ros.ament_cmake' and name 'stsl_nav_plugins'
[3.029s] Level 1:colcon.colcon_core.package_identification:_identify(src/stsl/stsl_rviz_plugins) by extensions ['ignore', 'ignore_ament_install']
[3.029s] Level 1:colcon.colcon_core.package_identification:_identify(src/stsl/stsl_rviz_plugins) by extension 'ignore'
[3.031s] Level 1:colcon.colcon_core.package_identification:_identify(src/stsl/stsl_rviz_plugins) by extension 'ignore_ament_install'
[3.035s] Level 1:colcon.colcon_core.package_identification:_identify(src/stsl/stsl_rviz_plugins) by extensions ['colcon_pkg']
[3.035s] Level 1:colcon.colcon_core.package_identification:_identify(src/stsl/stsl_rviz_plugins) by extension 'colcon_pkg'
[3.037s] Level 1:colcon.colcon_core.package_identification:_identify(src/stsl/stsl_rviz_plugins) by extensions ['colcon_meta']
[3.038s] Level 1:colcon.colcon_core.package_identification:_identify(src/stsl/stsl_rviz_plugins) by extension 'colcon_meta'
[3.041s] Level 1:colcon.colcon_core.package_identification:_identify(src/stsl/stsl_rviz_plugins) by extensions ['ros']
[3.041s] Level 1:colcon.colcon_core.package_identification:_identify(src/stsl/stsl_rviz_plugins) by extension 'ros'
[3.070s] DEBUG:colcon.colcon_core.package_identification:Package 'src/stsl/stsl_rviz_plugins' with type 'ros.ament_cmake' and name 'stsl_rviz_plugins'
[3.078s] Level 1:colcon.colcon_core.package_identification:_identify(src/stsl/stsl_utils) by extensions ['ignore', 'ignore_ament_install']
[3.078s] Level 1:colcon.colcon_core.package_identification:_identify(src/stsl/stsl_utils) by extension 'ignore'
[3.080s] Level 1:colcon.colcon_core.package_identification:_identify(src/stsl/stsl_utils) by extension 'ignore_ament_install'
[3.083s] Level 1:colcon.colcon_core.package_identification:_identify(src/stsl/stsl_utils) by extensions ['colcon_pkg']
[3.084s] Level 1:colcon.colcon_core.package_identification:_identify(src/stsl/stsl_utils) by extension 'colcon_pkg'
[3.086s] Level 1:colcon.colcon_core.package_identification:_identify(src/stsl/stsl_utils) by extensions ['colcon_meta']
[3.086s] Level 1:colcon.colcon_core.package_identification:_identify(src/stsl/stsl_utils) by extension 'colcon_meta'
[3.089s] Level 1:colcon.colcon_core.package_identification:_identify(src/stsl/stsl_utils) by extensions ['ros']
[3.090s] Level 1:colcon.colcon_core.package_identification:_identify(src/stsl/stsl_utils) by extension 'ros'
[3.112s] DEBUG:colcon.colcon_core.package_identification:Package 'src/stsl/stsl_utils' with type 'ros.ament_cmake' and name 'stsl_utils'
[3.118s] Level 1:colcon.colcon_core.package_identification:_identify(src/stsl/traini_bringup) by extensions ['ignore', 'ignore_ament_install']
[3.118s] Level 1:colcon.colcon_core.package_identification:_identify(src/stsl/traini_bringup) by extension 'ignore'
[3.120s] Level 1:colcon.colcon_core.package_identification:_identify(src/stsl/traini_bringup) by extension 'ignore_ament_install'
[3.124s] Level 1:colcon.colcon_core.package_identification:_identify(src/stsl/traini_bringup) by extensions ['colcon_pkg']
[3.125s] Level 1:colcon.colcon_core.package_identification:_identify(src/stsl/traini_bringup) by extension 'colcon_pkg'
[3.126s] Level 1:colcon.colcon_core.package_identification:_identify(src/stsl/traini_bringup) by extensions ['colcon_meta']
[3.127s] Level 1:colcon.colcon_core.package_identification:_identify(src/stsl/traini_bringup) by extension 'colcon_meta'
[3.130s] Level 1:colcon.colcon_core.package_identification:_identify(src/stsl/traini_bringup) by extensions ['ros']
[3.131s] Level 1:colcon.colcon_core.package_identification:_identify(src/stsl/traini_bringup) by extension 'ros'
[3.152s] DEBUG:colcon.colcon_core.package_identification:Package 'src/stsl/traini_bringup' with type 'ros.ament_cmake' and name 'traini_bringup'
[3.158s] Level 1:colcon.colcon_core.package_identification:_identify(src/stsl/traini_description) by extensions ['ignore', 'ignore_ament_install']
[3.158s] Level 1:colcon.colcon_core.package_identification:_identify(src/stsl/traini_description) by extension 'ignore'
[3.160s] Level 1:colcon.colcon_core.package_identification:_identify(src/stsl/traini_description) by extension 'ignore_ament_install'
[3.165s] Level 1:colcon.colcon_core.package_identification:_identify(src/stsl/traini_description) by extensions ['colcon_pkg']
[3.165s] Level 1:colcon.colcon_core.package_identification:_identify(src/stsl/traini_description) by extension 'colcon_pkg'
[3.167s] Level 1:colcon.colcon_core.package_identification:_identify(src/stsl/traini_description) by extensions ['colcon_meta']
[3.167s] Level 1:colcon.colcon_core.package_identification:_identify(src/stsl/traini_description) by extension 'colcon_meta'
[3.171s] Level 1:colcon.colcon_core.package_identification:_identify(src/stsl/traini_description) by extensions ['ros']
[3.171s] Level 1:colcon.colcon_core.package_identification:_identify(src/stsl/traini_description) by extension 'ros'
[3.193s] DEBUG:colcon.colcon_core.package_identification:Package 'src/stsl/traini_description' with type 'ros.ament_cmake' and name 'traini_description'
[3.200s] Level 1:colcon.colcon_core.package_identification:_identify(src/stsl/traini_gazebo) by extensions ['ignore', 'ignore_ament_install']
[3.200s] Level 1:colcon.colcon_core.package_identification:_identify(src/stsl/traini_gazebo) by extension 'ignore'
[3.202s] Level 1:colcon.colcon_core.package_identification:_identify(src/stsl/traini_gazebo) by extension 'ignore_ament_install'
[3.206s] Level 1:colcon.colcon_core.package_identification:_identify(src/stsl/traini_gazebo) by extensions ['colcon_pkg']
[3.206s] Level 1:colcon.colcon_core.package_identification:_identify(src/stsl/traini_gazebo) by extension 'colcon_pkg'
[3.207s] Level 1:colcon.colcon_core.package_identification:_identify(src/stsl/traini_gazebo) by extensions ['colcon_meta']
[3.208s] Level 1:colcon.colcon_core.package_identification:_identify(src/stsl/traini_gazebo) by extension 'colcon_meta'
[3.211s] Level 1:colcon.colcon_core.package_identification:_identify(src/stsl/traini_gazebo) by extensions ['ros']
[3.211s] Level 1:colcon.colcon_core.package_identification:_identify(src/stsl/traini_gazebo) by extension 'ros'
[3.232s] DEBUG:colcon.colcon_core.package_identification:Package 'src/stsl/traini_gazebo' with type 'ros.ament_cmake' and name 'traini_gazebo'
[3.239s] Level 1:colcon.colcon_core.package_identification:_identify(src/stsl/traini_onboard_interface) by extensions ['ignore', 'ignore_ament_install']
[3.240s] Level 1:colcon.colcon_core.package_identification:_identify(src/stsl/traini_onboard_interface) by extension 'ignore'
[3.242s] Level 1:colcon.colcon_core.package_identification:_identify(src/stsl/traini_onboard_interface) ignored
[3.246s] Level 1:colcon.colcon_core.package_identification:_identify(src/trainingv2) by extensions ['ignore', 'ignore_ament_install']
[3.247s] Level 1:colcon.colcon_core.package_identification:_identify(src/trainingv2) by extension 'ignore'
[3.248s] Level 1:colcon.colcon_core.package_identification:_identify(src/trainingv2) by extension 'ignore_ament_install'
[3.251s] Level 1:colcon.colcon_core.package_identification:_identify(src/trainingv2) by extensions ['colcon_pkg']
[3.251s] Level 1:colcon.colcon_core.package_identification:_identify(src/trainingv2) by extension 'colcon_pkg'
[3.252s] Level 1:colcon.colcon_core.package_identification:_identify(src/trainingv2) by extensions ['colcon_meta']
[3.252s] Level 1:colcon.colcon_core.package_identification:_identify(src/trainingv2) by extension 'colcon_meta'
[3.255s] Level 1:colcon.colcon_core.package_identification:_identify(src/trainingv2) by extensions ['ros']
[3.255s] Level 1:colcon.colcon_core.package_identification:_identify(src/trainingv2) by extension 'ros'
[3.261s] Level 1:colcon.colcon_core.package_identification:_identify(src/trainingv2) by extensions ['cmake', 'python']
[3.261s] Level 1:colcon.colcon_core.package_identification:_identify(src/trainingv2) by extension 'cmake'
[3.263s] Level 1:colcon.colcon_core.package_identification:_identify(src/trainingv2) by extension 'python'
[3.264s] Level 1:colcon.colcon_core.package_identification:_identify(src/trainingv2) by extensions ['python_setup_py']
[3.264s] Level 1:colcon.colcon_core.package_identification:_identify(src/trainingv2) by extension 'python_setup_py'
[3.272s] Level 1:colcon.colcon_core.package_identification:_identify(src/trainingv2/Week 1) by extensions ['ignore', 'ignore_ament_install']
[3.273s] Level 1:colcon.colcon_core.package_identification:_identify(src/trainingv2/Week 1) by extension 'ignore'
[3.275s] Level 1:colcon.colcon_core.package_identification:_identify(src/trainingv2/Week 1) by extension 'ignore_ament_install'
[3.279s] Level 1:colcon.colcon_core.package_identification:_identify(src/trainingv2/Week 1) by extensions ['colcon_pkg']
[3.279s] Level 1:colcon.colcon_core.package_identification:_identify(src/trainingv2/Week 1) by extension 'colcon_pkg'
[3.281s] Level 1:colcon.colcon_core.package_identification:_identify(src/trainingv2/Week 1) by extensions ['colcon_meta']
[3.281s] Level 1:colcon.colcon_core.package_identification:_identify(src/trainingv2/Week 1) by extension 'colcon_meta'
[3.285s] Level 1:colcon.colcon_core.package_identification:_identify(src/trainingv2/Week 1) by extensions ['ros']
[3.285s] Level 1:colcon.colcon_core.package_identification:_identify(src/trainingv2/Week 1) by extension 'ros'
[3.294s] Level 1:colcon.colcon_core.package_identification:_identify(src/trainingv2/Week 1) by extensions ['cmake', 'python']
[3.294s] Level 1:colcon.colcon_core.package_identification:_identify(src/trainingv2/Week 1) by extension 'cmake'
[3.295s] Level 1:colcon.colcon_core.package_identification:_identify(src/trainingv2/Week 1) by extension 'python'
[3.297s] Level 1:colcon.colcon_core.package_identification:_identify(src/trainingv2/Week 1) by extensions ['python_setup_py']
[3.298s] Level 1:colcon.colcon_core.package_identification:_identify(src/trainingv2/Week 1) by extension 'python_setup_py'
[3.307s] Level 1:colcon.colcon_core.package_identification:_identify(src/trainingv2/Week 1/lecture_material) by extensions ['ignore', 'ignore_ament_install']
[3.308s] Level 1:colcon.colcon_core.package_identification:_identify(src/trainingv2/Week 1/lecture_material) by extension 'ignore'
[3.311s] Level 1:colcon.colcon_core.package_identification:_identify(src/trainingv2/Week 1/lecture_material) by extension 'ignore_ament_install'
[3.315s] Level 1:colcon.colcon_core.package_identification:_identify(src/trainingv2/Week 1/lecture_material) by extensions ['colcon_pkg']
[3.316s] Level 1:colcon.colcon_core.package_identification:_identify(src/trainingv2/Week 1/lecture_material) by extension 'colcon_pkg'
[3.319s] Level 1:colcon.colcon_core.package_identification:_identify(src/trainingv2/Week 1/lecture_material) by extensions ['colcon_meta']
[3.319s] Level 1:colcon.colcon_core.package_identification:_identify(src/trainingv2/Week 1/lecture_material) by extension 'colcon_meta'
[3.325s] Level 1:colcon.colcon_core.package_identification:_identify(src/trainingv2/Week 1/lecture_material) by extensions ['ros']
[3.326s] Level 1:colcon.colcon_core.package_identification:_identify(src/trainingv2/Week 1/lecture_material) by extension 'ros'
[3.337s] Level 1:colcon.colcon_core.package_identification:_identify(src/trainingv2/Week 1/lecture_material) by extensions ['cmake', 'python']
[3.338s] Level 1:colcon.colcon_core.package_identification:_identify(src/trainingv2/Week 1/lecture_material) by extension 'cmake'
[3.341s] Level 1:colcon.colcon_core.package_identification:_identify(src/trainingv2/Week 1/lecture_material) by extension 'python'
[3.343s] Level 1:colcon.colcon_core.package_identification:_identify(src/trainingv2/Week 1/lecture_material) by extensions ['python_setup_py']
[3.344s] Level 1:colcon.colcon_core.package_identification:_identify(src/trainingv2/Week 1/lecture_material) by extension 'python_setup_py'
[3.353s] Level 1:colcon.colcon_core.package_identification:_identify(src/trainingv2/Week 2) by extensions ['ignore', 'ignore_ament_install']
[3.354s] Level 1:colcon.colcon_core.package_identification:_identify(src/trainingv2/Week 2) by extension 'ignore'
[3.355s] Level 1:colcon.colcon_core.package_identification:_identify(src/trainingv2/Week 2) by extension 'ignore_ament_install'
[3.360s] Level 1:colcon.colcon_core.package_identification:_identify(src/trainingv2/Week 2) by extensions ['colcon_pkg']
[3.360s] Level 1:colcon.colcon_core.package_identification:_identify(src/trainingv2/Week 2) by extension 'colcon_pkg'
[3.362s] Level 1:colcon.colcon_core.package_identification:_identify(src/trainingv2/Week 2) by extensions ['colcon_meta']
[3.362s] Level 1:colcon.colcon_core.package_identification:_identify(src/trainingv2/Week 2) by extension 'colcon_meta'
[3.366s] Level 1:colcon.colcon_core.package_identification:_identify(src/trainingv2/Week 2) by extensions ['ros']
[3.366s] Level 1:colcon.colcon_core.package_identification:_identify(src/trainingv2/Week 2) by extension 'ros'
[3.374s] Level 1:colcon.colcon_core.package_identification:_identify(src/trainingv2/Week 2) by extensions ['cmake', 'python']
[3.375s] Level 1:colcon.colcon_core.package_identification:_identify(src/trainingv2/Week 2) by extension 'cmake'
[3.376s] Level 1:colcon.colcon_core.package_identification:_identify(src/trainingv2/Week 2) by extension 'python'
[3.378s] Level 1:colcon.colcon_core.package_identification:_identify(src/trainingv2/Week 2) by extensions ['python_setup_py']
[3.378s] Level 1:colcon.colcon_core.package_identification:_identify(src/trainingv2/Week 2) by extension 'python_setup_py'
[3.389s] Level 1:colcon.colcon_core.package_identification:_identify(src/trainingv2/Week 2/code) by extensions ['ignore', 'ignore_ament_install']
[3.390s] Level 1:colcon.colcon_core.package_identification:_identify(src/trainingv2/Week 2/code) by extension 'ignore'
[3.392s] Level 1:colcon.colcon_core.package_identification:_identify(src/trainingv2/Week 2/code) by extension 'ignore_ament_install'
[3.396s] Level 1:colcon.colcon_core.package_identification:_identify(src/trainingv2/Week 2/code) by extensions ['colcon_pkg']
[3.397s] Level 1:colcon.colcon_core.package_identification:_identify(src/trainingv2/Week 2/code) by extension 'colcon_pkg'
[3.399s] Level 1:colcon.colcon_core.package_identification:_identify(src/trainingv2/Week 2/code) by extensions ['colcon_meta']
[3.399s] Level 1:colcon.colcon_core.package_identification:_identify(src/trainingv2/Week 2/code) by extension 'colcon_meta'
[3.404s] Level 1:colcon.colcon_core.package_identification:_identify(src/trainingv2/Week 2/code) by extensions ['ros']
[3.405s] Level 1:colcon.colcon_core.package_identification:_identify(src/trainingv2/Week 2/code) by extension 'ros'
[3.415s] Level 1:colcon.colcon_core.package_identification:_identify(src/trainingv2/Week 2/code) by extensions ['cmake', 'python']
[3.416s] Level 1:colcon.colcon_core.package_identification:_identify(src/trainingv2/Week 2/code) by extension 'cmake'
[3.418s] Level 1:colcon.colcon_core.package_identification:_identify(src/trainingv2/Week 2/code) by extension 'python'
[3.421s] Level 1:colcon.colcon_core.package_identification:_identify(src/trainingv2/Week 2/code) by extensions ['python_setup_py']
[3.421s] Level 1:colcon.colcon_core.package_identification:_identify(src/trainingv2/Week 2/code) by extension 'python_setup_py'
[3.436s] Level 1:colcon.colcon_core.package_identification:_identify(src/trainingv2/Week 2/code/include) by extensions ['ignore', 'ignore_ament_install']
[3.436s] Level 1:colcon.colcon_core.package_identification:_identify(src/trainingv2/Week 2/code/include) by extension 'ignore'
[3.439s] Level 1:colcon.colcon_core.package_identification:_identify(src/trainingv2/Week 2/code/include) by extension 'ignore_ament_install'
[3.444s] Level 1:colcon.colcon_core.package_identification:_identify(src/trainingv2/Week 2/code/include) by extensions ['colcon_pkg']
[3.444s] Level 1:colcon.colcon_core.package_identification:_identify(src/trainingv2/Week 2/code/include) by extension 'colcon_pkg'
[3.447s] Level 1:colcon.colcon_core.package_identification:_identify(src/trainingv2/Week 2/code/include) by extensions ['colcon_meta']
[3.448s] Level 1:colcon.colcon_core.package_identification:_identify(src/trainingv2/Week 2/code/include) by extension 'colcon_meta'
[3.456s] Level 1:colcon.colcon_core.package_identification:_identify(src/trainingv2/Week 2/code/include) by extensions ['ros']
[3.456s] Level 1:colcon.colcon_core.package_identification:_identify(src/trainingv2/Week 2/code/include) by extension 'ros'
[3.469s] Level 1:colcon.colcon_core.package_identification:_identify(src/trainingv2/Week 2/code/include) by extensions ['cmake', 'python']
[3.469s] Level 1:colcon.colcon_core.package_identification:_identify(src/trainingv2/Week 2/code/include) by extension 'cmake'
[3.472s] Level 1:colcon.colcon_core.package_identification:_identify(src/trainingv2/Week 2/code/include) by extension 'python'
[3.475s] Level 1:colcon.colcon_core.package_identification:_identify(src/trainingv2/Week 2/code/include) by extensions ['python_setup_py']
[3.475s] Level 1:colcon.colcon_core.package_identification:_identify(src/trainingv2/Week 2/code/include) by extension 'python_setup_py'
[3.490s] Level 1:colcon.colcon_core.package_identification:_identify(src/trainingv2/Week 2/code/src) by extensions ['ignore', 'ignore_ament_install']
[3.490s] Level 1:colcon.colcon_core.package_identification:_identify(src/trainingv2/Week 2/code/src) by extension 'ignore'
[3.493s] Level 1:colcon.colcon_core.package_identification:_identify(src/trainingv2/Week 2/code/src) by extension 'ignore_ament_install'
[3.498s] Level 1:colcon.colcon_core.package_identification:_identify(src/trainingv2/Week 2/code/src) by extensions ['colcon_pkg']
[3.498s] Level 1:colcon.colcon_core.package_identification:_identify(src/trainingv2/Week 2/code/src) by extension 'colcon_pkg'
[3.501s] Level 1:colcon.colcon_core.package_identification:_identify(src/trainingv2/Week 2/code/src) by extensions ['colcon_meta']
[3.501s] Level 1:colcon.colcon_core.package_identification:_identify(src/trainingv2/Week 2/code/src) by extension 'colcon_meta'
[3.510s] Level 1:colcon.colcon_core.package_identification:_identify(src/trainingv2/Week 2/code/src) by extensions ['ros']
[3.511s] Level 1:colcon.colcon_core.package_identification:_identify(src/trainingv2/Week 2/code/src) by extension 'ros'
[3.524s] Level 1:colcon.colcon_core.package_identification:_identify(src/trainingv2/Week 2/code/src) by extensions ['cmake', 'python']
[3.524s] Level 1:colcon.colcon_core.package_identification:_identify(src/trainingv2/Week 2/code/src) by extension 'cmake'
[3.527s] Level 1:colcon.colcon_core.package_identification:_identify(src/trainingv2/Week 2/code/src) by extension 'python'
[3.530s] Level 1:colcon.colcon_core.package_identification:_identify(src/trainingv2/Week 2/code/src) by extensions ['python_setup_py']
[3.531s] Level 1:colcon.colcon_core.package_identification:_identify(src/trainingv2/Week 2/code/src) by extension 'python_setup_py'
[3.542s] Level 1:colcon.colcon_core.package_identification:_identify(src/trainingv2/Week 2/lecture_material) by extensions ['ignore', 'ignore_ament_install']
[3.543s] Level 1:colcon.colcon_core.package_identification:_identify(src/trainingv2/Week 2/lecture_material) by extension 'ignore'
[3.545s] Level 1:colcon.colcon_core.package_identification:_identify(src/trainingv2/Week 2/lecture_material) by extension 'ignore_ament_install'
[3.549s] Level 1:colcon.colcon_core.package_identification:_identify(src/trainingv2/Week 2/lecture_material) by extensions ['colcon_pkg']
[3.549s] Level 1:colcon.colcon_core.package_identification:_identify(src/trainingv2/Week 2/lecture_material) by extension 'colcon_pkg'
[3.552s] Level 1:colcon.colcon_core.package_identification:_identify(src/trainingv2/Week 2/lecture_material) by extensions ['colcon_meta']
[3.552s] Level 1:colcon.colcon_core.package_identification:_identify(src/trainingv2/Week 2/lecture_material) by extension 'colcon_meta'
[3.557s] Level 1:colcon.colcon_core.package_identification:_identify(src/trainingv2/Week 2/lecture_material) by extensions ['ros']
[3.557s] Level 1:colcon.colcon_core.package_identification:_identify(src/trainingv2/Week 2/lecture_material) by extension 'ros'
[3.568s] Level 1:colcon.colcon_core.package_identification:_identify(src/trainingv2/Week 2/lecture_material) by extensions ['cmake', 'python']
[3.569s] Level 1:colcon.colcon_core.package_identification:_identify(src/trainingv2/Week 2/lecture_material) by extension 'cmake'
[3.571s] Level 1:colcon.colcon_core.package_identification:_identify(src/trainingv2/Week 2/lecture_material) by extension 'python'
[3.574s] Level 1:colcon.colcon_core.package_identification:_identify(src/trainingv2/Week 2/lecture_material) by extensions ['python_setup_py']
[3.574s] Level 1:colcon.colcon_core.package_identification:_identify(src/trainingv2/Week 2/lecture_material) by extension 'python_setup_py'
[3.583s] Level 1:colcon.colcon_core.package_identification:_identify(src/trainingv2/Week 3) by extensions ['ignore', 'ignore_ament_install']
[3.584s] Level 1:colcon.colcon_core.package_identification:_identify(src/trainingv2/Week 3) by extension 'ignore'
[3.585s] Level 1:colcon.colcon_core.package_identification:_identify(src/trainingv2/Week 3) by extension 'ignore_ament_install'
[3.590s] Level 1:colcon.colcon_core.package_identification:_identify(src/trainingv2/Week 3) by extensions ['colcon_pkg']
[3.590s] Level 1:colcon.colcon_core.package_identification:_identify(src/trainingv2/Week 3) by extension 'colcon_pkg'
[3.592s] Level 1:colcon.colcon_core.package_identification:_identify(src/trainingv2/Week 3) by extensions ['colcon_meta']
[3.592s] Level 1:colcon.colcon_core.package_identification:_identify(src/trainingv2/Week 3) by extension 'colcon_meta'
[3.596s] Level 1:colcon.colcon_core.package_identification:_identify(src/trainingv2/Week 3) by extensions ['ros']
[3.596s] Level 1:colcon.colcon_core.package_identification:_identify(src/trainingv2/Week 3) by extension 'ros'
[3.604s] Level 1:colcon.colcon_core.package_identification:_identify(src/trainingv2/Week 3) by extensions ['cmake', 'python']
[3.604s] Level 1:colcon.colcon_core.package_identification:_identify(src/trainingv2/Week 3) by extension 'cmake'
[3.606s] Level 1:colcon.colcon_core.package_identification:_identify(src/trainingv2/Week 3) by extension 'python'
[3.608s] Level 1:colcon.colcon_core.package_identification:_identify(src/trainingv2/Week 3) by extensions ['python_setup_py']
[3.609s] Level 1:colcon.colcon_core.package_identification:_identify(src/trainingv2/Week 3) by extension 'python_setup_py'
[3.619s] Level 1:colcon.colcon_core.package_identification:_identify(src/trainingv2/Week 3/lecture_material) by extensions ['ignore', 'ignore_ament_install']
[3.619s] Level 1:colcon.colcon_core.package_identification:_identify(src/trainingv2/Week 3/lecture_material) by extension 'ignore'
[3.622s] Level 1:colcon.colcon_core.package_identification:_identify(src/trainingv2/Week 3/lecture_material) by extension 'ignore_ament_install'
[3.627s] Level 1:colcon.colcon_core.package_identification:_identify(src/trainingv2/Week 3/lecture_material) by extensions ['colcon_pkg']
[3.628s] Level 1:colcon.colcon_core.package_identification:_identify(src/trainingv2/Week 3/lecture_material) by extension 'colcon_pkg'
[3.630s] Level 1:colcon.colcon_core.package_identification:_identify(src/trainingv2/Week 3/lecture_material) by extensions ['colcon_meta']
[3.631s] Level 1:colcon.colcon_core.package_identification:_identify(src/trainingv2/Week 3/lecture_material) by extension 'colcon_meta'
[3.636s] Level 1:colcon.colcon_core.package_identification:_identify(src/trainingv2/Week 3/lecture_material) by extensions ['ros']
[3.637s] Level 1:colcon.colcon_core.package_identification:_identify(src/trainingv2/Week 3/lecture_material) by extension 'ros'
[3.649s] Level 1:colcon.colcon_core.package_identification:_identify(src/trainingv2/Week 3/lecture_material) by extensions ['cmake', 'python']
[3.649s] Level 1:colcon.colcon_core.package_identification:_identify(src/trainingv2/Week 3/lecture_material) by extension 'cmake'
[3.651s] Level 1:colcon.colcon_core.package_identification:_identify(src/trainingv2/Week 3/lecture_material) by extension 'python'
[3.654s] Level 1:colcon.colcon_core.package_identification:_identify(src/trainingv2/Week 3/lecture_material) by extensions ['python_setup_py']
[3.654s] Level 1:colcon.colcon_core.package_identification:_identify(src/trainingv2/Week 3/lecture_material) by extension 'python_setup_py'
[3.663s] Level 1:colcon.colcon_core.package_identification:_identify(src/trainingv2/Week 4) by extensions ['ignore', 'ignore_ament_install']
[3.663s] Level 1:colcon.colcon_core.package_identification:_identify(src/trainingv2/Week 4) by extension 'ignore'
[3.665s] Level 1:colcon.colcon_core.package_identification:_identify(src/trainingv2/Week 4) by extension 'ignore_ament_install'
[3.668s] Level 1:colcon.colcon_core.package_identification:_identify(src/trainingv2/Week 4) by extensions ['colcon_pkg']
[3.668s] Level 1:colcon.colcon_core.package_identification:_identify(src/trainingv2/Week 4) by extension 'colcon_pkg'
[3.670s] Level 1:colcon.colcon_core.package_identification:_identify(src/trainingv2/Week 4) by extensions ['colcon_meta']
[3.670s] Level 1:colcon.colcon_core.package_identification:_identify(src/trainingv2/Week 4) by extension 'colcon_meta'
[3.675s] Level 1:colcon.colcon_core.package_identification:_identify(src/trainingv2/Week 4) by extensions ['ros']
[3.675s] Level 1:colcon.colcon_core.package_identification:_identify(src/trainingv2/Week 4) by extension 'ros'
[3.683s] Level 1:colcon.colcon_core.package_identification:_identify(src/trainingv2/Week 4) by extensions ['cmake', 'python']
[3.683s] Level 1:colcon.colcon_core.package_identification:_identify(src/trainingv2/Week 4) by extension 'cmake'
[3.685s] Level 1:colcon.colcon_core.package_identification:_identify(src/trainingv2/Week 4) by extension 'python'
[3.686s] Level 1:colcon.colcon_core.package_identification:_identify(src/trainingv2/Week 4) by extensions ['python_setup_py']
[3.687s] Level 1:colcon.colcon_core.package_identification:_identify(src/trainingv2/Week 4) by extension 'python_setup_py'
[3.697s] Level 1:colcon.colcon_core.package_identification:_identify(src/trainingv2/Week 4/lecture_material) by extensions ['ignore', 'ignore_ament_install']
[3.697s] Level 1:colcon.colcon_core.package_identification:_identify(src/trainingv2/Week 4/lecture_material) by extension 'ignore'
[3.700s] Level 1:colcon.colcon_core.package_identification:_identify(src/trainingv2/Week 4/lecture_material) by extension 'ignore_ament_install'
[3.704s] Level 1:colcon.colcon_core.package_identification:_identify(src/trainingv2/Week 4/lecture_material) by extensions ['colcon_pkg']
[3.704s] Level 1:colcon.colcon_core.package_identification:_identify(src/trainingv2/Week 4/lecture_material) by extension 'colcon_pkg'
[3.706s] Level 1:colcon.colcon_core.package_identification:_identify(src/trainingv2/Week 4/lecture_material) by extensions ['colcon_meta']
[3.706s] Level 1:colcon.colcon_core.package_identification:_identify(src/trainingv2/Week 4/lecture_material) by extension 'colcon_meta'
[3.712s] Level 1:colcon.colcon_core.package_identification:_identify(src/trainingv2/Week 4/lecture_material) by extensions ['ros']
[3.712s] Level 1:colcon.colcon_core.package_identification:_identify(src/trainingv2/Week 4/lecture_material) by extension 'ros'
[3.724s] Level 1:colcon.colcon_core.package_identification:_identify(src/trainingv2/Week 4/lecture_material) by extensions ['cmake', 'python']
[3.724s] Level 1:colcon.colcon_core.package_identification:_identify(src/trainingv2/Week 4/lecture_material) by extension 'cmake'
[3.726s] Level 1:colcon.colcon_core.package_identification:_identify(src/trainingv2/Week 4/lecture_material) by extension 'python'
[3.729s] Level 1:colcon.colcon_core.package_identification:_identify(src/trainingv2/Week 4/lecture_material) by extensions ['python_setup_py']
[3.730s] Level 1:colcon.colcon_core.package_identification:_identify(src/trainingv2/Week 4/lecture_material) by extension 'python_setup_py'
[3.739s] Level 1:colcon.colcon_core.package_identification:_identify(src/trainingv2/cmake) by extensions ['ignore', 'ignore_ament_install']
[3.739s] Level 1:colcon.colcon_core.package_identification:_identify(src/trainingv2/cmake) by extension 'ignore'
[3.741s] Level 1:colcon.colcon_core.package_identification:_identify(src/trainingv2/cmake) by extension 'ignore_ament_install'
[3.744s] Level 1:colcon.colcon_core.package_identification:_identify(src/trainingv2/cmake) by extensions ['colcon_pkg']
[3.745s] Level 1:colcon.colcon_core.package_identification:_identify(src/trainingv2/cmake) by extension 'colcon_pkg'
[3.747s] Level 1:colcon.colcon_core.package_identification:_identify(src/trainingv2/cmake) by extensions ['colcon_meta']
[3.747s] Level 1:colcon.colcon_core.package_identification:_identify(src/trainingv2/cmake) by extension 'colcon_meta'
[3.751s] Level 1:colcon.colcon_core.package_identification:_identify(src/trainingv2/cmake) by extensions ['ros']
[3.751s] Level 1:colcon.colcon_core.package_identification:_identify(src/trainingv2/cmake) by extension 'ros'
[3.759s] Level 1:colcon.colcon_core.package_identification:_identify(src/trainingv2/cmake) by extensions ['cmake', 'python']
[3.760s] Level 1:colcon.colcon_core.package_identification:_identify(src/trainingv2/cmake) by extension 'cmake'
[3.761s] Level 1:colcon.colcon_core.package_identification:_identify(src/trainingv2/cmake) by extension 'python'
[3.763s] Level 1:colcon.colcon_core.package_identification:_identify(src/trainingv2/cmake) by extensions ['python_setup_py']
[3.764s] Level 1:colcon.colcon_core.package_identification:_identify(src/trainingv2/cmake) by extension 'python_setup_py'
[3.771s] Level 1:colcon.colcon_core.package_identification:_identify(src/trainingv2/controller_project) by extensions ['ignore', 'ignore_ament_install']
[3.772s] Level 1:colcon.colcon_core.package_identification:_identify(src/trainingv2/controller_project) by extension 'ignore'
[3.773s] Level 1:colcon.colcon_core.package_identification:_identify(src/trainingv2/controller_project) by extension 'ignore_ament_install'
[3.777s] Level 1:colcon.colcon_core.package_identification:_identify(src/trainingv2/controller_project) by extensions ['colcon_pkg']
[3.778s] Level 1:colcon.colcon_core.package_identification:_identify(src/trainingv2/controller_project) by extension 'colcon_pkg'
[3.779s] Level 1:colcon.colcon_core.package_identification:_identify(src/trainingv2/controller_project) by extensions ['colcon_meta']
[3.780s] Level 1:colcon.colcon_core.package_identification:_identify(src/trainingv2/controller_project) by extension 'colcon_meta'
[3.783s] Level 1:colcon.colcon_core.package_identification:_identify(src/trainingv2/controller_project) by extensions ['ros']
[3.783s] Level 1:colcon.colcon_core.package_identification:_identify(src/trainingv2/controller_project) by extension 'ros'
[3.791s] Level 1:colcon.colcon_core.package_identification:_identify(src/trainingv2/controller_project) by extensions ['cmake', 'python']
[3.791s] Level 1:colcon.colcon_core.package_identification:_identify(src/trainingv2/controller_project) by extension 'cmake'
[3.793s] Level 1:colcon.colcon_core.package_identification:_identify(src/trainingv2/controller_project) by extension 'python'
[3.795s] Level 1:colcon.colcon_core.package_identification:_identify(src/trainingv2/controller_project) by extensions ['python_setup_py']
[3.795s] Level 1:colcon.colcon_core.package_identification:_identify(src/trainingv2/controller_project) by extension 'python_setup_py'
[3.805s] Level 1:colcon.colcon_core.package_identification:_identify(src/trainingv2/controller_project/joystick_msgs) by extensions ['ignore', 'ignore_ament_install']
[3.805s] Level 1:colcon.colcon_core.package_identification:_identify(src/trainingv2/controller_project/joystick_msgs) by extension 'ignore'
[3.807s] Level 1:colcon.colcon_core.package_identification:_identify(src/trainingv2/controller_project/joystick_msgs) by extension 'ignore_ament_install'
[3.811s] Level 1:colcon.colcon_core.package_identification:_identify(src/trainingv2/controller_project/joystick_msgs) by extensions ['colcon_pkg']
[3.811s] Level 1:colcon.colcon_core.package_identification:_identify(src/trainingv2/controller_project/joystick_msgs) by extension 'colcon_pkg'
[3.814s] Level 1:colcon.colcon_core.package_identification:_identify(src/trainingv2/controller_project/joystick_msgs) by extensions ['colcon_meta']
[3.814s] Level 1:colcon.colcon_core.package_identification:_identify(src/trainingv2/controller_project/joystick_msgs) by extension 'colcon_meta'
[3.820s] Level 1:colcon.colcon_core.package_identification:_identify(src/trainingv2/controller_project/joystick_msgs) by extensions ['ros']
[3.821s] Level 1:colcon.colcon_core.package_identification:_identify(src/trainingv2/controller_project/joystick_msgs) by extension 'ros'
[3.861s] DEBUG:colcon.colcon_core.package_identification:Package 'src/trainingv2/controller_project/joystick_msgs' with type 'ros.ament_cmake' and name 'joystick_msgs'
[3.872s] Level 1:colcon.colcon_core.package_identification:_identify(src/trainingv2/controller_project/joystick_package) by extensions ['ignore', 'ignore_ament_install']
[3.872s] Level 1:colcon.colcon_core.package_identification:_identify(src/trainingv2/controller_project/joystick_package) by extension 'ignore'
[3.875s] Level 1:colcon.colcon_core.package_identification:_identify(src/trainingv2/controller_project/joystick_package) by extension 'ignore_ament_install'
[3.879s] Level 1:colcon.colcon_core.package_identification:_identify(src/trainingv2/controller_project/joystick_package) by extensions ['colcon_pkg']
[3.880s] Level 1:colcon.colcon_core.package_identification:_identify(src/trainingv2/controller_project/joystick_package) by extension 'colcon_pkg'
[3.882s] Level 1:colcon.colcon_core.package_identification:_identify(src/trainingv2/controller_project/joystick_package) by extensions ['colcon_meta']
[3.882s] Level 1:colcon.colcon_core.package_identification:_identify(src/trainingv2/controller_project/joystick_package) by extension 'colcon_meta'
[3.888s] Level 1:colcon.colcon_core.package_identification:_identify(src/trainingv2/controller_project/joystick_package) by extensions ['ros']
[3.888s] Level 1:colcon.colcon_core.package_identification:_identify(src/trainingv2/controller_project/joystick_package) by extension 'ros'
[3.917s] DEBUG:colcon.colcon_core.package_identification:Package 'src/trainingv2/controller_project/joystick_package' with type 'ros.ament_cmake' and name 'joystick_package'
[3.925s] Level 1:colcon.colcon_core.package_identification:_identify(src/trainingv2/documents) by extensions ['ignore', 'ignore_ament_install']
[3.925s] Level 1:colcon.colcon_core.package_identification:_identify(src/trainingv2/documents) by extension 'ignore'
[3.927s] Level 1:colcon.colcon_core.package_identification:_identify(src/trainingv2/documents) by extension 'ignore_ament_install'
[3.931s] Level 1:colcon.colcon_core.package_identification:_identify(src/trainingv2/documents) by extensions ['colcon_pkg']
[3.931s] Level 1:colcon.colcon_core.package_identification:_identify(src/trainingv2/documents) by extension 'colcon_pkg'
[3.933s] Level 1:colcon.colcon_core.package_identification:_identify(src/trainingv2/documents) by extensions ['colcon_meta']
[3.933s] Level 1:colcon.colcon_core.package_identification:_identify(src/trainingv2/documents) by extension 'colcon_meta'
[3.938s] Level 1:colcon.colcon_core.package_identification:_identify(src/trainingv2/documents) by extensions ['ros']
[3.938s] Level 1:colcon.colcon_core.package_identification:_identify(src/trainingv2/documents) by extension 'ros'
[3.948s] Level 1:colcon.colcon_core.package_identification:_identify(src/trainingv2/documents) by extensions ['cmake', 'python']
[3.949s] Level 1:colcon.colcon_core.package_identification:_identify(src/trainingv2/documents) by extension 'cmake'
[3.951s] Level 1:colcon.colcon_core.package_identification:_identify(src/trainingv2/documents) by extension 'python'
[3.953s] Level 1:colcon.colcon_core.package_identification:_identify(src/trainingv2/documents) by extensions ['python_setup_py']
[3.953s] Level 1:colcon.colcon_core.package_identification:_identify(src/trainingv2/documents) by extension 'python_setup_py'
[3.967s] Level 1:colcon.colcon_core.package_identification:_identify(src/trainingv2/documents/installation) by extensions ['ignore', 'ignore_ament_install']
[3.967s] Level 1:colcon.colcon_core.package_identification:_identify(src/trainingv2/documents/installation) by extension 'ignore'
[3.970s] Level 1:colcon.colcon_core.package_identification:_identify(src/trainingv2/documents/installation) by extension 'ignore_ament_install'
[3.975s] Level 1:colcon.colcon_core.package_identification:_identify(src/trainingv2/documents/installation) by extensions ['colcon_pkg']
[3.975s] Level 1:colcon.colcon_core.package_identification:_identify(src/trainingv2/documents/installation) by extension 'colcon_pkg'
[3.977s] Level 1:colcon.colcon_core.package_identification:_identify(src/trainingv2/documents/installation) by extensions ['colcon_meta']
[3.978s] Level 1:colcon.colcon_core.package_identification:_identify(src/trainingv2/documents/installation) by extension 'colcon_meta'
[3.983s] Level 1:colcon.colcon_core.package_identification:_identify(src/trainingv2/documents/installation) by extensions ['ros']
[3.984s] Level 1:colcon.colcon_core.package_identification:_identify(src/trainingv2/documents/installation) by extension 'ros'
[3.995s] Level 1:colcon.colcon_core.package_identification:_identify(src/trainingv2/documents/installation) by extensions ['cmake', 'python']
[3.995s] Level 1:colcon.colcon_core.package_identification:_identify(src/trainingv2/documents/installation) by extension 'cmake'
[3.998s] Level 1:colcon.colcon_core.package_identification:_identify(src/trainingv2/documents/installation) by extension 'python'
[4.000s] Level 1:colcon.colcon_core.package_identification:_identify(src/trainingv2/documents/installation) by extensions ['python_setup_py']
[4.000s] Level 1:colcon.colcon_core.package_identification:_identify(src/trainingv2/documents/installation) by extension 'python_setup_py'
[4.012s] Level 1:colcon.colcon_core.package_identification:_identify(src/trainingv2/documents/pictures) by extensions ['ignore', 'ignore_ament_install']
[4.013s] Level 1:colcon.colcon_core.package_identification:_identify(src/trainingv2/documents/pictures) by extension 'ignore'
[4.016s] Level 1:colcon.colcon_core.package_identification:_identify(src/trainingv2/documents/pictures) by extension 'ignore_ament_install'
[4.020s] Level 1:colcon.colcon_core.package_identification:_identify(src/trainingv2/documents/pictures) by extensions ['colcon_pkg']
[4.021s] Level 1:colcon.colcon_core.package_identification:_identify(src/trainingv2/documents/pictures) by extension 'colcon_pkg'
[4.023s] Level 1:colcon.colcon_core.package_identification:_identify(src/trainingv2/documents/pictures) by extensions ['colcon_meta']
[4.024s] Level 1:colcon.colcon_core.package_identification:_identify(src/trainingv2/documents/pictures) by extension 'colcon_meta'
[4.030s] Level 1:colcon.colcon_core.package_identification:_identify(src/trainingv2/documents/pictures) by extensions ['ros']
[4.030s] Level 1:colcon.colcon_core.package_identification:_identify(src/trainingv2/documents/pictures) by extension 'ros'
[4.042s] Level 1:colcon.colcon_core.package_identification:_identify(src/trainingv2/documents/pictures) by extensions ['cmake', 'python']
[4.042s] Level 1:colcon.colcon_core.package_identification:_identify(src/trainingv2/documents/pictures) by extension 'cmake'
[4.046s] Level 1:colcon.colcon_core.package_identification:_identify(src/trainingv2/documents/pictures) by extension 'python'
[4.048s] Level 1:colcon.colcon_core.package_identification:_identify(src/trainingv2/documents/pictures) by extensions ['python_setup_py']
[4.048s] Level 1:colcon.colcon_core.package_identification:_identify(src/trainingv2/documents/pictures) by extension 'python_setup_py'
[4.058s] Level 1:colcon.colcon_core.package_identification:_identify(src/trainingv2/turtlesim_project) by extensions ['ignore', 'ignore_ament_install']
[4.059s] Level 1:colcon.colcon_core.package_identification:_identify(src/trainingv2/turtlesim_project) by extension 'ignore'
[4.061s] Level 1:colcon.colcon_core.package_identification:_identify(src/trainingv2/turtlesim_project) by extension 'ignore_ament_install'
[4.064s] Level 1:colcon.colcon_core.package_identification:_identify(src/trainingv2/turtlesim_project) by extensions ['colcon_pkg']
[4.065s] Level 1:colcon.colcon_core.package_identification:_identify(src/trainingv2/turtlesim_project) by extension 'colcon_pkg'
[4.067s] Level 1:colcon.colcon_core.package_identification:_identify(src/trainingv2/turtlesim_project) by extensions ['colcon_meta']
[4.067s] Level 1:colcon.colcon_core.package_identification:_identify(src/trainingv2/turtlesim_project) by extension 'colcon_meta'
[4.071s] Level 1:colcon.colcon_core.package_identification:_identify(src/trainingv2/turtlesim_project) by extensions ['ros']
[4.071s] Level 1:colcon.colcon_core.package_identification:_identify(src/trainingv2/turtlesim_project) by extension 'ros'
[4.080s] Level 1:colcon.colcon_core.package_identification:_identify(src/trainingv2/turtlesim_project) by extensions ['cmake', 'python']
[4.081s] Level 1:colcon.colcon_core.package_identification:_identify(src/trainingv2/turtlesim_project) by extension 'cmake'
[4.083s] Level 1:colcon.colcon_core.package_identification:_identify(src/trainingv2/turtlesim_project) by extension 'python'
[4.084s] Level 1:colcon.colcon_core.package_identification:_identify(src/trainingv2/turtlesim_project) by extensions ['python_setup_py']
[4.085s] Level 1:colcon.colcon_core.package_identification:_identify(src/trainingv2/turtlesim_project) by extension 'python_setup_py'
[4.096s] Level 1:colcon.colcon_core.package_identification:_identify(src/trainingv2/turtlesim_project/src) by extensions ['ignore', 'ignore_ament_install']
[4.096s] Level 1:colcon.colcon_core.package_identification:_identify(src/trainingv2/turtlesim_project/src) by extension 'ignore'
[4.099s] Level 1:colcon.colcon_core.package_identification:_identify(src/trainingv2/turtlesim_project/src) by extension 'ignore_ament_install'
[4.104s] Level 1:colcon.colcon_core.package_identification:_identify(src/trainingv2/turtlesim_project/src) by extensions ['colcon_pkg']
[4.104s] Level 1:colcon.colcon_core.package_identification:_identify(src/trainingv2/turtlesim_project/src) by extension 'colcon_pkg'
[4.107s] Level 1:colcon.colcon_core.package_identification:_identify(src/trainingv2/turtlesim_project/src) by extensions ['colcon_meta']
[4.107s] Level 1:colcon.colcon_core.package_identification:_identify(src/trainingv2/turtlesim_project/src) by extension 'colcon_meta'
[4.113s] Level 1:colcon.colcon_core.package_identification:_identify(src/trainingv2/turtlesim_project/src) by extensions ['ros']
[4.114s] Level 1:colcon.colcon_core.package_identification:_identify(src/trainingv2/turtlesim_project/src) by extension 'ros'
[4.125s] Level 1:colcon.colcon_core.package_identification:_identify(src/trainingv2/turtlesim_project/src) by extensions ['cmake', 'python']
[4.126s] Level 1:colcon.colcon_core.package_identification:_identify(src/trainingv2/turtlesim_project/src) by extension 'cmake'
[4.128s] Level 1:colcon.colcon_core.package_identification:_identify(src/trainingv2/turtlesim_project/src) by extension 'python'
[4.131s] Level 1:colcon.colcon_core.package_identification:_identify(src/trainingv2/turtlesim_project/src) by extensions ['python_setup_py']
[4.131s] Level 1:colcon.colcon_core.package_identification:_identify(src/trainingv2/turtlesim_project/src) by extension 'python_setup_py'
[4.146s] Level 1:colcon.colcon_core.package_identification:_identify(src/trainingv2/turtlesim_project/src/keyboard) by extensions ['ignore', 'ignore_ament_install']
[4.146s] Level 1:colcon.colcon_core.package_identification:_identify(src/trainingv2/turtlesim_project/src/keyboard) by extension 'ignore'
[4.150s] Level 1:colcon.colcon_core.package_identification:_identify(src/trainingv2/turtlesim_project/src/keyboard) by extension 'ignore_ament_install'
[4.156s] Level 1:colcon.colcon_core.package_identification:_identify(src/trainingv2/turtlesim_project/src/keyboard) by extensions ['colcon_pkg']
[4.156s] Level 1:colcon.colcon_core.package_identification:_identify(src/trainingv2/turtlesim_project/src/keyboard) by extension 'colcon_pkg'
[4.159s] Level 1:colcon.colcon_core.package_identification:_identify(src/trainingv2/turtlesim_project/src/keyboard) by extensions ['colcon_meta']
[4.159s] Level 1:colcon.colcon_core.package_identification:_identify(src/trainingv2/turtlesim_project/src/keyboard) by extension 'colcon_meta'
[4.168s] Level 1:colcon.colcon_core.package_identification:_identify(src/trainingv2/turtlesim_project/src/keyboard) by extensions ['ros']
[4.169s] Level 1:colcon.colcon_core.package_identification:_identify(src/trainingv2/turtlesim_project/src/keyboard) by extension 'ros'
[4.200s] DEBUG:colcon.colcon_core.package_identification:Package 'src/trainingv2/turtlesim_project/src/keyboard' with type 'ros.ament_python' and name 'keyboard'
[4.212s] Level 1:colcon.colcon_core.package_identification:_identify(src/trainingv2/turtlesim_project/src/teleop) by extensions ['ignore', 'ignore_ament_install']
[4.213s] Level 1:colcon.colcon_core.package_identification:_identify(src/trainingv2/turtlesim_project/src/teleop) by extension 'ignore'
[4.216s] Level 1:colcon.colcon_core.package_identification:_identify(src/trainingv2/turtlesim_project/src/teleop) by extension 'ignore_ament_install'
[4.222s] Level 1:colcon.colcon_core.package_identification:_identify(src/trainingv2/turtlesim_project/src/teleop) by extensions ['colcon_pkg']
[4.222s] Level 1:colcon.colcon_core.package_identification:_identify(src/trainingv2/turtlesim_project/src/teleop) by extension 'colcon_pkg'
[4.225s] Level 1:colcon.colcon_core.package_identification:_identify(src/trainingv2/turtlesim_project/src/teleop) by extensions ['colcon_meta']
[4.225s] Level 1:colcon.colcon_core.package_identification:_identify(src/trainingv2/turtlesim_project/src/teleop) by extension 'colcon_meta'
[4.235s] Level 1:colcon.colcon_core.package_identification:_identify(src/trainingv2/turtlesim_project/src/teleop) by extensions ['ros']
[4.235s] Level 1:colcon.colcon_core.package_identification:_identify(src/trainingv2/turtlesim_project/src/teleop) by extension 'ros'
[4.274s] DEBUG:colcon.colcon_core.package_identification:Package 'src/trainingv2/turtlesim_project/src/teleop' with type 'ros.ament_cmake' and name 'teleop'
[4.274s] Level 1:colcon.colcon_core.package_discovery:discover_packages(recursive) using defaults
[4.275s] Level 1:colcon.colcon_core.package_discovery:discover_packages(ignore) discover
[4.275s] Level 1:colcon.colcon_core.package_discovery:discover_packages(ignore) using defaults
[4.276s] Level 1:colcon.colcon_core.package_discovery:discover_packages(path) discover
[4.276s] Level 1:colcon.colcon_core.package_discovery:discover_packages(path) using defaults
[4.658s] Level 1:colcon.colcon_core.package_discovery:discover_packages(prefix_path) check parameters
[4.659s] Level 1:colcon.colcon_core.package_discovery:discover_packages(prefix_path) discover
[5.075s] DEBUG:colcon.colcon_installed_package_information.package_discovery:Found 27 installed packages in /home/ubuntu/rj_training_container/training_ws/install
[5.078s] DEBUG:colcon.colcon_installed_package_information.package_discovery:Found 339 installed packages in /opt/ros/humble
[5.080s] Level 1:colcon.colcon_core.package_discovery:discover_packages(prefix_path) using defaults
[5.631s] Level 5:colcon.colcon_core.verb:set package 'astar_path_planner' build argument 'cmake_args' from command line to 'None'
[5.631s] Level 5:colcon.colcon_core.verb:set package 'astar_path_planner' build argument 'cmake_target' from command line to 'None'
[5.632s] Level 5:colcon.colcon_core.verb:set package 'astar_path_planner' build argument 'cmake_target_skip_unavailable' from command line to 'False'
[5.632s] Level 5:colcon.colcon_core.verb:set package 'astar_path_planner' build argument 'cmake_clean_cache' from command line to 'False'
[5.633s] Level 5:colcon.colcon_core.verb:set package 'astar_path_planner' build argument 'cmake_clean_first' from command line to 'False'
[5.634s] Level 5:colcon.colcon_core.verb:set package 'astar_path_planner' build argument 'cmake_force_configure' from command line to 'False'
[5.634s] Level 5:colcon.colcon_core.verb:set package 'astar_path_planner' build argument 'ament_cmake_args' from command line to 'None'
[5.635s] Level 5:colcon.colcon_core.verb:set package 'astar_path_planner' build argument 'catkin_cmake_args' from command line to 'None'
[5.635s] Level 5:colcon.colcon_core.verb:set package 'astar_path_planner' build argument 'catkin_skip_building_tests' from command line to 'False'
[5.635s] DEBUG:colcon.colcon_core.verb:Building package 'astar_path_planner' with the following arguments: {'ament_cmake_args': None, 'build_base': '/home/ubuntu/rj_training_container/training_ws/build/astar_path_planner', 'catkin_cmake_args': None, 'catkin_skip_building_tests': False, 'cmake_args': None, 'cmake_clean_cache': False, 'cmake_clean_first': False, 'cmake_force_configure': False, 'cmake_target': None, 'cmake_target_skip_unavailable': False, 'install_base': '/home/ubuntu/rj_training_container/training_ws/install/astar_path_planner', 'merge_install': False, 'path': '/home/ubuntu/rj_training_container/training_ws/src/software-training-old/astar_path_planner', 'symlink_install': False, 'test_result_base': None}
[5.636s] Level 5:colcon.colcon_core.verb:set package 'controllers' build argument 'cmake_args' from command line to 'None'
[5.637s] Level 5:colcon.colcon_core.verb:set package 'controllers' build argument 'cmake_target' from command line to 'None'
[5.637s] Level 5:colcon.colcon_core.verb:set package 'controllers' build argument 'cmake_target_skip_unavailable' from command line to 'False'
[5.637s] Level 5:colcon.colcon_core.verb:set package 'controllers' build argument 'cmake_clean_cache' from command line to 'False'
[5.637s] Level 5:colcon.colcon_core.verb:set package 'controllers' build argument 'cmake_clean_first' from command line to 'False'
[5.638s] Level 5:colcon.colcon_core.verb:set package 'controllers' build argument 'cmake_force_configure' from command line to 'False'
[5.638s] Level 5:colcon.colcon_core.verb:set package 'controllers' build argument 'ament_cmake_args' from command line to 'None'
[5.638s] Level 5:colcon.colcon_core.verb:set package 'controllers' build argument 'catkin_cmake_args' from command line to 'None'
[5.638s] Level 5:colcon.colcon_core.verb:set package 'controllers' build argument 'catkin_skip_building_tests' from command line to 'False'
[5.639s] DEBUG:colcon.colcon_core.verb:Building package 'controllers' with the following arguments: {'ament_cmake_args': None, 'build_base': '/home/ubuntu/rj_training_container/training_ws/build/controllers', 'catkin_cmake_args': None, 'catkin_skip_building_tests': False, 'cmake_args': None, 'cmake_clean_cache': False, 'cmake_clean_first': False, 'cmake_force_configure': False, 'cmake_target': None, 'cmake_target_skip_unavailable': False, 'install_base': '/home/ubuntu/rj_training_container/training_ws/install/controllers', 'merge_install': False, 'path': '/home/ubuntu/rj_training_container/training_ws/src/software-training-old/controllers', 'symlink_install': False, 'test_result_base': None}
[5.639s] Level 5:colcon.colcon_core.verb:set package 'joystick_msgs' build argument 'cmake_args' from command line to 'None'
[5.640s] Level 5:colcon.colcon_core.verb:set package 'joystick_msgs' build argument 'cmake_target' from command line to 'None'
[5.640s] Level 5:colcon.colcon_core.verb:set package 'joystick_msgs' build argument 'cmake_target_skip_unavailable' from command line to 'False'
[5.640s] Level 5:colcon.colcon_core.verb:set package 'joystick_msgs' build argument 'cmake_clean_cache' from command line to 'False'
[5.640s] Level 5:colcon.colcon_core.verb:set package 'joystick_msgs' build argument 'cmake_clean_first' from command line to 'False'
[5.640s] Level 5:colcon.colcon_core.verb:set package 'joystick_msgs' build argument 'cmake_force_configure' from command line to 'False'
[5.641s] Level 5:colcon.colcon_core.verb:set package 'joystick_msgs' build argument 'ament_cmake_args' from command line to 'None'
[5.641s] Level 5:colcon.colcon_core.verb:set package 'joystick_msgs' build argument 'catkin_cmake_args' from command line to 'None'
[5.641s] Level 5:colcon.colcon_core.verb:set package 'joystick_msgs' build argument 'catkin_skip_building_tests' from command line to 'False'
[5.641s] DEBUG:colcon.colcon_core.verb:Building package 'joystick_msgs' with the following arguments: {'ament_cmake_args': None, 'build_base': '/home/ubuntu/rj_training_container/training_ws/build/joystick_msgs', 'catkin_cmake_args': None, 'catkin_skip_building_tests': False, 'cmake_args': None, 'cmake_clean_cache': False, 'cmake_clean_first': False, 'cmake_force_configure': False, 'cmake_target': None, 'cmake_target_skip_unavailable': False, 'install_base': '/home/ubuntu/rj_training_container/training_ws/install/joystick_msgs', 'merge_install': False, 'path': '/home/ubuntu/rj_training_container/training_ws/src/trainingv2/controller_project/joystick_msgs', 'symlink_install': False, 'test_result_base': None}
[5.642s] Level 5:colcon.colcon_core.verb:set package 'keyboard' build argument 'cmake_args' from command line to 'None'
[5.642s] Level 5:colcon.colcon_core.verb:set package 'keyboard' build argument 'cmake_target' from command line to 'None'
[5.642s] Level 5:colcon.colcon_core.verb:set package 'keyboard' build argument 'cmake_target_skip_unavailable' from command line to 'False'
[5.643s] Level 5:colcon.colcon_core.verb:set package 'keyboard' build argument 'cmake_clean_cache' from command line to 'False'
[5.643s] Level 5:colcon.colcon_core.verb:set package 'keyboard' build argument 'cmake_clean_first' from command line to 'False'
[5.643s] Level 5:colcon.colcon_core.verb:set package 'keyboard' build argument 'cmake_force_configure' from command line to 'False'
[5.643s] Level 5:colcon.colcon_core.verb:set package 'keyboard' build argument 'ament_cmake_args' from command line to 'None'
[5.644s] Level 5:colcon.colcon_core.verb:set package 'keyboard' build argument 'catkin_cmake_args' from command line to 'None'
[5.644s] Level 5:colcon.colcon_core.verb:set package 'keyboard' build argument 'catkin_skip_building_tests' from command line to 'False'
[5.644s] DEBUG:colcon.colcon_core.verb:Building package 'keyboard' with the following arguments: {'ament_cmake_args': None, 'build_base': '/home/ubuntu/rj_training_container/training_ws/build/keyboard', 'catkin_cmake_args': None, 'catkin_skip_building_tests': False, 'cmake_args': None, 'cmake_clean_cache': False, 'cmake_clean_first': False, 'cmake_force_configure': False, 'cmake_target': None, 'cmake_target_skip_unavailable': False, 'install_base': '/home/ubuntu/rj_training_container/training_ws/install/keyboard', 'merge_install': False, 'path': '/home/ubuntu/rj_training_container/training_ws/src/trainingv2/turtlesim_project/src/keyboard', 'symlink_install': False, 'test_result_base': None}
[5.645s] Level 5:colcon.colcon_core.verb:set package 'mapping' build argument 'cmake_args' from command line to 'None'
[5.645s] Level 5:colcon.colcon_core.verb:set package 'mapping' build argument 'cmake_target' from command line to 'None'
[5.645s] Level 5:colcon.colcon_core.verb:set package 'mapping' build argument 'cmake_target_skip_unavailable' from command line to 'False'
[5.645s] Level 5:colcon.colcon_core.verb:set package 'mapping' build argument 'cmake_clean_cache' from command line to 'False'
[5.646s] Level 5:colcon.colcon_core.verb:set package 'mapping' build argument 'cmake_clean_first' from command line to 'False'
[5.646s] Level 5:colcon.colcon_core.verb:set package 'mapping' build argument 'cmake_force_configure' from command line to 'False'
[5.646s] Level 5:colcon.colcon_core.verb:set package 'mapping' build argument 'ament_cmake_args' from command line to 'None'
[5.647s] Level 5:colcon.colcon_core.verb:set package 'mapping' build argument 'catkin_cmake_args' from command line to 'None'
[5.647s] Level 5:colcon.colcon_core.verb:set package 'mapping' build argument 'catkin_skip_building_tests' from command line to 'False'
[5.647s] DEBUG:colcon.colcon_core.verb:Building package 'mapping' with the following arguments: {'ament_cmake_args': None, 'build_base': '/home/ubuntu/rj_training_container/training_ws/build/mapping', 'catkin_cmake_args': None, 'catkin_skip_building_tests': False, 'cmake_args': None, 'cmake_clean_cache': False, 'cmake_clean_first': False, 'cmake_force_configure': False, 'cmake_target': None, 'cmake_target_skip_unavailable': False, 'install_base': '/home/ubuntu/rj_training_container/training_ws/install/mapping', 'merge_install': False, 'path': '/home/ubuntu/rj_training_container/training_ws/src/software-training-old/mapping', 'symlink_install': False, 'test_result_base': None}
[5.648s] Level 5:colcon.colcon_core.verb:set package 'obstacle_detector' build argument 'cmake_args' from command line to 'None'
[5.648s] Level 5:colcon.colcon_core.verb:set package 'obstacle_detector' build argument 'cmake_target' from command line to 'None'
[5.648s] Level 5:colcon.colcon_core.verb:set package 'obstacle_detector' build argument 'cmake_target_skip_unavailable' from command line to 'False'
[5.648s] Level 5:colcon.colcon_core.verb:set package 'obstacle_detector' build argument 'cmake_clean_cache' from command line to 'False'
[5.649s] Level 5:colcon.colcon_core.verb:set package 'obstacle_detector' build argument 'cmake_clean_first' from command line to 'False'
[5.649s] Level 5:colcon.colcon_core.verb:set package 'obstacle_detector' build argument 'cmake_force_configure' from command line to 'False'
[5.649s] Level 5:colcon.colcon_core.verb:set package 'obstacle_detector' build argument 'ament_cmake_args' from command line to 'None'
[5.650s] Level 5:colcon.colcon_core.verb:set package 'obstacle_detector' build argument 'catkin_cmake_args' from command line to 'None'
[5.650s] Level 5:colcon.colcon_core.verb:set package 'obstacle_detector' build argument 'catkin_skip_building_tests' from command line to 'False'
[5.650s] DEBUG:colcon.colcon_core.verb:Building package 'obstacle_detector' with the following arguments: {'ament_cmake_args': None, 'build_base': '/home/ubuntu/rj_training_container/training_ws/build/obstacle_detector', 'catkin_cmake_args': None, 'catkin_skip_building_tests': False, 'cmake_args': None, 'cmake_clean_cache': False, 'cmake_clean_first': False, 'cmake_force_configure': False, 'cmake_target': None, 'cmake_target_skip_unavailable': False, 'install_base': '/home/ubuntu/rj_training_container/training_ws/install/obstacle_detector', 'merge_install': False, 'path': '/home/ubuntu/rj_training_container/training_ws/src/software-training-old/obstacle_detector', 'symlink_install': False, 'test_result_base': None}
[5.650s] Level 5:colcon.colcon_core.verb:set package 'rj_training_bringup' build argument 'cmake_args' from command line to 'None'
[5.651s] Level 5:colcon.colcon_core.verb:set package 'rj_training_bringup' build argument 'cmake_target' from command line to 'None'
[5.651s] Level 5:colcon.colcon_core.verb:set package 'rj_training_bringup' build argument 'cmake_target_skip_unavailable' from command line to 'False'
[5.651s] Level 5:colcon.colcon_core.verb:set package 'rj_training_bringup' build argument 'cmake_clean_cache' from command line to 'False'
[5.651s] Level 5:colcon.colcon_core.verb:set package 'rj_training_bringup' build argument 'cmake_clean_first' from command line to 'False'
[5.651s] Level 5:colcon.colcon_core.verb:set package 'rj_training_bringup' build argument 'cmake_force_configure' from command line to 'False'
[5.652s] Level 5:colcon.colcon_core.verb:set package 'rj_training_bringup' build argument 'ament_cmake_args' from command line to 'None'
[5.652s] Level 5:colcon.colcon_core.verb:set package 'rj_training_bringup' build argument 'catkin_cmake_args' from command line to 'None'
[5.652s] Level 5:colcon.colcon_core.verb:set package 'rj_training_bringup' build argument 'catkin_skip_building_tests' from command line to 'False'
[5.652s] DEBUG:colcon.colcon_core.verb:Building package 'rj_training_bringup' with the following arguments: {'ament_cmake_args': None, 'build_base': '/home/ubuntu/rj_training_container/training_ws/build/rj_training_bringup', 'catkin_cmake_args': None, 'catkin_skip_building_tests': False, 'cmake_args': None, 'cmake_clean_cache': False, 'cmake_clean_first': False, 'cmake_force_configure': False, 'cmake_target': None, 'cmake_target_skip_unavailable': False, 'install_base': '/home/ubuntu/rj_training_container/training_ws/install/rj_training_bringup', 'merge_install': False, 'path': '/home/ubuntu/rj_training_container/training_ws/src/software-training-old/rj_training_bringup', 'symlink_install': False, 'test_result_base': None}
[5.653s] Level 5:colcon.colcon_core.verb:set package 'stsl_gazebo_plugins' build argument 'cmake_args' from command line to 'None'
[5.653s] Level 5:colcon.colcon_core.verb:set package 'stsl_gazebo_plugins' build argument 'cmake_target' from command line to 'None'
[5.653s] Level 5:colcon.colcon_core.verb:set package 'stsl_gazebo_plugins' build argument 'cmake_target_skip_unavailable' from command line to 'False'
[5.654s] Level 5:colcon.colcon_core.verb:set package 'stsl_gazebo_plugins' build argument 'cmake_clean_cache' from command line to 'False'
[5.654s] Level 5:colcon.colcon_core.verb:set package 'stsl_gazebo_plugins' build argument 'cmake_clean_first' from command line to 'False'
[5.654s] Level 5:colcon.colcon_core.verb:set package 'stsl_gazebo_plugins' build argument 'cmake_force_configure' from command line to 'False'
[5.655s] Level 5:colcon.colcon_core.verb:set package 'stsl_gazebo_plugins' build argument 'ament_cmake_args' from command line to 'None'
[5.655s] Level 5:colcon.colcon_core.verb:set package 'stsl_gazebo_plugins' build argument 'catkin_cmake_args' from command line to 'None'
[5.655s] Level 5:colcon.colcon_core.verb:set package 'stsl_gazebo_plugins' build argument 'catkin_skip_building_tests' from command line to 'False'
[5.655s] DEBUG:colcon.colcon_core.verb:Building package 'stsl_gazebo_plugins' with the following arguments: {'ament_cmake_args': None, 'build_base': '/home/ubuntu/rj_training_container/training_ws/build/stsl_gazebo_plugins', 'catkin_cmake_args': None, 'catkin_skip_building_tests': False, 'cmake_args': None, 'cmake_clean_cache': False, 'cmake_clean_first': False, 'cmake_force_configure': False, 'cmake_target': None, 'cmake_target_skip_unavailable': False, 'install_base': '/home/ubuntu/rj_training_container/training_ws/install/stsl_gazebo_plugins', 'merge_install': False, 'path': '/home/ubuntu/rj_training_container/training_ws/src/stsl/stsl_gazebo_plugins', 'symlink_install': False, 'test_result_base': None}
[5.656s] Level 5:colcon.colcon_core.verb:set package 'stsl_interfaces' build argument 'cmake_args' from command line to 'None'
[5.656s] Level 5:colcon.colcon_core.verb:set package 'stsl_interfaces' build argument 'cmake_target' from command line to 'None'
[5.656s] Level 5:colcon.colcon_core.verb:set package 'stsl_interfaces' build argument 'cmake_target_skip_unavailable' from command line to 'False'
[5.657s] Level 5:colcon.colcon_core.verb:set package 'stsl_interfaces' build argument 'cmake_clean_cache' from command line to 'False'
[5.657s] Level 5:colcon.colcon_core.verb:set package 'stsl_interfaces' build argument 'cmake_clean_first' from command line to 'False'
[5.657s] Level 5:colcon.colcon_core.verb:set package 'stsl_interfaces' build argument 'cmake_force_configure' from command line to 'False'
[5.657s] Level 5:colcon.colcon_core.verb:set package 'stsl_interfaces' build argument 'ament_cmake_args' from command line to 'None'
[5.658s] Level 5:colcon.colcon_core.verb:set package 'stsl_interfaces' build argument 'catkin_cmake_args' from command line to 'None'
[5.658s] Level 5:colcon.colcon_core.verb:set package 'stsl_interfaces' build argument 'catkin_skip_building_tests' from command line to 'False'
[5.658s] DEBUG:colcon.colcon_core.verb:Building package 'stsl_interfaces' with the following arguments: {'ament_cmake_args': None, 'build_base': '/home/ubuntu/rj_training_container/training_ws/build/stsl_interfaces', 'catkin_cmake_args': None, 'catkin_skip_building_tests': False, 'cmake_args': None, 'cmake_clean_cache': False, 'cmake_clean_first': False, 'cmake_force_configure': False, 'cmake_target': None, 'cmake_target_skip_unavailable': False, 'install_base': '/home/ubuntu/rj_training_container/training_ws/install/stsl_interfaces', 'merge_install': False, 'path': '/home/ubuntu/rj_training_container/training_ws/src/stsl/stsl_interfaces', 'symlink_install': False, 'test_result_base': None}
[5.659s] Level 5:colcon.colcon_core.verb:set package 'stsl_nav_plugins' build argument 'cmake_args' from command line to 'None'
[5.659s] Level 5:colcon.colcon_core.verb:set package 'stsl_nav_plugins' build argument 'cmake_target' from command line to 'None'
[5.659s] Level 5:colcon.colcon_core.verb:set package 'stsl_nav_plugins' build argument 'cmake_target_skip_unavailable' from command line to 'False'
[5.659s] Level 5:colcon.colcon_core.verb:set package 'stsl_nav_plugins' build argument 'cmake_clean_cache' from command line to 'False'
[5.660s] Level 5:colcon.colcon_core.verb:set package 'stsl_nav_plugins' build argument 'cmake_clean_first' from command line to 'False'
[5.660s] Level 5:colcon.colcon_core.verb:set package 'stsl_nav_plugins' build argument 'cmake_force_configure' from command line to 'False'
[5.660s] Level 5:colcon.colcon_core.verb:set package 'stsl_nav_plugins' build argument 'ament_cmake_args' from command line to 'None'
[5.660s] Level 5:colcon.colcon_core.verb:set package 'stsl_nav_plugins' build argument 'catkin_cmake_args' from command line to 'None'
[5.661s] Level 5:colcon.colcon_core.verb:set package 'stsl_nav_plugins' build argument 'catkin_skip_building_tests' from command line to 'False'
[5.661s] DEBUG:colcon.colcon_core.verb:Building package 'stsl_nav_plugins' with the following arguments: {'ament_cmake_args': None, 'build_base': '/home/ubuntu/rj_training_container/training_ws/build/stsl_nav_plugins', 'catkin_cmake_args': None, 'catkin_skip_building_tests': False, 'cmake_args': None, 'cmake_clean_cache': False, 'cmake_clean_first': False, 'cmake_force_configure': False, 'cmake_target': None, 'cmake_target_skip_unavailable': False, 'install_base': '/home/ubuntu/rj_training_container/training_ws/install/stsl_nav_plugins', 'merge_install': False, 'path': '/home/ubuntu/rj_training_container/training_ws/src/stsl/stsl_nav_plugins', 'symlink_install': False, 'test_result_base': None}
[5.662s] Level 5:colcon.colcon_core.verb:set package 'stsl_utils' build argument 'cmake_args' from command line to 'None'
[5.662s] Level 5:colcon.colcon_core.verb:set package 'stsl_utils' build argument 'cmake_target' from command line to 'None'
[5.662s] Level 5:colcon.colcon_core.verb:set package 'stsl_utils' build argument 'cmake_target_skip_unavailable' from command line to 'False'
[5.662s] Level 5:colcon.colcon_core.verb:set package 'stsl_utils' build argument 'cmake_clean_cache' from command line to 'False'
[5.662s] Level 5:colcon.colcon_core.verb:set package 'stsl_utils' build argument 'cmake_clean_first' from command line to 'False'
[5.663s] Level 5:colcon.colcon_core.verb:set package 'stsl_utils' build argument 'cmake_force_configure' from command line to 'False'
[5.663s] Level 5:colcon.colcon_core.verb:set package 'stsl_utils' build argument 'ament_cmake_args' from command line to 'None'
[5.663s] Level 5:colcon.colcon_core.verb:set package 'stsl_utils' build argument 'catkin_cmake_args' from command line to 'None'
[5.663s] Level 5:colcon.colcon_core.verb:set package 'stsl_utils' build argument 'catkin_skip_building_tests' from command line to 'False'
[5.663s] DEBUG:colcon.colcon_core.verb:Building package 'stsl_utils' with the following arguments: {'ament_cmake_args': None, 'build_base': '/home/ubuntu/rj_training_container/training_ws/build/stsl_utils', 'catkin_cmake_args': None, 'catkin_skip_building_tests': False, 'cmake_args': None, 'cmake_clean_cache': False, 'cmake_clean_first': False, 'cmake_force_configure': False, 'cmake_target': None, 'cmake_target_skip_unavailable': False, 'install_base': '/home/ubuntu/rj_training_container/training_ws/install/stsl_utils', 'merge_install': False, 'path': '/home/ubuntu/rj_training_container/training_ws/src/stsl/stsl_utils', 'symlink_install': False, 'test_result_base': None}
[5.664s] Level 5:colcon.colcon_core.verb:set package 'teleop' build argument 'cmake_args' from command line to 'None'
[5.664s] Level 5:colcon.colcon_core.verb:set package 'teleop' build argument 'cmake_target' from command line to 'None'
[5.664s] Level 5:colcon.colcon_core.verb:set package 'teleop' build argument 'cmake_target_skip_unavailable' from command line to 'False'
[5.665s] Level 5:colcon.colcon_core.verb:set package 'teleop' build argument 'cmake_clean_cache' from command line to 'False'
[5.665s] Level 5:colcon.colcon_core.verb:set package 'teleop' build argument 'cmake_clean_first' from command line to 'False'
[5.665s] Level 5:colcon.colcon_core.verb:set package 'teleop' build argument 'cmake_force_configure' from command line to 'False'
[5.665s] Level 5:colcon.colcon_core.verb:set package 'teleop' build argument 'ament_cmake_args' from command line to 'None'
[5.665s] Level 5:colcon.colcon_core.verb:set package 'teleop' build argument 'catkin_cmake_args' from command line to 'None'
[5.666s] Level 5:colcon.colcon_core.verb:set package 'teleop' build argument 'catkin_skip_building_tests' from command line to 'False'
[5.666s] DEBUG:colcon.colcon_core.verb:Building package 'teleop' with the following arguments: {'ament_cmake_args': None, 'build_base': '/home/ubuntu/rj_training_container/training_ws/build/teleop', 'catkin_cmake_args': None, 'catkin_skip_building_tests': False, 'cmake_args': None, 'cmake_clean_cache': False, 'cmake_clean_first': False, 'cmake_force_configure': False, 'cmake_target': None, 'cmake_target_skip_unavailable': False, 'install_base': '/home/ubuntu/rj_training_container/training_ws/install/teleop', 'merge_install': False, 'path': '/home/ubuntu/rj_training_container/training_ws/src/trainingv2/turtlesim_project/src/teleop', 'symlink_install': False, 'test_result_base': None}
[5.666s] Level 5:colcon.colcon_core.verb:set package 'traini_description' build argument 'cmake_args' from command line to 'None'
[5.666s] Level 5:colcon.colcon_core.verb:set package 'traini_description' build argument 'cmake_target' from command line to 'None'
[5.667s] Level 5:colcon.colcon_core.verb:set package 'traini_description' build argument 'cmake_target_skip_unavailable' from command line to 'False'
[5.667s] Level 5:colcon.colcon_core.verb:set package 'traini_description' build argument 'cmake_clean_cache' from command line to 'False'
[5.667s] Level 5:colcon.colcon_core.verb:set package 'traini_description' build argument 'cmake_clean_first' from command line to 'False'
[5.667s] Level 5:colcon.colcon_core.verb:set package 'traini_description' build argument 'cmake_force_configure' from command line to 'False'
[5.668s] Level 5:colcon.colcon_core.verb:set package 'traini_description' build argument 'ament_cmake_args' from command line to 'None'
[5.668s] Level 5:colcon.colcon_core.verb:set package 'traini_description' build argument 'catkin_cmake_args' from command line to 'None'
[5.668s] Level 5:colcon.colcon_core.verb:set package 'traini_description' build argument 'catkin_skip_building_tests' from command line to 'False'
[5.668s] DEBUG:colcon.colcon_core.verb:Building package 'traini_description' with the following arguments: {'ament_cmake_args': None, 'build_base': '/home/ubuntu/rj_training_container/training_ws/build/traini_description', 'catkin_cmake_args': None, 'catkin_skip_building_tests': False, 'cmake_args': None, 'cmake_clean_cache': False, 'cmake_clean_first': False, 'cmake_force_configure': False, 'cmake_target': None, 'cmake_target_skip_unavailable': False, 'install_base': '/home/ubuntu/rj_training_container/training_ws/install/traini_description', 'merge_install': False, 'path': '/home/ubuntu/rj_training_container/training_ws/src/stsl/traini_description', 'symlink_install': False, 'test_result_base': None}
[5.669s] Level 5:colcon.colcon_core.verb:set package 'coordinate_transform' build argument 'cmake_args' from command line to 'None'
[5.669s] Level 5:colcon.colcon_core.verb:set package 'coordinate_transform' build argument 'cmake_target' from command line to 'None'
[5.670s] Level 5:colcon.colcon_core.verb:set package 'coordinate_transform' build argument 'cmake_target_skip_unavailable' from command line to 'False'
[5.670s] Level 5:colcon.colcon_core.verb:set package 'coordinate_transform' build argument 'cmake_clean_cache' from command line to 'False'
[5.670s] Level 5:colcon.colcon_core.verb:set package 'coordinate_transform' build argument 'cmake_clean_first' from command line to 'False'
[5.671s] Level 5:colcon.colcon_core.verb:set package 'coordinate_transform' build argument 'cmake_force_configure' from command line to 'False'
[5.671s] Level 5:colcon.colcon_core.verb:set package 'coordinate_transform' build argument 'ament_cmake_args' from command line to 'None'
[5.671s] Level 5:colcon.colcon_core.verb:set package 'coordinate_transform' build argument 'catkin_cmake_args' from command line to 'None'
[5.671s] Level 5:colcon.colcon_core.verb:set package 'coordinate_transform' build argument 'catkin_skip_building_tests' from command line to 'False'
[5.671s] DEBUG:colcon.colcon_core.verb:Building package 'coordinate_transform' with the following arguments: {'ament_cmake_args': None, 'build_base': '/home/ubuntu/rj_training_container/training_ws/build/coordinate_transform', 'catkin_cmake_args': None, 'catkin_skip_building_tests': False, 'cmake_args': None, 'cmake_clean_cache': False, 'cmake_clean_first': False, 'cmake_force_configure': False, 'cmake_target': None, 'cmake_target_skip_unavailable': False, 'install_base': '/home/ubuntu/rj_training_container/training_ws/install/coordinate_transform', 'merge_install': False, 'path': '/home/ubuntu/rj_training_container/training_ws/src/software-training-old/coordinate_transform', 'symlink_install': False, 'test_result_base': None}
[5.672s] Level 5:colcon.colcon_core.verb:set package 'elevation_server' build argument 'cmake_args' from command line to 'None'
[5.673s] Level 5:colcon.colcon_core.verb:set package 'elevation_server' build argument 'cmake_target' from command line to 'None'
[5.673s] Level 5:colcon.colcon_core.verb:set package 'elevation_server' build argument 'cmake_target_skip_unavailable' from command line to 'False'
[5.673s] Level 5:colcon.colcon_core.verb:set package 'elevation_server' build argument 'cmake_clean_cache' from command line to 'False'
[5.674s] Level 5:colcon.colcon_core.verb:set package 'elevation_server' build argument 'cmake_clean_first' from command line to 'False'
[5.674s] Level 5:colcon.colcon_core.verb:set package 'elevation_server' build argument 'cmake_force_configure' from command line to 'False'
[5.674s] Level 5:colcon.colcon_core.verb:set package 'elevation_server' build argument 'ament_cmake_args' from command line to 'None'
[5.674s] Level 5:colcon.colcon_core.verb:set package 'elevation_server' build argument 'catkin_cmake_args' from command line to 'None'
[5.675s] Level 5:colcon.colcon_core.verb:set package 'elevation_server' build argument 'catkin_skip_building_tests' from command line to 'False'
[5.675s] DEBUG:colcon.colcon_core.verb:Building package 'elevation_server' with the following arguments: {'ament_cmake_args': None, 'build_base': '/home/ubuntu/rj_training_container/training_ws/build/elevation_server', 'catkin_cmake_args': None, 'catkin_skip_building_tests': False, 'cmake_args': None, 'cmake_clean_cache': False, 'cmake_clean_first': False, 'cmake_force_configure': False, 'cmake_target': None, 'cmake_target_skip_unavailable': False, 'install_base': '/home/ubuntu/rj_training_container/training_ws/install/elevation_server', 'merge_install': False, 'path': '/home/ubuntu/rj_training_container/training_ws/src/stsl/elevation_server', 'symlink_install': False, 'test_result_base': None}
[5.675s] Level 5:colcon.colcon_core.verb:set package 'joystick_package' build argument 'cmake_args' from command line to 'None'
[5.676s] Level 5:colcon.colcon_core.verb:set package 'joystick_package' build argument 'cmake_target' from command line to 'None'
[5.676s] Level 5:colcon.colcon_core.verb:set package 'joystick_package' build argument 'cmake_target_skip_unavailable' from command line to 'False'
[5.676s] Level 5:colcon.colcon_core.verb:set package 'joystick_package' build argument 'cmake_clean_cache' from command line to 'False'
[5.677s] Level 5:colcon.colcon_core.verb:set package 'joystick_package' build argument 'cmake_clean_first' from command line to 'False'
[5.677s] Level 5:colcon.colcon_core.verb:set package 'joystick_package' build argument 'cmake_force_configure' from command line to 'False'
[5.677s] Level 5:colcon.colcon_core.verb:set package 'joystick_package' build argument 'ament_cmake_args' from command line to 'None'
[5.678s] Level 5:colcon.colcon_core.verb:set package 'joystick_package' build argument 'catkin_cmake_args' from command line to 'None'
[5.678s] Level 5:colcon.colcon_core.verb:set package 'joystick_package' build argument 'catkin_skip_building_tests' from command line to 'False'
[5.678s] DEBUG:colcon.colcon_core.verb:Building package 'joystick_package' with the following arguments: {'ament_cmake_args': None, 'build_base': '/home/ubuntu/rj_training_container/training_ws/build/joystick_package', 'catkin_cmake_args': None, 'catkin_skip_building_tests': False, 'cmake_args': None, 'cmake_clean_cache': False, 'cmake_clean_first': False, 'cmake_force_configure': False, 'cmake_target': None, 'cmake_target_skip_unavailable': False, 'install_base': '/home/ubuntu/rj_training_container/training_ws/install/joystick_package', 'merge_install': False, 'path': '/home/ubuntu/rj_training_container/training_ws/src/trainingv2/controller_project/joystick_package', 'symlink_install': False, 'test_result_base': None}
[5.679s] Level 5:colcon.colcon_core.verb:set package 'localization' build argument 'cmake_args' from command line to 'None'
[5.679s] Level 5:colcon.colcon_core.verb:set package 'localization' build argument 'cmake_target' from command line to 'None'
[5.679s] Level 5:colcon.colcon_core.verb:set package 'localization' build argument 'cmake_target_skip_unavailable' from command line to 'False'
[5.680s] Level 5:colcon.colcon_core.verb:set package 'localization' build argument 'cmake_clean_cache' from command line to 'False'
[5.680s] Level 5:colcon.colcon_core.verb:set package 'localization' build argument 'cmake_clean_first' from command line to 'False'
[5.680s] Level 5:colcon.colcon_core.verb:set package 'localization' build argument 'cmake_force_configure' from command line to 'False'
[5.680s] Level 5:colcon.colcon_core.verb:set package 'localization' build argument 'ament_cmake_args' from command line to 'None'
[5.680s] Level 5:colcon.colcon_core.verb:set package 'localization' build argument 'catkin_cmake_args' from command line to 'None'
[5.680s] Level 5:colcon.colcon_core.verb:set package 'localization' build argument 'catkin_skip_building_tests' from command line to 'False'
[5.681s] DEBUG:colcon.colcon_core.verb:Building package 'localization' with the following arguments: {'ament_cmake_args': None, 'build_base': '/home/ubuntu/rj_training_container/training_ws/build/localization', 'catkin_cmake_args': None, 'catkin_skip_building_tests': False, 'cmake_args': None, 'cmake_clean_cache': False, 'cmake_clean_first': False, 'cmake_force_configure': False, 'cmake_target': None, 'cmake_target_skip_unavailable': False, 'install_base': '/home/ubuntu/rj_training_container/training_ws/install/localization', 'merge_install': False, 'path': '/home/ubuntu/rj_training_container/training_ws/src/software-training-old/localization', 'symlink_install': False, 'test_result_base': None}
[5.681s] Level 5:colcon.colcon_core.verb:set package 'mineral_deposit_detection' build argument 'cmake_args' from command line to 'None'
[5.681s] Level 5:colcon.colcon_core.verb:set package 'mineral_deposit_detection' build argument 'cmake_target' from command line to 'None'
[5.681s] Level 5:colcon.colcon_core.verb:set package 'mineral_deposit_detection' build argument 'cmake_target_skip_unavailable' from command line to 'False'
[5.682s] Level 5:colcon.colcon_core.verb:set package 'mineral_deposit_detection' build argument 'cmake_clean_cache' from command line to 'False'
[5.682s] Level 5:colcon.colcon_core.verb:set package 'mineral_deposit_detection' build argument 'cmake_clean_first' from command line to 'False'
[5.682s] Level 5:colcon.colcon_core.verb:set package 'mineral_deposit_detection' build argument 'cmake_force_configure' from command line to 'False'
[5.682s] Level 5:colcon.colcon_core.verb:set package 'mineral_deposit_detection' build argument 'ament_cmake_args' from command line to 'None'
[5.682s] Level 5:colcon.colcon_core.verb:set package 'mineral_deposit_detection' build argument 'catkin_cmake_args' from command line to 'None'
[5.682s] Level 5:colcon.colcon_core.verb:set package 'mineral_deposit_detection' build argument 'catkin_skip_building_tests' from command line to 'False'
[5.683s] DEBUG:colcon.colcon_core.verb:Building package 'mineral_deposit_detection' with the following arguments: {'ament_cmake_args': None, 'build_base': '/home/ubuntu/rj_training_container/training_ws/build/mineral_deposit_detection', 'catkin_cmake_args': None, 'catkin_skip_building_tests': False, 'cmake_args': None, 'cmake_clean_cache': False, 'cmake_clean_first': False, 'cmake_force_configure': False, 'cmake_target': None, 'cmake_target_skip_unavailable': False, 'install_base': '/home/ubuntu/rj_training_container/training_ws/install/mineral_deposit_detection', 'merge_install': False, 'path': '/home/ubuntu/rj_training_container/training_ws/src/stsl/mineral_deposit_detection', 'symlink_install': False, 'test_result_base': None}
[5.683s] Level 5:colcon.colcon_core.verb:set package 'mineral_deposit_tracking' build argument 'cmake_args' from command line to 'None'
[5.683s] Level 5:colcon.colcon_core.verb:set package 'mineral_deposit_tracking' build argument 'cmake_target' from command line to 'None'
[5.684s] Level 5:colcon.colcon_core.verb:set package 'mineral_deposit_tracking' build argument 'cmake_target_skip_unavailable' from command line to 'False'
[5.684s] Level 5:colcon.colcon_core.verb:set package 'mineral_deposit_tracking' build argument 'cmake_clean_cache' from command line to 'False'
[5.684s] Level 5:colcon.colcon_core.verb:set package 'mineral_deposit_tracking' build argument 'cmake_clean_first' from command line to 'False'
[5.684s] Level 5:colcon.colcon_core.verb:set package 'mineral_deposit_tracking' build argument 'cmake_force_configure' from command line to 'False'
[5.685s] Level 5:colcon.colcon_core.verb:set package 'mineral_deposit_tracking' build argument 'ament_cmake_args' from command line to 'None'
[5.685s] Level 5:colcon.colcon_core.verb:set package 'mineral_deposit_tracking' build argument 'catkin_cmake_args' from command line to 'None'
[5.685s] Level 5:colcon.colcon_core.verb:set package 'mineral_deposit_tracking' build argument 'catkin_skip_building_tests' from command line to 'False'
[5.686s] DEBUG:colcon.colcon_core.verb:Building package 'mineral_deposit_tracking' with the following arguments: {'ament_cmake_args': None, 'build_base': '/home/ubuntu/rj_training_container/training_ws/build/mineral_deposit_tracking', 'catkin_cmake_args': None, 'catkin_skip_building_tests': False, 'cmake_args': None, 'cmake_clean_cache': False, 'cmake_clean_first': False, 'cmake_force_configure': False, 'cmake_target': None, 'cmake_target_skip_unavailable': False, 'install_base': '/home/ubuntu/rj_training_container/training_ws/install/mineral_deposit_tracking', 'merge_install': False, 'path': '/home/ubuntu/rj_training_container/training_ws/src/software-training-old/mineral_deposit_tracking', 'symlink_install': False, 'test_result_base': None}
[5.686s] Level 5:colcon.colcon_core.verb:set package 'peak_finder' build argument 'cmake_args' from command line to 'None'
[5.686s] Level 5:colcon.colcon_core.verb:set package 'peak_finder' build argument 'cmake_target' from command line to 'None'
[5.687s] Level 5:colcon.colcon_core.verb:set package 'peak_finder' build argument 'cmake_target_skip_unavailable' from command line to 'False'
[5.687s] Level 5:colcon.colcon_core.verb:set package 'peak_finder' build argument 'cmake_clean_cache' from command line to 'False'
[5.687s] Level 5:colcon.colcon_core.verb:set package 'peak_finder' build argument 'cmake_clean_first' from command line to 'False'
[5.687s] Level 5:colcon.colcon_core.verb:set package 'peak_finder' build argument 'cmake_force_configure' from command line to 'False'
[5.688s] Level 5:colcon.colcon_core.verb:set package 'peak_finder' build argument 'ament_cmake_args' from command line to 'None'
[5.688s] Level 5:colcon.colcon_core.verb:set package 'peak_finder' build argument 'catkin_cmake_args' from command line to 'None'
[5.688s] Level 5:colcon.colcon_core.verb:set package 'peak_finder' build argument 'catkin_skip_building_tests' from command line to 'False'
[5.688s] DEBUG:colcon.colcon_core.verb:Building package 'peak_finder' with the following arguments: {'ament_cmake_args': None, 'build_base': '/home/ubuntu/rj_training_container/training_ws/build/peak_finder', 'catkin_cmake_args': None, 'catkin_skip_building_tests': False, 'cmake_args': None, 'cmake_clean_cache': False, 'cmake_clean_first': False, 'cmake_force_configure': False, 'cmake_target': None, 'cmake_target_skip_unavailable': False, 'install_base': '/home/ubuntu/rj_training_container/training_ws/install/peak_finder', 'merge_install': False, 'path': '/home/ubuntu/rj_training_container/training_ws/src/software-training-old/peak_finder', 'symlink_install': False, 'test_result_base': None}
[5.689s] Level 5:colcon.colcon_core.verb:set package 'stsl_aruco_tags' build argument 'cmake_args' from command line to 'None'
[5.689s] Level 5:colcon.colcon_core.verb:set package 'stsl_aruco_tags' build argument 'cmake_target' from command line to 'None'
[5.689s] Level 5:colcon.colcon_core.verb:set package 'stsl_aruco_tags' build argument 'cmake_target_skip_unavailable' from command line to 'False'
[5.690s] Level 5:colcon.colcon_core.verb:set package 'stsl_aruco_tags' build argument 'cmake_clean_cache' from command line to 'False'
[5.690s] Level 5:colcon.colcon_core.verb:set package 'stsl_aruco_tags' build argument 'cmake_clean_first' from command line to 'False'
[5.690s] Level 5:colcon.colcon_core.verb:set package 'stsl_aruco_tags' build argument 'cmake_force_configure' from command line to 'False'
[5.690s] Level 5:colcon.colcon_core.verb:set package 'stsl_aruco_tags' build argument 'ament_cmake_args' from command line to 'None'
[5.690s] Level 5:colcon.colcon_core.verb:set package 'stsl_aruco_tags' build argument 'catkin_cmake_args' from command line to 'None'
[5.691s] Level 5:colcon.colcon_core.verb:set package 'stsl_aruco_tags' build argument 'catkin_skip_building_tests' from command line to 'False'
[5.691s] DEBUG:colcon.colcon_core.verb:Building package 'stsl_aruco_tags' with the following arguments: {'ament_cmake_args': None, 'build_base': '/home/ubuntu/rj_training_container/training_ws/build/stsl_aruco_tags', 'catkin_cmake_args': None, 'catkin_skip_building_tests': False, 'cmake_args': None, 'cmake_clean_cache': False, 'cmake_clean_first': False, 'cmake_force_configure': False, 'cmake_target': None, 'cmake_target_skip_unavailable': False, 'install_base': '/home/ubuntu/rj_training_container/training_ws/install/stsl_aruco_tags', 'merge_install': False, 'path': '/home/ubuntu/rj_training_container/training_ws/src/stsl/stsl_aruco_tags', 'symlink_install': False, 'test_result_base': None}
[5.691s] Level 5:colcon.colcon_core.verb:set package 'stsl_bt_nodes' build argument 'cmake_args' from command line to 'None'
[5.692s] Level 5:colcon.colcon_core.verb:set package 'stsl_bt_nodes' build argument 'cmake_target' from command line to 'None'
[5.692s] Level 5:colcon.colcon_core.verb:set package 'stsl_bt_nodes' build argument 'cmake_target_skip_unavailable' from command line to 'False'
[5.692s] Level 5:colcon.colcon_core.verb:set package 'stsl_bt_nodes' build argument 'cmake_clean_cache' from command line to 'False'
[5.692s] Level 5:colcon.colcon_core.verb:set package 'stsl_bt_nodes' build argument 'cmake_clean_first' from command line to 'False'
[5.693s] Level 5:colcon.colcon_core.verb:set package 'stsl_bt_nodes' build argument 'cmake_force_configure' from command line to 'False'
[5.693s] Level 5:colcon.colcon_core.verb:set package 'stsl_bt_nodes' build argument 'ament_cmake_args' from command line to 'None'
[5.693s] Level 5:colcon.colcon_core.verb:set package 'stsl_bt_nodes' build argument 'catkin_cmake_args' from command line to 'None'
[5.693s] Level 5:colcon.colcon_core.verb:set package 'stsl_bt_nodes' build argument 'catkin_skip_building_tests' from command line to 'False'
[5.693s] DEBUG:colcon.colcon_core.verb:Building package 'stsl_bt_nodes' with the following arguments: {'ament_cmake_args': None, 'build_base': '/home/ubuntu/rj_training_container/training_ws/build/stsl_bt_nodes', 'catkin_cmake_args': None, 'catkin_skip_building_tests': False, 'cmake_args': None, 'cmake_clean_cache': False, 'cmake_clean_first': False, 'cmake_force_configure': False, 'cmake_target': None, 'cmake_target_skip_unavailable': False, 'install_base': '/home/ubuntu/rj_training_container/training_ws/install/stsl_bt_nodes', 'merge_install': False, 'path': '/home/ubuntu/rj_training_container/training_ws/src/stsl/stsl_bt_nodes', 'symlink_install': False, 'test_result_base': None}
[5.694s] Level 5:colcon.colcon_core.verb:set package 'stsl_rviz_plugins' build argument 'cmake_args' from command line to 'None'
[5.694s] Level 5:colcon.colcon_core.verb:set package 'stsl_rviz_plugins' build argument 'cmake_target' from command line to 'None'
[5.695s] Level 5:colcon.colcon_core.verb:set package 'stsl_rviz_plugins' build argument 'cmake_target_skip_unavailable' from command line to 'False'
[5.695s] Level 5:colcon.colcon_core.verb:set package 'stsl_rviz_plugins' build argument 'cmake_clean_cache' from command line to 'False'
[5.695s] Level 5:colcon.colcon_core.verb:set package 'stsl_rviz_plugins' build argument 'cmake_clean_first' from command line to 'False'
[5.695s] Level 5:colcon.colcon_core.verb:set package 'stsl_rviz_plugins' build argument 'cmake_force_configure' from command line to 'False'
[5.695s] Level 5:colcon.colcon_core.verb:set package 'stsl_rviz_plugins' build argument 'ament_cmake_args' from command line to 'None'
[5.696s] Level 5:colcon.colcon_core.verb:set package 'stsl_rviz_plugins' build argument 'catkin_cmake_args' from command line to 'None'
[5.696s] Level 5:colcon.colcon_core.verb:set package 'stsl_rviz_plugins' build argument 'catkin_skip_building_tests' from command line to 'False'
[5.696s] DEBUG:colcon.colcon_core.verb:Building package 'stsl_rviz_plugins' with the following arguments: {'ament_cmake_args': None, 'build_base': '/home/ubuntu/rj_training_container/training_ws/build/stsl_rviz_plugins', 'catkin_cmake_args': None, 'catkin_skip_building_tests': False, 'cmake_args': None, 'cmake_clean_cache': False, 'cmake_clean_first': False, 'cmake_force_configure': False, 'cmake_target': None, 'cmake_target_skip_unavailable': False, 'install_base': '/home/ubuntu/rj_training_container/training_ws/install/stsl_rviz_plugins', 'merge_install': False, 'path': '/home/ubuntu/rj_training_container/training_ws/src/stsl/stsl_rviz_plugins', 'symlink_install': False, 'test_result_base': None}
[5.697s] Level 5:colcon.colcon_core.verb:set package 'mission_orchestration' build argument 'cmake_args' from command line to 'None'
[5.697s] Level 5:colcon.colcon_core.verb:set package 'mission_orchestration' build argument 'cmake_target' from command line to 'None'
[5.697s] Level 5:colcon.colcon_core.verb:set package 'mission_orchestration' build argument 'cmake_target_skip_unavailable' from command line to 'False'
[5.698s] Level 5:colcon.colcon_core.verb:set package 'mission_orchestration' build argument 'cmake_clean_cache' from command line to 'False'
[5.698s] Level 5:colcon.colcon_core.verb:set package 'mission_orchestration' build argument 'cmake_clean_first' from command line to 'False'
[5.698s] Level 5:colcon.colcon_core.verb:set package 'mission_orchestration' build argument 'cmake_force_configure' from command line to 'False'
[5.698s] Level 5:colcon.colcon_core.verb:set package 'mission_orchestration' build argument 'ament_cmake_args' from command line to 'None'
[5.699s] Level 5:colcon.colcon_core.verb:set package 'mission_orchestration' build argument 'catkin_cmake_args' from command line to 'None'
[5.699s] Level 5:colcon.colcon_core.verb:set package 'mission_orchestration' build argument 'catkin_skip_building_tests' from command line to 'False'
[5.699s] DEBUG:colcon.colcon_core.verb:Building package 'mission_orchestration' with the following arguments: {'ament_cmake_args': None, 'build_base': '/home/ubuntu/rj_training_container/training_ws/build/mission_orchestration', 'catkin_cmake_args': None, 'catkin_skip_building_tests': False, 'cmake_args': None, 'cmake_clean_cache': False, 'cmake_clean_first': False, 'cmake_force_configure': False, 'cmake_target': None, 'cmake_target_skip_unavailable': False, 'install_base': '/home/ubuntu/rj_training_container/training_ws/install/mission_orchestration', 'merge_install': False, 'path': '/home/ubuntu/rj_training_container/training_ws/src/stsl/mission_orchestration', 'symlink_install': False, 'test_result_base': None}
[5.700s] Level 5:colcon.colcon_core.verb:set package 'traini_gazebo' build argument 'cmake_args' from command line to 'None'
[5.700s] Level 5:colcon.colcon_core.verb:set package 'traini_gazebo' build argument 'cmake_target' from command line to 'None'
[5.700s] Level 5:colcon.colcon_core.verb:set package 'traini_gazebo' build argument 'cmake_target_skip_unavailable' from command line to 'False'
[5.701s] Level 5:colcon.colcon_core.verb:set package 'traini_gazebo' build argument 'cmake_clean_cache' from command line to 'False'
[5.701s] Level 5:colcon.colcon_core.verb:set package 'traini_gazebo' build argument 'cmake_clean_first' from command line to 'False'
[5.701s] Level 5:colcon.colcon_core.verb:set package 'traini_gazebo' build argument 'cmake_force_configure' from command line to 'False'
[5.701s] Level 5:colcon.colcon_core.verb:set package 'traini_gazebo' build argument 'ament_cmake_args' from command line to 'None'
[5.702s] Level 5:colcon.colcon_core.verb:set package 'traini_gazebo' build argument 'catkin_cmake_args' from command line to 'None'
[5.702s] Level 5:colcon.colcon_core.verb:set package 'traini_gazebo' build argument 'catkin_skip_building_tests' from command line to 'False'
[5.702s] DEBUG:colcon.colcon_core.verb:Building package 'traini_gazebo' with the following arguments: {'ament_cmake_args': None, 'build_base': '/home/ubuntu/rj_training_container/training_ws/build/traini_gazebo', 'catkin_cmake_args': None, 'catkin_skip_building_tests': False, 'cmake_args': None, 'cmake_clean_cache': False, 'cmake_clean_first': False, 'cmake_force_configure': False, 'cmake_target': None, 'cmake_target_skip_unavailable': False, 'install_base': '/home/ubuntu/rj_training_container/training_ws/install/traini_gazebo', 'merge_install': False, 'path': '/home/ubuntu/rj_training_container/training_ws/src/stsl/traini_gazebo', 'symlink_install': False, 'test_result_base': None}
[5.703s] Level 5:colcon.colcon_core.verb:set package 'traini_bringup' build argument 'cmake_args' from command line to 'None'
[5.703s] Level 5:colcon.colcon_core.verb:set package 'traini_bringup' build argument 'cmake_target' from command line to 'None'
[5.703s] Level 5:colcon.colcon_core.verb:set package 'traini_bringup' build argument 'cmake_target_skip_unavailable' from command line to 'False'
[5.704s] Level 5:colcon.colcon_core.verb:set package 'traini_bringup' build argument 'cmake_clean_cache' from command line to 'False'
[5.704s] Level 5:colcon.colcon_core.verb:set package 'traini_bringup' build argument 'cmake_clean_first' from command line to 'False'
[5.704s] Level 5:colcon.colcon_core.verb:set package 'traini_bringup' build argument 'cmake_force_configure' from command line to 'False'
[5.704s] Level 5:colcon.colcon_core.verb:set package 'traini_bringup' build argument 'ament_cmake_args' from command line to 'None'
[5.705s] Level 5:colcon.colcon_core.verb:set package 'traini_bringup' build argument 'catkin_cmake_args' from command line to 'None'
[5.705s] Level 5:colcon.colcon_core.verb:set package 'traini_bringup' build argument 'catkin_skip_building_tests' from command line to 'False'
[5.705s] DEBUG:colcon.colcon_core.verb:Building package 'traini_bringup' with the following arguments: {'ament_cmake_args': None, 'build_base': '/home/ubuntu/rj_training_container/training_ws/build/traini_bringup', 'catkin_cmake_args': None, 'catkin_skip_building_tests': False, 'cmake_args': None, 'cmake_clean_cache': False, 'cmake_clean_first': False, 'cmake_force_configure': False, 'cmake_target': None, 'cmake_target_skip_unavailable': False, 'install_base': '/home/ubuntu/rj_training_container/training_ws/install/traini_bringup', 'merge_install': False, 'path': '/home/ubuntu/rj_training_container/training_ws/src/stsl/traini_bringup', 'symlink_install': False, 'test_result_base': None}
[5.706s] Level 5:colcon.colcon_core.verb:set package 'stsl_desktop' build argument 'cmake_args' from command line to 'None'
[5.706s] Level 5:colcon.colcon_core.verb:set package 'stsl_desktop' build argument 'cmake_target' from command line to 'None'
[5.706s] Level 5:colcon.colcon_core.verb:set package 'stsl_desktop' build argument 'cmake_target_skip_unavailable' from command line to 'False'
[5.707s] Level 5:colcon.colcon_core.verb:set package 'stsl_desktop' build argument 'cmake_clean_cache' from command line to 'False'
[5.707s] Level 5:colcon.colcon_core.verb:set package 'stsl_desktop' build argument 'cmake_clean_first' from command line to 'False'
[5.707s] Level 5:colcon.colcon_core.verb:set package 'stsl_desktop' build argument 'cmake_force_configure' from command line to 'False'
[5.707s] Level 5:colcon.colcon_core.verb:set package 'stsl_desktop' build argument 'ament_cmake_args' from command line to 'None'
[5.707s] Level 5:colcon.colcon_core.verb:set package 'stsl_desktop' build argument 'catkin_cmake_args' from command line to 'None'
[5.707s] Level 5:colcon.colcon_core.verb:set package 'stsl_desktop' build argument 'catkin_skip_building_tests' from command line to 'False'
[5.707s] DEBUG:colcon.colcon_core.verb:Building package 'stsl_desktop' with the following arguments: {'ament_cmake_args': None, 'build_base': '/home/ubuntu/rj_training_container/training_ws/build/stsl_desktop', 'catkin_cmake_args': None, 'catkin_skip_building_tests': False, 'cmake_args': None, 'cmake_clean_cache': False, 'cmake_clean_first': False, 'cmake_force_configure': False, 'cmake_target': None, 'cmake_target_skip_unavailable': False, 'install_base': '/home/ubuntu/rj_training_container/training_ws/install/stsl_desktop', 'merge_install': False, 'path': '/home/ubuntu/rj_training_container/training_ws/src/stsl/stsl_desktop', 'symlink_install': False, 'test_result_base': None}
[5.708s] INFO:colcon.colcon_core.executor:Executing jobs using 'parallel' executor
[5.709s] DEBUG:colcon.colcon_parallel_executor.executor.parallel:run_until_complete
[5.711s] INFO:colcon.colcon_ros.task.ament_cmake.build:Building ROS package in '/home/ubuntu/rj_training_container/training_ws/src/stsl/stsl_interfaces' with build type 'ament_cmake'
[5.711s] INFO:colcon.colcon_cmake.task.cmake.build:Building CMake package in '/home/ubuntu/rj_training_container/training_ws/src/stsl/stsl_interfaces'
[5.731s] INFO:colcon.colcon_core.plugin_system:Skipping extension 'colcon_core.shell.bat': Not used on non-Windows systems
[5.731s] INFO:colcon.colcon_core.shell:Skip shell extension 'powershell' for command environment: Not usable outside of PowerShell
[5.731s] DEBUG:colcon.colcon_core.shell:Skip shell extension 'dsv' for command environment
[6.155s] INFO:colcon.colcon_ros.task.ament_cmake.build:Building ROS package in '/home/ubuntu/rj_training_container/training_ws/src/stsl/stsl_gazebo_plugins' with build type 'ament_cmake'
[6.155s] INFO:colcon.colcon_cmake.task.cmake.build:Building CMake package in '/home/ubuntu/rj_training_container/training_ws/src/stsl/stsl_gazebo_plugins'
[6.156s] INFO:colcon.colcon_core.shell:Skip shell extension 'powershell' for command environment: Not usable outside of PowerShell
[6.156s] DEBUG:colcon.colcon_core.shell:Skip shell extension 'dsv' for command environment
[6.464s] INFO:colcon.colcon_ros.task.ament_cmake.build:Building ROS package in '/home/ubuntu/rj_training_container/training_ws/src/stsl/traini_description' with build type 'ament_cmake'
[6.464s] INFO:colcon.colcon_cmake.task.cmake.build:Building CMake package in '/home/ubuntu/rj_training_container/training_ws/src/stsl/traini_description'
[6.464s] INFO:colcon.colcon_core.shell:Skip shell extension 'powershell' for command environment: Not usable outside of PowerShell
[6.465s] DEBUG:colcon.colcon_core.shell:Skip shell extension 'dsv' for command environment
[6.807s] INFO:colcon.colcon_ros.task.ament_cmake.build:Building ROS package in '/home/ubuntu/rj_training_container/training_ws/src/trainingv2/controller_project/joystick_msgs' with build type 'ament_cmake'
[6.807s] INFO:colcon.colcon_cmake.task.cmake.build:Building CMake package in '/home/ubuntu/rj_training_container/training_ws/src/trainingv2/controller_project/joystick_msgs'
[6.808s] INFO:colcon.colcon_core.shell:Skip shell extension 'powershell' for command environment: Not usable outside of PowerShell
[6.808s] DEBUG:colcon.colcon_core.shell:Skip shell extension 'dsv' for command environment
[7.196s] INFO:colcon.colcon_ros.task.ament_cmake.build:Building ROS package in '/home/ubuntu/rj_training_container/training_ws/src/stsl/stsl_nav_plugins' with build type 'ament_cmake'
[7.197s] INFO:colcon.colcon_cmake.task.cmake.build:Building CMake package in '/home/ubuntu/rj_training_container/training_ws/src/stsl/stsl_nav_plugins'
[7.198s] INFO:colcon.colcon_core.shell:Skip shell extension 'powershell' for command environment: Not usable outside of PowerShell
[7.198s] DEBUG:colcon.colcon_core.shell:Skip shell extension 'dsv' for command environment
[7.631s] INFO:colcon.colcon_ros.task.ament_cmake.build:Building ROS package in '/home/ubuntu/rj_training_container/training_ws/src/stsl/stsl_utils' with build type 'ament_cmake'
[7.631s] INFO:colcon.colcon_cmake.task.cmake.build:Building CMake package in '/home/ubuntu/rj_training_container/training_ws/src/stsl/stsl_utils'
[7.632s] INFO:colcon.colcon_core.shell:Skip shell extension 'powershell' for command environment: Not usable outside of PowerShell
[7.633s] DEBUG:colcon.colcon_core.shell:Skip shell extension 'dsv' for command environment
[8.056s] INFO:colcon.colcon_ros.task.ament_cmake.build:Building ROS package in '/home/ubuntu/rj_training_container/training_ws/src/software-training-old/astar_path_planner' with build type 'ament_cmake'
[8.057s] INFO:colcon.colcon_cmake.task.cmake.build:Building CMake package in '/home/ubuntu/rj_training_container/training_ws/src/software-training-old/astar_path_planner'
[8.057s] INFO:colcon.colcon_core.shell:Skip shell extension 'powershell' for command environment: Not usable outside of PowerShell
[8.058s] DEBUG:colcon.colcon_core.shell:Skip shell extension 'dsv' for command environment
[8.565s] INFO:colcon.colcon_ros.task.ament_cmake.build:Building ROS package in '/home/ubuntu/rj_training_container/training_ws/src/software-training-old/controllers' with build type 'ament_cmake'
[8.565s] INFO:colcon.colcon_cmake.task.cmake.build:Building CMake package in '/home/ubuntu/rj_training_container/training_ws/src/software-training-old/controllers'
[8.566s] INFO:colcon.colcon_core.shell:Skip shell extension 'powershell' for command environment: Not usable outside of PowerShell
[8.567s] DEBUG:colcon.colcon_core.shell:Skip shell extension 'dsv' for command environment
[9.011s] INFO:colcon.colcon_ros.task.ament_python.build:Building ROS package in '/home/ubuntu/rj_training_container/training_ws/src/trainingv2/turtlesim_project/src/keyboard' with build type 'ament_python'
[9.012s] Level 1:colcon.colcon_core.shell:create_environment_hook('keyboard', 'ament_prefix_path')
[9.013s] INFO:colcon.colcon_core.shell:Creating environment hook '/home/ubuntu/rj_training_container/training_ws/install/keyboard/share/keyboard/hook/ament_prefix_path.ps1'
[9.074s] INFO:colcon.colcon_core.shell:Creating environment descriptor '/home/ubuntu/rj_training_container/training_ws/install/keyboard/share/keyboard/hook/ament_prefix_path.dsv'
[9.110s] INFO:colcon.colcon_core.shell:Creating environment hook '/home/ubuntu/rj_training_container/training_ws/install/keyboard/share/keyboard/hook/ament_prefix_path.sh'
[9.136s] INFO:colcon.colcon_core.shell:Skip shell extension 'powershell' for command environment: Not usable outside of PowerShell
[9.136s] DEBUG:colcon.colcon_core.shell:Skip shell extension 'dsv' for command environment
[9.604s] INFO:colcon.colcon_ros.task.ament_cmake.build:Building ROS package in '/home/ubuntu/rj_training_container/training_ws/src/software-training-old/mapping' with build type 'ament_cmake'
[9.604s] INFO:colcon.colcon_cmake.task.cmake.build:Building CMake package in '/home/ubuntu/rj_training_container/training_ws/src/software-training-old/mapping'
[9.605s] INFO:colcon.colcon_core.shell:Skip shell extension 'powershell' for command environment: Not usable outside of PowerShell
[9.605s] DEBUG:colcon.colcon_core.shell:Skip shell extension 'dsv' for command environment
[10.028s] INFO:colcon.colcon_ros.task.ament_cmake.build:Building ROS package in '/home/ubuntu/rj_training_container/training_ws/src/software-training-old/obstacle_detector' with build type 'ament_cmake'
[10.029s] INFO:colcon.colcon_cmake.task.cmake.build:Building CMake package in '/home/ubuntu/rj_training_container/training_ws/src/software-training-old/obstacle_detector'
[10.030s] INFO:colcon.colcon_core.shell:Skip shell extension 'powershell' for command environment: Not usable outside of PowerShell
[10.030s] DEBUG:colcon.colcon_core.shell:Skip shell extension 'dsv' for command environment
[10.480s] INFO:colcon.colcon_ros.task.ament_cmake.build:Building ROS package in '/home/ubuntu/rj_training_container/training_ws/src/software-training-old/rj_training_bringup' with build type 'ament_cmake'
[10.480s] INFO:colcon.colcon_cmake.task.cmake.build:Building CMake package in '/home/ubuntu/rj_training_container/training_ws/src/software-training-old/rj_training_bringup'
[10.481s] INFO:colcon.colcon_core.shell:Skip shell extension 'powershell' for command environment: Not usable outside of PowerShell
[10.481s] DEBUG:colcon.colcon_core.shell:Skip shell extension 'dsv' for command environment
[10.884s] INFO:colcon.colcon_ros.task.ament_cmake.build:Building ROS package in '/home/ubuntu/rj_training_container/training_ws/src/trainingv2/turtlesim_project/src/teleop' with build type 'ament_cmake'
[10.885s] INFO:colcon.colcon_cmake.task.cmake.build:Building CMake package in '/home/ubuntu/rj_training_container/training_ws/src/trainingv2/turtlesim_project/src/teleop'
[10.885s] INFO:colcon.colcon_core.shell:Skip shell extension 'powershell' for command environment: Not usable outside of PowerShell
[10.886s] DEBUG:colcon.colcon_core.shell:Skip shell extension 'dsv' for command environment
[11.408s] DEBUG:colcon.colcon_core.event_handler.log_command:Invoking command in '/home/ubuntu/rj_training_container/training_ws/build/stsl_interfaces': CMAKE_PREFIX_PATH=${CMAKE_PREFIX_PATH}:/home/ubuntu/rj_training_container/training_ws/install/keyboard:/opt/ros/humble /usr/bin/cmake --build /home/ubuntu/rj_training_container/training_ws/build/stsl_interfaces -- -j16 -l16
[11.605s] DEBUG:colcon.colcon_core.event_handler.log_command:Invoking command in '/home/ubuntu/rj_training_container/training_ws/build/stsl_gazebo_plugins': CMAKE_PREFIX_PATH=${CMAKE_PREFIX_PATH}:/home/ubuntu/rj_training_container/training_ws/install/keyboard:/opt/ros/humble /usr/bin/cmake --build /home/ubuntu/rj_training_container/training_ws/build/stsl_gazebo_plugins -- -j16 -l16
[11.708s] DEBUG:colcon.colcon_core.event_handler.log_command:Invoking command in '/home/ubuntu/rj_training_container/training_ws/build/traini_description': CMAKE_PREFIX_PATH=${CMAKE_PREFIX_PATH}:/home/ubuntu/rj_training_container/training_ws/install/keyboard:/opt/ros/humble /usr/bin/cmake --build /home/ubuntu/rj_training_container/training_ws/build/traini_description -- -j16 -l16
[11.821s] DEBUG:colcon.colcon_core.event_handler.log_command:Invoking command in '/home/ubuntu/rj_training_container/training_ws/build/joystick_msgs': CMAKE_PREFIX_PATH=${CMAKE_PREFIX_PATH}:/home/ubuntu/rj_training_container/training_ws/install/keyboard:/opt/ros/humble /usr/bin/cmake --build /home/ubuntu/rj_training_container/training_ws/build/joystick_msgs -- -j16 -l16
[11.949s] DEBUG:colcon.colcon_core.event_handler.log_command:Invoking command in '/home/ubuntu/rj_training_container/training_ws/build/stsl_nav_plugins': CMAKE_PREFIX_PATH=${CMAKE_PREFIX_PATH}:/home/ubuntu/rj_training_container/training_ws/install/keyboard:/opt/ros/humble /usr/bin/cmake --build /home/ubuntu/rj_training_container/training_ws/build/stsl_nav_plugins -- -j16 -l16
[12.087s] DEBUG:colcon.colcon_core.event_handler.log_command:Invoking command in '/home/ubuntu/rj_training_container/training_ws/build/stsl_utils': CMAKE_PREFIX_PATH=${CMAKE_PREFIX_PATH}:/home/ubuntu/rj_training_container/training_ws/install/keyboard:/opt/ros/humble /usr/bin/cmake --build /home/ubuntu/rj_training_container/training_ws/build/stsl_utils -- -j16 -l16
[12.266s] DEBUG:colcon.colcon_core.event_handler.log_command:Invoking command in '/home/ubuntu/rj_training_container/training_ws/build/astar_path_planner': CMAKE_PREFIX_PATH=${CMAKE_PREFIX_PATH}:/home/ubuntu/rj_training_container/training_ws/install/keyboard:/opt/ros/humble /usr/bin/cmake --build /home/ubuntu/rj_training_container/training_ws/build/astar_path_planner -- -j16 -l16
[12.452s] DEBUG:colcon.colcon_core.event_handler.log_command:Invoking command in '/home/ubuntu/rj_training_container/training_ws/build/controllers': CMAKE_PREFIX_PATH=${CMAKE_PREFIX_PATH}:/home/ubuntu/rj_training_container/training_ws/install/keyboard:/opt/ros/humble /usr/bin/cmake --build /home/ubuntu/rj_training_container/training_ws/build/controllers -- -j16 -l16
[16.520s] INFO:colcon.colcon_core.task.python.build:Building Python package in '/home/ubuntu/rj_training_container/training_ws/src/trainingv2/turtlesim_project/src/keyboard'
[16.521s] INFO:colcon.colcon_core.shell:Skip shell extension 'powershell' for command environment: Not usable outside of PowerShell
[16.522s] DEBUG:colcon.colcon_core.shell:Skip shell extension 'dsv' for command environment
[17.355s] DEBUG:colcon.colcon_core.event_handler.log_command:Invoking command in '/home/ubuntu/rj_training_container/training_ws/build/mapping': CMAKE_PREFIX_PATH=${CMAKE_PREFIX_PATH}:/home/ubuntu/rj_training_container/training_ws/install/keyboard:/opt/ros/humble /usr/bin/cmake --build /home/ubuntu/rj_training_container/training_ws/build/mapping -- -j16 -l16
[17.476s] DEBUG:colcon.colcon_core.event_handler.log_command:Invoking command in '/home/ubuntu/rj_training_container/training_ws/build/obstacle_detector': CMAKE_PREFIX_PATH=${CMAKE_PREFIX_PATH}:/home/ubuntu/rj_training_container/training_ws/install/keyboard:/opt/ros/humble /usr/bin/cmake --build /home/ubuntu/rj_training_container/training_ws/build/obstacle_detector -- -j16 -l16
[17.606s] DEBUG:colcon.colcon_core.event_handler.log_command:Invoking command in '/home/ubuntu/rj_training_container/training_ws/build/rj_training_bringup': CMAKE_PREFIX_PATH=${CMAKE_PREFIX_PATH}:/home/ubuntu/rj_training_container/training_ws/install/keyboard:/opt/ros/humble /usr/bin/cmake --build /home/ubuntu/rj_training_container/training_ws/build/rj_training_bringup -- -j16 -l16
[17.733s] DEBUG:colcon.colcon_core.event_handler.log_command:Invoking command in '/home/ubuntu/rj_training_container/training_ws/build/teleop': CMAKE_PREFIX_PATH=${CMAKE_PREFIX_PATH}:/home/ubuntu/rj_training_container/training_ws/install/keyboard:/opt/ros/humble /usr/bin/cmake --build /home/ubuntu/rj_training_container/training_ws/build/teleop -- -j16 -l16
[28.692s] DEBUG:colcon.colcon_core.event_handler.log_command:Invoking command in '/home/ubuntu/rj_training_container/training_ws/src/trainingv2/turtlesim_project/src/keyboard': PYTHONPATH=/home/ubuntu/rj_training_container/training_ws/build/keyboard/prefix_override:/usr/lib/python3/dist-packages/colcon_core/task/python/colcon_distutils_commands:/home/ubuntu/rj_training_container/training_ws/install/keyboard/lib/python3.10/site-packages:${PYTHONPATH} /usr/bin/python3 -W ignore:setup.py install is deprecated setup.py egg_info --egg-base ../../../../../build/keyboard build --build-base /home/ubuntu/rj_training_container/training_ws/build/keyboard/build install --record /home/ubuntu/rj_training_container/training_ws/build/keyboard/install.log --single-version-externally-managed install_data
[45.247s] DEBUG:colcon.colcon_core.event_handler.log_command:Invoked command in '/home/ubuntu/rj_training_container/training_ws/build/traini_description' returned '0': CMAKE_PREFIX_PATH=${CMAKE_PREFIX_PATH}:/home/ubuntu/rj_training_container/training_ws/install/keyboard:/opt/ros/humble /usr/bin/cmake --build /home/ubuntu/rj_training_container/training_ws/build/traini_description -- -j16 -l16
[45.274s] DEBUG:colcon.colcon_core.event_handler.log_command:Invoked command in '/home/ubuntu/rj_training_container/training_ws/build/rj_training_bringup' returned '0': CMAKE_PREFIX_PATH=${CMAKE_PREFIX_PATH}:/home/ubuntu/rj_training_container/training_ws/install/keyboard:/opt/ros/humble /usr/bin/cmake --build /home/ubuntu/rj_training_container/training_ws/build/rj_training_bringup -- -j16 -l16
[46.915s] DEBUG:colcon.colcon_core.event_handler.log_command:Invoked command in '/home/ubuntu/rj_training_container/training_ws/build/stsl_gazebo_plugins' returned '0': CMAKE_PREFIX_PATH=${CMAKE_PREFIX_PATH}:/home/ubuntu/rj_training_container/training_ws/install/keyboard:/opt/ros/humble /usr/bin/cmake --build /home/ubuntu/rj_training_container/training_ws/build/stsl_gazebo_plugins -- -j16 -l16
[46.920s] DEBUG:colcon.colcon_core.event_handler.log_command:Invoked command in '/home/ubuntu/rj_training_container/training_ws/src/trainingv2/turtlesim_project/src/keyboard' returned '0': PYTHONPATH=/home/ubuntu/rj_training_container/training_ws/build/keyboard/prefix_override:/usr/lib/python3/dist-packages/colcon_core/task/python/colcon_distutils_commands:/home/ubuntu/rj_training_container/training_ws/install/keyboard/lib/python3.10/site-packages:${PYTHONPATH} /usr/bin/python3 -W ignore:setup.py install is deprecated setup.py egg_info --egg-base ../../../../../build/keyboard build --build-base /home/ubuntu/rj_training_container/training_ws/build/keyboard/build install --record /home/ubuntu/rj_training_container/training_ws/build/keyboard/install.log --single-version-externally-managed install_data
[46.952s] Level 1:colcon.colcon_core.environment:checking '/home/ubuntu/rj_training_container/training_ws/install/keyboard' for CMake module files
[47.261s] Level 1:colcon.colcon_core.environment:checking '/home/ubuntu/rj_training_container/training_ws/install/keyboard' for CMake config files
[47.774s] Level 1:colcon.colcon_core.environment:checking '/home/ubuntu/rj_training_container/training_ws/install/keyboard/lib'
[47.795s] Level 1:colcon.colcon_core.environment:checking '/home/ubuntu/rj_training_container/training_ws/install/keyboard/bin'
[47.800s] Level 1:colcon.colcon_core.environment:checking '/home/ubuntu/rj_training_container/training_ws/install/keyboard/lib/pkgconfig/keyboard.pc'
[47.807s] Level 1:colcon.colcon_core.environment:checking '/home/ubuntu/rj_training_container/training_ws/install/keyboard/lib/python3.10/site-packages'
[47.821s] Level 1:colcon.colcon_core.shell:create_environment_hook('keyboard', 'pythonpath')
[47.823s] INFO:colcon.colcon_core.shell:Creating environment hook '/home/ubuntu/rj_training_container/training_ws/install/keyboard/share/keyboard/hook/pythonpath.ps1'
[47.901s] INFO:colcon.colcon_core.shell:Creating environment descriptor '/home/ubuntu/rj_training_container/training_ws/install/keyboard/share/keyboard/hook/pythonpath.dsv'
[47.976s] INFO:colcon.colcon_core.shell:Creating environment hook '/home/ubuntu/rj_training_container/training_ws/install/keyboard/share/keyboard/hook/pythonpath.sh'
[48.049s] Level 1:colcon.colcon_core.environment:checking '/home/ubuntu/rj_training_container/training_ws/install/keyboard/bin'
[48.054s] Level 1:colcon.colcon_core.environment:create_environment_scripts_only(keyboard)
[48.057s] INFO:colcon.colcon_core.shell:Creating package script '/home/ubuntu/rj_training_container/training_ws/install/keyboard/share/keyboard/package.ps1'
[48.116s] INFO:colcon.colcon_core.shell:Creating package descriptor '/home/ubuntu/rj_training_container/training_ws/install/keyboard/share/keyboard/package.dsv'
[48.179s] INFO:colcon.colcon_core.shell:Creating package script '/home/ubuntu/rj_training_container/training_ws/install/keyboard/share/keyboard/package.sh'
[48.241s] INFO:colcon.colcon_core.shell:Creating package script '/home/ubuntu/rj_training_container/training_ws/install/keyboard/share/keyboard/package.bash'
[48.303s] INFO:colcon.colcon_core.shell:Creating package script '/home/ubuntu/rj_training_container/training_ws/install/keyboard/share/keyboard/package.zsh'
[48.363s] Level 1:colcon.colcon_core.environment:create_file_with_runtime_dependencies(/home/ubuntu/rj_training_container/training_ws/install/keyboard/share/colcon-core/packages/keyboard)
[48.452s] DEBUG:colcon.colcon_core.event_handler.log_command:Invoked command in '/home/ubuntu/rj_training_container/training_ws/build/stsl_utils' returned '0': CMAKE_PREFIX_PATH=${CMAKE_PREFIX_PATH}:/home/ubuntu/rj_training_container/training_ws/install/keyboard:/opt/ros/humble /usr/bin/cmake --build /home/ubuntu/rj_training_container/training_ws/build/stsl_utils -- -j16 -l16
[49.932s] DEBUG:colcon.colcon_core.event_handler.log_command:Invoked command in '/home/ubuntu/rj_training_container/training_ws/build/stsl_nav_plugins' returned '0': CMAKE_PREFIX_PATH=${CMAKE_PREFIX_PATH}:/home/ubuntu/rj_training_container/training_ws/install/keyboard:/opt/ros/humble /usr/bin/cmake --build /home/ubuntu/rj_training_container/training_ws/build/stsl_nav_plugins -- -j16 -l16
[49.994s] DEBUG:colcon.colcon_core.event_handler.log_command:Invoked command in '/home/ubuntu/rj_training_container/training_ws/build/astar_path_planner' returned '0': CMAKE_PREFIX_PATH=${CMAKE_PREFIX_PATH}:/home/ubuntu/rj_training_container/training_ws/install/keyboard:/opt/ros/humble /usr/bin/cmake --build /home/ubuntu/rj_training_container/training_ws/build/astar_path_planner -- -j16 -l16
[50.986s] DEBUG:colcon.colcon_core.event_handler.log_command:Invoked command in '/home/ubuntu/rj_training_container/training_ws/build/controllers' returned '0': CMAKE_PREFIX_PATH=${CMAKE_PREFIX_PATH}:/home/ubuntu/rj_training_container/training_ws/install/keyboard:/opt/ros/humble /usr/bin/cmake --build /home/ubuntu/rj_training_container/training_ws/build/controllers -- -j16 -l16
[56.514s] DEBUG:colcon.colcon_core.event_handler.log_command:Invoked command in '/home/ubuntu/rj_training_container/training_ws/build/mapping' returned '0': CMAKE_PREFIX_PATH=${CMAKE_PREFIX_PATH}:/home/ubuntu/rj_training_container/training_ws/install/keyboard:/opt/ros/humble /usr/bin/cmake --build /home/ubuntu/rj_training_container/training_ws/build/mapping -- -j16 -l16
[57.226s] DEBUG:colcon.colcon_core.event_handler.log_command:Invoked command in '/home/ubuntu/rj_training_container/training_ws/build/obstacle_detector' returned '0': CMAKE_PREFIX_PATH=${CMAKE_PREFIX_PATH}:/home/ubuntu/rj_training_container/training_ws/install/keyboard:/opt/ros/humble /usr/bin/cmake --build /home/ubuntu/rj_training_container/training_ws/build/obstacle_detector -- -j16 -l16
[59.027s] DEBUG:colcon.colcon_core.event_handler.log_command:Invoked command in '/home/ubuntu/rj_training_container/training_ws/build/teleop' returned '0': CMAKE_PREFIX_PATH=${CMAKE_PREFIX_PATH}:/home/ubuntu/rj_training_container/training_ws/install/keyboard:/opt/ros/humble /usr/bin/cmake --build /home/ubuntu/rj_training_container/training_ws/build/teleop -- -j16 -l16
[74.821s] DEBUG:colcon.colcon_core.event_handler.log_command:Invoking command in '/home/ubuntu/rj_training_container/training_ws/build/rj_training_bringup': CMAKE_PREFIX_PATH=${CMAKE_PREFIX_PATH}:/home/ubuntu/rj_training_container/training_ws/install/keyboard:/opt/ros/humble /usr/bin/cmake --install /home/ubuntu/rj_training_container/training_ws/build/rj_training_bringup
[74.837s] DEBUG:colcon.colcon_core.event_handler.log_command:Invoking command in '/home/ubuntu/rj_training_container/training_ws/build/traini_description': CMAKE_PREFIX_PATH=${CMAKE_PREFIX_PATH}:/home/ubuntu/rj_training_container/training_ws/install/keyboard:/opt/ros/humble /usr/bin/cmake --install /home/ubuntu/rj_training_container/training_ws/build/traini_description
[80.468s] Level 1:colcon.colcon_core.environment:create_environment_scripts_only(traini_description)
[80.469s] Level 1:colcon.colcon_core.environment:checking '/home/ubuntu/rj_training_container/training_ws/install/traini_description' for CMake module files
[80.470s] DEBUG:colcon.colcon_core.event_handler.log_command:Invoked command in '/home/ubuntu/rj_training_container/training_ws/build/traini_description' returned '0': CMAKE_PREFIX_PATH=${CMAKE_PREFIX_PATH}:/home/ubuntu/rj_training_container/training_ws/install/keyboard:/opt/ros/humble /usr/bin/cmake --install /home/ubuntu/rj_training_container/training_ws/build/traini_description
[80.721s] Level 1:colcon.colcon_core.environment:checking '/home/ubuntu/rj_training_container/training_ws/install/traini_description' for CMake config files
[80.899s] Level 1:colcon.colcon_core.shell:create_environment_hook('traini_description', 'cmake_prefix_path')
[80.900s] INFO:colcon.colcon_core.shell:Creating environment hook '/home/ubuntu/rj_training_container/training_ws/install/traini_description/share/traini_description/hook/cmake_prefix_path.ps1'
[80.941s] INFO:colcon.colcon_core.shell:Creating environment descriptor '/home/ubuntu/rj_training_container/training_ws/install/traini_description/share/traini_description/hook/cmake_prefix_path.dsv'
[80.984s] INFO:colcon.colcon_core.shell:Creating environment hook '/home/ubuntu/rj_training_container/training_ws/install/traini_description/share/traini_description/hook/cmake_prefix_path.sh'
[81.032s] Level 1:colcon.colcon_core.environment:checking '/home/ubuntu/rj_training_container/training_ws/install/traini_description/bin'
[81.035s] Level 1:colcon.colcon_core.environment:checking '/home/ubuntu/rj_training_container/training_ws/install/traini_description/lib/pkgconfig/traini_description.pc'
[81.038s] Level 1:colcon.colcon_core.environment:checking '/home/ubuntu/rj_training_container/training_ws/install/traini_description/lib/python3.10/site-packages'
[81.041s] Level 1:colcon.colcon_core.environment:checking '/home/ubuntu/rj_training_container/training_ws/install/traini_description/bin'
[81.044s] INFO:colcon.colcon_core.shell:Creating package script '/home/ubuntu/rj_training_container/training_ws/install/traini_description/share/traini_description/package.ps1'
[81.077s] INFO:colcon.colcon_core.shell:Creating package descriptor '/home/ubuntu/rj_training_container/training_ws/install/traini_description/share/traini_description/package.dsv'
[81.110s] INFO:colcon.colcon_core.shell:Creating package script '/home/ubuntu/rj_training_container/training_ws/install/traini_description/share/traini_description/package.sh'
[81.144s] INFO:colcon.colcon_core.shell:Creating package script '/home/ubuntu/rj_training_container/training_ws/install/traini_description/share/traini_description/package.bash'
[81.176s] INFO:colcon.colcon_core.shell:Creating package script '/home/ubuntu/rj_training_container/training_ws/install/traini_description/share/traini_description/package.zsh'
[81.209s] Level 1:colcon.colcon_core.environment:create_file_with_runtime_dependencies(/home/ubuntu/rj_training_container/training_ws/install/traini_description/share/colcon-core/packages/traini_description)
[82.855s] Level 1:colcon.colcon_core.environment:create_environment_scripts_only(rj_training_bringup)
[82.856s] Level 1:colcon.colcon_core.environment:checking '/home/ubuntu/rj_training_container/training_ws/install/rj_training_bringup' for CMake module files
[82.858s] DEBUG:colcon.colcon_core.event_handler.log_command:Invoked command in '/home/ubuntu/rj_training_container/training_ws/build/rj_training_bringup' returned '0': CMAKE_PREFIX_PATH=${CMAKE_PREFIX_PATH}:/home/ubuntu/rj_training_container/training_ws/install/keyboard:/opt/ros/humble /usr/bin/cmake --install /home/ubuntu/rj_training_container/training_ws/build/rj_training_bringup
[83.119s] Level 1:colcon.colcon_core.environment:checking '/home/ubuntu/rj_training_container/training_ws/install/rj_training_bringup' for CMake config files
[83.316s] Level 1:colcon.colcon_core.shell:create_environment_hook('rj_training_bringup', 'cmake_prefix_path')
[83.317s] INFO:colcon.colcon_core.shell:Creating environment hook '/home/ubuntu/rj_training_container/training_ws/install/rj_training_bringup/share/rj_training_bringup/hook/cmake_prefix_path.ps1'
[83.360s] INFO:colcon.colcon_core.shell:Creating environment descriptor '/home/ubuntu/rj_training_container/training_ws/install/rj_training_bringup/share/rj_training_bringup/hook/cmake_prefix_path.dsv'
[83.400s] INFO:colcon.colcon_core.shell:Creating environment hook '/home/ubuntu/rj_training_container/training_ws/install/rj_training_bringup/share/rj_training_bringup/hook/cmake_prefix_path.sh'
[83.452s] Level 1:colcon.colcon_core.environment:checking '/home/ubuntu/rj_training_container/training_ws/install/rj_training_bringup/bin'
[83.455s] Level 1:colcon.colcon_core.environment:checking '/home/ubuntu/rj_training_container/training_ws/install/rj_training_bringup/lib/pkgconfig/rj_training_bringup.pc'
[83.459s] Level 1:colcon.colcon_core.environment:checking '/home/ubuntu/rj_training_container/training_ws/install/rj_training_bringup/lib/python3.10/site-packages'
[83.461s] Level 1:colcon.colcon_core.environment:checking '/home/ubuntu/rj_training_container/training_ws/install/rj_training_bringup/bin'
[83.465s] INFO:colcon.colcon_core.shell:Creating package script '/home/ubuntu/rj_training_container/training_ws/install/rj_training_bringup/share/rj_training_bringup/package.ps1'
[83.501s] INFO:colcon.colcon_core.shell:Creating package descriptor '/home/ubuntu/rj_training_container/training_ws/install/rj_training_bringup/share/rj_training_bringup/package.dsv'
[83.534s] INFO:colcon.colcon_core.shell:Creating package script '/home/ubuntu/rj_training_container/training_ws/install/rj_training_bringup/share/rj_training_bringup/package.sh'
[83.570s] INFO:colcon.colcon_core.shell:Creating package script '/home/ubuntu/rj_training_container/training_ws/install/rj_training_bringup/share/rj_training_bringup/package.bash'
[83.602s] INFO:colcon.colcon_core.shell:Creating package script '/home/ubuntu/rj_training_container/training_ws/install/rj_training_bringup/share/rj_training_bringup/package.zsh'
[83.636s] Level 1:colcon.colcon_core.environment:create_file_with_runtime_dependencies(/home/ubuntu/rj_training_container/training_ws/install/rj_training_bringup/share/colcon-core/packages/rj_training_bringup)
[84.118s] DEBUG:colcon.colcon_core.event_handler.log_command:Invoking command in '/home/ubuntu/rj_training_container/training_ws/build/astar_path_planner': CMAKE_PREFIX_PATH=${CMAKE_PREFIX_PATH}:/home/ubuntu/rj_training_container/training_ws/install/keyboard:/opt/ros/humble /usr/bin/cmake --install /home/ubuntu/rj_training_container/training_ws/build/astar_path_planner
[84.556s] DEBUG:colcon.colcon_core.event_handler.log_command:Invoking command in '/home/ubuntu/rj_training_container/training_ws/build/stsl_gazebo_plugins': CMAKE_PREFIX_PATH=${CMAKE_PREFIX_PATH}:/home/ubuntu/rj_training_container/training_ws/install/keyboard:/opt/ros/humble /usr/bin/cmake --install /home/ubuntu/rj_training_container/training_ws/build/stsl_gazebo_plugins
[84.717s] DEBUG:colcon.colcon_core.event_handler.log_command:Invoking command in '/home/ubuntu/rj_training_container/training_ws/build/controllers': CMAKE_PREFIX_PATH=${CMAKE_PREFIX_PATH}:/home/ubuntu/rj_training_container/training_ws/install/keyboard:/opt/ros/humble /usr/bin/cmake --install /home/ubuntu/rj_training_container/training_ws/build/controllers
[86.011s] DEBUG:colcon.colcon_core.event_handler.log_command:Invoking command in '/home/ubuntu/rj_training_container/training_ws/build/mapping': CMAKE_PREFIX_PATH=${CMAKE_PREFIX_PATH}:/home/ubuntu/rj_training_container/training_ws/install/keyboard:/opt/ros/humble /usr/bin/cmake --install /home/ubuntu/rj_training_container/training_ws/build/mapping
[87.022s] DEBUG:colcon.colcon_core.event_handler.log_command:Invoking command in '/home/ubuntu/rj_training_container/training_ws/build/obstacle_detector': CMAKE_PREFIX_PATH=${CMAKE_PREFIX_PATH}:/home/ubuntu/rj_training_container/training_ws/install/keyboard:/opt/ros/humble /usr/bin/cmake --install /home/ubuntu/rj_training_container/training_ws/build/obstacle_detector
[87.501s] DEBUG:colcon.colcon_core.event_handler.log_command:Invoking command in '/home/ubuntu/rj_training_container/training_ws/build/stsl_nav_plugins': CMAKE_PREFIX_PATH=${CMAKE_PREFIX_PATH}:/home/ubuntu/rj_training_container/training_ws/install/keyboard:/opt/ros/humble /usr/bin/cmake --install /home/ubuntu/rj_training_container/training_ws/build/stsl_nav_plugins
[88.427s] DEBUG:colcon.colcon_core.event_handler.log_command:Invoking command in '/home/ubuntu/rj_training_container/training_ws/build/teleop': CMAKE_PREFIX_PATH=${CMAKE_PREFIX_PATH}:/home/ubuntu/rj_training_container/training_ws/install/keyboard:/opt/ros/humble /usr/bin/cmake --install /home/ubuntu/rj_training_container/training_ws/build/teleop
[89.613s] DEBUG:colcon.colcon_core.event_handler.log_command:Invoking command in '/home/ubuntu/rj_training_container/training_ws/build/stsl_utils': CMAKE_PREFIX_PATH=${CMAKE_PREFIX_PATH}:/home/ubuntu/rj_training_container/training_ws/install/keyboard:/opt/ros/humble /usr/bin/cmake --install /home/ubuntu/rj_training_container/training_ws/build/stsl_utils
[89.703s] Level 1:colcon.colcon_core.environment:create_environment_scripts_only(astar_path_planner)
[89.704s] Level 1:colcon.colcon_core.environment:checking '/home/ubuntu/rj_training_container/training_ws/install/astar_path_planner' for CMake module files
[89.706s] DEBUG:colcon.colcon_core.event_handler.log_command:Invoked command in '/home/ubuntu/rj_training_container/training_ws/build/astar_path_planner' returned '0': CMAKE_PREFIX_PATH=${CMAKE_PREFIX_PATH}:/home/ubuntu/rj_training_container/training_ws/install/keyboard:/opt/ros/humble /usr/bin/cmake --install /home/ubuntu/rj_training_container/training_ws/build/astar_path_planner
[89.952s] Level 1:colcon.colcon_core.environment:checking '/home/ubuntu/rj_training_container/training_ws/install/astar_path_planner' for CMake config files
[90.102s] Level 1:colcon.colcon_core.shell:create_environment_hook('astar_path_planner', 'cmake_prefix_path')
[90.103s] INFO:colcon.colcon_core.shell:Creating environment hook '/home/ubuntu/rj_training_container/training_ws/install/astar_path_planner/share/astar_path_planner/hook/cmake_prefix_path.ps1'
[90.136s] INFO:colcon.colcon_core.shell:Creating environment descriptor '/home/ubuntu/rj_training_container/training_ws/install/astar_path_planner/share/astar_path_planner/hook/cmake_prefix_path.dsv'
[90.172s] INFO:colcon.colcon_core.shell:Creating environment hook '/home/ubuntu/rj_training_container/training_ws/install/astar_path_planner/share/astar_path_planner/hook/cmake_prefix_path.sh'
[90.214s] Level 1:colcon.colcon_core.environment:checking '/home/ubuntu/rj_training_container/training_ws/install/astar_path_planner/lib'
[90.221s] Level 1:colcon.colcon_core.shell:create_environment_hook('astar_path_planner', 'ld_library_path_lib')
[90.222s] INFO:colcon.colcon_core.shell:Creating environment hook '/home/ubuntu/rj_training_container/training_ws/install/astar_path_planner/share/astar_path_planner/hook/ld_library_path_lib.ps1'
[90.252s] INFO:colcon.colcon_core.shell:Creating environment descriptor '/home/ubuntu/rj_training_container/training_ws/install/astar_path_planner/share/astar_path_planner/hook/ld_library_path_lib.dsv'
[90.286s] INFO:colcon.colcon_core.shell:Creating environment hook '/home/ubuntu/rj_training_container/training_ws/install/astar_path_planner/share/astar_path_planner/hook/ld_library_path_lib.sh'
[90.320s] Level 1:colcon.colcon_core.environment:checking '/home/ubuntu/rj_training_container/training_ws/install/astar_path_planner/bin'
[90.322s] Level 1:colcon.colcon_core.environment:checking '/home/ubuntu/rj_training_container/training_ws/install/astar_path_planner/lib/pkgconfig/astar_path_planner.pc'
[90.327s] Level 1:colcon.colcon_core.environment:checking '/home/ubuntu/rj_training_container/training_ws/install/astar_path_planner/lib/python3.10/site-packages'
[90.331s] Level 1:colcon.colcon_core.environment:checking '/home/ubuntu/rj_training_container/training_ws/install/astar_path_planner/bin'
[90.334s] INFO:colcon.colcon_core.shell:Creating package script '/home/ubuntu/rj_training_container/training_ws/install/astar_path_planner/share/astar_path_planner/package.ps1'
[90.359s] INFO:colcon.colcon_core.shell:Creating package descriptor '/home/ubuntu/rj_training_container/training_ws/install/astar_path_planner/share/astar_path_planner/package.dsv'
[90.379s] INFO:colcon.colcon_core.shell:Creating package script '/home/ubuntu/rj_training_container/training_ws/install/astar_path_planner/share/astar_path_planner/package.sh'
[90.402s] INFO:colcon.colcon_core.shell:Creating package script '/home/ubuntu/rj_training_container/training_ws/install/astar_path_planner/share/astar_path_planner/package.bash'
[90.427s] INFO:colcon.colcon_core.shell:Creating package script '/home/ubuntu/rj_training_container/training_ws/install/astar_path_planner/share/astar_path_planner/package.zsh'
[90.453s] Level 1:colcon.colcon_core.environment:create_file_with_runtime_dependencies(/home/ubuntu/rj_training_container/training_ws/install/astar_path_planner/share/colcon-core/packages/astar_path_planner)
[90.488s] Level 1:colcon.colcon_core.environment:create_environment_scripts_only(controllers)
[90.489s] Level 1:colcon.colcon_core.environment:checking '/home/ubuntu/rj_training_container/training_ws/install/controllers' for CMake module files
[90.491s] DEBUG:colcon.colcon_core.event_handler.log_command:Invoked command in '/home/ubuntu/rj_training_container/training_ws/build/controllers' returned '0': CMAKE_PREFIX_PATH=${CMAKE_PREFIX_PATH}:/home/ubuntu/rj_training_container/training_ws/install/keyboard:/opt/ros/humble /usr/bin/cmake --install /home/ubuntu/rj_training_container/training_ws/build/controllers
[90.686s] Level 1:colcon.colcon_core.environment:checking '/home/ubuntu/rj_training_container/training_ws/install/controllers' for CMake config files
[90.879s] Level 1:colcon.colcon_core.shell:create_environment_hook('controllers', 'cmake_prefix_path')
[90.880s] INFO:colcon.colcon_core.shell:Creating environment hook '/home/ubuntu/rj_training_container/training_ws/install/controllers/share/controllers/hook/cmake_prefix_path.ps1'
[90.909s] INFO:colcon.colcon_core.shell:Creating environment descriptor '/home/ubuntu/rj_training_container/training_ws/install/controllers/share/controllers/hook/cmake_prefix_path.dsv'
[90.947s] INFO:colcon.colcon_core.shell:Creating environment hook '/home/ubuntu/rj_training_container/training_ws/install/controllers/share/controllers/hook/cmake_prefix_path.sh'
[90.992s] Level 1:colcon.colcon_core.environment:checking '/home/ubuntu/rj_training_container/training_ws/install/controllers/lib'
[91.003s] Level 1:colcon.colcon_core.shell:create_environment_hook('controllers', 'ld_library_path_lib')
[91.004s] INFO:colcon.colcon_core.shell:Creating environment hook '/home/ubuntu/rj_training_container/training_ws/install/controllers/share/controllers/hook/ld_library_path_lib.ps1'
[91.045s] INFO:colcon.colcon_core.shell:Creating environment descriptor '/home/ubuntu/rj_training_container/training_ws/install/controllers/share/controllers/hook/ld_library_path_lib.dsv'
[91.076s] INFO:colcon.colcon_core.shell:Creating environment hook '/home/ubuntu/rj_training_container/training_ws/install/controllers/share/controllers/hook/ld_library_path_lib.sh'
[91.111s] Level 1:colcon.colcon_core.environment:checking '/home/ubuntu/rj_training_container/training_ws/install/controllers/bin'
[91.113s] Level 1:colcon.colcon_core.environment:checking '/home/ubuntu/rj_training_container/training_ws/install/controllers/lib/pkgconfig/controllers.pc'
[91.118s] Level 1:colcon.colcon_core.environment:checking '/home/ubuntu/rj_training_container/training_ws/install/controllers/lib/python3.10/site-packages'
[91.120s] Level 1:colcon.colcon_core.environment:checking '/home/ubuntu/rj_training_container/training_ws/install/controllers/bin'
[91.124s] INFO:colcon.colcon_core.shell:Creating package script '/home/ubuntu/rj_training_container/training_ws/install/controllers/share/controllers/package.ps1'
[91.153s] INFO:colcon.colcon_core.shell:Creating package descriptor '/home/ubuntu/rj_training_container/training_ws/install/controllers/share/controllers/package.dsv'
[91.186s] INFO:colcon.colcon_core.shell:Creating package script '/home/ubuntu/rj_training_container/training_ws/install/controllers/share/controllers/package.sh'
[91.213s] INFO:colcon.colcon_core.shell:Creating package script '/home/ubuntu/rj_training_container/training_ws/install/controllers/share/controllers/package.bash'
[91.238s] INFO:colcon.colcon_core.shell:Creating package script '/home/ubuntu/rj_training_container/training_ws/install/controllers/share/controllers/package.zsh'
[91.262s] Level 1:colcon.colcon_core.environment:create_file_with_runtime_dependencies(/home/ubuntu/rj_training_container/training_ws/install/controllers/share/colcon-core/packages/controllers)
[91.298s] Level 1:colcon.colcon_core.environment:create_environment_scripts_only(stsl_gazebo_plugins)
[91.299s] Level 1:colcon.colcon_core.environment:checking '/home/ubuntu/rj_training_container/training_ws/install/stsl_gazebo_plugins' for CMake module files
[91.300s] DEBUG:colcon.colcon_core.event_handler.log_command:Invoked command in '/home/ubuntu/rj_training_container/training_ws/build/stsl_gazebo_plugins' returned '0': CMAKE_PREFIX_PATH=${CMAKE_PREFIX_PATH}:/home/ubuntu/rj_training_container/training_ws/install/keyboard:/opt/ros/humble /usr/bin/cmake --install /home/ubuntu/rj_training_container/training_ws/build/stsl_gazebo_plugins
[91.483s] Level 1:colcon.colcon_core.environment:checking '/home/ubuntu/rj_training_container/training_ws/install/stsl_gazebo_plugins' for CMake config files
[91.617s] Level 1:colcon.colcon_core.shell:create_environment_hook('stsl_gazebo_plugins', 'cmake_prefix_path')
[91.618s] INFO:colcon.colcon_core.shell:Creating environment hook '/home/ubuntu/rj_training_container/training_ws/install/stsl_gazebo_plugins/share/stsl_gazebo_plugins/hook/cmake_prefix_path.ps1'
[91.652s] INFO:colcon.colcon_core.shell:Creating environment descriptor '/home/ubuntu/rj_training_container/training_ws/install/stsl_gazebo_plugins/share/stsl_gazebo_plugins/hook/cmake_prefix_path.dsv'
[91.682s] INFO:colcon.colcon_core.shell:Creating environment hook '/home/ubuntu/rj_training_container/training_ws/install/stsl_gazebo_plugins/share/stsl_gazebo_plugins/hook/cmake_prefix_path.sh'
[91.722s] Level 1:colcon.colcon_core.environment:checking '/home/ubuntu/rj_training_container/training_ws/install/stsl_gazebo_plugins/lib'
[91.731s] Level 1:colcon.colcon_core.shell:create_environment_hook('stsl_gazebo_plugins', 'ld_library_path_lib')
[91.732s] INFO:colcon.colcon_core.shell:Creating environment hook '/home/ubuntu/rj_training_container/training_ws/install/stsl_gazebo_plugins/share/stsl_gazebo_plugins/hook/ld_library_path_lib.ps1'
[91.766s] INFO:colcon.colcon_core.shell:Creating environment descriptor '/home/ubuntu/rj_training_container/training_ws/install/stsl_gazebo_plugins/share/stsl_gazebo_plugins/hook/ld_library_path_lib.dsv'
[91.797s] INFO:colcon.colcon_core.shell:Creating environment hook '/home/ubuntu/rj_training_container/training_ws/install/stsl_gazebo_plugins/share/stsl_gazebo_plugins/hook/ld_library_path_lib.sh'
[91.848s] Level 1:colcon.colcon_core.environment:checking '/home/ubuntu/rj_training_container/training_ws/install/stsl_gazebo_plugins/bin'
[91.851s] Level 1:colcon.colcon_core.environment:checking '/home/ubuntu/rj_training_container/training_ws/install/stsl_gazebo_plugins/lib/pkgconfig/stsl_gazebo_plugins.pc'
[91.855s] Level 1:colcon.colcon_core.environment:checking '/home/ubuntu/rj_training_container/training_ws/install/stsl_gazebo_plugins/lib/python3.10/site-packages'
[91.859s] Level 1:colcon.colcon_core.environment:checking '/home/ubuntu/rj_training_container/training_ws/install/stsl_gazebo_plugins/bin'
[91.862s] INFO:colcon.colcon_core.shell:Creating package script '/home/ubuntu/rj_training_container/training_ws/install/stsl_gazebo_plugins/share/stsl_gazebo_plugins/package.ps1'
[91.889s] INFO:colcon.colcon_core.shell:Creating package descriptor '/home/ubuntu/rj_training_container/training_ws/install/stsl_gazebo_plugins/share/stsl_gazebo_plugins/package.dsv'
[91.915s] INFO:colcon.colcon_core.shell:Creating package script '/home/ubuntu/rj_training_container/training_ws/install/stsl_gazebo_plugins/share/stsl_gazebo_plugins/package.sh'
[91.943s] INFO:colcon.colcon_core.shell:Creating package script '/home/ubuntu/rj_training_container/training_ws/install/stsl_gazebo_plugins/share/stsl_gazebo_plugins/package.bash'
[91.969s] INFO:colcon.colcon_core.shell:Creating package script '/home/ubuntu/rj_training_container/training_ws/install/stsl_gazebo_plugins/share/stsl_gazebo_plugins/package.zsh'
[91.997s] Level 1:colcon.colcon_core.environment:create_file_with_runtime_dependencies(/home/ubuntu/rj_training_container/training_ws/install/stsl_gazebo_plugins/share/colcon-core/packages/stsl_gazebo_plugins)
[92.034s] Level 1:colcon.colcon_core.environment:create_environment_scripts_only(mapping)
[92.035s] Level 1:colcon.colcon_core.environment:checking '/home/ubuntu/rj_training_container/training_ws/install/mapping' for CMake module files
[92.037s] DEBUG:colcon.colcon_core.event_handler.log_command:Invoked command in '/home/ubuntu/rj_training_container/training_ws/build/mapping' returned '0': CMAKE_PREFIX_PATH=${CMAKE_PREFIX_PATH}:/home/ubuntu/rj_training_container/training_ws/install/keyboard:/opt/ros/humble /usr/bin/cmake --install /home/ubuntu/rj_training_container/training_ws/build/mapping
[92.259s] Level 1:colcon.colcon_core.environment:checking '/home/ubuntu/rj_training_container/training_ws/install/mapping' for CMake config files
[92.463s] Level 1:colcon.colcon_core.shell:create_environment_hook('mapping', 'cmake_prefix_path')
[92.464s] INFO:colcon.colcon_core.shell:Creating environment hook '/home/ubuntu/rj_training_container/training_ws/install/mapping/share/mapping/hook/cmake_prefix_path.ps1'
[92.496s] INFO:colcon.colcon_core.shell:Creating environment descriptor '/home/ubuntu/rj_training_container/training_ws/install/mapping/share/mapping/hook/cmake_prefix_path.dsv'
[92.530s] INFO:colcon.colcon_core.shell:Creating environment hook '/home/ubuntu/rj_training_container/training_ws/install/mapping/share/mapping/hook/cmake_prefix_path.sh'
[92.575s] Level 1:colcon.colcon_core.environment:checking '/home/ubuntu/rj_training_container/training_ws/install/mapping/lib'
[92.587s] Level 1:colcon.colcon_core.shell:create_environment_hook('mapping', 'ld_library_path_lib')
[92.588s] INFO:colcon.colcon_core.shell:Creating environment hook '/home/ubuntu/rj_training_container/training_ws/install/mapping/share/mapping/hook/ld_library_path_lib.ps1'
[92.627s] INFO:colcon.colcon_core.shell:Creating environment descriptor '/home/ubuntu/rj_training_container/training_ws/install/mapping/share/mapping/hook/ld_library_path_lib.dsv'
[92.665s] INFO:colcon.colcon_core.shell:Creating environment hook '/home/ubuntu/rj_training_container/training_ws/install/mapping/share/mapping/hook/ld_library_path_lib.sh'
[92.697s] Level 1:colcon.colcon_core.environment:checking '/home/ubuntu/rj_training_container/training_ws/install/mapping/bin'
[92.698s] Level 1:colcon.colcon_core.environment:checking '/home/ubuntu/rj_training_container/training_ws/install/mapping/lib/pkgconfig/mapping.pc'
[92.703s] Level 1:colcon.colcon_core.environment:checking '/home/ubuntu/rj_training_container/training_ws/install/mapping/lib/python3.10/site-packages'
[92.708s] Level 1:colcon.colcon_core.environment:checking '/home/ubuntu/rj_training_container/training_ws/install/mapping/bin'
[92.710s] INFO:colcon.colcon_core.shell:Creating package script '/home/ubuntu/rj_training_container/training_ws/install/mapping/share/mapping/package.ps1'
[92.732s] INFO:colcon.colcon_core.shell:Creating package descriptor '/home/ubuntu/rj_training_container/training_ws/install/mapping/share/mapping/package.dsv'
[92.755s] INFO:colcon.colcon_core.shell:Creating package script '/home/ubuntu/rj_training_container/training_ws/install/mapping/share/mapping/package.sh'
[92.783s] INFO:colcon.colcon_core.shell:Creating package script '/home/ubuntu/rj_training_container/training_ws/install/mapping/share/mapping/package.bash'
[92.811s] INFO:colcon.colcon_core.shell:Creating package script '/home/ubuntu/rj_training_container/training_ws/install/mapping/share/mapping/package.zsh'
[92.842s] Level 1:colcon.colcon_core.environment:create_file_with_runtime_dependencies(/home/ubuntu/rj_training_container/training_ws/install/mapping/share/colcon-core/packages/mapping)
[92.879s] Level 1:colcon.colcon_core.environment:create_environment_scripts_only(obstacle_detector)
[92.880s] Level 1:colcon.colcon_core.environment:checking '/home/ubuntu/rj_training_container/training_ws/install/obstacle_detector' for CMake module files
[92.881s] DEBUG:colcon.colcon_core.event_handler.log_command:Invoked command in '/home/ubuntu/rj_training_container/training_ws/build/obstacle_detector' returned '0': CMAKE_PREFIX_PATH=${CMAKE_PREFIX_PATH}:/home/ubuntu/rj_training_container/training_ws/install/keyboard:/opt/ros/humble /usr/bin/cmake --install /home/ubuntu/rj_training_container/training_ws/build/obstacle_detector
[93.103s] Level 1:colcon.colcon_core.environment:checking '/home/ubuntu/rj_training_container/training_ws/install/obstacle_detector' for CMake config files
[93.307s] Level 1:colcon.colcon_core.shell:create_environment_hook('obstacle_detector', 'cmake_prefix_path')
[93.308s] INFO:colcon.colcon_core.shell:Creating environment hook '/home/ubuntu/rj_training_container/training_ws/install/obstacle_detector/share/obstacle_detector/hook/cmake_prefix_path.ps1'
[93.347s] INFO:colcon.colcon_core.shell:Creating environment descriptor '/home/ubuntu/rj_training_container/training_ws/install/obstacle_detector/share/obstacle_detector/hook/cmake_prefix_path.dsv'
[93.383s] INFO:colcon.colcon_core.shell:Creating environment hook '/home/ubuntu/rj_training_container/training_ws/install/obstacle_detector/share/obstacle_detector/hook/cmake_prefix_path.sh'
[93.425s] Level 1:colcon.colcon_core.environment:checking '/home/ubuntu/rj_training_container/training_ws/install/obstacle_detector/lib'
[93.437s] Level 1:colcon.colcon_core.shell:create_environment_hook('obstacle_detector', 'ld_library_path_lib')
[93.437s] INFO:colcon.colcon_core.shell:Creating environment hook '/home/ubuntu/rj_training_container/training_ws/install/obstacle_detector/share/obstacle_detector/hook/ld_library_path_lib.ps1'
[93.473s] INFO:colcon.colcon_core.shell:Creating environment descriptor '/home/ubuntu/rj_training_container/training_ws/install/obstacle_detector/share/obstacle_detector/hook/ld_library_path_lib.dsv'
[93.512s] INFO:colcon.colcon_core.shell:Creating environment hook '/home/ubuntu/rj_training_container/training_ws/install/obstacle_detector/share/obstacle_detector/hook/ld_library_path_lib.sh'
[93.549s] Level 1:colcon.colcon_core.environment:checking '/home/ubuntu/rj_training_container/training_ws/install/obstacle_detector/bin'
[93.552s] Level 1:colcon.colcon_core.environment:checking '/home/ubuntu/rj_training_container/training_ws/install/obstacle_detector/lib/pkgconfig/obstacle_detector.pc'
[93.555s] Level 1:colcon.colcon_core.environment:checking '/home/ubuntu/rj_training_container/training_ws/install/obstacle_detector/lib/python3.10/site-packages'
[93.557s] Level 1:colcon.colcon_core.environment:checking '/home/ubuntu/rj_training_container/training_ws/install/obstacle_detector/bin'
[93.560s] INFO:colcon.colcon_core.shell:Creating package script '/home/ubuntu/rj_training_container/training_ws/install/obstacle_detector/share/obstacle_detector/package.ps1'
[93.588s] INFO:colcon.colcon_core.shell:Creating package descriptor '/home/ubuntu/rj_training_container/training_ws/install/obstacle_detector/share/obstacle_detector/package.dsv'
[93.618s] INFO:colcon.colcon_core.shell:Creating package script '/home/ubuntu/rj_training_container/training_ws/install/obstacle_detector/share/obstacle_detector/package.sh'
[93.645s] INFO:colcon.colcon_core.shell:Creating package script '/home/ubuntu/rj_training_container/training_ws/install/obstacle_detector/share/obstacle_detector/package.bash'
[93.673s] INFO:colcon.colcon_core.shell:Creating package script '/home/ubuntu/rj_training_container/training_ws/install/obstacle_detector/share/obstacle_detector/package.zsh'
[93.707s] Level 1:colcon.colcon_core.environment:create_file_with_runtime_dependencies(/home/ubuntu/rj_training_container/training_ws/install/obstacle_detector/share/colcon-core/packages/obstacle_detector)
[93.747s] Level 1:colcon.colcon_core.environment:create_environment_scripts_only(stsl_nav_plugins)
[93.749s] Level 1:colcon.colcon_core.environment:checking '/home/ubuntu/rj_training_container/training_ws/install/stsl_nav_plugins' for CMake module files
[93.752s] DEBUG:colcon.colcon_core.event_handler.log_command:Invoked command in '/home/ubuntu/rj_training_container/training_ws/build/stsl_nav_plugins' returned '0': CMAKE_PREFIX_PATH=${CMAKE_PREFIX_PATH}:/home/ubuntu/rj_training_container/training_ws/install/keyboard:/opt/ros/humble /usr/bin/cmake --install /home/ubuntu/rj_training_container/training_ws/build/stsl_nav_plugins
[93.990s] Level 1:colcon.colcon_core.environment:checking '/home/ubuntu/rj_training_container/training_ws/install/stsl_nav_plugins' for CMake config files
[94.193s] Level 1:colcon.colcon_core.shell:create_environment_hook('stsl_nav_plugins', 'cmake_prefix_path')
[94.194s] INFO:colcon.colcon_core.shell:Creating environment hook '/home/ubuntu/rj_training_container/training_ws/install/stsl_nav_plugins/share/stsl_nav_plugins/hook/cmake_prefix_path.ps1'
[94.227s] INFO:colcon.colcon_core.shell:Creating environment descriptor '/home/ubuntu/rj_training_container/training_ws/install/stsl_nav_plugins/share/stsl_nav_plugins/hook/cmake_prefix_path.dsv'
[94.259s] INFO:colcon.colcon_core.shell:Creating environment hook '/home/ubuntu/rj_training_container/training_ws/install/stsl_nav_plugins/share/stsl_nav_plugins/hook/cmake_prefix_path.sh'
[94.322s] Level 1:colcon.colcon_core.environment:checking '/home/ubuntu/rj_training_container/training_ws/install/stsl_nav_plugins/lib'
[94.335s] Level 1:colcon.colcon_core.shell:create_environment_hook('stsl_nav_plugins', 'ld_library_path_lib')
[94.336s] INFO:colcon.colcon_core.shell:Creating environment hook '/home/ubuntu/rj_training_container/training_ws/install/stsl_nav_plugins/share/stsl_nav_plugins/hook/ld_library_path_lib.ps1'
[94.380s] INFO:colcon.colcon_core.shell:Creating environment descriptor '/home/ubuntu/rj_training_container/training_ws/install/stsl_nav_plugins/share/stsl_nav_plugins/hook/ld_library_path_lib.dsv'
[94.422s] INFO:colcon.colcon_core.shell:Creating environment hook '/home/ubuntu/rj_training_container/training_ws/install/stsl_nav_plugins/share/stsl_nav_plugins/hook/ld_library_path_lib.sh'
[94.459s] Level 1:colcon.colcon_core.environment:checking '/home/ubuntu/rj_training_container/training_ws/install/stsl_nav_plugins/bin'
[94.462s] Level 1:colcon.colcon_core.environment:checking '/home/ubuntu/rj_training_container/training_ws/install/stsl_nav_plugins/lib/pkgconfig/stsl_nav_plugins.pc'
[94.465s] Level 1:colcon.colcon_core.environment:checking '/home/ubuntu/rj_training_container/training_ws/install/stsl_nav_plugins/lib/python3.10/site-packages'
[94.469s] Level 1:colcon.colcon_core.environment:checking '/home/ubuntu/rj_training_container/training_ws/install/stsl_nav_plugins/bin'
[94.472s] INFO:colcon.colcon_core.shell:Creating package script '/home/ubuntu/rj_training_container/training_ws/install/stsl_nav_plugins/share/stsl_nav_plugins/package.ps1'
[94.502s] INFO:colcon.colcon_core.shell:Creating package descriptor '/home/ubuntu/rj_training_container/training_ws/install/stsl_nav_plugins/share/stsl_nav_plugins/package.dsv'
[94.532s] INFO:colcon.colcon_core.shell:Creating package script '/home/ubuntu/rj_training_container/training_ws/install/stsl_nav_plugins/share/stsl_nav_plugins/package.sh'
[94.563s] INFO:colcon.colcon_core.shell:Creating package script '/home/ubuntu/rj_training_container/training_ws/install/stsl_nav_plugins/share/stsl_nav_plugins/package.bash'
[94.598s] INFO:colcon.colcon_core.shell:Creating package script '/home/ubuntu/rj_training_container/training_ws/install/stsl_nav_plugins/share/stsl_nav_plugins/package.zsh'
[94.629s] Level 1:colcon.colcon_core.environment:create_file_with_runtime_dependencies(/home/ubuntu/rj_training_container/training_ws/install/stsl_nav_plugins/share/colcon-core/packages/stsl_nav_plugins)
[94.680s] Level 1:colcon.colcon_core.environment:create_environment_scripts_only(teleop)
[94.682s] Level 1:colcon.colcon_core.environment:checking '/home/ubuntu/rj_training_container/training_ws/install/teleop' for CMake module files
[94.684s] DEBUG:colcon.colcon_core.event_handler.log_command:Invoked command in '/home/ubuntu/rj_training_container/training_ws/build/teleop' returned '0': CMAKE_PREFIX_PATH=${CMAKE_PREFIX_PATH}:/home/ubuntu/rj_training_container/training_ws/install/keyboard:/opt/ros/humble /usr/bin/cmake --install /home/ubuntu/rj_training_container/training_ws/build/teleop
[94.924s] Level 1:colcon.colcon_core.environment:checking '/home/ubuntu/rj_training_container/training_ws/install/teleop' for CMake config files
[95.121s] Level 1:colcon.colcon_core.shell:create_environment_hook('teleop', 'cmake_prefix_path')
[95.121s] INFO:colcon.colcon_core.shell:Creating environment hook '/home/ubuntu/rj_training_container/training_ws/install/teleop/share/teleop/hook/cmake_prefix_path.ps1'
[95.159s] INFO:colcon.colcon_core.shell:Creating environment descriptor '/home/ubuntu/rj_training_container/training_ws/install/teleop/share/teleop/hook/cmake_prefix_path.dsv'
[95.200s] INFO:colcon.colcon_core.shell:Creating environment hook '/home/ubuntu/rj_training_container/training_ws/install/teleop/share/teleop/hook/cmake_prefix_path.sh'
[95.246s] Level 1:colcon.colcon_core.environment:checking '/home/ubuntu/rj_training_container/training_ws/install/teleop/lib'
[95.257s] Level 1:colcon.colcon_core.shell:create_environment_hook('teleop', 'ld_library_path_lib')
[95.258s] INFO:colcon.colcon_core.shell:Creating environment hook '/home/ubuntu/rj_training_container/training_ws/install/teleop/share/teleop/hook/ld_library_path_lib.ps1'
[95.293s] INFO:colcon.colcon_core.shell:Creating environment descriptor '/home/ubuntu/rj_training_container/training_ws/install/teleop/share/teleop/hook/ld_library_path_lib.dsv'
[95.327s] INFO:colcon.colcon_core.shell:Creating environment hook '/home/ubuntu/rj_training_container/training_ws/install/teleop/share/teleop/hook/ld_library_path_lib.sh'
[95.365s] Level 1:colcon.colcon_core.environment:checking '/home/ubuntu/rj_training_container/training_ws/install/teleop/bin'
[95.368s] Level 1:colcon.colcon_core.environment:checking '/home/ubuntu/rj_training_container/training_ws/install/teleop/lib/pkgconfig/teleop.pc'
[95.371s] Level 1:colcon.colcon_core.environment:checking '/home/ubuntu/rj_training_container/training_ws/install/teleop/lib/python3.10/site-packages'
[95.375s] Level 1:colcon.colcon_core.environment:checking '/home/ubuntu/rj_training_container/training_ws/install/teleop/bin'
[95.377s] INFO:colcon.colcon_core.shell:Creating package script '/home/ubuntu/rj_training_container/training_ws/install/teleop/share/teleop/package.ps1'
[95.405s] INFO:colcon.colcon_core.shell:Creating package descriptor '/home/ubuntu/rj_training_container/training_ws/install/teleop/share/teleop/package.dsv'
[95.430s] INFO:colcon.colcon_core.shell:Creating package script '/home/ubuntu/rj_training_container/training_ws/install/teleop/share/teleop/package.sh'
[95.452s] INFO:colcon.colcon_core.shell:Creating package script '/home/ubuntu/rj_training_container/training_ws/install/teleop/share/teleop/package.bash'
[95.475s] INFO:colcon.colcon_core.shell:Creating package script '/home/ubuntu/rj_training_container/training_ws/install/teleop/share/teleop/package.zsh'
[95.501s] Level 1:colcon.colcon_core.environment:create_file_with_runtime_dependencies(/home/ubuntu/rj_training_container/training_ws/install/teleop/share/colcon-core/packages/teleop)
[95.547s] Level 1:colcon.colcon_core.environment:create_environment_scripts_only(stsl_utils)
[95.548s] Level 1:colcon.colcon_core.environment:checking '/home/ubuntu/rj_training_container/training_ws/install/stsl_utils' for CMake module files
[95.551s] DEBUG:colcon.colcon_core.event_handler.log_command:Invoked command in '/home/ubuntu/rj_training_container/training_ws/build/stsl_utils' returned '0': CMAKE_PREFIX_PATH=${CMAKE_PREFIX_PATH}:/home/ubuntu/rj_training_container/training_ws/install/keyboard:/opt/ros/humble /usr/bin/cmake --install /home/ubuntu/rj_training_container/training_ws/build/stsl_utils
[95.828s] Level 1:colcon.colcon_core.environment:checking '/home/ubuntu/rj_training_container/training_ws/install/stsl_utils' for CMake config files
[96.046s] Level 1:colcon.colcon_core.shell:create_environment_hook('stsl_utils', 'cmake_prefix_path')
[96.048s] INFO:colcon.colcon_core.shell:Creating environment hook '/home/ubuntu/rj_training_container/training_ws/install/stsl_utils/share/stsl_utils/hook/cmake_prefix_path.ps1'
[96.089s] INFO:colcon.colcon_core.shell:Creating environment descriptor '/home/ubuntu/rj_training_container/training_ws/install/stsl_utils/share/stsl_utils/hook/cmake_prefix_path.dsv'
[96.138s] INFO:colcon.colcon_core.shell:Creating environment hook '/home/ubuntu/rj_training_container/training_ws/install/stsl_utils/share/stsl_utils/hook/cmake_prefix_path.sh'
[96.196s] Level 1:colcon.colcon_core.environment:checking '/home/ubuntu/rj_training_container/training_ws/install/stsl_utils/lib'
[96.209s] Level 1:colcon.colcon_core.shell:create_environment_hook('stsl_utils', 'ld_library_path_lib')
[96.210s] INFO:colcon.colcon_core.shell:Creating environment hook '/home/ubuntu/rj_training_container/training_ws/install/stsl_utils/share/stsl_utils/hook/ld_library_path_lib.ps1'
[96.254s] INFO:colcon.colcon_core.shell:Creating environment descriptor '/home/ubuntu/rj_training_container/training_ws/install/stsl_utils/share/stsl_utils/hook/ld_library_path_lib.dsv'
[96.296s] INFO:colcon.colcon_core.shell:Creating environment hook '/home/ubuntu/rj_training_container/training_ws/install/stsl_utils/share/stsl_utils/hook/ld_library_path_lib.sh'
[96.338s] Level 1:colcon.colcon_core.environment:checking '/home/ubuntu/rj_training_container/training_ws/install/stsl_utils/bin'
[96.339s] Level 1:colcon.colcon_core.environment:checking '/home/ubuntu/rj_training_container/training_ws/install/stsl_utils/lib/pkgconfig/stsl_utils.pc'
[96.342s] Level 1:colcon.colcon_core.environment:checking '/home/ubuntu/rj_training_container/training_ws/install/stsl_utils/lib/python3.10/site-packages'
[96.345s] Level 1:colcon.colcon_core.environment:checking '/home/ubuntu/rj_training_container/training_ws/install/stsl_utils/bin'
[96.347s] INFO:colcon.colcon_core.shell:Creating package script '/home/ubuntu/rj_training_container/training_ws/install/stsl_utils/share/stsl_utils/package.ps1'
[96.373s] INFO:colcon.colcon_core.shell:Creating package descriptor '/home/ubuntu/rj_training_container/training_ws/install/stsl_utils/share/stsl_utils/package.dsv'
[96.400s] INFO:colcon.colcon_core.shell:Creating package script '/home/ubuntu/rj_training_container/training_ws/install/stsl_utils/share/stsl_utils/package.sh'
[96.429s] INFO:colcon.colcon_core.shell:Creating package script '/home/ubuntu/rj_training_container/training_ws/install/stsl_utils/share/stsl_utils/package.bash'
[96.461s] INFO:colcon.colcon_core.shell:Creating package script '/home/ubuntu/rj_training_container/training_ws/install/stsl_utils/share/stsl_utils/package.zsh'
[96.495s] Level 1:colcon.colcon_core.environment:create_file_with_runtime_dependencies(/home/ubuntu/rj_training_container/training_ws/install/stsl_utils/share/colcon-core/packages/stsl_utils)
[103.293s] Level 1:colcon.colcon_core.environment:create_environment_scripts_only(traini_description)
[103.294s] Level 1:colcon.colcon_core.environment:checking '/home/ubuntu/rj_training_container/training_ws/install/traini_description' for CMake module files
[103.626s] Level 1:colcon.colcon_core.environment:checking '/home/ubuntu/rj_training_container/training_ws/install/traini_description' for CMake config files
[103.903s] Level 1:colcon.colcon_core.shell:create_environment_hook('traini_description', 'cmake_prefix_path')
[103.905s] INFO:colcon.colcon_core.shell:Creating environment hook '/home/ubuntu/rj_training_container/training_ws/install/traini_description/share/traini_description/hook/cmake_prefix_path.ps1'
[103.965s] INFO:colcon.colcon_core.shell:Creating environment descriptor '/home/ubuntu/rj_training_container/training_ws/install/traini_description/share/traini_description/hook/cmake_prefix_path.dsv'
[104.022s] INFO:colcon.colcon_core.shell:Creating environment hook '/home/ubuntu/rj_training_container/training_ws/install/traini_description/share/traini_description/hook/cmake_prefix_path.sh'
[104.089s] Level 1:colcon.colcon_core.environment:checking '/home/ubuntu/rj_training_container/training_ws/install/traini_description/bin'
[104.093s] Level 1:colcon.colcon_core.environment:checking '/home/ubuntu/rj_training_container/training_ws/install/traini_description/lib/pkgconfig/traini_description.pc'
[104.097s] Level 1:colcon.colcon_core.environment:checking '/home/ubuntu/rj_training_container/training_ws/install/traini_description/lib/python3.10/site-packages'
[104.102s] Level 1:colcon.colcon_core.environment:checking '/home/ubuntu/rj_training_container/training_ws/install/traini_description/bin'
[104.106s] INFO:colcon.colcon_core.shell:Creating package script '/home/ubuntu/rj_training_container/training_ws/install/traini_description/share/traini_description/package.ps1'
[104.154s] INFO:colcon.colcon_core.shell:Creating package descriptor '/home/ubuntu/rj_training_container/training_ws/install/traini_description/share/traini_description/package.dsv'
[104.196s] INFO:colcon.colcon_core.shell:Creating package script '/home/ubuntu/rj_training_container/training_ws/install/traini_description/share/traini_description/package.sh'
[104.240s] INFO:colcon.colcon_core.shell:Creating package script '/home/ubuntu/rj_training_container/training_ws/install/traini_description/share/traini_description/package.bash'
[104.283s] INFO:colcon.colcon_core.shell:Creating package script '/home/ubuntu/rj_training_container/training_ws/install/traini_description/share/traini_description/package.zsh'
[104.327s] Level 1:colcon.colcon_core.environment:create_file_with_runtime_dependencies(/home/ubuntu/rj_training_container/training_ws/install/traini_description/share/colcon-core/packages/traini_description)
[105.116s] Level 1:colcon.colcon_core.environment:create_environment_scripts_only(rj_training_bringup)
[105.117s] Level 1:colcon.colcon_core.environment:checking '/home/ubuntu/rj_training_container/training_ws/install/rj_training_bringup' for CMake module files
[105.432s] Level 1:colcon.colcon_core.environment:checking '/home/ubuntu/rj_training_container/training_ws/install/rj_training_bringup' for CMake config files
[105.666s] Level 1:colcon.colcon_core.shell:create_environment_hook('rj_training_bringup', 'cmake_prefix_path')
[105.667s] INFO:colcon.colcon_core.shell:Creating environment hook '/home/ubuntu/rj_training_container/training_ws/install/rj_training_bringup/share/rj_training_bringup/hook/cmake_prefix_path.ps1'
[105.714s] INFO:colcon.colcon_core.shell:Creating environment descriptor '/home/ubuntu/rj_training_container/training_ws/install/rj_training_bringup/share/rj_training_bringup/hook/cmake_prefix_path.dsv'
[105.761s] INFO:colcon.colcon_core.shell:Creating environment hook '/home/ubuntu/rj_training_container/training_ws/install/rj_training_bringup/share/rj_training_bringup/hook/cmake_prefix_path.sh'
[105.814s] Level 1:colcon.colcon_core.environment:checking '/home/ubuntu/rj_training_container/training_ws/install/rj_training_bringup/bin'
[105.817s] Level 1:colcon.colcon_core.environment:checking '/home/ubuntu/rj_training_container/training_ws/install/rj_training_bringup/lib/pkgconfig/rj_training_bringup.pc'
[105.821s] Level 1:colcon.colcon_core.environment:checking '/home/ubuntu/rj_training_container/training_ws/install/rj_training_bringup/lib/python3.10/site-packages'
[105.824s] Level 1:colcon.colcon_core.environment:checking '/home/ubuntu/rj_training_container/training_ws/install/rj_training_bringup/bin'
[105.828s] INFO:colcon.colcon_core.shell:Creating package script '/home/ubuntu/rj_training_container/training_ws/install/rj_training_bringup/share/rj_training_bringup/package.ps1'
[105.863s] INFO:colcon.colcon_core.shell:Creating package descriptor '/home/ubuntu/rj_training_container/training_ws/install/rj_training_bringup/share/rj_training_bringup/package.dsv'
[105.900s] INFO:colcon.colcon_core.shell:Creating package script '/home/ubuntu/rj_training_container/training_ws/install/rj_training_bringup/share/rj_training_bringup/package.sh'
[105.940s] INFO:colcon.colcon_core.shell:Creating package script '/home/ubuntu/rj_training_container/training_ws/install/rj_training_bringup/share/rj_training_bringup/package.bash'
[105.979s] INFO:colcon.colcon_core.shell:Creating package script '/home/ubuntu/rj_training_container/training_ws/install/rj_training_bringup/share/rj_training_bringup/package.zsh'
[106.020s] Level 1:colcon.colcon_core.environment:create_file_with_runtime_dependencies(/home/ubuntu/rj_training_container/training_ws/install/rj_training_bringup/share/colcon-core/packages/rj_training_bringup)
[116.413s] DEBUG:colcon.colcon_core.event_handler.log_command:Invoked command in '/home/ubuntu/rj_training_container/training_ws/build/joystick_msgs' returned '0': CMAKE_PREFIX_PATH=${CMAKE_PREFIX_PATH}:/home/ubuntu/rj_training_container/training_ws/install/keyboard:/opt/ros/humble /usr/bin/cmake --build /home/ubuntu/rj_training_container/training_ws/build/joystick_msgs -- -j16 -l16
[119.645s] DEBUG:colcon.colcon_core.event_handler.log_command:Invoked command in '/home/ubuntu/rj_training_container/training_ws/build/stsl_interfaces' returned '0': CMAKE_PREFIX_PATH=${CMAKE_PREFIX_PATH}:/home/ubuntu/rj_training_container/training_ws/install/keyboard:/opt/ros/humble /usr/bin/cmake --build /home/ubuntu/rj_training_container/training_ws/build/stsl_interfaces -- -j16 -l16
[120.335s] Level 1:colcon.colcon_core.environment:create_environment_scripts_only(astar_path_planner)
[120.336s] Level 1:colcon.colcon_core.environment:checking '/home/ubuntu/rj_training_container/training_ws/install/astar_path_planner' for CMake module files
[120.531s] Level 1:colcon.colcon_core.environment:checking '/home/ubuntu/rj_training_container/training_ws/install/astar_path_planner' for CMake config files
[120.664s] Level 1:colcon.colcon_core.shell:create_environment_hook('astar_path_planner', 'cmake_prefix_path')
[120.665s] INFO:colcon.colcon_core.shell:Creating environment hook '/home/ubuntu/rj_training_container/training_ws/install/astar_path_planner/share/astar_path_planner/hook/cmake_prefix_path.ps1'
[120.695s] INFO:colcon.colcon_core.shell:Creating environment descriptor '/home/ubuntu/rj_training_container/training_ws/install/astar_path_planner/share/astar_path_planner/hook/cmake_prefix_path.dsv'
[120.722s] INFO:colcon.colcon_core.shell:Creating environment hook '/home/ubuntu/rj_training_container/training_ws/install/astar_path_planner/share/astar_path_planner/hook/cmake_prefix_path.sh'
[120.761s] Level 1:colcon.colcon_core.environment:checking '/home/ubuntu/rj_training_container/training_ws/install/astar_path_planner/lib'
[120.770s] Level 1:colcon.colcon_core.shell:create_environment_hook('astar_path_planner', 'ld_library_path_lib')
[120.772s] INFO:colcon.colcon_core.shell:Creating environment hook '/home/ubuntu/rj_training_container/training_ws/install/astar_path_planner/share/astar_path_planner/hook/ld_library_path_lib.ps1'
[120.798s] INFO:colcon.colcon_core.shell:Creating environment descriptor '/home/ubuntu/rj_training_container/training_ws/install/astar_path_planner/share/astar_path_planner/hook/ld_library_path_lib.dsv'
[120.826s] INFO:colcon.colcon_core.shell:Creating environment hook '/home/ubuntu/rj_training_container/training_ws/install/astar_path_planner/share/astar_path_planner/hook/ld_library_path_lib.sh'
[120.853s] Level 1:colcon.colcon_core.environment:checking '/home/ubuntu/rj_training_container/training_ws/install/astar_path_planner/bin'
[120.854s] Level 1:colcon.colcon_core.environment:checking '/home/ubuntu/rj_training_container/training_ws/install/astar_path_planner/lib/pkgconfig/astar_path_planner.pc'
[120.858s] Level 1:colcon.colcon_core.environment:checking '/home/ubuntu/rj_training_container/training_ws/install/astar_path_planner/lib/python3.10/site-packages'
[120.861s] Level 1:colcon.colcon_core.environment:checking '/home/ubuntu/rj_training_container/training_ws/install/astar_path_planner/bin'
[120.863s] INFO:colcon.colcon_core.shell:Creating package script '/home/ubuntu/rj_training_container/training_ws/install/astar_path_planner/share/astar_path_planner/package.ps1'
[120.883s] INFO:colcon.colcon_core.shell:Creating package descriptor '/home/ubuntu/rj_training_container/training_ws/install/astar_path_planner/share/astar_path_planner/package.dsv'
[120.901s] INFO:colcon.colcon_core.shell:Creating package script '/home/ubuntu/rj_training_container/training_ws/install/astar_path_planner/share/astar_path_planner/package.sh'
[120.922s] INFO:colcon.colcon_core.shell:Creating package script '/home/ubuntu/rj_training_container/training_ws/install/astar_path_planner/share/astar_path_planner/package.bash'
[120.943s] INFO:colcon.colcon_core.shell:Creating package script '/home/ubuntu/rj_training_container/training_ws/install/astar_path_planner/share/astar_path_planner/package.zsh'
[120.965s] Level 1:colcon.colcon_core.environment:create_file_with_runtime_dependencies(/home/ubuntu/rj_training_container/training_ws/install/astar_path_planner/share/colcon-core/packages/astar_path_planner)
[120.981s] Level 1:colcon.colcon_core.environment:create_environment_scripts_only(mapping)
[120.982s] Level 1:colcon.colcon_core.environment:checking '/home/ubuntu/rj_training_container/training_ws/install/mapping' for CMake module files
[121.145s] Level 1:colcon.colcon_core.environment:checking '/home/ubuntu/rj_training_container/training_ws/install/mapping' for CMake config files
[121.280s] Level 1:colcon.colcon_core.shell:create_environment_hook('mapping', 'cmake_prefix_path')
[121.281s] INFO:colcon.colcon_core.shell:Creating environment hook '/home/ubuntu/rj_training_container/training_ws/install/mapping/share/mapping/hook/cmake_prefix_path.ps1'
[121.306s] INFO:colcon.colcon_core.shell:Creating environment descriptor '/home/ubuntu/rj_training_container/training_ws/install/mapping/share/mapping/hook/cmake_prefix_path.dsv'
[121.329s] INFO:colcon.colcon_core.shell:Creating environment hook '/home/ubuntu/rj_training_container/training_ws/install/mapping/share/mapping/hook/cmake_prefix_path.sh'
[121.360s] Level 1:colcon.colcon_core.environment:checking '/home/ubuntu/rj_training_container/training_ws/install/mapping/lib'
[121.366s] Level 1:colcon.colcon_core.shell:create_environment_hook('mapping', 'ld_library_path_lib')
[121.367s] INFO:colcon.colcon_core.shell:Creating environment hook '/home/ubuntu/rj_training_container/training_ws/install/mapping/share/mapping/hook/ld_library_path_lib.ps1'
[121.393s] INFO:colcon.colcon_core.shell:Creating environment descriptor '/home/ubuntu/rj_training_container/training_ws/install/mapping/share/mapping/hook/ld_library_path_lib.dsv'
[121.417s] INFO:colcon.colcon_core.shell:Creating environment hook '/home/ubuntu/rj_training_container/training_ws/install/mapping/share/mapping/hook/ld_library_path_lib.sh'
[121.440s] Level 1:colcon.colcon_core.environment:checking '/home/ubuntu/rj_training_container/training_ws/install/mapping/bin'
[121.441s] Level 1:colcon.colcon_core.environment:checking '/home/ubuntu/rj_training_container/training_ws/install/mapping/lib/pkgconfig/mapping.pc'
[121.445s] Level 1:colcon.colcon_core.environment:checking '/home/ubuntu/rj_training_container/training_ws/install/mapping/lib/python3.10/site-packages'
[121.447s] Level 1:colcon.colcon_core.environment:checking '/home/ubuntu/rj_training_container/training_ws/install/mapping/bin'
[121.450s] INFO:colcon.colcon_core.shell:Creating package script '/home/ubuntu/rj_training_container/training_ws/install/mapping/share/mapping/package.ps1'
[121.470s] INFO:colcon.colcon_core.shell:Creating package descriptor '/home/ubuntu/rj_training_container/training_ws/install/mapping/share/mapping/package.dsv'
[121.489s] INFO:colcon.colcon_core.shell:Creating package script '/home/ubuntu/rj_training_container/training_ws/install/mapping/share/mapping/package.sh'
[121.504s] INFO:colcon.colcon_core.shell:Creating package script '/home/ubuntu/rj_training_container/training_ws/install/mapping/share/mapping/package.bash'
[121.521s] INFO:colcon.colcon_core.shell:Creating package script '/home/ubuntu/rj_training_container/training_ws/install/mapping/share/mapping/package.zsh'
[121.539s] Level 1:colcon.colcon_core.environment:create_file_with_runtime_dependencies(/home/ubuntu/rj_training_container/training_ws/install/mapping/share/colcon-core/packages/mapping)
[121.554s] Level 1:colcon.colcon_core.environment:create_environment_scripts_only(controllers)
[121.555s] Level 1:colcon.colcon_core.environment:checking '/home/ubuntu/rj_training_container/training_ws/install/controllers' for CMake module files
[121.680s] Level 1:colcon.colcon_core.environment:checking '/home/ubuntu/rj_training_container/training_ws/install/controllers' for CMake config files
[121.804s] Level 1:colcon.colcon_core.shell:create_environment_hook('controllers', 'cmake_prefix_path')
[121.805s] INFO:colcon.colcon_core.shell:Creating environment hook '/home/ubuntu/rj_training_container/training_ws/install/controllers/share/controllers/hook/cmake_prefix_path.ps1'
[121.831s] INFO:colcon.colcon_core.shell:Creating environment descriptor '/home/ubuntu/rj_training_container/training_ws/install/controllers/share/controllers/hook/cmake_prefix_path.dsv'
[121.854s] INFO:colcon.colcon_core.shell:Creating environment hook '/home/ubuntu/rj_training_container/training_ws/install/controllers/share/controllers/hook/cmake_prefix_path.sh'
[121.879s] Level 1:colcon.colcon_core.environment:checking '/home/ubuntu/rj_training_container/training_ws/install/controllers/lib'
[121.885s] Level 1:colcon.colcon_core.shell:create_environment_hook('controllers', 'ld_library_path_lib')
[121.886s] INFO:colcon.colcon_core.shell:Creating environment hook '/home/ubuntu/rj_training_container/training_ws/install/controllers/share/controllers/hook/ld_library_path_lib.ps1'
[121.912s] INFO:colcon.colcon_core.shell:Creating environment descriptor '/home/ubuntu/rj_training_container/training_ws/install/controllers/share/controllers/hook/ld_library_path_lib.dsv'
[121.936s] INFO:colcon.colcon_core.shell:Creating environment hook '/home/ubuntu/rj_training_container/training_ws/install/controllers/share/controllers/hook/ld_library_path_lib.sh'
[121.959s] Level 1:colcon.colcon_core.environment:checking '/home/ubuntu/rj_training_container/training_ws/install/controllers/bin'
[121.960s] Level 1:colcon.colcon_core.environment:checking '/home/ubuntu/rj_training_container/training_ws/install/controllers/lib/pkgconfig/controllers.pc'
[121.963s] Level 1:colcon.colcon_core.environment:checking '/home/ubuntu/rj_training_container/training_ws/install/controllers/lib/python3.10/site-packages'
[121.966s] Level 1:colcon.colcon_core.environment:checking '/home/ubuntu/rj_training_container/training_ws/install/controllers/bin'
[121.968s] INFO:colcon.colcon_core.shell:Creating package script '/home/ubuntu/rj_training_container/training_ws/install/controllers/share/controllers/package.ps1'
[121.991s] INFO:colcon.colcon_core.shell:Creating package descriptor '/home/ubuntu/rj_training_container/training_ws/install/controllers/share/controllers/package.dsv'
[122.012s] INFO:colcon.colcon_core.shell:Creating package script '/home/ubuntu/rj_training_container/training_ws/install/controllers/share/controllers/package.sh'
[122.031s] INFO:colcon.colcon_core.shell:Creating package script '/home/ubuntu/rj_training_container/training_ws/install/controllers/share/controllers/package.bash'
[122.045s] INFO:colcon.colcon_core.shell:Creating package script '/home/ubuntu/rj_training_container/training_ws/install/controllers/share/controllers/package.zsh'
[122.061s] Level 1:colcon.colcon_core.environment:create_file_with_runtime_dependencies(/home/ubuntu/rj_training_container/training_ws/install/controllers/share/colcon-core/packages/controllers)
[122.078s] Level 1:colcon.colcon_core.environment:create_environment_scripts_only(obstacle_detector)
[122.079s] Level 1:colcon.colcon_core.environment:checking '/home/ubuntu/rj_training_container/training_ws/install/obstacle_detector' for CMake module files
[122.227s] Level 1:colcon.colcon_core.environment:checking '/home/ubuntu/rj_training_container/training_ws/install/obstacle_detector' for CMake config files
[122.365s] Level 1:colcon.colcon_core.shell:create_environment_hook('obstacle_detector', 'cmake_prefix_path')
[122.366s] INFO:colcon.colcon_core.shell:Creating environment hook '/home/ubuntu/rj_training_container/training_ws/install/obstacle_detector/share/obstacle_detector/hook/cmake_prefix_path.ps1'
[122.392s] INFO:colcon.colcon_core.shell:Creating environment descriptor '/home/ubuntu/rj_training_container/training_ws/install/obstacle_detector/share/obstacle_detector/hook/cmake_prefix_path.dsv'
[122.418s] INFO:colcon.colcon_core.shell:Creating environment hook '/home/ubuntu/rj_training_container/training_ws/install/obstacle_detector/share/obstacle_detector/hook/cmake_prefix_path.sh'
[122.448s] Level 1:colcon.colcon_core.environment:checking '/home/ubuntu/rj_training_container/training_ws/install/obstacle_detector/lib'
[122.454s] Level 1:colcon.colcon_core.shell:create_environment_hook('obstacle_detector', 'ld_library_path_lib')
[122.455s] INFO:colcon.colcon_core.shell:Creating environment hook '/home/ubuntu/rj_training_container/training_ws/install/obstacle_detector/share/obstacle_detector/hook/ld_library_path_lib.ps1'
[122.478s] INFO:colcon.colcon_core.shell:Creating environment descriptor '/home/ubuntu/rj_training_container/training_ws/install/obstacle_detector/share/obstacle_detector/hook/ld_library_path_lib.dsv'
[122.502s] INFO:colcon.colcon_core.shell:Creating environment hook '/home/ubuntu/rj_training_container/training_ws/install/obstacle_detector/share/obstacle_detector/hook/ld_library_path_lib.sh'
[122.520s] Level 1:colcon.colcon_core.environment:checking '/home/ubuntu/rj_training_container/training_ws/install/obstacle_detector/bin'
[122.521s] Level 1:colcon.colcon_core.environment:checking '/home/ubuntu/rj_training_container/training_ws/install/obstacle_detector/lib/pkgconfig/obstacle_detector.pc'
[122.522s] Level 1:colcon.colcon_core.environment:checking '/home/ubuntu/rj_training_container/training_ws/install/obstacle_detector/lib/python3.10/site-packages'
[122.524s] Level 1:colcon.colcon_core.environment:checking '/home/ubuntu/rj_training_container/training_ws/install/obstacle_detector/bin'
[122.526s] INFO:colcon.colcon_core.shell:Creating package script '/home/ubuntu/rj_training_container/training_ws/install/obstacle_detector/share/obstacle_detector/package.ps1'
[122.541s] INFO:colcon.colcon_core.shell:Creating package descriptor '/home/ubuntu/rj_training_container/training_ws/install/obstacle_detector/share/obstacle_detector/package.dsv'
[122.559s] INFO:colcon.colcon_core.shell:Creating package script '/home/ubuntu/rj_training_container/training_ws/install/obstacle_detector/share/obstacle_detector/package.sh'
[122.576s] INFO:colcon.colcon_core.shell:Creating package script '/home/ubuntu/rj_training_container/training_ws/install/obstacle_detector/share/obstacle_detector/package.bash'
[122.593s] INFO:colcon.colcon_core.shell:Creating package script '/home/ubuntu/rj_training_container/training_ws/install/obstacle_detector/share/obstacle_detector/package.zsh'
[122.612s] Level 1:colcon.colcon_core.environment:create_file_with_runtime_dependencies(/home/ubuntu/rj_training_container/training_ws/install/obstacle_detector/share/colcon-core/packages/obstacle_detector)
[122.630s] Level 1:colcon.colcon_core.environment:create_environment_scripts_only(teleop)
[122.631s] Level 1:colcon.colcon_core.environment:checking '/home/ubuntu/rj_training_container/training_ws/install/teleop' for CMake module files
[122.785s] Level 1:colcon.colcon_core.environment:checking '/home/ubuntu/rj_training_container/training_ws/install/teleop' for CMake config files
[122.910s] Level 1:colcon.colcon_core.shell:create_environment_hook('teleop', 'cmake_prefix_path')
[122.911s] INFO:colcon.colcon_core.shell:Creating environment hook '/home/ubuntu/rj_training_container/training_ws/install/teleop/share/teleop/hook/cmake_prefix_path.ps1'
[122.930s] INFO:colcon.colcon_core.shell:Creating environment descriptor '/home/ubuntu/rj_training_container/training_ws/install/teleop/share/teleop/hook/cmake_prefix_path.dsv'
[122.949s] INFO:colcon.colcon_core.shell:Creating environment hook '/home/ubuntu/rj_training_container/training_ws/install/teleop/share/teleop/hook/cmake_prefix_path.sh'
[122.974s] Level 1:colcon.colcon_core.environment:checking '/home/ubuntu/rj_training_container/training_ws/install/teleop/lib'
[122.980s] Level 1:colcon.colcon_core.shell:create_environment_hook('teleop', 'ld_library_path_lib')
[122.980s] INFO:colcon.colcon_core.shell:Creating environment hook '/home/ubuntu/rj_training_container/training_ws/install/teleop/share/teleop/hook/ld_library_path_lib.ps1'
[123.000s] INFO:colcon.colcon_core.shell:Creating environment descriptor '/home/ubuntu/rj_training_container/training_ws/install/teleop/share/teleop/hook/ld_library_path_lib.dsv'
[123.022s] INFO:colcon.colcon_core.shell:Creating environment hook '/home/ubuntu/rj_training_container/training_ws/install/teleop/share/teleop/hook/ld_library_path_lib.sh'
[123.045s] Level 1:colcon.colcon_core.environment:checking '/home/ubuntu/rj_training_container/training_ws/install/teleop/bin'
[123.046s] Level 1:colcon.colcon_core.environment:checking '/home/ubuntu/rj_training_container/training_ws/install/teleop/lib/pkgconfig/teleop.pc'
[123.049s] Level 1:colcon.colcon_core.environment:checking '/home/ubuntu/rj_training_container/training_ws/install/teleop/lib/python3.10/site-packages'
[123.051s] Level 1:colcon.colcon_core.environment:checking '/home/ubuntu/rj_training_container/training_ws/install/teleop/bin'
[123.053s] INFO:colcon.colcon_core.shell:Creating package script '/home/ubuntu/rj_training_container/training_ws/install/teleop/share/teleop/package.ps1'
[123.071s] INFO:colcon.colcon_core.shell:Creating package descriptor '/home/ubuntu/rj_training_container/training_ws/install/teleop/share/teleop/package.dsv'
[123.087s] INFO:colcon.colcon_core.shell:Creating package script '/home/ubuntu/rj_training_container/training_ws/install/teleop/share/teleop/package.sh'
[123.101s] INFO:colcon.colcon_core.shell:Creating package script '/home/ubuntu/rj_training_container/training_ws/install/teleop/share/teleop/package.bash'
[123.117s] INFO:colcon.colcon_core.shell:Creating package script '/home/ubuntu/rj_training_container/training_ws/install/teleop/share/teleop/package.zsh'
[123.135s] Level 1:colcon.colcon_core.environment:create_file_with_runtime_dependencies(/home/ubuntu/rj_training_container/training_ws/install/teleop/share/colcon-core/packages/teleop)
[123.606s] Level 1:colcon.colcon_core.environment:create_environment_scripts_only(stsl_gazebo_plugins)
[123.607s] Level 1:colcon.colcon_core.environment:checking '/home/ubuntu/rj_training_container/training_ws/install/stsl_gazebo_plugins' for CMake module files
[123.701s] Level 1:colcon.colcon_core.environment:checking '/home/ubuntu/rj_training_container/training_ws/install/stsl_gazebo_plugins' for CMake config files
[123.786s] Level 1:colcon.colcon_core.shell:create_environment_hook('stsl_gazebo_plugins', 'cmake_prefix_path')
[123.787s] INFO:colcon.colcon_core.shell:Creating environment hook '/home/ubuntu/rj_training_container/training_ws/install/stsl_gazebo_plugins/share/stsl_gazebo_plugins/hook/cmake_prefix_path.ps1'
[123.808s] INFO:colcon.colcon_core.shell:Creating environment descriptor '/home/ubuntu/rj_training_container/training_ws/install/stsl_gazebo_plugins/share/stsl_gazebo_plugins/hook/cmake_prefix_path.dsv'
[123.826s] INFO:colcon.colcon_core.shell:Creating environment hook '/home/ubuntu/rj_training_container/training_ws/install/stsl_gazebo_plugins/share/stsl_gazebo_plugins/hook/cmake_prefix_path.sh'
[123.850s] Level 1:colcon.colcon_core.environment:checking '/home/ubuntu/rj_training_container/training_ws/install/stsl_gazebo_plugins/lib'
[123.855s] Level 1:colcon.colcon_core.shell:create_environment_hook('stsl_gazebo_plugins', 'ld_library_path_lib')
[123.856s] INFO:colcon.colcon_core.shell:Creating environment hook '/home/ubuntu/rj_training_container/training_ws/install/stsl_gazebo_plugins/share/stsl_gazebo_plugins/hook/ld_library_path_lib.ps1'
[123.875s] INFO:colcon.colcon_core.shell:Creating environment descriptor '/home/ubuntu/rj_training_container/training_ws/install/stsl_gazebo_plugins/share/stsl_gazebo_plugins/hook/ld_library_path_lib.dsv'
[123.894s] INFO:colcon.colcon_core.shell:Creating environment hook '/home/ubuntu/rj_training_container/training_ws/install/stsl_gazebo_plugins/share/stsl_gazebo_plugins/hook/ld_library_path_lib.sh'
[123.913s] Level 1:colcon.colcon_core.environment:checking '/home/ubuntu/rj_training_container/training_ws/install/stsl_gazebo_plugins/bin'
[123.915s] Level 1:colcon.colcon_core.environment:checking '/home/ubuntu/rj_training_container/training_ws/install/stsl_gazebo_plugins/lib/pkgconfig/stsl_gazebo_plugins.pc'
[123.918s] Level 1:colcon.colcon_core.environment:checking '/home/ubuntu/rj_training_container/training_ws/install/stsl_gazebo_plugins/lib/python3.10/site-packages'
[123.920s] Level 1:colcon.colcon_core.environment:checking '/home/ubuntu/rj_training_container/training_ws/install/stsl_gazebo_plugins/bin'
[123.921s] INFO:colcon.colcon_core.shell:Creating package script '/home/ubuntu/rj_training_container/training_ws/install/stsl_gazebo_plugins/share/stsl_gazebo_plugins/package.ps1'
[123.937s] INFO:colcon.colcon_core.shell:Creating package descriptor '/home/ubuntu/rj_training_container/training_ws/install/stsl_gazebo_plugins/share/stsl_gazebo_plugins/package.dsv'
[123.954s] INFO:colcon.colcon_core.shell:Creating package script '/home/ubuntu/rj_training_container/training_ws/install/stsl_gazebo_plugins/share/stsl_gazebo_plugins/package.sh'
[123.971s] INFO:colcon.colcon_core.shell:Creating package script '/home/ubuntu/rj_training_container/training_ws/install/stsl_gazebo_plugins/share/stsl_gazebo_plugins/package.bash'
[123.987s] INFO:colcon.colcon_core.shell:Creating package script '/home/ubuntu/rj_training_container/training_ws/install/stsl_gazebo_plugins/share/stsl_gazebo_plugins/package.zsh'
[124.004s] Level 1:colcon.colcon_core.environment:create_file_with_runtime_dependencies(/home/ubuntu/rj_training_container/training_ws/install/stsl_gazebo_plugins/share/colcon-core/packages/stsl_gazebo_plugins)
[125.947s] Level 1:colcon.colcon_core.environment:create_environment_scripts_only(stsl_nav_plugins)
[125.948s] Level 1:colcon.colcon_core.environment:checking '/home/ubuntu/rj_training_container/training_ws/install/stsl_nav_plugins' for CMake module files
[126.045s] Level 1:colcon.colcon_core.environment:checking '/home/ubuntu/rj_training_container/training_ws/install/stsl_nav_plugins' for CMake config files
[126.141s] Level 1:colcon.colcon_core.shell:create_environment_hook('stsl_nav_plugins', 'cmake_prefix_path')
[126.142s] INFO:colcon.colcon_core.shell:Creating environment hook '/home/ubuntu/rj_training_container/training_ws/install/stsl_nav_plugins/share/stsl_nav_plugins/hook/cmake_prefix_path.ps1'
[126.160s] INFO:colcon.colcon_core.shell:Creating environment descriptor '/home/ubuntu/rj_training_container/training_ws/install/stsl_nav_plugins/share/stsl_nav_plugins/hook/cmake_prefix_path.dsv'
[126.177s] INFO:colcon.colcon_core.shell:Creating environment hook '/home/ubuntu/rj_training_container/training_ws/install/stsl_nav_plugins/share/stsl_nav_plugins/hook/cmake_prefix_path.sh'
[126.198s] Level 1:colcon.colcon_core.environment:checking '/home/ubuntu/rj_training_container/training_ws/install/stsl_nav_plugins/lib'
[126.203s] Level 1:colcon.colcon_core.shell:create_environment_hook('stsl_nav_plugins', 'ld_library_path_lib')
[126.203s] INFO:colcon.colcon_core.shell:Creating environment hook '/home/ubuntu/rj_training_container/training_ws/install/stsl_nav_plugins/share/stsl_nav_plugins/hook/ld_library_path_lib.ps1'
[126.219s] INFO:colcon.colcon_core.shell:Creating environment descriptor '/home/ubuntu/rj_training_container/training_ws/install/stsl_nav_plugins/share/stsl_nav_plugins/hook/ld_library_path_lib.dsv'
[126.233s] INFO:colcon.colcon_core.shell:Creating environment hook '/home/ubuntu/rj_training_container/training_ws/install/stsl_nav_plugins/share/stsl_nav_plugins/hook/ld_library_path_lib.sh'
[126.247s] Level 1:colcon.colcon_core.environment:checking '/home/ubuntu/rj_training_container/training_ws/install/stsl_nav_plugins/bin'
[126.248s] Level 1:colcon.colcon_core.environment:checking '/home/ubuntu/rj_training_container/training_ws/install/stsl_nav_plugins/lib/pkgconfig/stsl_nav_plugins.pc'
[126.250s] Level 1:colcon.colcon_core.environment:checking '/home/ubuntu/rj_training_container/training_ws/install/stsl_nav_plugins/lib/python3.10/site-packages'
[126.252s] Level 1:colcon.colcon_core.environment:checking '/home/ubuntu/rj_training_container/training_ws/install/stsl_nav_plugins/bin'
[126.254s] INFO:colcon.colcon_core.shell:Creating package script '/home/ubuntu/rj_training_container/training_ws/install/stsl_nav_plugins/share/stsl_nav_plugins/package.ps1'
[126.268s] INFO:colcon.colcon_core.shell:Creating package descriptor '/home/ubuntu/rj_training_container/training_ws/install/stsl_nav_plugins/share/stsl_nav_plugins/package.dsv'
[126.283s] INFO:colcon.colcon_core.shell:Creating package script '/home/ubuntu/rj_training_container/training_ws/install/stsl_nav_plugins/share/stsl_nav_plugins/package.sh'
[126.296s] INFO:colcon.colcon_core.shell:Creating package script '/home/ubuntu/rj_training_container/training_ws/install/stsl_nav_plugins/share/stsl_nav_plugins/package.bash'
[126.309s] INFO:colcon.colcon_core.shell:Creating package script '/home/ubuntu/rj_training_container/training_ws/install/stsl_nav_plugins/share/stsl_nav_plugins/package.zsh'
[126.322s] Level 1:colcon.colcon_core.environment:create_file_with_runtime_dependencies(/home/ubuntu/rj_training_container/training_ws/install/stsl_nav_plugins/share/colcon-core/packages/stsl_nav_plugins)
[128.167s] Level 1:colcon.colcon_core.environment:create_environment_scripts_only(stsl_utils)
[128.168s] Level 1:colcon.colcon_core.environment:checking '/home/ubuntu/rj_training_container/training_ws/install/stsl_utils' for CMake module files
[128.263s] Level 1:colcon.colcon_core.environment:checking '/home/ubuntu/rj_training_container/training_ws/install/stsl_utils' for CMake config files
[128.343s] Level 1:colcon.colcon_core.shell:create_environment_hook('stsl_utils', 'cmake_prefix_path')
[128.344s] INFO:colcon.colcon_core.shell:Creating environment hook '/home/ubuntu/rj_training_container/training_ws/install/stsl_utils/share/stsl_utils/hook/cmake_prefix_path.ps1'
[128.359s] INFO:colcon.colcon_core.shell:Creating environment descriptor '/home/ubuntu/rj_training_container/training_ws/install/stsl_utils/share/stsl_utils/hook/cmake_prefix_path.dsv'
[128.370s] INFO:colcon.colcon_core.shell:Creating environment hook '/home/ubuntu/rj_training_container/training_ws/install/stsl_utils/share/stsl_utils/hook/cmake_prefix_path.sh'
[128.387s] Level 1:colcon.colcon_core.environment:checking '/home/ubuntu/rj_training_container/training_ws/install/stsl_utils/lib'
[128.392s] Level 1:colcon.colcon_core.shell:create_environment_hook('stsl_utils', 'ld_library_path_lib')
[128.392s] INFO:colcon.colcon_core.shell:Creating environment hook '/home/ubuntu/rj_training_container/training_ws/install/stsl_utils/share/stsl_utils/hook/ld_library_path_lib.ps1'
[128.406s] INFO:colcon.colcon_core.shell:Creating environment descriptor '/home/ubuntu/rj_training_container/training_ws/install/stsl_utils/share/stsl_utils/hook/ld_library_path_lib.dsv'
[128.420s] INFO:colcon.colcon_core.shell:Creating environment hook '/home/ubuntu/rj_training_container/training_ws/install/stsl_utils/share/stsl_utils/hook/ld_library_path_lib.sh'
[128.435s] Level 1:colcon.colcon_core.environment:checking '/home/ubuntu/rj_training_container/training_ws/install/stsl_utils/bin'
[128.436s] Level 1:colcon.colcon_core.environment:checking '/home/ubuntu/rj_training_container/training_ws/install/stsl_utils/lib/pkgconfig/stsl_utils.pc'
[128.438s] Level 1:colcon.colcon_core.environment:checking '/home/ubuntu/rj_training_container/training_ws/install/stsl_utils/lib/python3.10/site-packages'
[128.440s] Level 1:colcon.colcon_core.environment:checking '/home/ubuntu/rj_training_container/training_ws/install/stsl_utils/bin'
[128.441s] INFO:colcon.colcon_core.shell:Creating package script '/home/ubuntu/rj_training_container/training_ws/install/stsl_utils/share/stsl_utils/package.ps1'
[128.453s] INFO:colcon.colcon_core.shell:Creating package descriptor '/home/ubuntu/rj_training_container/training_ws/install/stsl_utils/share/stsl_utils/package.dsv'
[128.464s] INFO:colcon.colcon_core.shell:Creating package script '/home/ubuntu/rj_training_container/training_ws/install/stsl_utils/share/stsl_utils/package.sh'
[128.477s] INFO:colcon.colcon_core.shell:Creating package script '/home/ubuntu/rj_training_container/training_ws/install/stsl_utils/share/stsl_utils/package.bash'
[128.489s] INFO:colcon.colcon_core.shell:Creating package script '/home/ubuntu/rj_training_container/training_ws/install/stsl_utils/share/stsl_utils/package.zsh'
[128.500s] Level 1:colcon.colcon_core.environment:create_file_with_runtime_dependencies(/home/ubuntu/rj_training_container/training_ws/install/stsl_utils/share/colcon-core/packages/stsl_utils)
[157.184s] DEBUG:colcon.colcon_core.event_handler.log_command:Invoking command in '/home/ubuntu/rj_training_container/training_ws/build/joystick_msgs': CMAKE_PREFIX_PATH=${CMAKE_PREFIX_PATH}:/home/ubuntu/rj_training_container/training_ws/install/keyboard:/opt/ros/humble /usr/bin/cmake --install /home/ubuntu/rj_training_container/training_ws/build/joystick_msgs
[164.654s] Level 1:colcon.colcon_core.environment:create_environment_scripts_only(joystick_msgs)
[164.655s] Level 1:colcon.colcon_core.environment:checking '/home/ubuntu/rj_training_container/training_ws/install/joystick_msgs' for CMake module files
[164.655s] DEBUG:colcon.colcon_core.event_handler.log_command:Invoked command in '/home/ubuntu/rj_training_container/training_ws/build/joystick_msgs' returned '0': CMAKE_PREFIX_PATH=${CMAKE_PREFIX_PATH}:/home/ubuntu/rj_training_container/training_ws/install/keyboard:/opt/ros/humble /usr/bin/cmake --install /home/ubuntu/rj_training_container/training_ws/build/joystick_msgs
[164.851s] Level 1:colcon.colcon_core.environment:checking '/home/ubuntu/rj_training_container/training_ws/install/joystick_msgs' for CMake config files
[165.020s] Level 1:colcon.colcon_core.shell:create_environment_hook('joystick_msgs', 'cmake_prefix_path')
[165.020s] INFO:colcon.colcon_core.shell:Creating environment hook '/home/ubuntu/rj_training_container/training_ws/install/joystick_msgs/share/joystick_msgs/hook/cmake_prefix_path.ps1'
[165.033s] INFO:colcon.colcon_core.shell:Creating environment descriptor '/home/ubuntu/rj_training_container/training_ws/install/joystick_msgs/share/joystick_msgs/hook/cmake_prefix_path.dsv'
[165.047s] INFO:colcon.colcon_core.shell:Creating environment hook '/home/ubuntu/rj_training_container/training_ws/install/joystick_msgs/share/joystick_msgs/hook/cmake_prefix_path.sh'
[165.064s] Level 1:colcon.colcon_core.environment:checking '/home/ubuntu/rj_training_container/training_ws/install/joystick_msgs/lib'
[165.069s] Level 1:colcon.colcon_core.shell:create_environment_hook('joystick_msgs', 'ld_library_path_lib')
[165.070s] INFO:colcon.colcon_core.shell:Creating environment hook '/home/ubuntu/rj_training_container/training_ws/install/joystick_msgs/share/joystick_msgs/hook/ld_library_path_lib.ps1'
[165.083s] INFO:colcon.colcon_core.shell:Creating environment descriptor '/home/ubuntu/rj_training_container/training_ws/install/joystick_msgs/share/joystick_msgs/hook/ld_library_path_lib.dsv'
[165.097s] INFO:colcon.colcon_core.shell:Creating environment hook '/home/ubuntu/rj_training_container/training_ws/install/joystick_msgs/share/joystick_msgs/hook/ld_library_path_lib.sh'
[165.111s] Level 1:colcon.colcon_core.environment:checking '/home/ubuntu/rj_training_container/training_ws/install/joystick_msgs/bin'
[165.112s] Level 1:colcon.colcon_core.environment:checking '/home/ubuntu/rj_training_container/training_ws/install/joystick_msgs/lib/pkgconfig/joystick_msgs.pc'
[165.114s] Level 1:colcon.colcon_core.environment:checking '/home/ubuntu/rj_training_container/training_ws/install/joystick_msgs/lib/python3.10/site-packages'
[165.116s] Level 1:colcon.colcon_core.environment:checking '/home/ubuntu/rj_training_container/training_ws/install/joystick_msgs/bin'
[165.117s] INFO:colcon.colcon_core.shell:Creating package script '/home/ubuntu/rj_training_container/training_ws/install/joystick_msgs/share/joystick_msgs/package.ps1'
[165.129s] INFO:colcon.colcon_core.shell:Creating package descriptor '/home/ubuntu/rj_training_container/training_ws/install/joystick_msgs/share/joystick_msgs/package.dsv'
[165.140s] INFO:colcon.colcon_core.shell:Creating package script '/home/ubuntu/rj_training_container/training_ws/install/joystick_msgs/share/joystick_msgs/package.sh'
[165.151s] INFO:colcon.colcon_core.shell:Creating package script '/home/ubuntu/rj_training_container/training_ws/install/joystick_msgs/share/joystick_msgs/package.bash'
[165.161s] INFO:colcon.colcon_core.shell:Creating package script '/home/ubuntu/rj_training_container/training_ws/install/joystick_msgs/share/joystick_msgs/package.zsh'
[165.172s] Level 1:colcon.colcon_core.environment:create_file_with_runtime_dependencies(/home/ubuntu/rj_training_container/training_ws/install/joystick_msgs/share/colcon-core/packages/joystick_msgs)
[201.871s] Level 1:colcon.colcon_core.environment:create_environment_scripts_only(joystick_msgs)
[201.871s] Level 1:colcon.colcon_core.environment:checking '/home/ubuntu/rj_training_container/training_ws/install/joystick_msgs' for CMake module files
[202.065s] Level 1:colcon.colcon_core.environment:checking '/home/ubuntu/rj_training_container/training_ws/install/joystick_msgs' for CMake config files
[202.226s] Level 1:colcon.colcon_core.shell:create_environment_hook('joystick_msgs', 'cmake_prefix_path')
[202.226s] INFO:colcon.colcon_core.shell:Creating environment hook '/home/ubuntu/rj_training_container/training_ws/install/joystick_msgs/share/joystick_msgs/hook/cmake_prefix_path.ps1'
[202.238s] INFO:colcon.colcon_core.shell:Creating environment descriptor '/home/ubuntu/rj_training_container/training_ws/install/joystick_msgs/share/joystick_msgs/hook/cmake_prefix_path.dsv'
[202.252s] INFO:colcon.colcon_core.shell:Creating environment hook '/home/ubuntu/rj_training_container/training_ws/install/joystick_msgs/share/joystick_msgs/hook/cmake_prefix_path.sh'
[202.267s] Level 1:colcon.colcon_core.environment:checking '/home/ubuntu/rj_training_container/training_ws/install/joystick_msgs/lib'
[202.271s] Level 1:colcon.colcon_core.shell:create_environment_hook('joystick_msgs', 'ld_library_path_lib')
[202.272s] INFO:colcon.colcon_core.shell:Creating environment hook '/home/ubuntu/rj_training_container/training_ws/install/joystick_msgs/share/joystick_msgs/hook/ld_library_path_lib.ps1'
[202.286s] INFO:colcon.colcon_core.shell:Creating environment descriptor '/home/ubuntu/rj_training_container/training_ws/install/joystick_msgs/share/joystick_msgs/hook/ld_library_path_lib.dsv'
[202.299s] INFO:colcon.colcon_core.shell:Creating environment hook '/home/ubuntu/rj_training_container/training_ws/install/joystick_msgs/share/joystick_msgs/hook/ld_library_path_lib.sh'
[202.312s] Level 1:colcon.colcon_core.environment:checking '/home/ubuntu/rj_training_container/training_ws/install/joystick_msgs/bin'
[202.313s] Level 1:colcon.colcon_core.environment:checking '/home/ubuntu/rj_training_container/training_ws/install/joystick_msgs/lib/pkgconfig/joystick_msgs.pc'
[202.315s] Level 1:colcon.colcon_core.environment:checking '/home/ubuntu/rj_training_container/training_ws/install/joystick_msgs/lib/python3.10/site-packages'
[202.317s] Level 1:colcon.colcon_core.environment:checking '/home/ubuntu/rj_training_container/training_ws/install/joystick_msgs/bin'
[202.319s] INFO:colcon.colcon_core.shell:Creating package script '/home/ubuntu/rj_training_container/training_ws/install/joystick_msgs/share/joystick_msgs/package.ps1'
[202.329s] INFO:colcon.colcon_core.shell:Creating package descriptor '/home/ubuntu/rj_training_container/training_ws/install/joystick_msgs/share/joystick_msgs/package.dsv'
[202.340s] INFO:colcon.colcon_core.shell:Creating package script '/home/ubuntu/rj_training_container/training_ws/install/joystick_msgs/share/joystick_msgs/package.sh'
[202.351s] INFO:colcon.colcon_core.shell:Creating package script '/home/ubuntu/rj_training_container/training_ws/install/joystick_msgs/share/joystick_msgs/package.bash'
[202.361s] INFO:colcon.colcon_core.shell:Creating package script '/home/ubuntu/rj_training_container/training_ws/install/joystick_msgs/share/joystick_msgs/package.zsh'
[202.373s] Level 1:colcon.colcon_core.environment:create_file_with_runtime_dependencies(/home/ubuntu/rj_training_container/training_ws/install/joystick_msgs/share/colcon-core/packages/joystick_msgs)
[202.382s] INFO:colcon.colcon_ros.task.ament_cmake.build:Building ROS package in '/home/ubuntu/rj_training_container/training_ws/src/trainingv2/controller_project/joystick_package' with build type 'ament_cmake'
[202.382s] INFO:colcon.colcon_cmake.task.cmake.build:Building CMake package in '/home/ubuntu/rj_training_container/training_ws/src/trainingv2/controller_project/joystick_package'
[202.383s] INFO:colcon.colcon_core.shell:Skip shell extension 'powershell' for command environment: Not usable outside of PowerShell
[202.383s] DEBUG:colcon.colcon_core.shell:Skip shell extension 'dsv' for command environment
[204.513s] DEBUG:colcon.colcon_core.event_handler.log_command:Invoking command in '/home/ubuntu/rj_training_container/training_ws/build/joystick_package': CMAKE_PREFIX_PATH=/home/ubuntu/rj_training_container/training_ws/install/joystick_msgs:/home/ubuntu/rj_training_container/training_ws/install/stsl_desktop:/home/ubuntu/rj_training_container/training_ws/install/traini_bringup:/home/ubuntu/rj_training_container/training_ws/install/traini_gazebo:/home/ubuntu/rj_training_container/training_ws/install/traini_description:/home/ubuntu/rj_training_container/training_ws/install/teleop:/home/ubuntu/rj_training_container/training_ws/install/stsl_utils:/home/ubuntu/rj_training_container/training_ws/install/stsl_rviz_plugins:/home/ubuntu/rj_training_container/training_ws/install/stsl_nav_plugins:/home/ubuntu/rj_training_container/training_ws/install/mission_orchestration:/home/ubuntu/rj_training_container/training_ws/install/stsl_bt_nodes:/home/ubuntu/rj_training_container/training_ws/install/stsl_aruco_tags:/home/ubuntu/rj_training_container/training_ws/install/peak_finder:/home/ubuntu/rj_training_container/training_ws/install/mineral_deposit_tracking:/home/ubuntu/rj_training_container/training_ws/install/mineral_deposit_detection:/home/ubuntu/rj_training_container/training_ws/install/localization:/home/ubuntu/rj_training_container/training_ws/install/elevation_server:/home/ubuntu/rj_training_container/training_ws/install/coordinate_transform:/home/ubuntu/rj_training_container/training_ws/install/stsl_interfaces:/home/ubuntu/rj_training_container/training_ws/install/stsl_gazebo_plugins:/home/ubuntu/rj_training_container/training_ws/install/rj_training_bringup:/home/ubuntu/rj_training_container/training_ws/install/obstacle_detector:/home/ubuntu/rj_training_container/training_ws/install/mapping:/home/ubuntu/rj_training_container/training_ws/install/joystick_package:/home/ubuntu/rj_training_container/training_ws/install/controllers:/home/ubuntu/rj_training_container/training_ws/install/astar_path_planner:/home/ubuntu/rj_training_container/training_ws/install/keyboard:/opt/ros/humble LD_LIBRARY_PATH=/home/ubuntu/rj_training_container/training_ws/install/joystick_msgs/lib:/home/ubuntu/rj_training_container/training_ws/install/teleop/lib:/home/ubuntu/rj_training_container/training_ws/install/stsl_utils/lib:/home/ubuntu/rj_training_container/training_ws/install/stsl_rviz_plugins/lib:/home/ubuntu/rj_training_container/training_ws/install/stsl_nav_plugins/lib:/home/ubuntu/rj_training_container/training_ws/install/mission_orchestration/lib:/home/ubuntu/rj_training_container/training_ws/install/stsl_bt_nodes/lib:/home/ubuntu/rj_training_container/training_ws/install/stsl_aruco_tags/lib:/home/ubuntu/rj_training_container/training_ws/install/peak_finder/lib:/home/ubuntu/rj_training_container/training_ws/install/mineral_deposit_tracking/lib:/home/ubuntu/rj_training_container/training_ws/install/mineral_deposit_detection/lib:/home/ubuntu/rj_training_container/training_ws/install/localization/lib:/home/ubuntu/rj_training_container/training_ws/install/elevation_server/lib:/home/ubuntu/rj_training_container/training_ws/install/coordinate_transform/lib:/home/ubuntu/rj_training_container/training_ws/install/stsl_interfaces/lib:/home/ubuntu/rj_training_container/training_ws/install/stsl_gazebo_plugins/lib:/home/ubuntu/rj_training_container/training_ws/install/obstacle_detector/lib:/home/ubuntu/rj_training_container/training_ws/install/mapping/lib:/home/ubuntu/rj_training_container/training_ws/install/joystick_package/lib:/home/ubuntu/rj_training_container/training_ws/install/controllers/lib:/home/ubuntu/rj_training_container/training_ws/install/astar_path_planner/lib:/usr/lib/x86_64-linux-gnu/gazebo-11/plugins:/opt/ros/humble/opt/rviz_ogre_vendor/lib:/opt/ros/humble/lib/x86_64-linux-gnu:/opt/ros/humble/lib /usr/bin/cmake --build /home/ubuntu/rj_training_container/training_ws/build/joystick_package -- -j16 -l16
[217.759s] DEBUG:colcon.colcon_core.event_handler.log_command:Invoked command in '/home/ubuntu/rj_training_container/training_ws/build/joystick_package' returned '0': CMAKE_PREFIX_PATH=/home/ubuntu/rj_training_container/training_ws/install/joystick_msgs:/home/ubuntu/rj_training_container/training_ws/install/stsl_desktop:/home/ubuntu/rj_training_container/training_ws/install/traini_bringup:/home/ubuntu/rj_training_container/training_ws/install/traini_gazebo:/home/ubuntu/rj_training_container/training_ws/install/traini_description:/home/ubuntu/rj_training_container/training_ws/install/teleop:/home/ubuntu/rj_training_container/training_ws/install/stsl_utils:/home/ubuntu/rj_training_container/training_ws/install/stsl_rviz_plugins:/home/ubuntu/rj_training_container/training_ws/install/stsl_nav_plugins:/home/ubuntu/rj_training_container/training_ws/install/mission_orchestration:/home/ubuntu/rj_training_container/training_ws/install/stsl_bt_nodes:/home/ubuntu/rj_training_container/training_ws/install/stsl_aruco_tags:/home/ubuntu/rj_training_container/training_ws/install/peak_finder:/home/ubuntu/rj_training_container/training_ws/install/mineral_deposit_tracking:/home/ubuntu/rj_training_container/training_ws/install/mineral_deposit_detection:/home/ubuntu/rj_training_container/training_ws/install/localization:/home/ubuntu/rj_training_container/training_ws/install/elevation_server:/home/ubuntu/rj_training_container/training_ws/install/coordinate_transform:/home/ubuntu/rj_training_container/training_ws/install/stsl_interfaces:/home/ubuntu/rj_training_container/training_ws/install/stsl_gazebo_plugins:/home/ubuntu/rj_training_container/training_ws/install/rj_training_bringup:/home/ubuntu/rj_training_container/training_ws/install/obstacle_detector:/home/ubuntu/rj_training_container/training_ws/install/mapping:/home/ubuntu/rj_training_container/training_ws/install/joystick_package:/home/ubuntu/rj_training_container/training_ws/install/controllers:/home/ubuntu/rj_training_container/training_ws/install/astar_path_planner:/home/ubuntu/rj_training_container/training_ws/install/keyboard:/opt/ros/humble LD_LIBRARY_PATH=/home/ubuntu/rj_training_container/training_ws/install/joystick_msgs/lib:/home/ubuntu/rj_training_container/training_ws/install/teleop/lib:/home/ubuntu/rj_training_container/training_ws/install/stsl_utils/lib:/home/ubuntu/rj_training_container/training_ws/install/stsl_rviz_plugins/lib:/home/ubuntu/rj_training_container/training_ws/install/stsl_nav_plugins/lib:/home/ubuntu/rj_training_container/training_ws/install/mission_orchestration/lib:/home/ubuntu/rj_training_container/training_ws/install/stsl_bt_nodes/lib:/home/ubuntu/rj_training_container/training_ws/install/stsl_aruco_tags/lib:/home/ubuntu/rj_training_container/training_ws/install/peak_finder/lib:/home/ubuntu/rj_training_container/training_ws/install/mineral_deposit_tracking/lib:/home/ubuntu/rj_training_container/training_ws/install/mineral_deposit_detection/lib:/home/ubuntu/rj_training_container/training_ws/install/localization/lib:/home/ubuntu/rj_training_container/training_ws/install/elevation_server/lib:/home/ubuntu/rj_training_container/training_ws/install/coordinate_transform/lib:/home/ubuntu/rj_training_container/training_ws/install/stsl_interfaces/lib:/home/ubuntu/rj_training_container/training_ws/install/stsl_gazebo_plugins/lib:/home/ubuntu/rj_training_container/training_ws/install/obstacle_detector/lib:/home/ubuntu/rj_training_container/training_ws/install/mapping/lib:/home/ubuntu/rj_training_container/training_ws/install/joystick_package/lib:/home/ubuntu/rj_training_container/training_ws/install/controllers/lib:/home/ubuntu/rj_training_container/training_ws/install/astar_path_planner/lib:/usr/lib/x86_64-linux-gnu/gazebo-11/plugins:/opt/ros/humble/opt/rviz_ogre_vendor/lib:/opt/ros/humble/lib/x86_64-linux-gnu:/opt/ros/humble/lib /usr/bin/cmake --build /home/ubuntu/rj_training_container/training_ws/build/joystick_package -- -j16 -l16
[231.259s] DEBUG:colcon.colcon_core.event_handler.log_command:Invoking command in '/home/ubuntu/rj_training_container/training_ws/build/joystick_package': CMAKE_PREFIX_PATH=/home/ubuntu/rj_training_container/training_ws/install/joystick_msgs:/home/ubuntu/rj_training_container/training_ws/install/stsl_desktop:/home/ubuntu/rj_training_container/training_ws/install/traini_bringup:/home/ubuntu/rj_training_container/training_ws/install/traini_gazebo:/home/ubuntu/rj_training_container/training_ws/install/traini_description:/home/ubuntu/rj_training_container/training_ws/install/teleop:/home/ubuntu/rj_training_container/training_ws/install/stsl_utils:/home/ubuntu/rj_training_container/training_ws/install/stsl_rviz_plugins:/home/ubuntu/rj_training_container/training_ws/install/stsl_nav_plugins:/home/ubuntu/rj_training_container/training_ws/install/mission_orchestration:/home/ubuntu/rj_training_container/training_ws/install/stsl_bt_nodes:/home/ubuntu/rj_training_container/training_ws/install/stsl_aruco_tags:/home/ubuntu/rj_training_container/training_ws/install/peak_finder:/home/ubuntu/rj_training_container/training_ws/install/mineral_deposit_tracking:/home/ubuntu/rj_training_container/training_ws/install/mineral_deposit_detection:/home/ubuntu/rj_training_container/training_ws/install/localization:/home/ubuntu/rj_training_container/training_ws/install/elevation_server:/home/ubuntu/rj_training_container/training_ws/install/coordinate_transform:/home/ubuntu/rj_training_container/training_ws/install/stsl_interfaces:/home/ubuntu/rj_training_container/training_ws/install/stsl_gazebo_plugins:/home/ubuntu/rj_training_container/training_ws/install/rj_training_bringup:/home/ubuntu/rj_training_container/training_ws/install/obstacle_detector:/home/ubuntu/rj_training_container/training_ws/install/mapping:/home/ubuntu/rj_training_container/training_ws/install/joystick_package:/home/ubuntu/rj_training_container/training_ws/install/controllers:/home/ubuntu/rj_training_container/training_ws/install/astar_path_planner:/home/ubuntu/rj_training_container/training_ws/install/keyboard:/opt/ros/humble LD_LIBRARY_PATH=/home/ubuntu/rj_training_container/training_ws/install/joystick_msgs/lib:/home/ubuntu/rj_training_container/training_ws/install/teleop/lib:/home/ubuntu/rj_training_container/training_ws/install/stsl_utils/lib:/home/ubuntu/rj_training_container/training_ws/install/stsl_rviz_plugins/lib:/home/ubuntu/rj_training_container/training_ws/install/stsl_nav_plugins/lib:/home/ubuntu/rj_training_container/training_ws/install/mission_orchestration/lib:/home/ubuntu/rj_training_container/training_ws/install/stsl_bt_nodes/lib:/home/ubuntu/rj_training_container/training_ws/install/stsl_aruco_tags/lib:/home/ubuntu/rj_training_container/training_ws/install/peak_finder/lib:/home/ubuntu/rj_training_container/training_ws/install/mineral_deposit_tracking/lib:/home/ubuntu/rj_training_container/training_ws/install/mineral_deposit_detection/lib:/home/ubuntu/rj_training_container/training_ws/install/localization/lib:/home/ubuntu/rj_training_container/training_ws/install/elevation_server/lib:/home/ubuntu/rj_training_container/training_ws/install/coordinate_transform/lib:/home/ubuntu/rj_training_container/training_ws/install/stsl_interfaces/lib:/home/ubuntu/rj_training_container/training_ws/install/stsl_gazebo_plugins/lib:/home/ubuntu/rj_training_container/training_ws/install/obstacle_detector/lib:/home/ubuntu/rj_training_container/training_ws/install/mapping/lib:/home/ubuntu/rj_training_container/training_ws/install/joystick_package/lib:/home/ubuntu/rj_training_container/training_ws/install/controllers/lib:/home/ubuntu/rj_training_container/training_ws/install/astar_path_planner/lib:/usr/lib/x86_64-linux-gnu/gazebo-11/plugins:/opt/ros/humble/opt/rviz_ogre_vendor/lib:/opt/ros/humble/lib/x86_64-linux-gnu:/opt/ros/humble/lib /usr/bin/cmake --install /home/ubuntu/rj_training_container/training_ws/build/joystick_package
[233.749s] Level 1:colcon.colcon_core.environment:create_environment_scripts_only(joystick_package)
[233.749s] Level 1:colcon.colcon_core.environment:checking '/home/ubuntu/rj_training_container/training_ws/install/joystick_package' for CMake module files
[233.750s] DEBUG:colcon.colcon_core.event_handler.log_command:Invoked command in '/home/ubuntu/rj_training_container/training_ws/build/joystick_package' returned '0': CMAKE_PREFIX_PATH=/home/ubuntu/rj_training_container/training_ws/install/joystick_msgs:/home/ubuntu/rj_training_container/training_ws/install/stsl_desktop:/home/ubuntu/rj_training_container/training_ws/install/traini_bringup:/home/ubuntu/rj_training_container/training_ws/install/traini_gazebo:/home/ubuntu/rj_training_container/training_ws/install/traini_description:/home/ubuntu/rj_training_container/training_ws/install/teleop:/home/ubuntu/rj_training_container/training_ws/install/stsl_utils:/home/ubuntu/rj_training_container/training_ws/install/stsl_rviz_plugins:/home/ubuntu/rj_training_container/training_ws/install/stsl_nav_plugins:/home/ubuntu/rj_training_container/training_ws/install/mission_orchestration:/home/ubuntu/rj_training_container/training_ws/install/stsl_bt_nodes:/home/ubuntu/rj_training_container/training_ws/install/stsl_aruco_tags:/home/ubuntu/rj_training_container/training_ws/install/peak_finder:/home/ubuntu/rj_training_container/training_ws/install/mineral_deposit_tracking:/home/ubuntu/rj_training_container/training_ws/install/mineral_deposit_detection:/home/ubuntu/rj_training_container/training_ws/install/localization:/home/ubuntu/rj_training_container/training_ws/install/elevation_server:/home/ubuntu/rj_training_container/training_ws/install/coordinate_transform:/home/ubuntu/rj_training_container/training_ws/install/stsl_interfaces:/home/ubuntu/rj_training_container/training_ws/install/stsl_gazebo_plugins:/home/ubuntu/rj_training_container/training_ws/install/rj_training_bringup:/home/ubuntu/rj_training_container/training_ws/install/obstacle_detector:/home/ubuntu/rj_training_container/training_ws/install/mapping:/home/ubuntu/rj_training_container/training_ws/install/joystick_package:/home/ubuntu/rj_training_container/training_ws/install/controllers:/home/ubuntu/rj_training_container/training_ws/install/astar_path_planner:/home/ubuntu/rj_training_container/training_ws/install/keyboard:/opt/ros/humble LD_LIBRARY_PATH=/home/ubuntu/rj_training_container/training_ws/install/joystick_msgs/lib:/home/ubuntu/rj_training_container/training_ws/install/teleop/lib:/home/ubuntu/rj_training_container/training_ws/install/stsl_utils/lib:/home/ubuntu/rj_training_container/training_ws/install/stsl_rviz_plugins/lib:/home/ubuntu/rj_training_container/training_ws/install/stsl_nav_plugins/lib:/home/ubuntu/rj_training_container/training_ws/install/mission_orchestration/lib:/home/ubuntu/rj_training_container/training_ws/install/stsl_bt_nodes/lib:/home/ubuntu/rj_training_container/training_ws/install/stsl_aruco_tags/lib:/home/ubuntu/rj_training_container/training_ws/install/peak_finder/lib:/home/ubuntu/rj_training_container/training_ws/install/mineral_deposit_tracking/lib:/home/ubuntu/rj_training_container/training_ws/install/mineral_deposit_detection/lib:/home/ubuntu/rj_training_container/training_ws/install/localization/lib:/home/ubuntu/rj_training_container/training_ws/install/elevation_server/lib:/home/ubuntu/rj_training_container/training_ws/install/coordinate_transform/lib:/home/ubuntu/rj_training_container/training_ws/install/stsl_interfaces/lib:/home/ubuntu/rj_training_container/training_ws/install/stsl_gazebo_plugins/lib:/home/ubuntu/rj_training_container/training_ws/install/obstacle_detector/lib:/home/ubuntu/rj_training_container/training_ws/install/mapping/lib:/home/ubuntu/rj_training_container/training_ws/install/joystick_package/lib:/home/ubuntu/rj_training_container/training_ws/install/controllers/lib:/home/ubuntu/rj_training_container/training_ws/install/astar_path_planner/lib:/usr/lib/x86_64-linux-gnu/gazebo-11/plugins:/opt/ros/humble/opt/rviz_ogre_vendor/lib:/opt/ros/humble/lib/x86_64-linux-gnu:/opt/ros/humble/lib /usr/bin/cmake --install /home/ubuntu/rj_training_container/training_ws/build/joystick_package
[233.847s] Level 1:colcon.colcon_core.environment:checking '/home/ubuntu/rj_training_container/training_ws/install/joystick_package' for CMake config files
[233.914s] Level 1:colcon.colcon_core.shell:create_environment_hook('joystick_package', 'cmake_prefix_path')
[233.915s] INFO:colcon.colcon_core.shell:Creating environment hook '/home/ubuntu/rj_training_container/training_ws/install/joystick_package/share/joystick_package/hook/cmake_prefix_path.ps1'
[233.926s] INFO:colcon.colcon_core.shell:Creating environment descriptor '/home/ubuntu/rj_training_container/training_ws/install/joystick_package/share/joystick_package/hook/cmake_prefix_path.dsv'
[233.940s] INFO:colcon.colcon_core.shell:Creating environment hook '/home/ubuntu/rj_training_container/training_ws/install/joystick_package/share/joystick_package/hook/cmake_prefix_path.sh'
[233.957s] Level 1:colcon.colcon_core.environment:checking '/home/ubuntu/rj_training_container/training_ws/install/joystick_package/lib'
[233.961s] Level 1:colcon.colcon_core.shell:create_environment_hook('joystick_package', 'ld_library_path_lib')
[233.962s] INFO:colcon.colcon_core.shell:Creating environment hook '/home/ubuntu/rj_training_container/training_ws/install/joystick_package/share/joystick_package/hook/ld_library_path_lib.ps1'
[233.976s] INFO:colcon.colcon_core.shell:Creating environment descriptor '/home/ubuntu/rj_training_container/training_ws/install/joystick_package/share/joystick_package/hook/ld_library_path_lib.dsv'
[233.990s] INFO:colcon.colcon_core.shell:Creating environment hook '/home/ubuntu/rj_training_container/training_ws/install/joystick_package/share/joystick_package/hook/ld_library_path_lib.sh'
[234.004s] Level 1:colcon.colcon_core.environment:checking '/home/ubuntu/rj_training_container/training_ws/install/joystick_package/bin'
[234.006s] Level 1:colcon.colcon_core.environment:checking '/home/ubuntu/rj_training_container/training_ws/install/joystick_package/lib/pkgconfig/joystick_package.pc'
[234.007s] Level 1:colcon.colcon_core.environment:checking '/home/ubuntu/rj_training_container/training_ws/install/joystick_package/lib/python3.10/site-packages'
[234.009s] Level 1:colcon.colcon_core.environment:checking '/home/ubuntu/rj_training_container/training_ws/install/joystick_package/bin'
[234.010s] INFO:colcon.colcon_core.shell:Creating package script '/home/ubuntu/rj_training_container/training_ws/install/joystick_package/share/joystick_package/package.ps1'
[234.022s] INFO:colcon.colcon_core.shell:Creating package descriptor '/home/ubuntu/rj_training_container/training_ws/install/joystick_package/share/joystick_package/package.dsv'
[234.034s] INFO:colcon.colcon_core.shell:Creating package script '/home/ubuntu/rj_training_container/training_ws/install/joystick_package/share/joystick_package/package.sh'
[234.046s] INFO:colcon.colcon_core.shell:Creating package script '/home/ubuntu/rj_training_container/training_ws/install/joystick_package/share/joystick_package/package.bash'
[234.056s] INFO:colcon.colcon_core.shell:Creating package script '/home/ubuntu/rj_training_container/training_ws/install/joystick_package/share/joystick_package/package.zsh'
[234.067s] Level 1:colcon.colcon_core.environment:create_file_with_runtime_dependencies(/home/ubuntu/rj_training_container/training_ws/install/joystick_package/share/colcon-core/packages/joystick_package)
[247.818s] Level 1:colcon.colcon_core.environment:create_environment_scripts_only(joystick_package)
[247.819s] Level 1:colcon.colcon_core.environment:checking '/home/ubuntu/rj_training_container/training_ws/install/joystick_package' for CMake module files
[247.915s] Level 1:colcon.colcon_core.environment:checking '/home/ubuntu/rj_training_container/training_ws/install/joystick_package' for CMake config files
[247.985s] Level 1:colcon.colcon_core.shell:create_environment_hook('joystick_package', 'cmake_prefix_path')
[247.985s] INFO:colcon.colcon_core.shell:Creating environment hook '/home/ubuntu/rj_training_container/training_ws/install/joystick_package/share/joystick_package/hook/cmake_prefix_path.ps1'
[247.998s] INFO:colcon.colcon_core.shell:Creating environment descriptor '/home/ubuntu/rj_training_container/training_ws/install/joystick_package/share/joystick_package/hook/cmake_prefix_path.dsv'
[248.012s] INFO:colcon.colcon_core.shell:Creating environment hook '/home/ubuntu/rj_training_container/training_ws/install/joystick_package/share/joystick_package/hook/cmake_prefix_path.sh'
[248.028s] Level 1:colcon.colcon_core.environment:checking '/home/ubuntu/rj_training_container/training_ws/install/joystick_package/lib'
[248.032s] Level 1:colcon.colcon_core.shell:create_environment_hook('joystick_package', 'ld_library_path_lib')
[248.033s] INFO:colcon.colcon_core.shell:Creating environment hook '/home/ubuntu/rj_training_container/training_ws/install/joystick_package/share/joystick_package/hook/ld_library_path_lib.ps1'
[248.047s] INFO:colcon.colcon_core.shell:Creating environment descriptor '/home/ubuntu/rj_training_container/training_ws/install/joystick_package/share/joystick_package/hook/ld_library_path_lib.dsv'
[248.061s] INFO:colcon.colcon_core.shell:Creating environment hook '/home/ubuntu/rj_training_container/training_ws/install/joystick_package/share/joystick_package/hook/ld_library_path_lib.sh'
[248.075s] Level 1:colcon.colcon_core.environment:checking '/home/ubuntu/rj_training_container/training_ws/install/joystick_package/bin'
[248.076s] Level 1:colcon.colcon_core.environment:checking '/home/ubuntu/rj_training_container/training_ws/install/joystick_package/lib/pkgconfig/joystick_package.pc'
[248.078s] Level 1:colcon.colcon_core.environment:checking '/home/ubuntu/rj_training_container/training_ws/install/joystick_package/lib/python3.10/site-packages'
[248.079s] Level 1:colcon.colcon_core.environment:checking '/home/ubuntu/rj_training_container/training_ws/install/joystick_package/bin'
[248.081s] INFO:colcon.colcon_core.shell:Creating package script '/home/ubuntu/rj_training_container/training_ws/install/joystick_package/share/joystick_package/package.ps1'
[248.091s] INFO:colcon.colcon_core.shell:Creating package descriptor '/home/ubuntu/rj_training_container/training_ws/install/joystick_package/share/joystick_package/package.dsv'
[248.103s] INFO:colcon.colcon_core.shell:Creating package script '/home/ubuntu/rj_training_container/training_ws/install/joystick_package/share/joystick_package/package.sh'
[248.113s] INFO:colcon.colcon_core.shell:Creating package script '/home/ubuntu/rj_training_container/training_ws/install/joystick_package/share/joystick_package/package.bash'
[248.124s] INFO:colcon.colcon_core.shell:Creating package script '/home/ubuntu/rj_training_container/training_ws/install/joystick_package/share/joystick_package/package.zsh'
[248.133s] Level 1:colcon.colcon_core.environment:create_file_with_runtime_dependencies(/home/ubuntu/rj_training_container/training_ws/install/joystick_package/share/colcon-core/packages/joystick_package)
[270.224s] DEBUG:colcon.colcon_core.event_handler.log_command:Invoking command in '/home/ubuntu/rj_training_container/training_ws/build/stsl_interfaces': CMAKE_PREFIX_PATH=${CMAKE_PREFIX_PATH}:/home/ubuntu/rj_training_container/training_ws/install/keyboard:/opt/ros/humble /usr/bin/cmake --install /home/ubuntu/rj_training_container/training_ws/build/stsl_interfaces
[283.844s] Level 1:colcon.colcon_core.environment:create_environment_scripts_only(stsl_interfaces)
[283.845s] Level 1:colcon.colcon_core.environment:checking '/home/ubuntu/rj_training_container/training_ws/install/stsl_interfaces' for CMake module files
[283.846s] DEBUG:colcon.colcon_core.event_handler.log_command:Invoked command in '/home/ubuntu/rj_training_container/training_ws/build/stsl_interfaces' returned '0': CMAKE_PREFIX_PATH=${CMAKE_PREFIX_PATH}:/home/ubuntu/rj_training_container/training_ws/install/keyboard:/opt/ros/humble /usr/bin/cmake --install /home/ubuntu/rj_training_container/training_ws/build/stsl_interfaces
[284.083s] Level 1:colcon.colcon_core.environment:checking '/home/ubuntu/rj_training_container/training_ws/install/stsl_interfaces' for CMake config files
[284.363s] Level 1:colcon.colcon_core.shell:create_environment_hook('stsl_interfaces', 'cmake_prefix_path')
[284.363s] INFO:colcon.colcon_core.shell:Creating environment hook '/home/ubuntu/rj_training_container/training_ws/install/stsl_interfaces/share/stsl_interfaces/hook/cmake_prefix_path.ps1'
[284.379s] INFO:colcon.colcon_core.shell:Creating environment descriptor '/home/ubuntu/rj_training_container/training_ws/install/stsl_interfaces/share/stsl_interfaces/hook/cmake_prefix_path.dsv'
[284.392s] INFO:colcon.colcon_core.shell:Creating environment hook '/home/ubuntu/rj_training_container/training_ws/install/stsl_interfaces/share/stsl_interfaces/hook/cmake_prefix_path.sh'
[284.411s] Level 1:colcon.colcon_core.environment:checking '/home/ubuntu/rj_training_container/training_ws/install/stsl_interfaces/lib'
[284.416s] Level 1:colcon.colcon_core.shell:create_environment_hook('stsl_interfaces', 'ld_library_path_lib')
[284.417s] INFO:colcon.colcon_core.shell:Creating environment hook '/home/ubuntu/rj_training_container/training_ws/install/stsl_interfaces/share/stsl_interfaces/hook/ld_library_path_lib.ps1'
[284.431s] INFO:colcon.colcon_core.shell:Creating environment descriptor '/home/ubuntu/rj_training_container/training_ws/install/stsl_interfaces/share/stsl_interfaces/hook/ld_library_path_lib.dsv'
[284.446s] INFO:colcon.colcon_core.shell:Creating environment hook '/home/ubuntu/rj_training_container/training_ws/install/stsl_interfaces/share/stsl_interfaces/hook/ld_library_path_lib.sh'
[284.462s] Level 1:colcon.colcon_core.environment:checking '/home/ubuntu/rj_training_container/training_ws/install/stsl_interfaces/bin'
[284.464s] Level 1:colcon.colcon_core.environment:checking '/home/ubuntu/rj_training_container/training_ws/install/stsl_interfaces/lib/pkgconfig/stsl_interfaces.pc'
[284.466s] Level 1:colcon.colcon_core.environment:checking '/home/ubuntu/rj_training_container/training_ws/install/stsl_interfaces/lib/python3.10/site-packages'
[284.469s] Level 1:colcon.colcon_core.environment:checking '/home/ubuntu/rj_training_container/training_ws/install/stsl_interfaces/bin'
[284.470s] INFO:colcon.colcon_core.shell:Creating package script '/home/ubuntu/rj_training_container/training_ws/install/stsl_interfaces/share/stsl_interfaces/package.ps1'
[284.484s] INFO:colcon.colcon_core.shell:Creating package descriptor '/home/ubuntu/rj_training_container/training_ws/install/stsl_interfaces/share/stsl_interfaces/package.dsv'
[284.497s] INFO:colcon.colcon_core.shell:Creating package script '/home/ubuntu/rj_training_container/training_ws/install/stsl_interfaces/share/stsl_interfaces/package.sh'
[284.509s] INFO:colcon.colcon_core.shell:Creating package script '/home/ubuntu/rj_training_container/training_ws/install/stsl_interfaces/share/stsl_interfaces/package.bash'
[284.522s] INFO:colcon.colcon_core.shell:Creating package script '/home/ubuntu/rj_training_container/training_ws/install/stsl_interfaces/share/stsl_interfaces/package.zsh'
[284.534s] Level 1:colcon.colcon_core.environment:create_file_with_runtime_dependencies(/home/ubuntu/rj_training_container/training_ws/install/stsl_interfaces/share/colcon-core/packages/stsl_interfaces)
[468.695s] Level 1:colcon.colcon_core.environment:create_environment_scripts_only(stsl_interfaces)
[468.696s] Level 1:colcon.colcon_core.environment:checking '/home/ubuntu/rj_training_container/training_ws/install/stsl_interfaces' for CMake module files
[468.967s] Level 1:colcon.colcon_core.environment:checking '/home/ubuntu/rj_training_container/training_ws/install/stsl_interfaces' for CMake config files
[469.269s] Level 1:colcon.colcon_core.shell:create_environment_hook('stsl_interfaces', 'cmake_prefix_path')
[469.270s] INFO:colcon.colcon_core.shell:Creating environment hook '/home/ubuntu/rj_training_container/training_ws/install/stsl_interfaces/share/stsl_interfaces/hook/cmake_prefix_path.ps1'
[469.287s] INFO:colcon.colcon_core.shell:Creating environment descriptor '/home/ubuntu/rj_training_container/training_ws/install/stsl_interfaces/share/stsl_interfaces/hook/cmake_prefix_path.dsv'
[469.305s] INFO:colcon.colcon_core.shell:Creating environment hook '/home/ubuntu/rj_training_container/training_ws/install/stsl_interfaces/share/stsl_interfaces/hook/cmake_prefix_path.sh'
[469.324s] Level 1:colcon.colcon_core.environment:checking '/home/ubuntu/rj_training_container/training_ws/install/stsl_interfaces/lib'
[469.329s] Level 1:colcon.colcon_core.shell:create_environment_hook('stsl_interfaces', 'ld_library_path_lib')
[469.330s] INFO:colcon.colcon_core.shell:Creating environment hook '/home/ubuntu/rj_training_container/training_ws/install/stsl_interfaces/share/stsl_interfaces/hook/ld_library_path_lib.ps1'
[469.346s] INFO:colcon.colcon_core.shell:Creating environment descriptor '/home/ubuntu/rj_training_container/training_ws/install/stsl_interfaces/share/stsl_interfaces/hook/ld_library_path_lib.dsv'
[469.362s] INFO:colcon.colcon_core.shell:Creating environment hook '/home/ubuntu/rj_training_container/training_ws/install/stsl_interfaces/share/stsl_interfaces/hook/ld_library_path_lib.sh'
[469.380s] Level 1:colcon.colcon_core.environment:checking '/home/ubuntu/rj_training_container/training_ws/install/stsl_interfaces/bin'
[469.381s] Level 1:colcon.colcon_core.environment:checking '/home/ubuntu/rj_training_container/training_ws/install/stsl_interfaces/lib/pkgconfig/stsl_interfaces.pc'
[469.383s] Level 1:colcon.colcon_core.environment:checking '/home/ubuntu/rj_training_container/training_ws/install/stsl_interfaces/lib/python3.10/site-packages'
[469.385s] Level 1:colcon.colcon_core.environment:checking '/home/ubuntu/rj_training_container/training_ws/install/stsl_interfaces/bin'
[469.387s] INFO:colcon.colcon_core.shell:Creating package script '/home/ubuntu/rj_training_container/training_ws/install/stsl_interfaces/share/stsl_interfaces/package.ps1'
[469.401s] INFO:colcon.colcon_core.shell:Creating package descriptor '/home/ubuntu/rj_training_container/training_ws/install/stsl_interfaces/share/stsl_interfaces/package.dsv'
[469.415s] INFO:colcon.colcon_core.shell:Creating package script '/home/ubuntu/rj_training_container/training_ws/install/stsl_interfaces/share/stsl_interfaces/package.sh'
[469.430s] INFO:colcon.colcon_core.shell:Creating package script '/home/ubuntu/rj_training_container/training_ws/install/stsl_interfaces/share/stsl_interfaces/package.bash'
[469.443s] INFO:colcon.colcon_core.shell:Creating package script '/home/ubuntu/rj_training_container/training_ws/install/stsl_interfaces/share/stsl_interfaces/package.zsh'
[469.457s] Level 1:colcon.colcon_core.environment:create_file_with_runtime_dependencies(/home/ubuntu/rj_training_container/training_ws/install/stsl_interfaces/share/colcon-core/packages/stsl_interfaces)
[469.471s] INFO:colcon.colcon_ros.task.ament_cmake.build:Building ROS package in '/home/ubuntu/rj_training_container/training_ws/src/stsl/stsl_aruco_tags' with build type 'ament_cmake'
[469.472s] INFO:colcon.colcon_cmake.task.cmake.build:Building CMake package in '/home/ubuntu/rj_training_container/training_ws/src/stsl/stsl_aruco_tags'
[469.472s] INFO:colcon.colcon_core.shell:Skip shell extension 'powershell' for command environment: Not usable outside of PowerShell
[469.473s] DEBUG:colcon.colcon_core.shell:Skip shell extension 'dsv' for command environment
[469.988s] INFO:colcon.colcon_ros.task.ament_cmake.build:Building ROS package in '/home/ubuntu/rj_training_container/training_ws/src/stsl/stsl_bt_nodes' with build type 'ament_cmake'
[469.988s] INFO:colcon.colcon_cmake.task.cmake.build:Building CMake package in '/home/ubuntu/rj_training_container/training_ws/src/stsl/stsl_bt_nodes'
[469.989s] INFO:colcon.colcon_core.shell:Skip shell extension 'powershell' for command environment: Not usable outside of PowerShell
[469.990s] DEBUG:colcon.colcon_core.shell:Skip shell extension 'dsv' for command environment
[470.334s] INFO:colcon.colcon_ros.task.ament_cmake.build:Building ROS package in '/home/ubuntu/rj_training_container/training_ws/src/stsl/elevation_server' with build type 'ament_cmake'
[470.334s] INFO:colcon.colcon_cmake.task.cmake.build:Building CMake package in '/home/ubuntu/rj_training_container/training_ws/src/stsl/elevation_server'
[470.335s] INFO:colcon.colcon_core.shell:Skip shell extension 'powershell' for command environment: Not usable outside of PowerShell
[470.335s] DEBUG:colcon.colcon_core.shell:Skip shell extension 'dsv' for command environment
[470.670s] INFO:colcon.colcon_ros.task.ament_cmake.build:Building ROS package in '/home/ubuntu/rj_training_container/training_ws/src/stsl/mineral_deposit_detection' with build type 'ament_cmake'
[470.671s] INFO:colcon.colcon_cmake.task.cmake.build:Building CMake package in '/home/ubuntu/rj_training_container/training_ws/src/stsl/mineral_deposit_detection'
[470.672s] INFO:colcon.colcon_core.shell:Skip shell extension 'powershell' for command environment: Not usable outside of PowerShell
[470.672s] DEBUG:colcon.colcon_core.shell:Skip shell extension 'dsv' for command environment
[471.046s] INFO:colcon.colcon_ros.task.ament_cmake.build:Building ROS package in '/home/ubuntu/rj_training_container/training_ws/src/stsl/stsl_rviz_plugins' with build type 'ament_cmake'
[471.047s] INFO:colcon.colcon_cmake.task.cmake.build:Building CMake package in '/home/ubuntu/rj_training_container/training_ws/src/stsl/stsl_rviz_plugins'
[471.048s] INFO:colcon.colcon_core.shell:Skip shell extension 'powershell' for command environment: Not usable outside of PowerShell
[471.048s] DEBUG:colcon.colcon_core.shell:Skip shell extension 'dsv' for command environment
[471.508s] INFO:colcon.colcon_ros.task.ament_cmake.build:Building ROS package in '/home/ubuntu/rj_training_container/training_ws/src/software-training-old/coordinate_transform' with build type 'ament_cmake'
[471.508s] INFO:colcon.colcon_cmake.task.cmake.build:Building CMake package in '/home/ubuntu/rj_training_container/training_ws/src/software-training-old/coordinate_transform'
[471.509s] INFO:colcon.colcon_core.shell:Skip shell extension 'powershell' for command environment: Not usable outside of PowerShell
[471.510s] DEBUG:colcon.colcon_core.shell:Skip shell extension 'dsv' for command environment
[472.009s] INFO:colcon.colcon_ros.task.ament_cmake.build:Building ROS package in '/home/ubuntu/rj_training_container/training_ws/src/software-training-old/localization' with build type 'ament_cmake'
[472.009s] INFO:colcon.colcon_cmake.task.cmake.build:Building CMake package in '/home/ubuntu/rj_training_container/training_ws/src/software-training-old/localization'
[472.010s] INFO:colcon.colcon_core.shell:Skip shell extension 'powershell' for command environment: Not usable outside of PowerShell
[472.010s] DEBUG:colcon.colcon_core.shell:Skip shell extension 'dsv' for command environment
[472.460s] INFO:colcon.colcon_ros.task.ament_cmake.build:Building ROS package in '/home/ubuntu/rj_training_container/training_ws/src/software-training-old/mineral_deposit_tracking' with build type 'ament_cmake'
[472.460s] INFO:colcon.colcon_cmake.task.cmake.build:Building CMake package in '/home/ubuntu/rj_training_container/training_ws/src/software-training-old/mineral_deposit_tracking'
[472.461s] INFO:colcon.colcon_core.shell:Skip shell extension 'powershell' for command environment: Not usable outside of PowerShell
[472.461s] DEBUG:colcon.colcon_core.shell:Skip shell extension 'dsv' for command environment
[472.908s] INFO:colcon.colcon_ros.task.ament_cmake.build:Building ROS package in '/home/ubuntu/rj_training_container/training_ws/src/software-training-old/peak_finder' with build type 'ament_cmake'
[472.909s] INFO:colcon.colcon_cmake.task.cmake.build:Building CMake package in '/home/ubuntu/rj_training_container/training_ws/src/software-training-old/peak_finder'
[472.910s] INFO:colcon.colcon_core.shell:Skip shell extension 'powershell' for command environment: Not usable outside of PowerShell
[472.910s] DEBUG:colcon.colcon_core.shell:Skip shell extension 'dsv' for command environment
[473.455s] DEBUG:colcon.colcon_core.event_handler.log_command:Invoking command in '/home/ubuntu/rj_training_container/training_ws/build/stsl_aruco_tags': CMAKE_PREFIX_PATH=/home/ubuntu/rj_training_container/training_ws/install/stsl_interfaces:/home/ubuntu/rj_training_container/training_ws/install/stsl_desktop:/home/ubuntu/rj_training_container/training_ws/install/traini_bringup:/home/ubuntu/rj_training_container/training_ws/install/traini_gazebo:/home/ubuntu/rj_training_container/training_ws/install/traini_description:/home/ubuntu/rj_training_container/training_ws/install/teleop:/home/ubuntu/rj_training_container/training_ws/install/stsl_utils:/home/ubuntu/rj_training_container/training_ws/install/stsl_rviz_plugins:/home/ubuntu/rj_training_container/training_ws/install/stsl_nav_plugins:/home/ubuntu/rj_training_container/training_ws/install/mission_orchestration:/home/ubuntu/rj_training_container/training_ws/install/stsl_bt_nodes:/home/ubuntu/rj_training_container/training_ws/install/stsl_aruco_tags:/home/ubuntu/rj_training_container/training_ws/install/peak_finder:/home/ubuntu/rj_training_container/training_ws/install/mineral_deposit_tracking:/home/ubuntu/rj_training_container/training_ws/install/mineral_deposit_detection:/home/ubuntu/rj_training_container/training_ws/install/localization:/home/ubuntu/rj_training_container/training_ws/install/elevation_server:/home/ubuntu/rj_training_container/training_ws/install/coordinate_transform:/home/ubuntu/rj_training_container/training_ws/install/stsl_gazebo_plugins:/home/ubuntu/rj_training_container/training_ws/install/rj_training_bringup:/home/ubuntu/rj_training_container/training_ws/install/obstacle_detector:/home/ubuntu/rj_training_container/training_ws/install/mapping:/home/ubuntu/rj_training_container/training_ws/install/joystick_package:/home/ubuntu/rj_training_container/training_ws/install/joystick_msgs:/home/ubuntu/rj_training_container/training_ws/install/controllers:/home/ubuntu/rj_training_container/training_ws/install/astar_path_planner:/home/ubuntu/rj_training_container/training_ws/install/keyboard:/opt/ros/humble LD_LIBRARY_PATH=/home/ubuntu/rj_training_container/training_ws/install/stsl_interfaces/lib:/home/ubuntu/rj_training_container/training_ws/install/teleop/lib:/home/ubuntu/rj_training_container/training_ws/install/stsl_utils/lib:/home/ubuntu/rj_training_container/training_ws/install/stsl_rviz_plugins/lib:/home/ubuntu/rj_training_container/training_ws/install/stsl_nav_plugins/lib:/home/ubuntu/rj_training_container/training_ws/install/mission_orchestration/lib:/home/ubuntu/rj_training_container/training_ws/install/stsl_bt_nodes/lib:/home/ubuntu/rj_training_container/training_ws/install/stsl_aruco_tags/lib:/home/ubuntu/rj_training_container/training_ws/install/peak_finder/lib:/home/ubuntu/rj_training_container/training_ws/install/mineral_deposit_tracking/lib:/home/ubuntu/rj_training_container/training_ws/install/mineral_deposit_detection/lib:/home/ubuntu/rj_training_container/training_ws/install/localization/lib:/home/ubuntu/rj_training_container/training_ws/install/elevation_server/lib:/home/ubuntu/rj_training_container/training_ws/install/coordinate_transform/lib:/home/ubuntu/rj_training_container/training_ws/install/stsl_gazebo_plugins/lib:/home/ubuntu/rj_training_container/training_ws/install/obstacle_detector/lib:/home/ubuntu/rj_training_container/training_ws/install/mapping/lib:/home/ubuntu/rj_training_container/training_ws/install/joystick_package/lib:/home/ubuntu/rj_training_container/training_ws/install/joystick_msgs/lib:/home/ubuntu/rj_training_container/training_ws/install/controllers/lib:/home/ubuntu/rj_training_container/training_ws/install/astar_path_planner/lib:/usr/lib/x86_64-linux-gnu/gazebo-11/plugins:/opt/ros/humble/opt/rviz_ogre_vendor/lib:/opt/ros/humble/lib/x86_64-linux-gnu:/opt/ros/humble/lib /usr/bin/cmake --build /home/ubuntu/rj_training_container/training_ws/build/stsl_aruco_tags -- -j16 -l16
[473.553s] DEBUG:colcon.colcon_core.event_handler.log_command:Invoking command in '/home/ubuntu/rj_training_container/training_ws/build/stsl_bt_nodes': CMAKE_PREFIX_PATH=/home/ubuntu/rj_training_container/training_ws/install/stsl_interfaces:/home/ubuntu/rj_training_container/training_ws/install/stsl_desktop:/home/ubuntu/rj_training_container/training_ws/install/traini_bringup:/home/ubuntu/rj_training_container/training_ws/install/traini_gazebo:/home/ubuntu/rj_training_container/training_ws/install/traini_description:/home/ubuntu/rj_training_container/training_ws/install/teleop:/home/ubuntu/rj_training_container/training_ws/install/stsl_utils:/home/ubuntu/rj_training_container/training_ws/install/stsl_rviz_plugins:/home/ubuntu/rj_training_container/training_ws/install/stsl_nav_plugins:/home/ubuntu/rj_training_container/training_ws/install/mission_orchestration:/home/ubuntu/rj_training_container/training_ws/install/stsl_bt_nodes:/home/ubuntu/rj_training_container/training_ws/install/stsl_aruco_tags:/home/ubuntu/rj_training_container/training_ws/install/peak_finder:/home/ubuntu/rj_training_container/training_ws/install/mineral_deposit_tracking:/home/ubuntu/rj_training_container/training_ws/install/mineral_deposit_detection:/home/ubuntu/rj_training_container/training_ws/install/localization:/home/ubuntu/rj_training_container/training_ws/install/elevation_server:/home/ubuntu/rj_training_container/training_ws/install/coordinate_transform:/home/ubuntu/rj_training_container/training_ws/install/stsl_gazebo_plugins:/home/ubuntu/rj_training_container/training_ws/install/rj_training_bringup:/home/ubuntu/rj_training_container/training_ws/install/obstacle_detector:/home/ubuntu/rj_training_container/training_ws/install/mapping:/home/ubuntu/rj_training_container/training_ws/install/joystick_package:/home/ubuntu/rj_training_container/training_ws/install/joystick_msgs:/home/ubuntu/rj_training_container/training_ws/install/controllers:/home/ubuntu/rj_training_container/training_ws/install/astar_path_planner:/home/ubuntu/rj_training_container/training_ws/install/keyboard:/opt/ros/humble LD_LIBRARY_PATH=/home/ubuntu/rj_training_container/training_ws/install/stsl_interfaces/lib:/home/ubuntu/rj_training_container/training_ws/install/teleop/lib:/home/ubuntu/rj_training_container/training_ws/install/stsl_utils/lib:/home/ubuntu/rj_training_container/training_ws/install/stsl_rviz_plugins/lib:/home/ubuntu/rj_training_container/training_ws/install/stsl_nav_plugins/lib:/home/ubuntu/rj_training_container/training_ws/install/mission_orchestration/lib:/home/ubuntu/rj_training_container/training_ws/install/stsl_bt_nodes/lib:/home/ubuntu/rj_training_container/training_ws/install/stsl_aruco_tags/lib:/home/ubuntu/rj_training_container/training_ws/install/peak_finder/lib:/home/ubuntu/rj_training_container/training_ws/install/mineral_deposit_tracking/lib:/home/ubuntu/rj_training_container/training_ws/install/mineral_deposit_detection/lib:/home/ubuntu/rj_training_container/training_ws/install/localization/lib:/home/ubuntu/rj_training_container/training_ws/install/elevation_server/lib:/home/ubuntu/rj_training_container/training_ws/install/coordinate_transform/lib:/home/ubuntu/rj_training_container/training_ws/install/stsl_gazebo_plugins/lib:/home/ubuntu/rj_training_container/training_ws/install/obstacle_detector/lib:/home/ubuntu/rj_training_container/training_ws/install/mapping/lib:/home/ubuntu/rj_training_container/training_ws/install/joystick_package/lib:/home/ubuntu/rj_training_container/training_ws/install/joystick_msgs/lib:/home/ubuntu/rj_training_container/training_ws/install/controllers/lib:/home/ubuntu/rj_training_container/training_ws/install/astar_path_planner/lib:/usr/lib/x86_64-linux-gnu/gazebo-11/plugins:/opt/ros/humble/opt/rviz_ogre_vendor/lib:/opt/ros/humble/lib/x86_64-linux-gnu:/opt/ros/humble/lib /usr/bin/cmake --build /home/ubuntu/rj_training_container/training_ws/build/stsl_bt_nodes -- -j16 -l16
[473.661s] DEBUG:colcon.colcon_core.event_handler.log_command:Invoking command in '/home/ubuntu/rj_training_container/training_ws/build/elevation_server': CMAKE_PREFIX_PATH=/home/ubuntu/rj_training_container/training_ws/install/stsl_interfaces:/home/ubuntu/rj_training_container/training_ws/install/stsl_desktop:/home/ubuntu/rj_training_container/training_ws/install/traini_bringup:/home/ubuntu/rj_training_container/training_ws/install/traini_gazebo:/home/ubuntu/rj_training_container/training_ws/install/traini_description:/home/ubuntu/rj_training_container/training_ws/install/teleop:/home/ubuntu/rj_training_container/training_ws/install/stsl_utils:/home/ubuntu/rj_training_container/training_ws/install/stsl_rviz_plugins:/home/ubuntu/rj_training_container/training_ws/install/stsl_nav_plugins:/home/ubuntu/rj_training_container/training_ws/install/mission_orchestration:/home/ubuntu/rj_training_container/training_ws/install/stsl_bt_nodes:/home/ubuntu/rj_training_container/training_ws/install/stsl_aruco_tags:/home/ubuntu/rj_training_container/training_ws/install/peak_finder:/home/ubuntu/rj_training_container/training_ws/install/mineral_deposit_tracking:/home/ubuntu/rj_training_container/training_ws/install/mineral_deposit_detection:/home/ubuntu/rj_training_container/training_ws/install/localization:/home/ubuntu/rj_training_container/training_ws/install/elevation_server:/home/ubuntu/rj_training_container/training_ws/install/coordinate_transform:/home/ubuntu/rj_training_container/training_ws/install/stsl_gazebo_plugins:/home/ubuntu/rj_training_container/training_ws/install/rj_training_bringup:/home/ubuntu/rj_training_container/training_ws/install/obstacle_detector:/home/ubuntu/rj_training_container/training_ws/install/mapping:/home/ubuntu/rj_training_container/training_ws/install/joystick_package:/home/ubuntu/rj_training_container/training_ws/install/joystick_msgs:/home/ubuntu/rj_training_container/training_ws/install/controllers:/home/ubuntu/rj_training_container/training_ws/install/astar_path_planner:/home/ubuntu/rj_training_container/training_ws/install/keyboard:/opt/ros/humble LD_LIBRARY_PATH=/home/ubuntu/rj_training_container/training_ws/install/stsl_interfaces/lib:/home/ubuntu/rj_training_container/training_ws/install/teleop/lib:/home/ubuntu/rj_training_container/training_ws/install/stsl_utils/lib:/home/ubuntu/rj_training_container/training_ws/install/stsl_rviz_plugins/lib:/home/ubuntu/rj_training_container/training_ws/install/stsl_nav_plugins/lib:/home/ubuntu/rj_training_container/training_ws/install/mission_orchestration/lib:/home/ubuntu/rj_training_container/training_ws/install/stsl_bt_nodes/lib:/home/ubuntu/rj_training_container/training_ws/install/stsl_aruco_tags/lib:/home/ubuntu/rj_training_container/training_ws/install/peak_finder/lib:/home/ubuntu/rj_training_container/training_ws/install/mineral_deposit_tracking/lib:/home/ubuntu/rj_training_container/training_ws/install/mineral_deposit_detection/lib:/home/ubuntu/rj_training_container/training_ws/install/localization/lib:/home/ubuntu/rj_training_container/training_ws/install/elevation_server/lib:/home/ubuntu/rj_training_container/training_ws/install/coordinate_transform/lib:/home/ubuntu/rj_training_container/training_ws/install/stsl_gazebo_plugins/lib:/home/ubuntu/rj_training_container/training_ws/install/obstacle_detector/lib:/home/ubuntu/rj_training_container/training_ws/install/mapping/lib:/home/ubuntu/rj_training_container/training_ws/install/joystick_package/lib:/home/ubuntu/rj_training_container/training_ws/install/joystick_msgs/lib:/home/ubuntu/rj_training_container/training_ws/install/controllers/lib:/home/ubuntu/rj_training_container/training_ws/install/astar_path_planner/lib:/usr/lib/x86_64-linux-gnu/gazebo-11/plugins:/opt/ros/humble/opt/rviz_ogre_vendor/lib:/opt/ros/humble/lib/x86_64-linux-gnu:/opt/ros/humble/lib /usr/bin/cmake --build /home/ubuntu/rj_training_container/training_ws/build/elevation_server -- -j16 -l16
[473.777s] DEBUG:colcon.colcon_core.event_handler.log_command:Invoking command in '/home/ubuntu/rj_training_container/training_ws/build/mineral_deposit_detection': CMAKE_PREFIX_PATH=/home/ubuntu/rj_training_container/training_ws/install/stsl_interfaces:/home/ubuntu/rj_training_container/training_ws/install/stsl_desktop:/home/ubuntu/rj_training_container/training_ws/install/traini_bringup:/home/ubuntu/rj_training_container/training_ws/install/traini_gazebo:/home/ubuntu/rj_training_container/training_ws/install/traini_description:/home/ubuntu/rj_training_container/training_ws/install/teleop:/home/ubuntu/rj_training_container/training_ws/install/stsl_utils:/home/ubuntu/rj_training_container/training_ws/install/stsl_rviz_plugins:/home/ubuntu/rj_training_container/training_ws/install/stsl_nav_plugins:/home/ubuntu/rj_training_container/training_ws/install/mission_orchestration:/home/ubuntu/rj_training_container/training_ws/install/stsl_bt_nodes:/home/ubuntu/rj_training_container/training_ws/install/stsl_aruco_tags:/home/ubuntu/rj_training_container/training_ws/install/peak_finder:/home/ubuntu/rj_training_container/training_ws/install/mineral_deposit_tracking:/home/ubuntu/rj_training_container/training_ws/install/mineral_deposit_detection:/home/ubuntu/rj_training_container/training_ws/install/localization:/home/ubuntu/rj_training_container/training_ws/install/elevation_server:/home/ubuntu/rj_training_container/training_ws/install/coordinate_transform:/home/ubuntu/rj_training_container/training_ws/install/stsl_gazebo_plugins:/home/ubuntu/rj_training_container/training_ws/install/rj_training_bringup:/home/ubuntu/rj_training_container/training_ws/install/obstacle_detector:/home/ubuntu/rj_training_container/training_ws/install/mapping:/home/ubuntu/rj_training_container/training_ws/install/joystick_package:/home/ubuntu/rj_training_container/training_ws/install/joystick_msgs:/home/ubuntu/rj_training_container/training_ws/install/controllers:/home/ubuntu/rj_training_container/training_ws/install/astar_path_planner:/home/ubuntu/rj_training_container/training_ws/install/keyboard:/opt/ros/humble LD_LIBRARY_PATH=/home/ubuntu/rj_training_container/training_ws/install/stsl_interfaces/lib:/home/ubuntu/rj_training_container/training_ws/install/teleop/lib:/home/ubuntu/rj_training_container/training_ws/install/stsl_utils/lib:/home/ubuntu/rj_training_container/training_ws/install/stsl_rviz_plugins/lib:/home/ubuntu/rj_training_container/training_ws/install/stsl_nav_plugins/lib:/home/ubuntu/rj_training_container/training_ws/install/mission_orchestration/lib:/home/ubuntu/rj_training_container/training_ws/install/stsl_bt_nodes/lib:/home/ubuntu/rj_training_container/training_ws/install/stsl_aruco_tags/lib:/home/ubuntu/rj_training_container/training_ws/install/peak_finder/lib:/home/ubuntu/rj_training_container/training_ws/install/mineral_deposit_tracking/lib:/home/ubuntu/rj_training_container/training_ws/install/mineral_deposit_detection/lib:/home/ubuntu/rj_training_container/training_ws/install/localization/lib:/home/ubuntu/rj_training_container/training_ws/install/elevation_server/lib:/home/ubuntu/rj_training_container/training_ws/install/coordinate_transform/lib:/home/ubuntu/rj_training_container/training_ws/install/stsl_gazebo_plugins/lib:/home/ubuntu/rj_training_container/training_ws/install/obstacle_detector/lib:/home/ubuntu/rj_training_container/training_ws/install/mapping/lib:/home/ubuntu/rj_training_container/training_ws/install/joystick_package/lib:/home/ubuntu/rj_training_container/training_ws/install/joystick_msgs/lib:/home/ubuntu/rj_training_container/training_ws/install/controllers/lib:/home/ubuntu/rj_training_container/training_ws/install/astar_path_planner/lib:/usr/lib/x86_64-linux-gnu/gazebo-11/plugins:/opt/ros/humble/opt/rviz_ogre_vendor/lib:/opt/ros/humble/lib/x86_64-linux-gnu:/opt/ros/humble/lib /usr/bin/cmake --build /home/ubuntu/rj_training_container/training_ws/build/mineral_deposit_detection -- -j16 -l16
[474.024s] DEBUG:colcon.colcon_core.event_handler.log_command:Invoking command in '/home/ubuntu/rj_training_container/training_ws/build/stsl_rviz_plugins': CMAKE_PREFIX_PATH=/home/ubuntu/rj_training_container/training_ws/install/stsl_interfaces:/home/ubuntu/rj_training_container/training_ws/install/stsl_desktop:/home/ubuntu/rj_training_container/training_ws/install/traini_bringup:/home/ubuntu/rj_training_container/training_ws/install/traini_gazebo:/home/ubuntu/rj_training_container/training_ws/install/traini_description:/home/ubuntu/rj_training_container/training_ws/install/teleop:/home/ubuntu/rj_training_container/training_ws/install/stsl_utils:/home/ubuntu/rj_training_container/training_ws/install/stsl_rviz_plugins:/home/ubuntu/rj_training_container/training_ws/install/stsl_nav_plugins:/home/ubuntu/rj_training_container/training_ws/install/mission_orchestration:/home/ubuntu/rj_training_container/training_ws/install/stsl_bt_nodes:/home/ubuntu/rj_training_container/training_ws/install/stsl_aruco_tags:/home/ubuntu/rj_training_container/training_ws/install/peak_finder:/home/ubuntu/rj_training_container/training_ws/install/mineral_deposit_tracking:/home/ubuntu/rj_training_container/training_ws/install/mineral_deposit_detection:/home/ubuntu/rj_training_container/training_ws/install/localization:/home/ubuntu/rj_training_container/training_ws/install/elevation_server:/home/ubuntu/rj_training_container/training_ws/install/coordinate_transform:/home/ubuntu/rj_training_container/training_ws/install/stsl_gazebo_plugins:/home/ubuntu/rj_training_container/training_ws/install/rj_training_bringup:/home/ubuntu/rj_training_container/training_ws/install/obstacle_detector:/home/ubuntu/rj_training_container/training_ws/install/mapping:/home/ubuntu/rj_training_container/training_ws/install/joystick_package:/home/ubuntu/rj_training_container/training_ws/install/joystick_msgs:/home/ubuntu/rj_training_container/training_ws/install/controllers:/home/ubuntu/rj_training_container/training_ws/install/astar_path_planner:/home/ubuntu/rj_training_container/training_ws/install/keyboard:/opt/ros/humble LD_LIBRARY_PATH=/home/ubuntu/rj_training_container/training_ws/install/stsl_interfaces/lib:/home/ubuntu/rj_training_container/training_ws/install/teleop/lib:/home/ubuntu/rj_training_container/training_ws/install/stsl_utils/lib:/home/ubuntu/rj_training_container/training_ws/install/stsl_rviz_plugins/lib:/home/ubuntu/rj_training_container/training_ws/install/stsl_nav_plugins/lib:/home/ubuntu/rj_training_container/training_ws/install/mission_orchestration/lib:/home/ubuntu/rj_training_container/training_ws/install/stsl_bt_nodes/lib:/home/ubuntu/rj_training_container/training_ws/install/stsl_aruco_tags/lib:/home/ubuntu/rj_training_container/training_ws/install/peak_finder/lib:/home/ubuntu/rj_training_container/training_ws/install/mineral_deposit_tracking/lib:/home/ubuntu/rj_training_container/training_ws/install/mineral_deposit_detection/lib:/home/ubuntu/rj_training_container/training_ws/install/localization/lib:/home/ubuntu/rj_training_container/training_ws/install/elevation_server/lib:/home/ubuntu/rj_training_container/training_ws/install/coordinate_transform/lib:/home/ubuntu/rj_training_container/training_ws/install/stsl_gazebo_plugins/lib:/home/ubuntu/rj_training_container/training_ws/install/obstacle_detector/lib:/home/ubuntu/rj_training_container/training_ws/install/mapping/lib:/home/ubuntu/rj_training_container/training_ws/install/joystick_package/lib:/home/ubuntu/rj_training_container/training_ws/install/joystick_msgs/lib:/home/ubuntu/rj_training_container/training_ws/install/controllers/lib:/home/ubuntu/rj_training_container/training_ws/install/astar_path_planner/lib:/usr/lib/x86_64-linux-gnu/gazebo-11/plugins:/opt/ros/humble/opt/rviz_ogre_vendor/lib:/opt/ros/humble/lib/x86_64-linux-gnu:/opt/ros/humble/lib /usr/bin/cmake --build /home/ubuntu/rj_training_container/training_ws/build/stsl_rviz_plugins -- -j16 -l16
[474.926s] DEBUG:colcon.colcon_core.event_handler.log_command:Invoking command in '/home/ubuntu/rj_training_container/training_ws/build/coordinate_transform': CMAKE_PREFIX_PATH=/home/ubuntu/rj_training_container/training_ws/install/stsl_interfaces:/home/ubuntu/rj_training_container/training_ws/install/stsl_desktop:/home/ubuntu/rj_training_container/training_ws/install/traini_bringup:/home/ubuntu/rj_training_container/training_ws/install/traini_gazebo:/home/ubuntu/rj_training_container/training_ws/install/traini_description:/home/ubuntu/rj_training_container/training_ws/install/teleop:/home/ubuntu/rj_training_container/training_ws/install/stsl_utils:/home/ubuntu/rj_training_container/training_ws/install/stsl_rviz_plugins:/home/ubuntu/rj_training_container/training_ws/install/stsl_nav_plugins:/home/ubuntu/rj_training_container/training_ws/install/mission_orchestration:/home/ubuntu/rj_training_container/training_ws/install/stsl_bt_nodes:/home/ubuntu/rj_training_container/training_ws/install/stsl_aruco_tags:/home/ubuntu/rj_training_container/training_ws/install/peak_finder:/home/ubuntu/rj_training_container/training_ws/install/mineral_deposit_tracking:/home/ubuntu/rj_training_container/training_ws/install/mineral_deposit_detection:/home/ubuntu/rj_training_container/training_ws/install/localization:/home/ubuntu/rj_training_container/training_ws/install/elevation_server:/home/ubuntu/rj_training_container/training_ws/install/coordinate_transform:/home/ubuntu/rj_training_container/training_ws/install/stsl_gazebo_plugins:/home/ubuntu/rj_training_container/training_ws/install/rj_training_bringup:/home/ubuntu/rj_training_container/training_ws/install/obstacle_detector:/home/ubuntu/rj_training_container/training_ws/install/mapping:/home/ubuntu/rj_training_container/training_ws/install/joystick_package:/home/ubuntu/rj_training_container/training_ws/install/joystick_msgs:/home/ubuntu/rj_training_container/training_ws/install/controllers:/home/ubuntu/rj_training_container/training_ws/install/astar_path_planner:/home/ubuntu/rj_training_container/training_ws/install/keyboard:/opt/ros/humble LD_LIBRARY_PATH=/home/ubuntu/rj_training_container/training_ws/install/stsl_interfaces/lib:/home/ubuntu/rj_training_container/training_ws/install/teleop/lib:/home/ubuntu/rj_training_container/training_ws/install/stsl_utils/lib:/home/ubuntu/rj_training_container/training_ws/install/stsl_rviz_plugins/lib:/home/ubuntu/rj_training_container/training_ws/install/stsl_nav_plugins/lib:/home/ubuntu/rj_training_container/training_ws/install/mission_orchestration/lib:/home/ubuntu/rj_training_container/training_ws/install/stsl_bt_nodes/lib:/home/ubuntu/rj_training_container/training_ws/install/stsl_aruco_tags/lib:/home/ubuntu/rj_training_container/training_ws/install/peak_finder/lib:/home/ubuntu/rj_training_container/training_ws/install/mineral_deposit_tracking/lib:/home/ubuntu/rj_training_container/training_ws/install/mineral_deposit_detection/lib:/home/ubuntu/rj_training_container/training_ws/install/localization/lib:/home/ubuntu/rj_training_container/training_ws/install/elevation_server/lib:/home/ubuntu/rj_training_container/training_ws/install/coordinate_transform/lib:/home/ubuntu/rj_training_container/training_ws/install/stsl_gazebo_plugins/lib:/home/ubuntu/rj_training_container/training_ws/install/obstacle_detector/lib:/home/ubuntu/rj_training_container/training_ws/install/mapping/lib:/home/ubuntu/rj_training_container/training_ws/install/joystick_package/lib:/home/ubuntu/rj_training_container/training_ws/install/joystick_msgs/lib:/home/ubuntu/rj_training_container/training_ws/install/controllers/lib:/home/ubuntu/rj_training_container/training_ws/install/astar_path_planner/lib:/usr/lib/x86_64-linux-gnu/gazebo-11/plugins:/opt/ros/humble/opt/rviz_ogre_vendor/lib:/opt/ros/humble/lib/x86_64-linux-gnu:/opt/ros/humble/lib /usr/bin/cmake --build /home/ubuntu/rj_training_container/training_ws/build/coordinate_transform -- -j16 -l16
[475.560s] DEBUG:colcon.colcon_core.event_handler.log_command:Invoking command in '/home/ubuntu/rj_training_container/training_ws/build/localization': CMAKE_PREFIX_PATH=/home/ubuntu/rj_training_container/training_ws/install/stsl_interfaces:/home/ubuntu/rj_training_container/training_ws/install/stsl_desktop:/home/ubuntu/rj_training_container/training_ws/install/traini_bringup:/home/ubuntu/rj_training_container/training_ws/install/traini_gazebo:/home/ubuntu/rj_training_container/training_ws/install/traini_description:/home/ubuntu/rj_training_container/training_ws/install/teleop:/home/ubuntu/rj_training_container/training_ws/install/stsl_utils:/home/ubuntu/rj_training_container/training_ws/install/stsl_rviz_plugins:/home/ubuntu/rj_training_container/training_ws/install/stsl_nav_plugins:/home/ubuntu/rj_training_container/training_ws/install/mission_orchestration:/home/ubuntu/rj_training_container/training_ws/install/stsl_bt_nodes:/home/ubuntu/rj_training_container/training_ws/install/stsl_aruco_tags:/home/ubuntu/rj_training_container/training_ws/install/peak_finder:/home/ubuntu/rj_training_container/training_ws/install/mineral_deposit_tracking:/home/ubuntu/rj_training_container/training_ws/install/mineral_deposit_detection:/home/ubuntu/rj_training_container/training_ws/install/localization:/home/ubuntu/rj_training_container/training_ws/install/elevation_server:/home/ubuntu/rj_training_container/training_ws/install/coordinate_transform:/home/ubuntu/rj_training_container/training_ws/install/stsl_gazebo_plugins:/home/ubuntu/rj_training_container/training_ws/install/rj_training_bringup:/home/ubuntu/rj_training_container/training_ws/install/obstacle_detector:/home/ubuntu/rj_training_container/training_ws/install/mapping:/home/ubuntu/rj_training_container/training_ws/install/joystick_package:/home/ubuntu/rj_training_container/training_ws/install/joystick_msgs:/home/ubuntu/rj_training_container/training_ws/install/controllers:/home/ubuntu/rj_training_container/training_ws/install/astar_path_planner:/home/ubuntu/rj_training_container/training_ws/install/keyboard:/opt/ros/humble LD_LIBRARY_PATH=/home/ubuntu/rj_training_container/training_ws/install/stsl_interfaces/lib:/home/ubuntu/rj_training_container/training_ws/install/teleop/lib:/home/ubuntu/rj_training_container/training_ws/install/stsl_utils/lib:/home/ubuntu/rj_training_container/training_ws/install/stsl_rviz_plugins/lib:/home/ubuntu/rj_training_container/training_ws/install/stsl_nav_plugins/lib:/home/ubuntu/rj_training_container/training_ws/install/mission_orchestration/lib:/home/ubuntu/rj_training_container/training_ws/install/stsl_bt_nodes/lib:/home/ubuntu/rj_training_container/training_ws/install/stsl_aruco_tags/lib:/home/ubuntu/rj_training_container/training_ws/install/peak_finder/lib:/home/ubuntu/rj_training_container/training_ws/install/mineral_deposit_tracking/lib:/home/ubuntu/rj_training_container/training_ws/install/mineral_deposit_detection/lib:/home/ubuntu/rj_training_container/training_ws/install/localization/lib:/home/ubuntu/rj_training_container/training_ws/install/elevation_server/lib:/home/ubuntu/rj_training_container/training_ws/install/coordinate_transform/lib:/home/ubuntu/rj_training_container/training_ws/install/stsl_gazebo_plugins/lib:/home/ubuntu/rj_training_container/training_ws/install/obstacle_detector/lib:/home/ubuntu/rj_training_container/training_ws/install/mapping/lib:/home/ubuntu/rj_training_container/training_ws/install/joystick_package/lib:/home/ubuntu/rj_training_container/training_ws/install/joystick_msgs/lib:/home/ubuntu/rj_training_container/training_ws/install/controllers/lib:/home/ubuntu/rj_training_container/training_ws/install/astar_path_planner/lib:/usr/lib/x86_64-linux-gnu/gazebo-11/plugins:/opt/ros/humble/opt/rviz_ogre_vendor/lib:/opt/ros/humble/lib/x86_64-linux-gnu:/opt/ros/humble/lib /usr/bin/cmake --build /home/ubuntu/rj_training_container/training_ws/build/localization -- -j16 -l16
[476.097s] DEBUG:colcon.colcon_core.event_handler.log_command:Invoking command in '/home/ubuntu/rj_training_container/training_ws/build/mineral_deposit_tracking': CMAKE_PREFIX_PATH=/home/ubuntu/rj_training_container/training_ws/install/stsl_interfaces:/home/ubuntu/rj_training_container/training_ws/install/stsl_desktop:/home/ubuntu/rj_training_container/training_ws/install/traini_bringup:/home/ubuntu/rj_training_container/training_ws/install/traini_gazebo:/home/ubuntu/rj_training_container/training_ws/install/traini_description:/home/ubuntu/rj_training_container/training_ws/install/teleop:/home/ubuntu/rj_training_container/training_ws/install/stsl_utils:/home/ubuntu/rj_training_container/training_ws/install/stsl_rviz_plugins:/home/ubuntu/rj_training_container/training_ws/install/stsl_nav_plugins:/home/ubuntu/rj_training_container/training_ws/install/mission_orchestration:/home/ubuntu/rj_training_container/training_ws/install/stsl_bt_nodes:/home/ubuntu/rj_training_container/training_ws/install/stsl_aruco_tags:/home/ubuntu/rj_training_container/training_ws/install/peak_finder:/home/ubuntu/rj_training_container/training_ws/install/mineral_deposit_tracking:/home/ubuntu/rj_training_container/training_ws/install/mineral_deposit_detection:/home/ubuntu/rj_training_container/training_ws/install/localization:/home/ubuntu/rj_training_container/training_ws/install/elevation_server:/home/ubuntu/rj_training_container/training_ws/install/coordinate_transform:/home/ubuntu/rj_training_container/training_ws/install/stsl_gazebo_plugins:/home/ubuntu/rj_training_container/training_ws/install/rj_training_bringup:/home/ubuntu/rj_training_container/training_ws/install/obstacle_detector:/home/ubuntu/rj_training_container/training_ws/install/mapping:/home/ubuntu/rj_training_container/training_ws/install/joystick_package:/home/ubuntu/rj_training_container/training_ws/install/joystick_msgs:/home/ubuntu/rj_training_container/training_ws/install/controllers:/home/ubuntu/rj_training_container/training_ws/install/astar_path_planner:/home/ubuntu/rj_training_container/training_ws/install/keyboard:/opt/ros/humble LD_LIBRARY_PATH=/home/ubuntu/rj_training_container/training_ws/install/stsl_interfaces/lib:/home/ubuntu/rj_training_container/training_ws/install/teleop/lib:/home/ubuntu/rj_training_container/training_ws/install/stsl_utils/lib:/home/ubuntu/rj_training_container/training_ws/install/stsl_rviz_plugins/lib:/home/ubuntu/rj_training_container/training_ws/install/stsl_nav_plugins/lib:/home/ubuntu/rj_training_container/training_ws/install/mission_orchestration/lib:/home/ubuntu/rj_training_container/training_ws/install/stsl_bt_nodes/lib:/home/ubuntu/rj_training_container/training_ws/install/stsl_aruco_tags/lib:/home/ubuntu/rj_training_container/training_ws/install/peak_finder/lib:/home/ubuntu/rj_training_container/training_ws/install/mineral_deposit_tracking/lib:/home/ubuntu/rj_training_container/training_ws/install/mineral_deposit_detection/lib:/home/ubuntu/rj_training_container/training_ws/install/localization/lib:/home/ubuntu/rj_training_container/training_ws/install/elevation_server/lib:/home/ubuntu/rj_training_container/training_ws/install/coordinate_transform/lib:/home/ubuntu/rj_training_container/training_ws/install/stsl_gazebo_plugins/lib:/home/ubuntu/rj_training_container/training_ws/install/obstacle_detector/lib:/home/ubuntu/rj_training_container/training_ws/install/mapping/lib:/home/ubuntu/rj_training_container/training_ws/install/joystick_package/lib:/home/ubuntu/rj_training_container/training_ws/install/joystick_msgs/lib:/home/ubuntu/rj_training_container/training_ws/install/controllers/lib:/home/ubuntu/rj_training_container/training_ws/install/astar_path_planner/lib:/usr/lib/x86_64-linux-gnu/gazebo-11/plugins:/opt/ros/humble/opt/rviz_ogre_vendor/lib:/opt/ros/humble/lib/x86_64-linux-gnu:/opt/ros/humble/lib /usr/bin/cmake --build /home/ubuntu/rj_training_container/training_ws/build/mineral_deposit_tracking -- -j16 -l16
[476.624s] DEBUG:colcon.colcon_core.event_handler.log_command:Invoking command in '/home/ubuntu/rj_training_container/training_ws/build/peak_finder': CMAKE_PREFIX_PATH=/home/ubuntu/rj_training_container/training_ws/install/stsl_interfaces:/home/ubuntu/rj_training_container/training_ws/install/stsl_desktop:/home/ubuntu/rj_training_container/training_ws/install/traini_bringup:/home/ubuntu/rj_training_container/training_ws/install/traini_gazebo:/home/ubuntu/rj_training_container/training_ws/install/traini_description:/home/ubuntu/rj_training_container/training_ws/install/teleop:/home/ubuntu/rj_training_container/training_ws/install/stsl_utils:/home/ubuntu/rj_training_container/training_ws/install/stsl_rviz_plugins:/home/ubuntu/rj_training_container/training_ws/install/stsl_nav_plugins:/home/ubuntu/rj_training_container/training_ws/install/mission_orchestration:/home/ubuntu/rj_training_container/training_ws/install/stsl_bt_nodes:/home/ubuntu/rj_training_container/training_ws/install/stsl_aruco_tags:/home/ubuntu/rj_training_container/training_ws/install/peak_finder:/home/ubuntu/rj_training_container/training_ws/install/mineral_deposit_tracking:/home/ubuntu/rj_training_container/training_ws/install/mineral_deposit_detection:/home/ubuntu/rj_training_container/training_ws/install/localization:/home/ubuntu/rj_training_container/training_ws/install/elevation_server:/home/ubuntu/rj_training_container/training_ws/install/coordinate_transform:/home/ubuntu/rj_training_container/training_ws/install/stsl_gazebo_plugins:/home/ubuntu/rj_training_container/training_ws/install/rj_training_bringup:/home/ubuntu/rj_training_container/training_ws/install/obstacle_detector:/home/ubuntu/rj_training_container/training_ws/install/mapping:/home/ubuntu/rj_training_container/training_ws/install/joystick_package:/home/ubuntu/rj_training_container/training_ws/install/joystick_msgs:/home/ubuntu/rj_training_container/training_ws/install/controllers:/home/ubuntu/rj_training_container/training_ws/install/astar_path_planner:/home/ubuntu/rj_training_container/training_ws/install/keyboard:/opt/ros/humble LD_LIBRARY_PATH=/home/ubuntu/rj_training_container/training_ws/install/stsl_interfaces/lib:/home/ubuntu/rj_training_container/training_ws/install/teleop/lib:/home/ubuntu/rj_training_container/training_ws/install/stsl_utils/lib:/home/ubuntu/rj_training_container/training_ws/install/stsl_rviz_plugins/lib:/home/ubuntu/rj_training_container/training_ws/install/stsl_nav_plugins/lib:/home/ubuntu/rj_training_container/training_ws/install/mission_orchestration/lib:/home/ubuntu/rj_training_container/training_ws/install/stsl_bt_nodes/lib:/home/ubuntu/rj_training_container/training_ws/install/stsl_aruco_tags/lib:/home/ubuntu/rj_training_container/training_ws/install/peak_finder/lib:/home/ubuntu/rj_training_container/training_ws/install/mineral_deposit_tracking/lib:/home/ubuntu/rj_training_container/training_ws/install/mineral_deposit_detection/lib:/home/ubuntu/rj_training_container/training_ws/install/localization/lib:/home/ubuntu/rj_training_container/training_ws/install/elevation_server/lib:/home/ubuntu/rj_training_container/training_ws/install/coordinate_transform/lib:/home/ubuntu/rj_training_container/training_ws/install/stsl_gazebo_plugins/lib:/home/ubuntu/rj_training_container/training_ws/install/obstacle_detector/lib:/home/ubuntu/rj_training_container/training_ws/install/mapping/lib:/home/ubuntu/rj_training_container/training_ws/install/joystick_package/lib:/home/ubuntu/rj_training_container/training_ws/install/joystick_msgs/lib:/home/ubuntu/rj_training_container/training_ws/install/controllers/lib:/home/ubuntu/rj_training_container/training_ws/install/astar_path_planner/lib:/usr/lib/x86_64-linux-gnu/gazebo-11/plugins:/opt/ros/humble/opt/rviz_ogre_vendor/lib:/opt/ros/humble/lib/x86_64-linux-gnu:/opt/ros/humble/lib /usr/bin/cmake --build /home/ubuntu/rj_training_container/training_ws/build/peak_finder -- -j16 -l16
[501.487s] DEBUG:colcon.colcon_core.event_handler.log_command:Invoked command in '/home/ubuntu/rj_training_container/training_ws/build/stsl_aruco_tags' returned '0': CMAKE_PREFIX_PATH=/home/ubuntu/rj_training_container/training_ws/install/stsl_interfaces:/home/ubuntu/rj_training_container/training_ws/install/stsl_desktop:/home/ubuntu/rj_training_container/training_ws/install/traini_bringup:/home/ubuntu/rj_training_container/training_ws/install/traini_gazebo:/home/ubuntu/rj_training_container/training_ws/install/traini_description:/home/ubuntu/rj_training_container/training_ws/install/teleop:/home/ubuntu/rj_training_container/training_ws/install/stsl_utils:/home/ubuntu/rj_training_container/training_ws/install/stsl_rviz_plugins:/home/ubuntu/rj_training_container/training_ws/install/stsl_nav_plugins:/home/ubuntu/rj_training_container/training_ws/install/mission_orchestration:/home/ubuntu/rj_training_container/training_ws/install/stsl_bt_nodes:/home/ubuntu/rj_training_container/training_ws/install/stsl_aruco_tags:/home/ubuntu/rj_training_container/training_ws/install/peak_finder:/home/ubuntu/rj_training_container/training_ws/install/mineral_deposit_tracking:/home/ubuntu/rj_training_container/training_ws/install/mineral_deposit_detection:/home/ubuntu/rj_training_container/training_ws/install/localization:/home/ubuntu/rj_training_container/training_ws/install/elevation_server:/home/ubuntu/rj_training_container/training_ws/install/coordinate_transform:/home/ubuntu/rj_training_container/training_ws/install/stsl_gazebo_plugins:/home/ubuntu/rj_training_container/training_ws/install/rj_training_bringup:/home/ubuntu/rj_training_container/training_ws/install/obstacle_detector:/home/ubuntu/rj_training_container/training_ws/install/mapping:/home/ubuntu/rj_training_container/training_ws/install/joystick_package:/home/ubuntu/rj_training_container/training_ws/install/joystick_msgs:/home/ubuntu/rj_training_container/training_ws/install/controllers:/home/ubuntu/rj_training_container/training_ws/install/astar_path_planner:/home/ubuntu/rj_training_container/training_ws/install/keyboard:/opt/ros/humble LD_LIBRARY_PATH=/home/ubuntu/rj_training_container/training_ws/install/stsl_interfaces/lib:/home/ubuntu/rj_training_container/training_ws/install/teleop/lib:/home/ubuntu/rj_training_container/training_ws/install/stsl_utils/lib:/home/ubuntu/rj_training_container/training_ws/install/stsl_rviz_plugins/lib:/home/ubuntu/rj_training_container/training_ws/install/stsl_nav_plugins/lib:/home/ubuntu/rj_training_container/training_ws/install/mission_orchestration/lib:/home/ubuntu/rj_training_container/training_ws/install/stsl_bt_nodes/lib:/home/ubuntu/rj_training_container/training_ws/install/stsl_aruco_tags/lib:/home/ubuntu/rj_training_container/training_ws/install/peak_finder/lib:/home/ubuntu/rj_training_container/training_ws/install/mineral_deposit_tracking/lib:/home/ubuntu/rj_training_container/training_ws/install/mineral_deposit_detection/lib:/home/ubuntu/rj_training_container/training_ws/install/localization/lib:/home/ubuntu/rj_training_container/training_ws/install/elevation_server/lib:/home/ubuntu/rj_training_container/training_ws/install/coordinate_transform/lib:/home/ubuntu/rj_training_container/training_ws/install/stsl_gazebo_plugins/lib:/home/ubuntu/rj_training_container/training_ws/install/obstacle_detector/lib:/home/ubuntu/rj_training_container/training_ws/install/mapping/lib:/home/ubuntu/rj_training_container/training_ws/install/joystick_package/lib:/home/ubuntu/rj_training_container/training_ws/install/joystick_msgs/lib:/home/ubuntu/rj_training_container/training_ws/install/controllers/lib:/home/ubuntu/rj_training_container/training_ws/install/astar_path_planner/lib:/usr/lib/x86_64-linux-gnu/gazebo-11/plugins:/opt/ros/humble/opt/rviz_ogre_vendor/lib:/opt/ros/humble/lib/x86_64-linux-gnu:/opt/ros/humble/lib /usr/bin/cmake --build /home/ubuntu/rj_training_container/training_ws/build/stsl_aruco_tags -- -j16 -l16
[501.554s] DEBUG:colcon.colcon_core.event_handler.log_command:Invoked command in '/home/ubuntu/rj_training_container/training_ws/build/elevation_server' returned '0': CMAKE_PREFIX_PATH=/home/ubuntu/rj_training_container/training_ws/install/stsl_interfaces:/home/ubuntu/rj_training_container/training_ws/install/stsl_desktop:/home/ubuntu/rj_training_container/training_ws/install/traini_bringup:/home/ubuntu/rj_training_container/training_ws/install/traini_gazebo:/home/ubuntu/rj_training_container/training_ws/install/traini_description:/home/ubuntu/rj_training_container/training_ws/install/teleop:/home/ubuntu/rj_training_container/training_ws/install/stsl_utils:/home/ubuntu/rj_training_container/training_ws/install/stsl_rviz_plugins:/home/ubuntu/rj_training_container/training_ws/install/stsl_nav_plugins:/home/ubuntu/rj_training_container/training_ws/install/mission_orchestration:/home/ubuntu/rj_training_container/training_ws/install/stsl_bt_nodes:/home/ubuntu/rj_training_container/training_ws/install/stsl_aruco_tags:/home/ubuntu/rj_training_container/training_ws/install/peak_finder:/home/ubuntu/rj_training_container/training_ws/install/mineral_deposit_tracking:/home/ubuntu/rj_training_container/training_ws/install/mineral_deposit_detection:/home/ubuntu/rj_training_container/training_ws/install/localization:/home/ubuntu/rj_training_container/training_ws/install/elevation_server:/home/ubuntu/rj_training_container/training_ws/install/coordinate_transform:/home/ubuntu/rj_training_container/training_ws/install/stsl_gazebo_plugins:/home/ubuntu/rj_training_container/training_ws/install/rj_training_bringup:/home/ubuntu/rj_training_container/training_ws/install/obstacle_detector:/home/ubuntu/rj_training_container/training_ws/install/mapping:/home/ubuntu/rj_training_container/training_ws/install/joystick_package:/home/ubuntu/rj_training_container/training_ws/install/joystick_msgs:/home/ubuntu/rj_training_container/training_ws/install/controllers:/home/ubuntu/rj_training_container/training_ws/install/astar_path_planner:/home/ubuntu/rj_training_container/training_ws/install/keyboard:/opt/ros/humble LD_LIBRARY_PATH=/home/ubuntu/rj_training_container/training_ws/install/stsl_interfaces/lib:/home/ubuntu/rj_training_container/training_ws/install/teleop/lib:/home/ubuntu/rj_training_container/training_ws/install/stsl_utils/lib:/home/ubuntu/rj_training_container/training_ws/install/stsl_rviz_plugins/lib:/home/ubuntu/rj_training_container/training_ws/install/stsl_nav_plugins/lib:/home/ubuntu/rj_training_container/training_ws/install/mission_orchestration/lib:/home/ubuntu/rj_training_container/training_ws/install/stsl_bt_nodes/lib:/home/ubuntu/rj_training_container/training_ws/install/stsl_aruco_tags/lib:/home/ubuntu/rj_training_container/training_ws/install/peak_finder/lib:/home/ubuntu/rj_training_container/training_ws/install/mineral_deposit_tracking/lib:/home/ubuntu/rj_training_container/training_ws/install/mineral_deposit_detection/lib:/home/ubuntu/rj_training_container/training_ws/install/localization/lib:/home/ubuntu/rj_training_container/training_ws/install/elevation_server/lib:/home/ubuntu/rj_training_container/training_ws/install/coordinate_transform/lib:/home/ubuntu/rj_training_container/training_ws/install/stsl_gazebo_plugins/lib:/home/ubuntu/rj_training_container/training_ws/install/obstacle_detector/lib:/home/ubuntu/rj_training_container/training_ws/install/mapping/lib:/home/ubuntu/rj_training_container/training_ws/install/joystick_package/lib:/home/ubuntu/rj_training_container/training_ws/install/joystick_msgs/lib:/home/ubuntu/rj_training_container/training_ws/install/controllers/lib:/home/ubuntu/rj_training_container/training_ws/install/astar_path_planner/lib:/usr/lib/x86_64-linux-gnu/gazebo-11/plugins:/opt/ros/humble/opt/rviz_ogre_vendor/lib:/opt/ros/humble/lib/x86_64-linux-gnu:/opt/ros/humble/lib /usr/bin/cmake --build /home/ubuntu/rj_training_container/training_ws/build/elevation_server -- -j16 -l16
[501.858s] DEBUG:colcon.colcon_core.event_handler.log_command:Invoked command in '/home/ubuntu/rj_training_container/training_ws/build/mineral_deposit_detection' returned '0': CMAKE_PREFIX_PATH=/home/ubuntu/rj_training_container/training_ws/install/stsl_interfaces:/home/ubuntu/rj_training_container/training_ws/install/stsl_desktop:/home/ubuntu/rj_training_container/training_ws/install/traini_bringup:/home/ubuntu/rj_training_container/training_ws/install/traini_gazebo:/home/ubuntu/rj_training_container/training_ws/install/traini_description:/home/ubuntu/rj_training_container/training_ws/install/teleop:/home/ubuntu/rj_training_container/training_ws/install/stsl_utils:/home/ubuntu/rj_training_container/training_ws/install/stsl_rviz_plugins:/home/ubuntu/rj_training_container/training_ws/install/stsl_nav_plugins:/home/ubuntu/rj_training_container/training_ws/install/mission_orchestration:/home/ubuntu/rj_training_container/training_ws/install/stsl_bt_nodes:/home/ubuntu/rj_training_container/training_ws/install/stsl_aruco_tags:/home/ubuntu/rj_training_container/training_ws/install/peak_finder:/home/ubuntu/rj_training_container/training_ws/install/mineral_deposit_tracking:/home/ubuntu/rj_training_container/training_ws/install/mineral_deposit_detection:/home/ubuntu/rj_training_container/training_ws/install/localization:/home/ubuntu/rj_training_container/training_ws/install/elevation_server:/home/ubuntu/rj_training_container/training_ws/install/coordinate_transform:/home/ubuntu/rj_training_container/training_ws/install/stsl_gazebo_plugins:/home/ubuntu/rj_training_container/training_ws/install/rj_training_bringup:/home/ubuntu/rj_training_container/training_ws/install/obstacle_detector:/home/ubuntu/rj_training_container/training_ws/install/mapping:/home/ubuntu/rj_training_container/training_ws/install/joystick_package:/home/ubuntu/rj_training_container/training_ws/install/joystick_msgs:/home/ubuntu/rj_training_container/training_ws/install/controllers:/home/ubuntu/rj_training_container/training_ws/install/astar_path_planner:/home/ubuntu/rj_training_container/training_ws/install/keyboard:/opt/ros/humble LD_LIBRARY_PATH=/home/ubuntu/rj_training_container/training_ws/install/stsl_interfaces/lib:/home/ubuntu/rj_training_container/training_ws/install/teleop/lib:/home/ubuntu/rj_training_container/training_ws/install/stsl_utils/lib:/home/ubuntu/rj_training_container/training_ws/install/stsl_rviz_plugins/lib:/home/ubuntu/rj_training_container/training_ws/install/stsl_nav_plugins/lib:/home/ubuntu/rj_training_container/training_ws/install/mission_orchestration/lib:/home/ubuntu/rj_training_container/training_ws/install/stsl_bt_nodes/lib:/home/ubuntu/rj_training_container/training_ws/install/stsl_aruco_tags/lib:/home/ubuntu/rj_training_container/training_ws/install/peak_finder/lib:/home/ubuntu/rj_training_container/training_ws/install/mineral_deposit_tracking/lib:/home/ubuntu/rj_training_container/training_ws/install/mineral_deposit_detection/lib:/home/ubuntu/rj_training_container/training_ws/install/localization/lib:/home/ubuntu/rj_training_container/training_ws/install/elevation_server/lib:/home/ubuntu/rj_training_container/training_ws/install/coordinate_transform/lib:/home/ubuntu/rj_training_container/training_ws/install/stsl_gazebo_plugins/lib:/home/ubuntu/rj_training_container/training_ws/install/obstacle_detector/lib:/home/ubuntu/rj_training_container/training_ws/install/mapping/lib:/home/ubuntu/rj_training_container/training_ws/install/joystick_package/lib:/home/ubuntu/rj_training_container/training_ws/install/joystick_msgs/lib:/home/ubuntu/rj_training_container/training_ws/install/controllers/lib:/home/ubuntu/rj_training_container/training_ws/install/astar_path_planner/lib:/usr/lib/x86_64-linux-gnu/gazebo-11/plugins:/opt/ros/humble/opt/rviz_ogre_vendor/lib:/opt/ros/humble/lib/x86_64-linux-gnu:/opt/ros/humble/lib /usr/bin/cmake --build /home/ubuntu/rj_training_container/training_ws/build/mineral_deposit_detection -- -j16 -l16
[502.450s] DEBUG:colcon.colcon_core.event_handler.log_command:Invoked command in '/home/ubuntu/rj_training_container/training_ws/build/stsl_bt_nodes' returned '0': CMAKE_PREFIX_PATH=/home/ubuntu/rj_training_container/training_ws/install/stsl_interfaces:/home/ubuntu/rj_training_container/training_ws/install/stsl_desktop:/home/ubuntu/rj_training_container/training_ws/install/traini_bringup:/home/ubuntu/rj_training_container/training_ws/install/traini_gazebo:/home/ubuntu/rj_training_container/training_ws/install/traini_description:/home/ubuntu/rj_training_container/training_ws/install/teleop:/home/ubuntu/rj_training_container/training_ws/install/stsl_utils:/home/ubuntu/rj_training_container/training_ws/install/stsl_rviz_plugins:/home/ubuntu/rj_training_container/training_ws/install/stsl_nav_plugins:/home/ubuntu/rj_training_container/training_ws/install/mission_orchestration:/home/ubuntu/rj_training_container/training_ws/install/stsl_bt_nodes:/home/ubuntu/rj_training_container/training_ws/install/stsl_aruco_tags:/home/ubuntu/rj_training_container/training_ws/install/peak_finder:/home/ubuntu/rj_training_container/training_ws/install/mineral_deposit_tracking:/home/ubuntu/rj_training_container/training_ws/install/mineral_deposit_detection:/home/ubuntu/rj_training_container/training_ws/install/localization:/home/ubuntu/rj_training_container/training_ws/install/elevation_server:/home/ubuntu/rj_training_container/training_ws/install/coordinate_transform:/home/ubuntu/rj_training_container/training_ws/install/stsl_gazebo_plugins:/home/ubuntu/rj_training_container/training_ws/install/rj_training_bringup:/home/ubuntu/rj_training_container/training_ws/install/obstacle_detector:/home/ubuntu/rj_training_container/training_ws/install/mapping:/home/ubuntu/rj_training_container/training_ws/install/joystick_package:/home/ubuntu/rj_training_container/training_ws/install/joystick_msgs:/home/ubuntu/rj_training_container/training_ws/install/controllers:/home/ubuntu/rj_training_container/training_ws/install/astar_path_planner:/home/ubuntu/rj_training_container/training_ws/install/keyboard:/opt/ros/humble LD_LIBRARY_PATH=/home/ubuntu/rj_training_container/training_ws/install/stsl_interfaces/lib:/home/ubuntu/rj_training_container/training_ws/install/teleop/lib:/home/ubuntu/rj_training_container/training_ws/install/stsl_utils/lib:/home/ubuntu/rj_training_container/training_ws/install/stsl_rviz_plugins/lib:/home/ubuntu/rj_training_container/training_ws/install/stsl_nav_plugins/lib:/home/ubuntu/rj_training_container/training_ws/install/mission_orchestration/lib:/home/ubuntu/rj_training_container/training_ws/install/stsl_bt_nodes/lib:/home/ubuntu/rj_training_container/training_ws/install/stsl_aruco_tags/lib:/home/ubuntu/rj_training_container/training_ws/install/peak_finder/lib:/home/ubuntu/rj_training_container/training_ws/install/mineral_deposit_tracking/lib:/home/ubuntu/rj_training_container/training_ws/install/mineral_deposit_detection/lib:/home/ubuntu/rj_training_container/training_ws/install/localization/lib:/home/ubuntu/rj_training_container/training_ws/install/elevation_server/lib:/home/ubuntu/rj_training_container/training_ws/install/coordinate_transform/lib:/home/ubuntu/rj_training_container/training_ws/install/stsl_gazebo_plugins/lib:/home/ubuntu/rj_training_container/training_ws/install/obstacle_detector/lib:/home/ubuntu/rj_training_container/training_ws/install/mapping/lib:/home/ubuntu/rj_training_container/training_ws/install/joystick_package/lib:/home/ubuntu/rj_training_container/training_ws/install/joystick_msgs/lib:/home/ubuntu/rj_training_container/training_ws/install/controllers/lib:/home/ubuntu/rj_training_container/training_ws/install/astar_path_planner/lib:/usr/lib/x86_64-linux-gnu/gazebo-11/plugins:/opt/ros/humble/opt/rviz_ogre_vendor/lib:/opt/ros/humble/lib/x86_64-linux-gnu:/opt/ros/humble/lib /usr/bin/cmake --build /home/ubuntu/rj_training_container/training_ws/build/stsl_bt_nodes -- -j16 -l16
[502.873s] DEBUG:colcon.colcon_core.event_handler.log_command:Invoked command in '/home/ubuntu/rj_training_container/training_ws/build/coordinate_transform' returned '0': CMAKE_PREFIX_PATH=/home/ubuntu/rj_training_container/training_ws/install/stsl_interfaces:/home/ubuntu/rj_training_container/training_ws/install/stsl_desktop:/home/ubuntu/rj_training_container/training_ws/install/traini_bringup:/home/ubuntu/rj_training_container/training_ws/install/traini_gazebo:/home/ubuntu/rj_training_container/training_ws/install/traini_description:/home/ubuntu/rj_training_container/training_ws/install/teleop:/home/ubuntu/rj_training_container/training_ws/install/stsl_utils:/home/ubuntu/rj_training_container/training_ws/install/stsl_rviz_plugins:/home/ubuntu/rj_training_container/training_ws/install/stsl_nav_plugins:/home/ubuntu/rj_training_container/training_ws/install/mission_orchestration:/home/ubuntu/rj_training_container/training_ws/install/stsl_bt_nodes:/home/ubuntu/rj_training_container/training_ws/install/stsl_aruco_tags:/home/ubuntu/rj_training_container/training_ws/install/peak_finder:/home/ubuntu/rj_training_container/training_ws/install/mineral_deposit_tracking:/home/ubuntu/rj_training_container/training_ws/install/mineral_deposit_detection:/home/ubuntu/rj_training_container/training_ws/install/localization:/home/ubuntu/rj_training_container/training_ws/install/elevation_server:/home/ubuntu/rj_training_container/training_ws/install/coordinate_transform:/home/ubuntu/rj_training_container/training_ws/install/stsl_gazebo_plugins:/home/ubuntu/rj_training_container/training_ws/install/rj_training_bringup:/home/ubuntu/rj_training_container/training_ws/install/obstacle_detector:/home/ubuntu/rj_training_container/training_ws/install/mapping:/home/ubuntu/rj_training_container/training_ws/install/joystick_package:/home/ubuntu/rj_training_container/training_ws/install/joystick_msgs:/home/ubuntu/rj_training_container/training_ws/install/controllers:/home/ubuntu/rj_training_container/training_ws/install/astar_path_planner:/home/ubuntu/rj_training_container/training_ws/install/keyboard:/opt/ros/humble LD_LIBRARY_PATH=/home/ubuntu/rj_training_container/training_ws/install/stsl_interfaces/lib:/home/ubuntu/rj_training_container/training_ws/install/teleop/lib:/home/ubuntu/rj_training_container/training_ws/install/stsl_utils/lib:/home/ubuntu/rj_training_container/training_ws/install/stsl_rviz_plugins/lib:/home/ubuntu/rj_training_container/training_ws/install/stsl_nav_plugins/lib:/home/ubuntu/rj_training_container/training_ws/install/mission_orchestration/lib:/home/ubuntu/rj_training_container/training_ws/install/stsl_bt_nodes/lib:/home/ubuntu/rj_training_container/training_ws/install/stsl_aruco_tags/lib:/home/ubuntu/rj_training_container/training_ws/install/peak_finder/lib:/home/ubuntu/rj_training_container/training_ws/install/mineral_deposit_tracking/lib:/home/ubuntu/rj_training_container/training_ws/install/mineral_deposit_detection/lib:/home/ubuntu/rj_training_container/training_ws/install/localization/lib:/home/ubuntu/rj_training_container/training_ws/install/elevation_server/lib:/home/ubuntu/rj_training_container/training_ws/install/coordinate_transform/lib:/home/ubuntu/rj_training_container/training_ws/install/stsl_gazebo_plugins/lib:/home/ubuntu/rj_training_container/training_ws/install/obstacle_detector/lib:/home/ubuntu/rj_training_container/training_ws/install/mapping/lib:/home/ubuntu/rj_training_container/training_ws/install/joystick_package/lib:/home/ubuntu/rj_training_container/training_ws/install/joystick_msgs/lib:/home/ubuntu/rj_training_container/training_ws/install/controllers/lib:/home/ubuntu/rj_training_container/training_ws/install/astar_path_planner/lib:/usr/lib/x86_64-linux-gnu/gazebo-11/plugins:/opt/ros/humble/opt/rviz_ogre_vendor/lib:/opt/ros/humble/lib/x86_64-linux-gnu:/opt/ros/humble/lib /usr/bin/cmake --build /home/ubuntu/rj_training_container/training_ws/build/coordinate_transform -- -j16 -l16
[503.583s] DEBUG:colcon.colcon_core.event_handler.log_command:Invoked command in '/home/ubuntu/rj_training_container/training_ws/build/localization' returned '0': CMAKE_PREFIX_PATH=/home/ubuntu/rj_training_container/training_ws/install/stsl_interfaces:/home/ubuntu/rj_training_container/training_ws/install/stsl_desktop:/home/ubuntu/rj_training_container/training_ws/install/traini_bringup:/home/ubuntu/rj_training_container/training_ws/install/traini_gazebo:/home/ubuntu/rj_training_container/training_ws/install/traini_description:/home/ubuntu/rj_training_container/training_ws/install/teleop:/home/ubuntu/rj_training_container/training_ws/install/stsl_utils:/home/ubuntu/rj_training_container/training_ws/install/stsl_rviz_plugins:/home/ubuntu/rj_training_container/training_ws/install/stsl_nav_plugins:/home/ubuntu/rj_training_container/training_ws/install/mission_orchestration:/home/ubuntu/rj_training_container/training_ws/install/stsl_bt_nodes:/home/ubuntu/rj_training_container/training_ws/install/stsl_aruco_tags:/home/ubuntu/rj_training_container/training_ws/install/peak_finder:/home/ubuntu/rj_training_container/training_ws/install/mineral_deposit_tracking:/home/ubuntu/rj_training_container/training_ws/install/mineral_deposit_detection:/home/ubuntu/rj_training_container/training_ws/install/localization:/home/ubuntu/rj_training_container/training_ws/install/elevation_server:/home/ubuntu/rj_training_container/training_ws/install/coordinate_transform:/home/ubuntu/rj_training_container/training_ws/install/stsl_gazebo_plugins:/home/ubuntu/rj_training_container/training_ws/install/rj_training_bringup:/home/ubuntu/rj_training_container/training_ws/install/obstacle_detector:/home/ubuntu/rj_training_container/training_ws/install/mapping:/home/ubuntu/rj_training_container/training_ws/install/joystick_package:/home/ubuntu/rj_training_container/training_ws/install/joystick_msgs:/home/ubuntu/rj_training_container/training_ws/install/controllers:/home/ubuntu/rj_training_container/training_ws/install/astar_path_planner:/home/ubuntu/rj_training_container/training_ws/install/keyboard:/opt/ros/humble LD_LIBRARY_PATH=/home/ubuntu/rj_training_container/training_ws/install/stsl_interfaces/lib:/home/ubuntu/rj_training_container/training_ws/install/teleop/lib:/home/ubuntu/rj_training_container/training_ws/install/stsl_utils/lib:/home/ubuntu/rj_training_container/training_ws/install/stsl_rviz_plugins/lib:/home/ubuntu/rj_training_container/training_ws/install/stsl_nav_plugins/lib:/home/ubuntu/rj_training_container/training_ws/install/mission_orchestration/lib:/home/ubuntu/rj_training_container/training_ws/install/stsl_bt_nodes/lib:/home/ubuntu/rj_training_container/training_ws/install/stsl_aruco_tags/lib:/home/ubuntu/rj_training_container/training_ws/install/peak_finder/lib:/home/ubuntu/rj_training_container/training_ws/install/mineral_deposit_tracking/lib:/home/ubuntu/rj_training_container/training_ws/install/mineral_deposit_detection/lib:/home/ubuntu/rj_training_container/training_ws/install/localization/lib:/home/ubuntu/rj_training_container/training_ws/install/elevation_server/lib:/home/ubuntu/rj_training_container/training_ws/install/coordinate_transform/lib:/home/ubuntu/rj_training_container/training_ws/install/stsl_gazebo_plugins/lib:/home/ubuntu/rj_training_container/training_ws/install/obstacle_detector/lib:/home/ubuntu/rj_training_container/training_ws/install/mapping/lib:/home/ubuntu/rj_training_container/training_ws/install/joystick_package/lib:/home/ubuntu/rj_training_container/training_ws/install/joystick_msgs/lib:/home/ubuntu/rj_training_container/training_ws/install/controllers/lib:/home/ubuntu/rj_training_container/training_ws/install/astar_path_planner/lib:/usr/lib/x86_64-linux-gnu/gazebo-11/plugins:/opt/ros/humble/opt/rviz_ogre_vendor/lib:/opt/ros/humble/lib/x86_64-linux-gnu:/opt/ros/humble/lib /usr/bin/cmake --build /home/ubuntu/rj_training_container/training_ws/build/localization -- -j16 -l16
[504.334s] DEBUG:colcon.colcon_core.event_handler.log_command:Invoked command in '/home/ubuntu/rj_training_container/training_ws/build/mineral_deposit_tracking' returned '0': CMAKE_PREFIX_PATH=/home/ubuntu/rj_training_container/training_ws/install/stsl_interfaces:/home/ubuntu/rj_training_container/training_ws/install/stsl_desktop:/home/ubuntu/rj_training_container/training_ws/install/traini_bringup:/home/ubuntu/rj_training_container/training_ws/install/traini_gazebo:/home/ubuntu/rj_training_container/training_ws/install/traini_description:/home/ubuntu/rj_training_container/training_ws/install/teleop:/home/ubuntu/rj_training_container/training_ws/install/stsl_utils:/home/ubuntu/rj_training_container/training_ws/install/stsl_rviz_plugins:/home/ubuntu/rj_training_container/training_ws/install/stsl_nav_plugins:/home/ubuntu/rj_training_container/training_ws/install/mission_orchestration:/home/ubuntu/rj_training_container/training_ws/install/stsl_bt_nodes:/home/ubuntu/rj_training_container/training_ws/install/stsl_aruco_tags:/home/ubuntu/rj_training_container/training_ws/install/peak_finder:/home/ubuntu/rj_training_container/training_ws/install/mineral_deposit_tracking:/home/ubuntu/rj_training_container/training_ws/install/mineral_deposit_detection:/home/ubuntu/rj_training_container/training_ws/install/localization:/home/ubuntu/rj_training_container/training_ws/install/elevation_server:/home/ubuntu/rj_training_container/training_ws/install/coordinate_transform:/home/ubuntu/rj_training_container/training_ws/install/stsl_gazebo_plugins:/home/ubuntu/rj_training_container/training_ws/install/rj_training_bringup:/home/ubuntu/rj_training_container/training_ws/install/obstacle_detector:/home/ubuntu/rj_training_container/training_ws/install/mapping:/home/ubuntu/rj_training_container/training_ws/install/joystick_package:/home/ubuntu/rj_training_container/training_ws/install/joystick_msgs:/home/ubuntu/rj_training_container/training_ws/install/controllers:/home/ubuntu/rj_training_container/training_ws/install/astar_path_planner:/home/ubuntu/rj_training_container/training_ws/install/keyboard:/opt/ros/humble LD_LIBRARY_PATH=/home/ubuntu/rj_training_container/training_ws/install/stsl_interfaces/lib:/home/ubuntu/rj_training_container/training_ws/install/teleop/lib:/home/ubuntu/rj_training_container/training_ws/install/stsl_utils/lib:/home/ubuntu/rj_training_container/training_ws/install/stsl_rviz_plugins/lib:/home/ubuntu/rj_training_container/training_ws/install/stsl_nav_plugins/lib:/home/ubuntu/rj_training_container/training_ws/install/mission_orchestration/lib:/home/ubuntu/rj_training_container/training_ws/install/stsl_bt_nodes/lib:/home/ubuntu/rj_training_container/training_ws/install/stsl_aruco_tags/lib:/home/ubuntu/rj_training_container/training_ws/install/peak_finder/lib:/home/ubuntu/rj_training_container/training_ws/install/mineral_deposit_tracking/lib:/home/ubuntu/rj_training_container/training_ws/install/mineral_deposit_detection/lib:/home/ubuntu/rj_training_container/training_ws/install/localization/lib:/home/ubuntu/rj_training_container/training_ws/install/elevation_server/lib:/home/ubuntu/rj_training_container/training_ws/install/coordinate_transform/lib:/home/ubuntu/rj_training_container/training_ws/install/stsl_gazebo_plugins/lib:/home/ubuntu/rj_training_container/training_ws/install/obstacle_detector/lib:/home/ubuntu/rj_training_container/training_ws/install/mapping/lib:/home/ubuntu/rj_training_container/training_ws/install/joystick_package/lib:/home/ubuntu/rj_training_container/training_ws/install/joystick_msgs/lib:/home/ubuntu/rj_training_container/training_ws/install/controllers/lib:/home/ubuntu/rj_training_container/training_ws/install/astar_path_planner/lib:/usr/lib/x86_64-linux-gnu/gazebo-11/plugins:/opt/ros/humble/opt/rviz_ogre_vendor/lib:/opt/ros/humble/lib/x86_64-linux-gnu:/opt/ros/humble/lib /usr/bin/cmake --build /home/ubuntu/rj_training_container/training_ws/build/mineral_deposit_tracking -- -j16 -l16
[505.670s] DEBUG:colcon.colcon_core.event_handler.log_command:Invoked command in '/home/ubuntu/rj_training_container/training_ws/build/peak_finder' returned '0': CMAKE_PREFIX_PATH=/home/ubuntu/rj_training_container/training_ws/install/stsl_interfaces:/home/ubuntu/rj_training_container/training_ws/install/stsl_desktop:/home/ubuntu/rj_training_container/training_ws/install/traini_bringup:/home/ubuntu/rj_training_container/training_ws/install/traini_gazebo:/home/ubuntu/rj_training_container/training_ws/install/traini_description:/home/ubuntu/rj_training_container/training_ws/install/teleop:/home/ubuntu/rj_training_container/training_ws/install/stsl_utils:/home/ubuntu/rj_training_container/training_ws/install/stsl_rviz_plugins:/home/ubuntu/rj_training_container/training_ws/install/stsl_nav_plugins:/home/ubuntu/rj_training_container/training_ws/install/mission_orchestration:/home/ubuntu/rj_training_container/training_ws/install/stsl_bt_nodes:/home/ubuntu/rj_training_container/training_ws/install/stsl_aruco_tags:/home/ubuntu/rj_training_container/training_ws/install/peak_finder:/home/ubuntu/rj_training_container/training_ws/install/mineral_deposit_tracking:/home/ubuntu/rj_training_container/training_ws/install/mineral_deposit_detection:/home/ubuntu/rj_training_container/training_ws/install/localization:/home/ubuntu/rj_training_container/training_ws/install/elevation_server:/home/ubuntu/rj_training_container/training_ws/install/coordinate_transform:/home/ubuntu/rj_training_container/training_ws/install/stsl_gazebo_plugins:/home/ubuntu/rj_training_container/training_ws/install/rj_training_bringup:/home/ubuntu/rj_training_container/training_ws/install/obstacle_detector:/home/ubuntu/rj_training_container/training_ws/install/mapping:/home/ubuntu/rj_training_container/training_ws/install/joystick_package:/home/ubuntu/rj_training_container/training_ws/install/joystick_msgs:/home/ubuntu/rj_training_container/training_ws/install/controllers:/home/ubuntu/rj_training_container/training_ws/install/astar_path_planner:/home/ubuntu/rj_training_container/training_ws/install/keyboard:/opt/ros/humble LD_LIBRARY_PATH=/home/ubuntu/rj_training_container/training_ws/install/stsl_interfaces/lib:/home/ubuntu/rj_training_container/training_ws/install/teleop/lib:/home/ubuntu/rj_training_container/training_ws/install/stsl_utils/lib:/home/ubuntu/rj_training_container/training_ws/install/stsl_rviz_plugins/lib:/home/ubuntu/rj_training_container/training_ws/install/stsl_nav_plugins/lib:/home/ubuntu/rj_training_container/training_ws/install/mission_orchestration/lib:/home/ubuntu/rj_training_container/training_ws/install/stsl_bt_nodes/lib:/home/ubuntu/rj_training_container/training_ws/install/stsl_aruco_tags/lib:/home/ubuntu/rj_training_container/training_ws/install/peak_finder/lib:/home/ubuntu/rj_training_container/training_ws/install/mineral_deposit_tracking/lib:/home/ubuntu/rj_training_container/training_ws/install/mineral_deposit_detection/lib:/home/ubuntu/rj_training_container/training_ws/install/localization/lib:/home/ubuntu/rj_training_container/training_ws/install/elevation_server/lib:/home/ubuntu/rj_training_container/training_ws/install/coordinate_transform/lib:/home/ubuntu/rj_training_container/training_ws/install/stsl_gazebo_plugins/lib:/home/ubuntu/rj_training_container/training_ws/install/obstacle_detector/lib:/home/ubuntu/rj_training_container/training_ws/install/mapping/lib:/home/ubuntu/rj_training_container/training_ws/install/joystick_package/lib:/home/ubuntu/rj_training_container/training_ws/install/joystick_msgs/lib:/home/ubuntu/rj_training_container/training_ws/install/controllers/lib:/home/ubuntu/rj_training_container/training_ws/install/astar_path_planner/lib:/usr/lib/x86_64-linux-gnu/gazebo-11/plugins:/opt/ros/humble/opt/rviz_ogre_vendor/lib:/opt/ros/humble/lib/x86_64-linux-gnu:/opt/ros/humble/lib /usr/bin/cmake --build /home/ubuntu/rj_training_container/training_ws/build/peak_finder -- -j16 -l16
[521.111s] DEBUG:colcon.colcon_core.event_handler.log_command:Invoked command in '/home/ubuntu/rj_training_container/training_ws/build/stsl_rviz_plugins' returned '0': CMAKE_PREFIX_PATH=/home/ubuntu/rj_training_container/training_ws/install/stsl_interfaces:/home/ubuntu/rj_training_container/training_ws/install/stsl_desktop:/home/ubuntu/rj_training_container/training_ws/install/traini_bringup:/home/ubuntu/rj_training_container/training_ws/install/traini_gazebo:/home/ubuntu/rj_training_container/training_ws/install/traini_description:/home/ubuntu/rj_training_container/training_ws/install/teleop:/home/ubuntu/rj_training_container/training_ws/install/stsl_utils:/home/ubuntu/rj_training_container/training_ws/install/stsl_rviz_plugins:/home/ubuntu/rj_training_container/training_ws/install/stsl_nav_plugins:/home/ubuntu/rj_training_container/training_ws/install/mission_orchestration:/home/ubuntu/rj_training_container/training_ws/install/stsl_bt_nodes:/home/ubuntu/rj_training_container/training_ws/install/stsl_aruco_tags:/home/ubuntu/rj_training_container/training_ws/install/peak_finder:/home/ubuntu/rj_training_container/training_ws/install/mineral_deposit_tracking:/home/ubuntu/rj_training_container/training_ws/install/mineral_deposit_detection:/home/ubuntu/rj_training_container/training_ws/install/localization:/home/ubuntu/rj_training_container/training_ws/install/elevation_server:/home/ubuntu/rj_training_container/training_ws/install/coordinate_transform:/home/ubuntu/rj_training_container/training_ws/install/stsl_gazebo_plugins:/home/ubuntu/rj_training_container/training_ws/install/rj_training_bringup:/home/ubuntu/rj_training_container/training_ws/install/obstacle_detector:/home/ubuntu/rj_training_container/training_ws/install/mapping:/home/ubuntu/rj_training_container/training_ws/install/joystick_package:/home/ubuntu/rj_training_container/training_ws/install/joystick_msgs:/home/ubuntu/rj_training_container/training_ws/install/controllers:/home/ubuntu/rj_training_container/training_ws/install/astar_path_planner:/home/ubuntu/rj_training_container/training_ws/install/keyboard:/opt/ros/humble LD_LIBRARY_PATH=/home/ubuntu/rj_training_container/training_ws/install/stsl_interfaces/lib:/home/ubuntu/rj_training_container/training_ws/install/teleop/lib:/home/ubuntu/rj_training_container/training_ws/install/stsl_utils/lib:/home/ubuntu/rj_training_container/training_ws/install/stsl_rviz_plugins/lib:/home/ubuntu/rj_training_container/training_ws/install/stsl_nav_plugins/lib:/home/ubuntu/rj_training_container/training_ws/install/mission_orchestration/lib:/home/ubuntu/rj_training_container/training_ws/install/stsl_bt_nodes/lib:/home/ubuntu/rj_training_container/training_ws/install/stsl_aruco_tags/lib:/home/ubuntu/rj_training_container/training_ws/install/peak_finder/lib:/home/ubuntu/rj_training_container/training_ws/install/mineral_deposit_tracking/lib:/home/ubuntu/rj_training_container/training_ws/install/mineral_deposit_detection/lib:/home/ubuntu/rj_training_container/training_ws/install/localization/lib:/home/ubuntu/rj_training_container/training_ws/install/elevation_server/lib:/home/ubuntu/rj_training_container/training_ws/install/coordinate_transform/lib:/home/ubuntu/rj_training_container/training_ws/install/stsl_gazebo_plugins/lib:/home/ubuntu/rj_training_container/training_ws/install/obstacle_detector/lib:/home/ubuntu/rj_training_container/training_ws/install/mapping/lib:/home/ubuntu/rj_training_container/training_ws/install/joystick_package/lib:/home/ubuntu/rj_training_container/training_ws/install/joystick_msgs/lib:/home/ubuntu/rj_training_container/training_ws/install/controllers/lib:/home/ubuntu/rj_training_container/training_ws/install/astar_path_planner/lib:/usr/lib/x86_64-linux-gnu/gazebo-11/plugins:/opt/ros/humble/opt/rviz_ogre_vendor/lib:/opt/ros/humble/lib/x86_64-linux-gnu:/opt/ros/humble/lib /usr/bin/cmake --build /home/ubuntu/rj_training_container/training_ws/build/stsl_rviz_plugins -- -j16 -l16
[525.322s] DEBUG:colcon.colcon_core.event_handler.log_command:Invoking command in '/home/ubuntu/rj_training_container/training_ws/build/elevation_server': CMAKE_PREFIX_PATH=/home/ubuntu/rj_training_container/training_ws/install/stsl_interfaces:/home/ubuntu/rj_training_container/training_ws/install/stsl_desktop:/home/ubuntu/rj_training_container/training_ws/install/traini_bringup:/home/ubuntu/rj_training_container/training_ws/install/traini_gazebo:/home/ubuntu/rj_training_container/training_ws/install/traini_description:/home/ubuntu/rj_training_container/training_ws/install/teleop:/home/ubuntu/rj_training_container/training_ws/install/stsl_utils:/home/ubuntu/rj_training_container/training_ws/install/stsl_rviz_plugins:/home/ubuntu/rj_training_container/training_ws/install/stsl_nav_plugins:/home/ubuntu/rj_training_container/training_ws/install/mission_orchestration:/home/ubuntu/rj_training_container/training_ws/install/stsl_bt_nodes:/home/ubuntu/rj_training_container/training_ws/install/stsl_aruco_tags:/home/ubuntu/rj_training_container/training_ws/install/peak_finder:/home/ubuntu/rj_training_container/training_ws/install/mineral_deposit_tracking:/home/ubuntu/rj_training_container/training_ws/install/mineral_deposit_detection:/home/ubuntu/rj_training_container/training_ws/install/localization:/home/ubuntu/rj_training_container/training_ws/install/elevation_server:/home/ubuntu/rj_training_container/training_ws/install/coordinate_transform:/home/ubuntu/rj_training_container/training_ws/install/stsl_gazebo_plugins:/home/ubuntu/rj_training_container/training_ws/install/rj_training_bringup:/home/ubuntu/rj_training_container/training_ws/install/obstacle_detector:/home/ubuntu/rj_training_container/training_ws/install/mapping:/home/ubuntu/rj_training_container/training_ws/install/joystick_package:/home/ubuntu/rj_training_container/training_ws/install/joystick_msgs:/home/ubuntu/rj_training_container/training_ws/install/controllers:/home/ubuntu/rj_training_container/training_ws/install/astar_path_planner:/home/ubuntu/rj_training_container/training_ws/install/keyboard:/opt/ros/humble LD_LIBRARY_PATH=/home/ubuntu/rj_training_container/training_ws/install/stsl_interfaces/lib:/home/ubuntu/rj_training_container/training_ws/install/teleop/lib:/home/ubuntu/rj_training_container/training_ws/install/stsl_utils/lib:/home/ubuntu/rj_training_container/training_ws/install/stsl_rviz_plugins/lib:/home/ubuntu/rj_training_container/training_ws/install/stsl_nav_plugins/lib:/home/ubuntu/rj_training_container/training_ws/install/mission_orchestration/lib:/home/ubuntu/rj_training_container/training_ws/install/stsl_bt_nodes/lib:/home/ubuntu/rj_training_container/training_ws/install/stsl_aruco_tags/lib:/home/ubuntu/rj_training_container/training_ws/install/peak_finder/lib:/home/ubuntu/rj_training_container/training_ws/install/mineral_deposit_tracking/lib:/home/ubuntu/rj_training_container/training_ws/install/mineral_deposit_detection/lib:/home/ubuntu/rj_training_container/training_ws/install/localization/lib:/home/ubuntu/rj_training_container/training_ws/install/elevation_server/lib:/home/ubuntu/rj_training_container/training_ws/install/coordinate_transform/lib:/home/ubuntu/rj_training_container/training_ws/install/stsl_gazebo_plugins/lib:/home/ubuntu/rj_training_container/training_ws/install/obstacle_detector/lib:/home/ubuntu/rj_training_container/training_ws/install/mapping/lib:/home/ubuntu/rj_training_container/training_ws/install/joystick_package/lib:/home/ubuntu/rj_training_container/training_ws/install/joystick_msgs/lib:/home/ubuntu/rj_training_container/training_ws/install/controllers/lib:/home/ubuntu/rj_training_container/training_ws/install/astar_path_planner/lib:/usr/lib/x86_64-linux-gnu/gazebo-11/plugins:/opt/ros/humble/opt/rviz_ogre_vendor/lib:/opt/ros/humble/lib/x86_64-linux-gnu:/opt/ros/humble/lib /usr/bin/cmake --install /home/ubuntu/rj_training_container/training_ws/build/elevation_server
[525.460s] DEBUG:colcon.colcon_core.event_handler.log_command:Invoking command in '/home/ubuntu/rj_training_container/training_ws/build/mineral_deposit_detection': CMAKE_PREFIX_PATH=/home/ubuntu/rj_training_container/training_ws/install/stsl_interfaces:/home/ubuntu/rj_training_container/training_ws/install/stsl_desktop:/home/ubuntu/rj_training_container/training_ws/install/traini_bringup:/home/ubuntu/rj_training_container/training_ws/install/traini_gazebo:/home/ubuntu/rj_training_container/training_ws/install/traini_description:/home/ubuntu/rj_training_container/training_ws/install/teleop:/home/ubuntu/rj_training_container/training_ws/install/stsl_utils:/home/ubuntu/rj_training_container/training_ws/install/stsl_rviz_plugins:/home/ubuntu/rj_training_container/training_ws/install/stsl_nav_plugins:/home/ubuntu/rj_training_container/training_ws/install/mission_orchestration:/home/ubuntu/rj_training_container/training_ws/install/stsl_bt_nodes:/home/ubuntu/rj_training_container/training_ws/install/stsl_aruco_tags:/home/ubuntu/rj_training_container/training_ws/install/peak_finder:/home/ubuntu/rj_training_container/training_ws/install/mineral_deposit_tracking:/home/ubuntu/rj_training_container/training_ws/install/mineral_deposit_detection:/home/ubuntu/rj_training_container/training_ws/install/localization:/home/ubuntu/rj_training_container/training_ws/install/elevation_server:/home/ubuntu/rj_training_container/training_ws/install/coordinate_transform:/home/ubuntu/rj_training_container/training_ws/install/stsl_gazebo_plugins:/home/ubuntu/rj_training_container/training_ws/install/rj_training_bringup:/home/ubuntu/rj_training_container/training_ws/install/obstacle_detector:/home/ubuntu/rj_training_container/training_ws/install/mapping:/home/ubuntu/rj_training_container/training_ws/install/joystick_package:/home/ubuntu/rj_training_container/training_ws/install/joystick_msgs:/home/ubuntu/rj_training_container/training_ws/install/controllers:/home/ubuntu/rj_training_container/training_ws/install/astar_path_planner:/home/ubuntu/rj_training_container/training_ws/install/keyboard:/opt/ros/humble LD_LIBRARY_PATH=/home/ubuntu/rj_training_container/training_ws/install/stsl_interfaces/lib:/home/ubuntu/rj_training_container/training_ws/install/teleop/lib:/home/ubuntu/rj_training_container/training_ws/install/stsl_utils/lib:/home/ubuntu/rj_training_container/training_ws/install/stsl_rviz_plugins/lib:/home/ubuntu/rj_training_container/training_ws/install/stsl_nav_plugins/lib:/home/ubuntu/rj_training_container/training_ws/install/mission_orchestration/lib:/home/ubuntu/rj_training_container/training_ws/install/stsl_bt_nodes/lib:/home/ubuntu/rj_training_container/training_ws/install/stsl_aruco_tags/lib:/home/ubuntu/rj_training_container/training_ws/install/peak_finder/lib:/home/ubuntu/rj_training_container/training_ws/install/mineral_deposit_tracking/lib:/home/ubuntu/rj_training_container/training_ws/install/mineral_deposit_detection/lib:/home/ubuntu/rj_training_container/training_ws/install/localization/lib:/home/ubuntu/rj_training_container/training_ws/install/elevation_server/lib:/home/ubuntu/rj_training_container/training_ws/install/coordinate_transform/lib:/home/ubuntu/rj_training_container/training_ws/install/stsl_gazebo_plugins/lib:/home/ubuntu/rj_training_container/training_ws/install/obstacle_detector/lib:/home/ubuntu/rj_training_container/training_ws/install/mapping/lib:/home/ubuntu/rj_training_container/training_ws/install/joystick_package/lib:/home/ubuntu/rj_training_container/training_ws/install/joystick_msgs/lib:/home/ubuntu/rj_training_container/training_ws/install/controllers/lib:/home/ubuntu/rj_training_container/training_ws/install/astar_path_planner/lib:/usr/lib/x86_64-linux-gnu/gazebo-11/plugins:/opt/ros/humble/opt/rviz_ogre_vendor/lib:/opt/ros/humble/lib/x86_64-linux-gnu:/opt/ros/humble/lib /usr/bin/cmake --install /home/ubuntu/rj_training_container/training_ws/build/mineral_deposit_detection
[526.460s] DEBUG:colcon.colcon_core.event_handler.log_command:Invoking command in '/home/ubuntu/rj_training_container/training_ws/build/coordinate_transform': CMAKE_PREFIX_PATH=/home/ubuntu/rj_training_container/training_ws/install/stsl_interfaces:/home/ubuntu/rj_training_container/training_ws/install/stsl_desktop:/home/ubuntu/rj_training_container/training_ws/install/traini_bringup:/home/ubuntu/rj_training_container/training_ws/install/traini_gazebo:/home/ubuntu/rj_training_container/training_ws/install/traini_description:/home/ubuntu/rj_training_container/training_ws/install/teleop:/home/ubuntu/rj_training_container/training_ws/install/stsl_utils:/home/ubuntu/rj_training_container/training_ws/install/stsl_rviz_plugins:/home/ubuntu/rj_training_container/training_ws/install/stsl_nav_plugins:/home/ubuntu/rj_training_container/training_ws/install/mission_orchestration:/home/ubuntu/rj_training_container/training_ws/install/stsl_bt_nodes:/home/ubuntu/rj_training_container/training_ws/install/stsl_aruco_tags:/home/ubuntu/rj_training_container/training_ws/install/peak_finder:/home/ubuntu/rj_training_container/training_ws/install/mineral_deposit_tracking:/home/ubuntu/rj_training_container/training_ws/install/mineral_deposit_detection:/home/ubuntu/rj_training_container/training_ws/install/localization:/home/ubuntu/rj_training_container/training_ws/install/elevation_server:/home/ubuntu/rj_training_container/training_ws/install/coordinate_transform:/home/ubuntu/rj_training_container/training_ws/install/stsl_gazebo_plugins:/home/ubuntu/rj_training_container/training_ws/install/rj_training_bringup:/home/ubuntu/rj_training_container/training_ws/install/obstacle_detector:/home/ubuntu/rj_training_container/training_ws/install/mapping:/home/ubuntu/rj_training_container/training_ws/install/joystick_package:/home/ubuntu/rj_training_container/training_ws/install/joystick_msgs:/home/ubuntu/rj_training_container/training_ws/install/controllers:/home/ubuntu/rj_training_container/training_ws/install/astar_path_planner:/home/ubuntu/rj_training_container/training_ws/install/keyboard:/opt/ros/humble LD_LIBRARY_PATH=/home/ubuntu/rj_training_container/training_ws/install/stsl_interfaces/lib:/home/ubuntu/rj_training_container/training_ws/install/teleop/lib:/home/ubuntu/rj_training_container/training_ws/install/stsl_utils/lib:/home/ubuntu/rj_training_container/training_ws/install/stsl_rviz_plugins/lib:/home/ubuntu/rj_training_container/training_ws/install/stsl_nav_plugins/lib:/home/ubuntu/rj_training_container/training_ws/install/mission_orchestration/lib:/home/ubuntu/rj_training_container/training_ws/install/stsl_bt_nodes/lib:/home/ubuntu/rj_training_container/training_ws/install/stsl_aruco_tags/lib:/home/ubuntu/rj_training_container/training_ws/install/peak_finder/lib:/home/ubuntu/rj_training_container/training_ws/install/mineral_deposit_tracking/lib:/home/ubuntu/rj_training_container/training_ws/install/mineral_deposit_detection/lib:/home/ubuntu/rj_training_container/training_ws/install/localization/lib:/home/ubuntu/rj_training_container/training_ws/install/elevation_server/lib:/home/ubuntu/rj_training_container/training_ws/install/coordinate_transform/lib:/home/ubuntu/rj_training_container/training_ws/install/stsl_gazebo_plugins/lib:/home/ubuntu/rj_training_container/training_ws/install/obstacle_detector/lib:/home/ubuntu/rj_training_container/training_ws/install/mapping/lib:/home/ubuntu/rj_training_container/training_ws/install/joystick_package/lib:/home/ubuntu/rj_training_container/training_ws/install/joystick_msgs/lib:/home/ubuntu/rj_training_container/training_ws/install/controllers/lib:/home/ubuntu/rj_training_container/training_ws/install/astar_path_planner/lib:/usr/lib/x86_64-linux-gnu/gazebo-11/plugins:/opt/ros/humble/opt/rviz_ogre_vendor/lib:/opt/ros/humble/lib/x86_64-linux-gnu:/opt/ros/humble/lib /usr/bin/cmake --install /home/ubuntu/rj_training_container/training_ws/build/coordinate_transform
[527.539s] DEBUG:colcon.colcon_core.event_handler.log_command:Invoking command in '/home/ubuntu/rj_training_container/training_ws/build/mineral_deposit_tracking': CMAKE_PREFIX_PATH=/home/ubuntu/rj_training_container/training_ws/install/stsl_interfaces:/home/ubuntu/rj_training_container/training_ws/install/stsl_desktop:/home/ubuntu/rj_training_container/training_ws/install/traini_bringup:/home/ubuntu/rj_training_container/training_ws/install/traini_gazebo:/home/ubuntu/rj_training_container/training_ws/install/traini_description:/home/ubuntu/rj_training_container/training_ws/install/teleop:/home/ubuntu/rj_training_container/training_ws/install/stsl_utils:/home/ubuntu/rj_training_container/training_ws/install/stsl_rviz_plugins:/home/ubuntu/rj_training_container/training_ws/install/stsl_nav_plugins:/home/ubuntu/rj_training_container/training_ws/install/mission_orchestration:/home/ubuntu/rj_training_container/training_ws/install/stsl_bt_nodes:/home/ubuntu/rj_training_container/training_ws/install/stsl_aruco_tags:/home/ubuntu/rj_training_container/training_ws/install/peak_finder:/home/ubuntu/rj_training_container/training_ws/install/mineral_deposit_tracking:/home/ubuntu/rj_training_container/training_ws/install/mineral_deposit_detection:/home/ubuntu/rj_training_container/training_ws/install/localization:/home/ubuntu/rj_training_container/training_ws/install/elevation_server:/home/ubuntu/rj_training_container/training_ws/install/coordinate_transform:/home/ubuntu/rj_training_container/training_ws/install/stsl_gazebo_plugins:/home/ubuntu/rj_training_container/training_ws/install/rj_training_bringup:/home/ubuntu/rj_training_container/training_ws/install/obstacle_detector:/home/ubuntu/rj_training_container/training_ws/install/mapping:/home/ubuntu/rj_training_container/training_ws/install/joystick_package:/home/ubuntu/rj_training_container/training_ws/install/joystick_msgs:/home/ubuntu/rj_training_container/training_ws/install/controllers:/home/ubuntu/rj_training_container/training_ws/install/astar_path_planner:/home/ubuntu/rj_training_container/training_ws/install/keyboard:/opt/ros/humble LD_LIBRARY_PATH=/home/ubuntu/rj_training_container/training_ws/install/stsl_interfaces/lib:/home/ubuntu/rj_training_container/training_ws/install/teleop/lib:/home/ubuntu/rj_training_container/training_ws/install/stsl_utils/lib:/home/ubuntu/rj_training_container/training_ws/install/stsl_rviz_plugins/lib:/home/ubuntu/rj_training_container/training_ws/install/stsl_nav_plugins/lib:/home/ubuntu/rj_training_container/training_ws/install/mission_orchestration/lib:/home/ubuntu/rj_training_container/training_ws/install/stsl_bt_nodes/lib:/home/ubuntu/rj_training_container/training_ws/install/stsl_aruco_tags/lib:/home/ubuntu/rj_training_container/training_ws/install/peak_finder/lib:/home/ubuntu/rj_training_container/training_ws/install/mineral_deposit_tracking/lib:/home/ubuntu/rj_training_container/training_ws/install/mineral_deposit_detection/lib:/home/ubuntu/rj_training_container/training_ws/install/localization/lib:/home/ubuntu/rj_training_container/training_ws/install/elevation_server/lib:/home/ubuntu/rj_training_container/training_ws/install/coordinate_transform/lib:/home/ubuntu/rj_training_container/training_ws/install/stsl_gazebo_plugins/lib:/home/ubuntu/rj_training_container/training_ws/install/obstacle_detector/lib:/home/ubuntu/rj_training_container/training_ws/install/mapping/lib:/home/ubuntu/rj_training_container/training_ws/install/joystick_package/lib:/home/ubuntu/rj_training_container/training_ws/install/joystick_msgs/lib:/home/ubuntu/rj_training_container/training_ws/install/controllers/lib:/home/ubuntu/rj_training_container/training_ws/install/astar_path_planner/lib:/usr/lib/x86_64-linux-gnu/gazebo-11/plugins:/opt/ros/humble/opt/rviz_ogre_vendor/lib:/opt/ros/humble/lib/x86_64-linux-gnu:/opt/ros/humble/lib /usr/bin/cmake --install /home/ubuntu/rj_training_container/training_ws/build/mineral_deposit_tracking
[529.951s] Level 1:colcon.colcon_core.environment:create_environment_scripts_only(mineral_deposit_detection)
[529.952s] Level 1:colcon.colcon_core.environment:checking '/home/ubuntu/rj_training_container/training_ws/install/mineral_deposit_detection' for CMake module files
[529.954s] DEBUG:colcon.colcon_core.event_handler.log_command:Invoked command in '/home/ubuntu/rj_training_container/training_ws/build/mineral_deposit_detection' returned '0': CMAKE_PREFIX_PATH=/home/ubuntu/rj_training_container/training_ws/install/stsl_interfaces:/home/ubuntu/rj_training_container/training_ws/install/stsl_desktop:/home/ubuntu/rj_training_container/training_ws/install/traini_bringup:/home/ubuntu/rj_training_container/training_ws/install/traini_gazebo:/home/ubuntu/rj_training_container/training_ws/install/traini_description:/home/ubuntu/rj_training_container/training_ws/install/teleop:/home/ubuntu/rj_training_container/training_ws/install/stsl_utils:/home/ubuntu/rj_training_container/training_ws/install/stsl_rviz_plugins:/home/ubuntu/rj_training_container/training_ws/install/stsl_nav_plugins:/home/ubuntu/rj_training_container/training_ws/install/mission_orchestration:/home/ubuntu/rj_training_container/training_ws/install/stsl_bt_nodes:/home/ubuntu/rj_training_container/training_ws/install/stsl_aruco_tags:/home/ubuntu/rj_training_container/training_ws/install/peak_finder:/home/ubuntu/rj_training_container/training_ws/install/mineral_deposit_tracking:/home/ubuntu/rj_training_container/training_ws/install/mineral_deposit_detection:/home/ubuntu/rj_training_container/training_ws/install/localization:/home/ubuntu/rj_training_container/training_ws/install/elevation_server:/home/ubuntu/rj_training_container/training_ws/install/coordinate_transform:/home/ubuntu/rj_training_container/training_ws/install/stsl_gazebo_plugins:/home/ubuntu/rj_training_container/training_ws/install/rj_training_bringup:/home/ubuntu/rj_training_container/training_ws/install/obstacle_detector:/home/ubuntu/rj_training_container/training_ws/install/mapping:/home/ubuntu/rj_training_container/training_ws/install/joystick_package:/home/ubuntu/rj_training_container/training_ws/install/joystick_msgs:/home/ubuntu/rj_training_container/training_ws/install/controllers:/home/ubuntu/rj_training_container/training_ws/install/astar_path_planner:/home/ubuntu/rj_training_container/training_ws/install/keyboard:/opt/ros/humble LD_LIBRARY_PATH=/home/ubuntu/rj_training_container/training_ws/install/stsl_interfaces/lib:/home/ubuntu/rj_training_container/training_ws/install/teleop/lib:/home/ubuntu/rj_training_container/training_ws/install/stsl_utils/lib:/home/ubuntu/rj_training_container/training_ws/install/stsl_rviz_plugins/lib:/home/ubuntu/rj_training_container/training_ws/install/stsl_nav_plugins/lib:/home/ubuntu/rj_training_container/training_ws/install/mission_orchestration/lib:/home/ubuntu/rj_training_container/training_ws/install/stsl_bt_nodes/lib:/home/ubuntu/rj_training_container/training_ws/install/stsl_aruco_tags/lib:/home/ubuntu/rj_training_container/training_ws/install/peak_finder/lib:/home/ubuntu/rj_training_container/training_ws/install/mineral_deposit_tracking/lib:/home/ubuntu/rj_training_container/training_ws/install/mineral_deposit_detection/lib:/home/ubuntu/rj_training_container/training_ws/install/localization/lib:/home/ubuntu/rj_training_container/training_ws/install/elevation_server/lib:/home/ubuntu/rj_training_container/training_ws/install/coordinate_transform/lib:/home/ubuntu/rj_training_container/training_ws/install/stsl_gazebo_plugins/lib:/home/ubuntu/rj_training_container/training_ws/install/obstacle_detector/lib:/home/ubuntu/rj_training_container/training_ws/install/mapping/lib:/home/ubuntu/rj_training_container/training_ws/install/joystick_package/lib:/home/ubuntu/rj_training_container/training_ws/install/joystick_msgs/lib:/home/ubuntu/rj_training_container/training_ws/install/controllers/lib:/home/ubuntu/rj_training_container/training_ws/install/astar_path_planner/lib:/usr/lib/x86_64-linux-gnu/gazebo-11/plugins:/opt/ros/humble/opt/rviz_ogre_vendor/lib:/opt/ros/humble/lib/x86_64-linux-gnu:/opt/ros/humble/lib /usr/bin/cmake --install /home/ubuntu/rj_training_container/training_ws/build/mineral_deposit_detection
[530.117s] Level 1:colcon.colcon_core.environment:checking '/home/ubuntu/rj_training_container/training_ws/install/mineral_deposit_detection' for CMake config files
[530.257s] Level 1:colcon.colcon_core.shell:create_environment_hook('mineral_deposit_detection', 'cmake_prefix_path')
[530.258s] INFO:colcon.colcon_core.shell:Creating environment hook '/home/ubuntu/rj_training_container/training_ws/install/mineral_deposit_detection/share/mineral_deposit_detection/hook/cmake_prefix_path.ps1'
[530.283s] INFO:colcon.colcon_core.shell:Creating environment descriptor '/home/ubuntu/rj_training_container/training_ws/install/mineral_deposit_detection/share/mineral_deposit_detection/hook/cmake_prefix_path.dsv'
[530.313s] INFO:colcon.colcon_core.shell:Creating environment hook '/home/ubuntu/rj_training_container/training_ws/install/mineral_deposit_detection/share/mineral_deposit_detection/hook/cmake_prefix_path.sh'
[530.345s] Level 1:colcon.colcon_core.environment:checking '/home/ubuntu/rj_training_container/training_ws/install/mineral_deposit_detection/lib'
[530.349s] Level 1:colcon.colcon_core.shell:create_environment_hook('mineral_deposit_detection', 'ld_library_path_lib')
[530.350s] INFO:colcon.colcon_core.shell:Creating environment hook '/home/ubuntu/rj_training_container/training_ws/install/mineral_deposit_detection/share/mineral_deposit_detection/hook/ld_library_path_lib.ps1'
[530.373s] INFO:colcon.colcon_core.shell:Creating environment descriptor '/home/ubuntu/rj_training_container/training_ws/install/mineral_deposit_detection/share/mineral_deposit_detection/hook/ld_library_path_lib.dsv'
[530.402s] INFO:colcon.colcon_core.shell:Creating environment hook '/home/ubuntu/rj_training_container/training_ws/install/mineral_deposit_detection/share/mineral_deposit_detection/hook/ld_library_path_lib.sh'
[530.424s] Level 1:colcon.colcon_core.environment:checking '/home/ubuntu/rj_training_container/training_ws/install/mineral_deposit_detection/bin'
[530.426s] Level 1:colcon.colcon_core.environment:checking '/home/ubuntu/rj_training_container/training_ws/install/mineral_deposit_detection/lib/pkgconfig/mineral_deposit_detection.pc'
[530.427s] Level 1:colcon.colcon_core.environment:checking '/home/ubuntu/rj_training_container/training_ws/install/mineral_deposit_detection/lib/python3.10/site-packages'
[530.430s] Level 1:colcon.colcon_core.environment:checking '/home/ubuntu/rj_training_container/training_ws/install/mineral_deposit_detection/bin'
[530.431s] INFO:colcon.colcon_core.shell:Creating package script '/home/ubuntu/rj_training_container/training_ws/install/mineral_deposit_detection/share/mineral_deposit_detection/package.ps1'
[530.456s] INFO:colcon.colcon_core.shell:Creating package descriptor '/home/ubuntu/rj_training_container/training_ws/install/mineral_deposit_detection/share/mineral_deposit_detection/package.dsv'
[530.478s] INFO:colcon.colcon_core.shell:Creating package script '/home/ubuntu/rj_training_container/training_ws/install/mineral_deposit_detection/share/mineral_deposit_detection/package.sh'
[530.499s] INFO:colcon.colcon_core.shell:Creating package script '/home/ubuntu/rj_training_container/training_ws/install/mineral_deposit_detection/share/mineral_deposit_detection/package.bash'
[530.522s] INFO:colcon.colcon_core.shell:Creating package script '/home/ubuntu/rj_training_container/training_ws/install/mineral_deposit_detection/share/mineral_deposit_detection/package.zsh'
[530.545s] Level 1:colcon.colcon_core.environment:create_file_with_runtime_dependencies(/home/ubuntu/rj_training_container/training_ws/install/mineral_deposit_detection/share/colcon-core/packages/mineral_deposit_detection)
[530.574s] Level 1:colcon.colcon_core.environment:create_environment_scripts_only(elevation_server)
[530.575s] Level 1:colcon.colcon_core.environment:checking '/home/ubuntu/rj_training_container/training_ws/install/elevation_server' for CMake module files
[530.576s] DEBUG:colcon.colcon_core.event_handler.log_command:Invoked command in '/home/ubuntu/rj_training_container/training_ws/build/elevation_server' returned '0': CMAKE_PREFIX_PATH=/home/ubuntu/rj_training_container/training_ws/install/stsl_interfaces:/home/ubuntu/rj_training_container/training_ws/install/stsl_desktop:/home/ubuntu/rj_training_container/training_ws/install/traini_bringup:/home/ubuntu/rj_training_container/training_ws/install/traini_gazebo:/home/ubuntu/rj_training_container/training_ws/install/traini_description:/home/ubuntu/rj_training_container/training_ws/install/teleop:/home/ubuntu/rj_training_container/training_ws/install/stsl_utils:/home/ubuntu/rj_training_container/training_ws/install/stsl_rviz_plugins:/home/ubuntu/rj_training_container/training_ws/install/stsl_nav_plugins:/home/ubuntu/rj_training_container/training_ws/install/mission_orchestration:/home/ubuntu/rj_training_container/training_ws/install/stsl_bt_nodes:/home/ubuntu/rj_training_container/training_ws/install/stsl_aruco_tags:/home/ubuntu/rj_training_container/training_ws/install/peak_finder:/home/ubuntu/rj_training_container/training_ws/install/mineral_deposit_tracking:/home/ubuntu/rj_training_container/training_ws/install/mineral_deposit_detection:/home/ubuntu/rj_training_container/training_ws/install/localization:/home/ubuntu/rj_training_container/training_ws/install/elevation_server:/home/ubuntu/rj_training_container/training_ws/install/coordinate_transform:/home/ubuntu/rj_training_container/training_ws/install/stsl_gazebo_plugins:/home/ubuntu/rj_training_container/training_ws/install/rj_training_bringup:/home/ubuntu/rj_training_container/training_ws/install/obstacle_detector:/home/ubuntu/rj_training_container/training_ws/install/mapping:/home/ubuntu/rj_training_container/training_ws/install/joystick_package:/home/ubuntu/rj_training_container/training_ws/install/joystick_msgs:/home/ubuntu/rj_training_container/training_ws/install/controllers:/home/ubuntu/rj_training_container/training_ws/install/astar_path_planner:/home/ubuntu/rj_training_container/training_ws/install/keyboard:/opt/ros/humble LD_LIBRARY_PATH=/home/ubuntu/rj_training_container/training_ws/install/stsl_interfaces/lib:/home/ubuntu/rj_training_container/training_ws/install/teleop/lib:/home/ubuntu/rj_training_container/training_ws/install/stsl_utils/lib:/home/ubuntu/rj_training_container/training_ws/install/stsl_rviz_plugins/lib:/home/ubuntu/rj_training_container/training_ws/install/stsl_nav_plugins/lib:/home/ubuntu/rj_training_container/training_ws/install/mission_orchestration/lib:/home/ubuntu/rj_training_container/training_ws/install/stsl_bt_nodes/lib:/home/ubuntu/rj_training_container/training_ws/install/stsl_aruco_tags/lib:/home/ubuntu/rj_training_container/training_ws/install/peak_finder/lib:/home/ubuntu/rj_training_container/training_ws/install/mineral_deposit_tracking/lib:/home/ubuntu/rj_training_container/training_ws/install/mineral_deposit_detection/lib:/home/ubuntu/rj_training_container/training_ws/install/localization/lib:/home/ubuntu/rj_training_container/training_ws/install/elevation_server/lib:/home/ubuntu/rj_training_container/training_ws/install/coordinate_transform/lib:/home/ubuntu/rj_training_container/training_ws/install/stsl_gazebo_plugins/lib:/home/ubuntu/rj_training_container/training_ws/install/obstacle_detector/lib:/home/ubuntu/rj_training_container/training_ws/install/mapping/lib:/home/ubuntu/rj_training_container/training_ws/install/joystick_package/lib:/home/ubuntu/rj_training_container/training_ws/install/joystick_msgs/lib:/home/ubuntu/rj_training_container/training_ws/install/controllers/lib:/home/ubuntu/rj_training_container/training_ws/install/astar_path_planner/lib:/usr/lib/x86_64-linux-gnu/gazebo-11/plugins:/opt/ros/humble/opt/rviz_ogre_vendor/lib:/opt/ros/humble/lib/x86_64-linux-gnu:/opt/ros/humble/lib /usr/bin/cmake --install /home/ubuntu/rj_training_container/training_ws/build/elevation_server
[530.749s] Level 1:colcon.colcon_core.environment:checking '/home/ubuntu/rj_training_container/training_ws/install/elevation_server' for CMake config files
[530.881s] Level 1:colcon.colcon_core.shell:create_environment_hook('elevation_server', 'cmake_prefix_path')
[530.882s] INFO:colcon.colcon_core.shell:Creating environment hook '/home/ubuntu/rj_training_container/training_ws/install/elevation_server/share/elevation_server/hook/cmake_prefix_path.ps1'
[530.909s] INFO:colcon.colcon_core.shell:Creating environment descriptor '/home/ubuntu/rj_training_container/training_ws/install/elevation_server/share/elevation_server/hook/cmake_prefix_path.dsv'
[530.937s] INFO:colcon.colcon_core.shell:Creating environment hook '/home/ubuntu/rj_training_container/training_ws/install/elevation_server/share/elevation_server/hook/cmake_prefix_path.sh'
[530.973s] Level 1:colcon.colcon_core.environment:checking '/home/ubuntu/rj_training_container/training_ws/install/elevation_server/lib'
[530.980s] Level 1:colcon.colcon_core.shell:create_environment_hook('elevation_server', 'ld_library_path_lib')
[530.981s] INFO:colcon.colcon_core.shell:Creating environment hook '/home/ubuntu/rj_training_container/training_ws/install/elevation_server/share/elevation_server/hook/ld_library_path_lib.ps1'
[531.009s] INFO:colcon.colcon_core.shell:Creating environment descriptor '/home/ubuntu/rj_training_container/training_ws/install/elevation_server/share/elevation_server/hook/ld_library_path_lib.dsv'
[531.048s] INFO:colcon.colcon_core.shell:Creating environment hook '/home/ubuntu/rj_training_container/training_ws/install/elevation_server/share/elevation_server/hook/ld_library_path_lib.sh'
[531.083s] Level 1:colcon.colcon_core.environment:checking '/home/ubuntu/rj_training_container/training_ws/install/elevation_server/bin'
[531.086s] Level 1:colcon.colcon_core.environment:checking '/home/ubuntu/rj_training_container/training_ws/install/elevation_server/lib/pkgconfig/elevation_server.pc'
[531.090s] Level 1:colcon.colcon_core.environment:checking '/home/ubuntu/rj_training_container/training_ws/install/elevation_server/lib/python3.10/site-packages'
[531.094s] Level 1:colcon.colcon_core.environment:checking '/home/ubuntu/rj_training_container/training_ws/install/elevation_server/bin'
[531.096s] INFO:colcon.colcon_core.shell:Creating package script '/home/ubuntu/rj_training_container/training_ws/install/elevation_server/share/elevation_server/package.ps1'
[531.121s] INFO:colcon.colcon_core.shell:Creating package descriptor '/home/ubuntu/rj_training_container/training_ws/install/elevation_server/share/elevation_server/package.dsv'
[531.144s] INFO:colcon.colcon_core.shell:Creating package script '/home/ubuntu/rj_training_container/training_ws/install/elevation_server/share/elevation_server/package.sh'
[531.168s] INFO:colcon.colcon_core.shell:Creating package script '/home/ubuntu/rj_training_container/training_ws/install/elevation_server/share/elevation_server/package.bash'
[531.189s] INFO:colcon.colcon_core.shell:Creating package script '/home/ubuntu/rj_training_container/training_ws/install/elevation_server/share/elevation_server/package.zsh'
[531.209s] Level 1:colcon.colcon_core.environment:create_file_with_runtime_dependencies(/home/ubuntu/rj_training_container/training_ws/install/elevation_server/share/colcon-core/packages/elevation_server)
[531.238s] Level 1:colcon.colcon_core.environment:create_environment_scripts_only(coordinate_transform)
[531.239s] Level 1:colcon.colcon_core.environment:checking '/home/ubuntu/rj_training_container/training_ws/install/coordinate_transform' for CMake module files
[531.241s] DEBUG:colcon.colcon_core.event_handler.log_command:Invoked command in '/home/ubuntu/rj_training_container/training_ws/build/coordinate_transform' returned '0': CMAKE_PREFIX_PATH=/home/ubuntu/rj_training_container/training_ws/install/stsl_interfaces:/home/ubuntu/rj_training_container/training_ws/install/stsl_desktop:/home/ubuntu/rj_training_container/training_ws/install/traini_bringup:/home/ubuntu/rj_training_container/training_ws/install/traini_gazebo:/home/ubuntu/rj_training_container/training_ws/install/traini_description:/home/ubuntu/rj_training_container/training_ws/install/teleop:/home/ubuntu/rj_training_container/training_ws/install/stsl_utils:/home/ubuntu/rj_training_container/training_ws/install/stsl_rviz_plugins:/home/ubuntu/rj_training_container/training_ws/install/stsl_nav_plugins:/home/ubuntu/rj_training_container/training_ws/install/mission_orchestration:/home/ubuntu/rj_training_container/training_ws/install/stsl_bt_nodes:/home/ubuntu/rj_training_container/training_ws/install/stsl_aruco_tags:/home/ubuntu/rj_training_container/training_ws/install/peak_finder:/home/ubuntu/rj_training_container/training_ws/install/mineral_deposit_tracking:/home/ubuntu/rj_training_container/training_ws/install/mineral_deposit_detection:/home/ubuntu/rj_training_container/training_ws/install/localization:/home/ubuntu/rj_training_container/training_ws/install/elevation_server:/home/ubuntu/rj_training_container/training_ws/install/coordinate_transform:/home/ubuntu/rj_training_container/training_ws/install/stsl_gazebo_plugins:/home/ubuntu/rj_training_container/training_ws/install/rj_training_bringup:/home/ubuntu/rj_training_container/training_ws/install/obstacle_detector:/home/ubuntu/rj_training_container/training_ws/install/mapping:/home/ubuntu/rj_training_container/training_ws/install/joystick_package:/home/ubuntu/rj_training_container/training_ws/install/joystick_msgs:/home/ubuntu/rj_training_container/training_ws/install/controllers:/home/ubuntu/rj_training_container/training_ws/install/astar_path_planner:/home/ubuntu/rj_training_container/training_ws/install/keyboard:/opt/ros/humble LD_LIBRARY_PATH=/home/ubuntu/rj_training_container/training_ws/install/stsl_interfaces/lib:/home/ubuntu/rj_training_container/training_ws/install/teleop/lib:/home/ubuntu/rj_training_container/training_ws/install/stsl_utils/lib:/home/ubuntu/rj_training_container/training_ws/install/stsl_rviz_plugins/lib:/home/ubuntu/rj_training_container/training_ws/install/stsl_nav_plugins/lib:/home/ubuntu/rj_training_container/training_ws/install/mission_orchestration/lib:/home/ubuntu/rj_training_container/training_ws/install/stsl_bt_nodes/lib:/home/ubuntu/rj_training_container/training_ws/install/stsl_aruco_tags/lib:/home/ubuntu/rj_training_container/training_ws/install/peak_finder/lib:/home/ubuntu/rj_training_container/training_ws/install/mineral_deposit_tracking/lib:/home/ubuntu/rj_training_container/training_ws/install/mineral_deposit_detection/lib:/home/ubuntu/rj_training_container/training_ws/install/localization/lib:/home/ubuntu/rj_training_container/training_ws/install/elevation_server/lib:/home/ubuntu/rj_training_container/training_ws/install/coordinate_transform/lib:/home/ubuntu/rj_training_container/training_ws/install/stsl_gazebo_plugins/lib:/home/ubuntu/rj_training_container/training_ws/install/obstacle_detector/lib:/home/ubuntu/rj_training_container/training_ws/install/mapping/lib:/home/ubuntu/rj_training_container/training_ws/install/joystick_package/lib:/home/ubuntu/rj_training_container/training_ws/install/joystick_msgs/lib:/home/ubuntu/rj_training_container/training_ws/install/controllers/lib:/home/ubuntu/rj_training_container/training_ws/install/astar_path_planner/lib:/usr/lib/x86_64-linux-gnu/gazebo-11/plugins:/opt/ros/humble/opt/rviz_ogre_vendor/lib:/opt/ros/humble/lib/x86_64-linux-gnu:/opt/ros/humble/lib /usr/bin/cmake --install /home/ubuntu/rj_training_container/training_ws/build/coordinate_transform
[531.391s] Level 1:colcon.colcon_core.environment:checking '/home/ubuntu/rj_training_container/training_ws/install/coordinate_transform' for CMake config files
[531.545s] Level 1:colcon.colcon_core.shell:create_environment_hook('coordinate_transform', 'cmake_prefix_path')
[531.546s] INFO:colcon.colcon_core.shell:Creating environment hook '/home/ubuntu/rj_training_container/training_ws/install/coordinate_transform/share/coordinate_transform/hook/cmake_prefix_path.ps1'
[531.574s] INFO:colcon.colcon_core.shell:Creating environment descriptor '/home/ubuntu/rj_training_container/training_ws/install/coordinate_transform/share/coordinate_transform/hook/cmake_prefix_path.dsv'
[531.604s] INFO:colcon.colcon_core.shell:Creating environment hook '/home/ubuntu/rj_training_container/training_ws/install/coordinate_transform/share/coordinate_transform/hook/cmake_prefix_path.sh'
[531.636s] Level 1:colcon.colcon_core.environment:checking '/home/ubuntu/rj_training_container/training_ws/install/coordinate_transform/lib'
[531.641s] Level 1:colcon.colcon_core.shell:create_environment_hook('coordinate_transform', 'ld_library_path_lib')
[531.641s] INFO:colcon.colcon_core.shell:Creating environment hook '/home/ubuntu/rj_training_container/training_ws/install/coordinate_transform/share/coordinate_transform/hook/ld_library_path_lib.ps1'
[531.665s] INFO:colcon.colcon_core.shell:Creating environment descriptor '/home/ubuntu/rj_training_container/training_ws/install/coordinate_transform/share/coordinate_transform/hook/ld_library_path_lib.dsv'
[531.689s] INFO:colcon.colcon_core.shell:Creating environment hook '/home/ubuntu/rj_training_container/training_ws/install/coordinate_transform/share/coordinate_transform/hook/ld_library_path_lib.sh'
[531.712s] Level 1:colcon.colcon_core.environment:checking '/home/ubuntu/rj_training_container/training_ws/install/coordinate_transform/bin'
[531.714s] Level 1:colcon.colcon_core.environment:checking '/home/ubuntu/rj_training_container/training_ws/install/coordinate_transform/lib/pkgconfig/coordinate_transform.pc'
[531.717s] Level 1:colcon.colcon_core.environment:checking '/home/ubuntu/rj_training_container/training_ws/install/coordinate_transform/lib/python3.10/site-packages'
[531.719s] Level 1:colcon.colcon_core.environment:checking '/home/ubuntu/rj_training_container/training_ws/install/coordinate_transform/bin'
[531.721s] INFO:colcon.colcon_core.shell:Creating package script '/home/ubuntu/rj_training_container/training_ws/install/coordinate_transform/share/coordinate_transform/package.ps1'
[531.741s] INFO:colcon.colcon_core.shell:Creating package descriptor '/home/ubuntu/rj_training_container/training_ws/install/coordinate_transform/share/coordinate_transform/package.dsv'
[531.763s] INFO:colcon.colcon_core.shell:Creating package script '/home/ubuntu/rj_training_container/training_ws/install/coordinate_transform/share/coordinate_transform/package.sh'
[531.785s] INFO:colcon.colcon_core.shell:Creating package script '/home/ubuntu/rj_training_container/training_ws/install/coordinate_transform/share/coordinate_transform/package.bash'
[531.805s] INFO:colcon.colcon_core.shell:Creating package script '/home/ubuntu/rj_training_container/training_ws/install/coordinate_transform/share/coordinate_transform/package.zsh'
[531.824s] Level 1:colcon.colcon_core.environment:create_file_with_runtime_dependencies(/home/ubuntu/rj_training_container/training_ws/install/coordinate_transform/share/colcon-core/packages/coordinate_transform)
[531.859s] Level 1:colcon.colcon_core.environment:create_environment_scripts_only(mineral_deposit_tracking)
[531.860s] Level 1:colcon.colcon_core.environment:checking '/home/ubuntu/rj_training_container/training_ws/install/mineral_deposit_tracking' for CMake module files
[531.861s] DEBUG:colcon.colcon_core.event_handler.log_command:Invoking command in '/home/ubuntu/rj_training_container/training_ws/build/peak_finder': CMAKE_PREFIX_PATH=/home/ubuntu/rj_training_container/training_ws/install/stsl_interfaces:/home/ubuntu/rj_training_container/training_ws/install/stsl_desktop:/home/ubuntu/rj_training_container/training_ws/install/traini_bringup:/home/ubuntu/rj_training_container/training_ws/install/traini_gazebo:/home/ubuntu/rj_training_container/training_ws/install/traini_description:/home/ubuntu/rj_training_container/training_ws/install/teleop:/home/ubuntu/rj_training_container/training_ws/install/stsl_utils:/home/ubuntu/rj_training_container/training_ws/install/stsl_rviz_plugins:/home/ubuntu/rj_training_container/training_ws/install/stsl_nav_plugins:/home/ubuntu/rj_training_container/training_ws/install/mission_orchestration:/home/ubuntu/rj_training_container/training_ws/install/stsl_bt_nodes:/home/ubuntu/rj_training_container/training_ws/install/stsl_aruco_tags:/home/ubuntu/rj_training_container/training_ws/install/peak_finder:/home/ubuntu/rj_training_container/training_ws/install/mineral_deposit_tracking:/home/ubuntu/rj_training_container/training_ws/install/mineral_deposit_detection:/home/ubuntu/rj_training_container/training_ws/install/localization:/home/ubuntu/rj_training_container/training_ws/install/elevation_server:/home/ubuntu/rj_training_container/training_ws/install/coordinate_transform:/home/ubuntu/rj_training_container/training_ws/install/stsl_gazebo_plugins:/home/ubuntu/rj_training_container/training_ws/install/rj_training_bringup:/home/ubuntu/rj_training_container/training_ws/install/obstacle_detector:/home/ubuntu/rj_training_container/training_ws/install/mapping:/home/ubuntu/rj_training_container/training_ws/install/joystick_package:/home/ubuntu/rj_training_container/training_ws/install/joystick_msgs:/home/ubuntu/rj_training_container/training_ws/install/controllers:/home/ubuntu/rj_training_container/training_ws/install/astar_path_planner:/home/ubuntu/rj_training_container/training_ws/install/keyboard:/opt/ros/humble LD_LIBRARY_PATH=/home/ubuntu/rj_training_container/training_ws/install/stsl_interfaces/lib:/home/ubuntu/rj_training_container/training_ws/install/teleop/lib:/home/ubuntu/rj_training_container/training_ws/install/stsl_utils/lib:/home/ubuntu/rj_training_container/training_ws/install/stsl_rviz_plugins/lib:/home/ubuntu/rj_training_container/training_ws/install/stsl_nav_plugins/lib:/home/ubuntu/rj_training_container/training_ws/install/mission_orchestration/lib:/home/ubuntu/rj_training_container/training_ws/install/stsl_bt_nodes/lib:/home/ubuntu/rj_training_container/training_ws/install/stsl_aruco_tags/lib:/home/ubuntu/rj_training_container/training_ws/install/peak_finder/lib:/home/ubuntu/rj_training_container/training_ws/install/mineral_deposit_tracking/lib:/home/ubuntu/rj_training_container/training_ws/install/mineral_deposit_detection/lib:/home/ubuntu/rj_training_container/training_ws/install/localization/lib:/home/ubuntu/rj_training_container/training_ws/install/elevation_server/lib:/home/ubuntu/rj_training_container/training_ws/install/coordinate_transform/lib:/home/ubuntu/rj_training_container/training_ws/install/stsl_gazebo_plugins/lib:/home/ubuntu/rj_training_container/training_ws/install/obstacle_detector/lib:/home/ubuntu/rj_training_container/training_ws/install/mapping/lib:/home/ubuntu/rj_training_container/training_ws/install/joystick_package/lib:/home/ubuntu/rj_training_container/training_ws/install/joystick_msgs/lib:/home/ubuntu/rj_training_container/training_ws/install/controllers/lib:/home/ubuntu/rj_training_container/training_ws/install/astar_path_planner/lib:/usr/lib/x86_64-linux-gnu/gazebo-11/plugins:/opt/ros/humble/opt/rviz_ogre_vendor/lib:/opt/ros/humble/lib/x86_64-linux-gnu:/opt/ros/humble/lib /usr/bin/cmake --install /home/ubuntu/rj_training_container/training_ws/build/peak_finder
[531.863s] DEBUG:colcon.colcon_core.event_handler.log_command:Invoked command in '/home/ubuntu/rj_training_container/training_ws/build/mineral_deposit_tracking' returned '0': CMAKE_PREFIX_PATH=/home/ubuntu/rj_training_container/training_ws/install/stsl_interfaces:/home/ubuntu/rj_training_container/training_ws/install/stsl_desktop:/home/ubuntu/rj_training_container/training_ws/install/traini_bringup:/home/ubuntu/rj_training_container/training_ws/install/traini_gazebo:/home/ubuntu/rj_training_container/training_ws/install/traini_description:/home/ubuntu/rj_training_container/training_ws/install/teleop:/home/ubuntu/rj_training_container/training_ws/install/stsl_utils:/home/ubuntu/rj_training_container/training_ws/install/stsl_rviz_plugins:/home/ubuntu/rj_training_container/training_ws/install/stsl_nav_plugins:/home/ubuntu/rj_training_container/training_ws/install/mission_orchestration:/home/ubuntu/rj_training_container/training_ws/install/stsl_bt_nodes:/home/ubuntu/rj_training_container/training_ws/install/stsl_aruco_tags:/home/ubuntu/rj_training_container/training_ws/install/peak_finder:/home/ubuntu/rj_training_container/training_ws/install/mineral_deposit_tracking:/home/ubuntu/rj_training_container/training_ws/install/mineral_deposit_detection:/home/ubuntu/rj_training_container/training_ws/install/localization:/home/ubuntu/rj_training_container/training_ws/install/elevation_server:/home/ubuntu/rj_training_container/training_ws/install/coordinate_transform:/home/ubuntu/rj_training_container/training_ws/install/stsl_gazebo_plugins:/home/ubuntu/rj_training_container/training_ws/install/rj_training_bringup:/home/ubuntu/rj_training_container/training_ws/install/obstacle_detector:/home/ubuntu/rj_training_container/training_ws/install/mapping:/home/ubuntu/rj_training_container/training_ws/install/joystick_package:/home/ubuntu/rj_training_container/training_ws/install/joystick_msgs:/home/ubuntu/rj_training_container/training_ws/install/controllers:/home/ubuntu/rj_training_container/training_ws/install/astar_path_planner:/home/ubuntu/rj_training_container/training_ws/install/keyboard:/opt/ros/humble LD_LIBRARY_PATH=/home/ubuntu/rj_training_container/training_ws/install/stsl_interfaces/lib:/home/ubuntu/rj_training_container/training_ws/install/teleop/lib:/home/ubuntu/rj_training_container/training_ws/install/stsl_utils/lib:/home/ubuntu/rj_training_container/training_ws/install/stsl_rviz_plugins/lib:/home/ubuntu/rj_training_container/training_ws/install/stsl_nav_plugins/lib:/home/ubuntu/rj_training_container/training_ws/install/mission_orchestration/lib:/home/ubuntu/rj_training_container/training_ws/install/stsl_bt_nodes/lib:/home/ubuntu/rj_training_container/training_ws/install/stsl_aruco_tags/lib:/home/ubuntu/rj_training_container/training_ws/install/peak_finder/lib:/home/ubuntu/rj_training_container/training_ws/install/mineral_deposit_tracking/lib:/home/ubuntu/rj_training_container/training_ws/install/mineral_deposit_detection/lib:/home/ubuntu/rj_training_container/training_ws/install/localization/lib:/home/ubuntu/rj_training_container/training_ws/install/elevation_server/lib:/home/ubuntu/rj_training_container/training_ws/install/coordinate_transform/lib:/home/ubuntu/rj_training_container/training_ws/install/stsl_gazebo_plugins/lib:/home/ubuntu/rj_training_container/training_ws/install/obstacle_detector/lib:/home/ubuntu/rj_training_container/training_ws/install/mapping/lib:/home/ubuntu/rj_training_container/training_ws/install/joystick_package/lib:/home/ubuntu/rj_training_container/training_ws/install/joystick_msgs/lib:/home/ubuntu/rj_training_container/training_ws/install/controllers/lib:/home/ubuntu/rj_training_container/training_ws/install/astar_path_planner/lib:/usr/lib/x86_64-linux-gnu/gazebo-11/plugins:/opt/ros/humble/opt/rviz_ogre_vendor/lib:/opt/ros/humble/lib/x86_64-linux-gnu:/opt/ros/humble/lib /usr/bin/cmake --install /home/ubuntu/rj_training_container/training_ws/build/mineral_deposit_tracking
[532.032s] Level 1:colcon.colcon_core.environment:checking '/home/ubuntu/rj_training_container/training_ws/install/mineral_deposit_tracking' for CMake config files
[532.182s] Level 1:colcon.colcon_core.shell:create_environment_hook('mineral_deposit_tracking', 'cmake_prefix_path')
[532.183s] INFO:colcon.colcon_core.shell:Creating environment hook '/home/ubuntu/rj_training_container/training_ws/install/mineral_deposit_tracking/share/mineral_deposit_tracking/hook/cmake_prefix_path.ps1'
[532.212s] INFO:colcon.colcon_core.shell:Creating environment descriptor '/home/ubuntu/rj_training_container/training_ws/install/mineral_deposit_tracking/share/mineral_deposit_tracking/hook/cmake_prefix_path.dsv'
[532.241s] INFO:colcon.colcon_core.shell:Creating environment hook '/home/ubuntu/rj_training_container/training_ws/install/mineral_deposit_tracking/share/mineral_deposit_tracking/hook/cmake_prefix_path.sh'
[532.272s] Level 1:colcon.colcon_core.environment:checking '/home/ubuntu/rj_training_container/training_ws/install/mineral_deposit_tracking/lib'
[532.277s] Level 1:colcon.colcon_core.shell:create_environment_hook('mineral_deposit_tracking', 'ld_library_path_lib')
[532.278s] INFO:colcon.colcon_core.shell:Creating environment hook '/home/ubuntu/rj_training_container/training_ws/install/mineral_deposit_tracking/share/mineral_deposit_tracking/hook/ld_library_path_lib.ps1'
[532.306s] INFO:colcon.colcon_core.shell:Creating environment descriptor '/home/ubuntu/rj_training_container/training_ws/install/mineral_deposit_tracking/share/mineral_deposit_tracking/hook/ld_library_path_lib.dsv'
[532.337s] INFO:colcon.colcon_core.shell:Creating environment hook '/home/ubuntu/rj_training_container/training_ws/install/mineral_deposit_tracking/share/mineral_deposit_tracking/hook/ld_library_path_lib.sh'
[532.360s] Level 1:colcon.colcon_core.environment:checking '/home/ubuntu/rj_training_container/training_ws/install/mineral_deposit_tracking/bin'
[532.362s] Level 1:colcon.colcon_core.environment:checking '/home/ubuntu/rj_training_container/training_ws/install/mineral_deposit_tracking/lib/pkgconfig/mineral_deposit_tracking.pc'
[532.363s] Level 1:colcon.colcon_core.environment:checking '/home/ubuntu/rj_training_container/training_ws/install/mineral_deposit_tracking/lib/python3.10/site-packages'
[532.366s] Level 1:colcon.colcon_core.environment:checking '/home/ubuntu/rj_training_container/training_ws/install/mineral_deposit_tracking/bin'
[532.368s] INFO:colcon.colcon_core.shell:Creating package script '/home/ubuntu/rj_training_container/training_ws/install/mineral_deposit_tracking/share/mineral_deposit_tracking/package.ps1'
[532.389s] INFO:colcon.colcon_core.shell:Creating package descriptor '/home/ubuntu/rj_training_container/training_ws/install/mineral_deposit_tracking/share/mineral_deposit_tracking/package.dsv'
[532.412s] INFO:colcon.colcon_core.shell:Creating package script '/home/ubuntu/rj_training_container/training_ws/install/mineral_deposit_tracking/share/mineral_deposit_tracking/package.sh'
[532.438s] INFO:colcon.colcon_core.shell:Creating package script '/home/ubuntu/rj_training_container/training_ws/install/mineral_deposit_tracking/share/mineral_deposit_tracking/package.bash'
[532.463s] INFO:colcon.colcon_core.shell:Creating package script '/home/ubuntu/rj_training_container/training_ws/install/mineral_deposit_tracking/share/mineral_deposit_tracking/package.zsh'
[532.488s] Level 1:colcon.colcon_core.environment:create_file_with_runtime_dependencies(/home/ubuntu/rj_training_container/training_ws/install/mineral_deposit_tracking/share/colcon-core/packages/mineral_deposit_tracking)
[533.620s] DEBUG:colcon.colcon_core.event_handler.log_command:Invoking command in '/home/ubuntu/rj_training_container/training_ws/build/stsl_aruco_tags': CMAKE_PREFIX_PATH=/home/ubuntu/rj_training_container/training_ws/install/stsl_interfaces:/home/ubuntu/rj_training_container/training_ws/install/stsl_desktop:/home/ubuntu/rj_training_container/training_ws/install/traini_bringup:/home/ubuntu/rj_training_container/training_ws/install/traini_gazebo:/home/ubuntu/rj_training_container/training_ws/install/traini_description:/home/ubuntu/rj_training_container/training_ws/install/teleop:/home/ubuntu/rj_training_container/training_ws/install/stsl_utils:/home/ubuntu/rj_training_container/training_ws/install/stsl_rviz_plugins:/home/ubuntu/rj_training_container/training_ws/install/stsl_nav_plugins:/home/ubuntu/rj_training_container/training_ws/install/mission_orchestration:/home/ubuntu/rj_training_container/training_ws/install/stsl_bt_nodes:/home/ubuntu/rj_training_container/training_ws/install/stsl_aruco_tags:/home/ubuntu/rj_training_container/training_ws/install/peak_finder:/home/ubuntu/rj_training_container/training_ws/install/mineral_deposit_tracking:/home/ubuntu/rj_training_container/training_ws/install/mineral_deposit_detection:/home/ubuntu/rj_training_container/training_ws/install/localization:/home/ubuntu/rj_training_container/training_ws/install/elevation_server:/home/ubuntu/rj_training_container/training_ws/install/coordinate_transform:/home/ubuntu/rj_training_container/training_ws/install/stsl_gazebo_plugins:/home/ubuntu/rj_training_container/training_ws/install/rj_training_bringup:/home/ubuntu/rj_training_container/training_ws/install/obstacle_detector:/home/ubuntu/rj_training_container/training_ws/install/mapping:/home/ubuntu/rj_training_container/training_ws/install/joystick_package:/home/ubuntu/rj_training_container/training_ws/install/joystick_msgs:/home/ubuntu/rj_training_container/training_ws/install/controllers:/home/ubuntu/rj_training_container/training_ws/install/astar_path_planner:/home/ubuntu/rj_training_container/training_ws/install/keyboard:/opt/ros/humble LD_LIBRARY_PATH=/home/ubuntu/rj_training_container/training_ws/install/stsl_interfaces/lib:/home/ubuntu/rj_training_container/training_ws/install/teleop/lib:/home/ubuntu/rj_training_container/training_ws/install/stsl_utils/lib:/home/ubuntu/rj_training_container/training_ws/install/stsl_rviz_plugins/lib:/home/ubuntu/rj_training_container/training_ws/install/stsl_nav_plugins/lib:/home/ubuntu/rj_training_container/training_ws/install/mission_orchestration/lib:/home/ubuntu/rj_training_container/training_ws/install/stsl_bt_nodes/lib:/home/ubuntu/rj_training_container/training_ws/install/stsl_aruco_tags/lib:/home/ubuntu/rj_training_container/training_ws/install/peak_finder/lib:/home/ubuntu/rj_training_container/training_ws/install/mineral_deposit_tracking/lib:/home/ubuntu/rj_training_container/training_ws/install/mineral_deposit_detection/lib:/home/ubuntu/rj_training_container/training_ws/install/localization/lib:/home/ubuntu/rj_training_container/training_ws/install/elevation_server/lib:/home/ubuntu/rj_training_container/training_ws/install/coordinate_transform/lib:/home/ubuntu/rj_training_container/training_ws/install/stsl_gazebo_plugins/lib:/home/ubuntu/rj_training_container/training_ws/install/obstacle_detector/lib:/home/ubuntu/rj_training_container/training_ws/install/mapping/lib:/home/ubuntu/rj_training_container/training_ws/install/joystick_package/lib:/home/ubuntu/rj_training_container/training_ws/install/joystick_msgs/lib:/home/ubuntu/rj_training_container/training_ws/install/controllers/lib:/home/ubuntu/rj_training_container/training_ws/install/astar_path_planner/lib:/usr/lib/x86_64-linux-gnu/gazebo-11/plugins:/opt/ros/humble/opt/rviz_ogre_vendor/lib:/opt/ros/humble/lib/x86_64-linux-gnu:/opt/ros/humble/lib /usr/bin/cmake --install /home/ubuntu/rj_training_container/training_ws/build/stsl_aruco_tags
[534.643s] DEBUG:colcon.colcon_core.event_handler.log_command:Invoking command in '/home/ubuntu/rj_training_container/training_ws/build/localization': CMAKE_PREFIX_PATH=/home/ubuntu/rj_training_container/training_ws/install/stsl_interfaces:/home/ubuntu/rj_training_container/training_ws/install/stsl_desktop:/home/ubuntu/rj_training_container/training_ws/install/traini_bringup:/home/ubuntu/rj_training_container/training_ws/install/traini_gazebo:/home/ubuntu/rj_training_container/training_ws/install/traini_description:/home/ubuntu/rj_training_container/training_ws/install/teleop:/home/ubuntu/rj_training_container/training_ws/install/stsl_utils:/home/ubuntu/rj_training_container/training_ws/install/stsl_rviz_plugins:/home/ubuntu/rj_training_container/training_ws/install/stsl_nav_plugins:/home/ubuntu/rj_training_container/training_ws/install/mission_orchestration:/home/ubuntu/rj_training_container/training_ws/install/stsl_bt_nodes:/home/ubuntu/rj_training_container/training_ws/install/stsl_aruco_tags:/home/ubuntu/rj_training_container/training_ws/install/peak_finder:/home/ubuntu/rj_training_container/training_ws/install/mineral_deposit_tracking:/home/ubuntu/rj_training_container/training_ws/install/mineral_deposit_detection:/home/ubuntu/rj_training_container/training_ws/install/localization:/home/ubuntu/rj_training_container/training_ws/install/elevation_server:/home/ubuntu/rj_training_container/training_ws/install/coordinate_transform:/home/ubuntu/rj_training_container/training_ws/install/stsl_gazebo_plugins:/home/ubuntu/rj_training_container/training_ws/install/rj_training_bringup:/home/ubuntu/rj_training_container/training_ws/install/obstacle_detector:/home/ubuntu/rj_training_container/training_ws/install/mapping:/home/ubuntu/rj_training_container/training_ws/install/joystick_package:/home/ubuntu/rj_training_container/training_ws/install/joystick_msgs:/home/ubuntu/rj_training_container/training_ws/install/controllers:/home/ubuntu/rj_training_container/training_ws/install/astar_path_planner:/home/ubuntu/rj_training_container/training_ws/install/keyboard:/opt/ros/humble LD_LIBRARY_PATH=/home/ubuntu/rj_training_container/training_ws/install/stsl_interfaces/lib:/home/ubuntu/rj_training_container/training_ws/install/teleop/lib:/home/ubuntu/rj_training_container/training_ws/install/stsl_utils/lib:/home/ubuntu/rj_training_container/training_ws/install/stsl_rviz_plugins/lib:/home/ubuntu/rj_training_container/training_ws/install/stsl_nav_plugins/lib:/home/ubuntu/rj_training_container/training_ws/install/mission_orchestration/lib:/home/ubuntu/rj_training_container/training_ws/install/stsl_bt_nodes/lib:/home/ubuntu/rj_training_container/training_ws/install/stsl_aruco_tags/lib:/home/ubuntu/rj_training_container/training_ws/install/peak_finder/lib:/home/ubuntu/rj_training_container/training_ws/install/mineral_deposit_tracking/lib:/home/ubuntu/rj_training_container/training_ws/install/mineral_deposit_detection/lib:/home/ubuntu/rj_training_container/training_ws/install/localization/lib:/home/ubuntu/rj_training_container/training_ws/install/elevation_server/lib:/home/ubuntu/rj_training_container/training_ws/install/coordinate_transform/lib:/home/ubuntu/rj_training_container/training_ws/install/stsl_gazebo_plugins/lib:/home/ubuntu/rj_training_container/training_ws/install/obstacle_detector/lib:/home/ubuntu/rj_training_container/training_ws/install/mapping/lib:/home/ubuntu/rj_training_container/training_ws/install/joystick_package/lib:/home/ubuntu/rj_training_container/training_ws/install/joystick_msgs/lib:/home/ubuntu/rj_training_container/training_ws/install/controllers/lib:/home/ubuntu/rj_training_container/training_ws/install/astar_path_planner/lib:/usr/lib/x86_64-linux-gnu/gazebo-11/plugins:/opt/ros/humble/opt/rviz_ogre_vendor/lib:/opt/ros/humble/lib/x86_64-linux-gnu:/opt/ros/humble/lib /usr/bin/cmake --install /home/ubuntu/rj_training_container/training_ws/build/localization
[535.804s] DEBUG:colcon.colcon_core.event_handler.log_command:Invoking command in '/home/ubuntu/rj_training_container/training_ws/build/stsl_bt_nodes': CMAKE_PREFIX_PATH=/home/ubuntu/rj_training_container/training_ws/install/stsl_interfaces:/home/ubuntu/rj_training_container/training_ws/install/stsl_desktop:/home/ubuntu/rj_training_container/training_ws/install/traini_bringup:/home/ubuntu/rj_training_container/training_ws/install/traini_gazebo:/home/ubuntu/rj_training_container/training_ws/install/traini_description:/home/ubuntu/rj_training_container/training_ws/install/teleop:/home/ubuntu/rj_training_container/training_ws/install/stsl_utils:/home/ubuntu/rj_training_container/training_ws/install/stsl_rviz_plugins:/home/ubuntu/rj_training_container/training_ws/install/stsl_nav_plugins:/home/ubuntu/rj_training_container/training_ws/install/mission_orchestration:/home/ubuntu/rj_training_container/training_ws/install/stsl_bt_nodes:/home/ubuntu/rj_training_container/training_ws/install/stsl_aruco_tags:/home/ubuntu/rj_training_container/training_ws/install/peak_finder:/home/ubuntu/rj_training_container/training_ws/install/mineral_deposit_tracking:/home/ubuntu/rj_training_container/training_ws/install/mineral_deposit_detection:/home/ubuntu/rj_training_container/training_ws/install/localization:/home/ubuntu/rj_training_container/training_ws/install/elevation_server:/home/ubuntu/rj_training_container/training_ws/install/coordinate_transform:/home/ubuntu/rj_training_container/training_ws/install/stsl_gazebo_plugins:/home/ubuntu/rj_training_container/training_ws/install/rj_training_bringup:/home/ubuntu/rj_training_container/training_ws/install/obstacle_detector:/home/ubuntu/rj_training_container/training_ws/install/mapping:/home/ubuntu/rj_training_container/training_ws/install/joystick_package:/home/ubuntu/rj_training_container/training_ws/install/joystick_msgs:/home/ubuntu/rj_training_container/training_ws/install/controllers:/home/ubuntu/rj_training_container/training_ws/install/astar_path_planner:/home/ubuntu/rj_training_container/training_ws/install/keyboard:/opt/ros/humble LD_LIBRARY_PATH=/home/ubuntu/rj_training_container/training_ws/install/stsl_interfaces/lib:/home/ubuntu/rj_training_container/training_ws/install/teleop/lib:/home/ubuntu/rj_training_container/training_ws/install/stsl_utils/lib:/home/ubuntu/rj_training_container/training_ws/install/stsl_rviz_plugins/lib:/home/ubuntu/rj_training_container/training_ws/install/stsl_nav_plugins/lib:/home/ubuntu/rj_training_container/training_ws/install/mission_orchestration/lib:/home/ubuntu/rj_training_container/training_ws/install/stsl_bt_nodes/lib:/home/ubuntu/rj_training_container/training_ws/install/stsl_aruco_tags/lib:/home/ubuntu/rj_training_container/training_ws/install/peak_finder/lib:/home/ubuntu/rj_training_container/training_ws/install/mineral_deposit_tracking/lib:/home/ubuntu/rj_training_container/training_ws/install/mineral_deposit_detection/lib:/home/ubuntu/rj_training_container/training_ws/install/localization/lib:/home/ubuntu/rj_training_container/training_ws/install/elevation_server/lib:/home/ubuntu/rj_training_container/training_ws/install/coordinate_transform/lib:/home/ubuntu/rj_training_container/training_ws/install/stsl_gazebo_plugins/lib:/home/ubuntu/rj_training_container/training_ws/install/obstacle_detector/lib:/home/ubuntu/rj_training_container/training_ws/install/mapping/lib:/home/ubuntu/rj_training_container/training_ws/install/joystick_package/lib:/home/ubuntu/rj_training_container/training_ws/install/joystick_msgs/lib:/home/ubuntu/rj_training_container/training_ws/install/controllers/lib:/home/ubuntu/rj_training_container/training_ws/install/astar_path_planner/lib:/usr/lib/x86_64-linux-gnu/gazebo-11/plugins:/opt/ros/humble/opt/rviz_ogre_vendor/lib:/opt/ros/humble/lib/x86_64-linux-gnu:/opt/ros/humble/lib /usr/bin/cmake --install /home/ubuntu/rj_training_container/training_ws/build/stsl_bt_nodes
[536.068s] Level 1:colcon.colcon_core.environment:create_environment_scripts_only(peak_finder)
[536.069s] Level 1:colcon.colcon_core.environment:checking '/home/ubuntu/rj_training_container/training_ws/install/peak_finder' for CMake module files
[536.070s] DEBUG:colcon.colcon_core.event_handler.log_command:Invoked command in '/home/ubuntu/rj_training_container/training_ws/build/peak_finder' returned '0': CMAKE_PREFIX_PATH=/home/ubuntu/rj_training_container/training_ws/install/stsl_interfaces:/home/ubuntu/rj_training_container/training_ws/install/stsl_desktop:/home/ubuntu/rj_training_container/training_ws/install/traini_bringup:/home/ubuntu/rj_training_container/training_ws/install/traini_gazebo:/home/ubuntu/rj_training_container/training_ws/install/traini_description:/home/ubuntu/rj_training_container/training_ws/install/teleop:/home/ubuntu/rj_training_container/training_ws/install/stsl_utils:/home/ubuntu/rj_training_container/training_ws/install/stsl_rviz_plugins:/home/ubuntu/rj_training_container/training_ws/install/stsl_nav_plugins:/home/ubuntu/rj_training_container/training_ws/install/mission_orchestration:/home/ubuntu/rj_training_container/training_ws/install/stsl_bt_nodes:/home/ubuntu/rj_training_container/training_ws/install/stsl_aruco_tags:/home/ubuntu/rj_training_container/training_ws/install/peak_finder:/home/ubuntu/rj_training_container/training_ws/install/mineral_deposit_tracking:/home/ubuntu/rj_training_container/training_ws/install/mineral_deposit_detection:/home/ubuntu/rj_training_container/training_ws/install/localization:/home/ubuntu/rj_training_container/training_ws/install/elevation_server:/home/ubuntu/rj_training_container/training_ws/install/coordinate_transform:/home/ubuntu/rj_training_container/training_ws/install/stsl_gazebo_plugins:/home/ubuntu/rj_training_container/training_ws/install/rj_training_bringup:/home/ubuntu/rj_training_container/training_ws/install/obstacle_detector:/home/ubuntu/rj_training_container/training_ws/install/mapping:/home/ubuntu/rj_training_container/training_ws/install/joystick_package:/home/ubuntu/rj_training_container/training_ws/install/joystick_msgs:/home/ubuntu/rj_training_container/training_ws/install/controllers:/home/ubuntu/rj_training_container/training_ws/install/astar_path_planner:/home/ubuntu/rj_training_container/training_ws/install/keyboard:/opt/ros/humble LD_LIBRARY_PATH=/home/ubuntu/rj_training_container/training_ws/install/stsl_interfaces/lib:/home/ubuntu/rj_training_container/training_ws/install/teleop/lib:/home/ubuntu/rj_training_container/training_ws/install/stsl_utils/lib:/home/ubuntu/rj_training_container/training_ws/install/stsl_rviz_plugins/lib:/home/ubuntu/rj_training_container/training_ws/install/stsl_nav_plugins/lib:/home/ubuntu/rj_training_container/training_ws/install/mission_orchestration/lib:/home/ubuntu/rj_training_container/training_ws/install/stsl_bt_nodes/lib:/home/ubuntu/rj_training_container/training_ws/install/stsl_aruco_tags/lib:/home/ubuntu/rj_training_container/training_ws/install/peak_finder/lib:/home/ubuntu/rj_training_container/training_ws/install/mineral_deposit_tracking/lib:/home/ubuntu/rj_training_container/training_ws/install/mineral_deposit_detection/lib:/home/ubuntu/rj_training_container/training_ws/install/localization/lib:/home/ubuntu/rj_training_container/training_ws/install/elevation_server/lib:/home/ubuntu/rj_training_container/training_ws/install/coordinate_transform/lib:/home/ubuntu/rj_training_container/training_ws/install/stsl_gazebo_plugins/lib:/home/ubuntu/rj_training_container/training_ws/install/obstacle_detector/lib:/home/ubuntu/rj_training_container/training_ws/install/mapping/lib:/home/ubuntu/rj_training_container/training_ws/install/joystick_package/lib:/home/ubuntu/rj_training_container/training_ws/install/joystick_msgs/lib:/home/ubuntu/rj_training_container/training_ws/install/controllers/lib:/home/ubuntu/rj_training_container/training_ws/install/astar_path_planner/lib:/usr/lib/x86_64-linux-gnu/gazebo-11/plugins:/opt/ros/humble/opt/rviz_ogre_vendor/lib:/opt/ros/humble/lib/x86_64-linux-gnu:/opt/ros/humble/lib /usr/bin/cmake --install /home/ubuntu/rj_training_container/training_ws/build/peak_finder
[536.241s] Level 1:colcon.colcon_core.environment:checking '/home/ubuntu/rj_training_container/training_ws/install/peak_finder' for CMake config files
[536.380s] Level 1:colcon.colcon_core.shell:create_environment_hook('peak_finder', 'cmake_prefix_path')
[536.381s] INFO:colcon.colcon_core.shell:Creating environment hook '/home/ubuntu/rj_training_container/training_ws/install/peak_finder/share/peak_finder/hook/cmake_prefix_path.ps1'
[536.408s] INFO:colcon.colcon_core.shell:Creating environment descriptor '/home/ubuntu/rj_training_container/training_ws/install/peak_finder/share/peak_finder/hook/cmake_prefix_path.dsv'
[536.432s] INFO:colcon.colcon_core.shell:Creating environment hook '/home/ubuntu/rj_training_container/training_ws/install/peak_finder/share/peak_finder/hook/cmake_prefix_path.sh'
[536.468s] Level 1:colcon.colcon_core.environment:checking '/home/ubuntu/rj_training_container/training_ws/install/peak_finder/lib'
[536.474s] Level 1:colcon.colcon_core.shell:create_environment_hook('peak_finder', 'ld_library_path_lib')
[536.475s] INFO:colcon.colcon_core.shell:Creating environment hook '/home/ubuntu/rj_training_container/training_ws/install/peak_finder/share/peak_finder/hook/ld_library_path_lib.ps1'
[536.505s] INFO:colcon.colcon_core.shell:Creating environment descriptor '/home/ubuntu/rj_training_container/training_ws/install/peak_finder/share/peak_finder/hook/ld_library_path_lib.dsv'
[536.537s] INFO:colcon.colcon_core.shell:Creating environment hook '/home/ubuntu/rj_training_container/training_ws/install/peak_finder/share/peak_finder/hook/ld_library_path_lib.sh'
[536.567s] Level 1:colcon.colcon_core.environment:checking '/home/ubuntu/rj_training_container/training_ws/install/peak_finder/bin'
[536.569s] Level 1:colcon.colcon_core.environment:checking '/home/ubuntu/rj_training_container/training_ws/install/peak_finder/lib/pkgconfig/peak_finder.pc'
[536.572s] Level 1:colcon.colcon_core.environment:checking '/home/ubuntu/rj_training_container/training_ws/install/peak_finder/lib/python3.10/site-packages'
[536.576s] Level 1:colcon.colcon_core.environment:checking '/home/ubuntu/rj_training_container/training_ws/install/peak_finder/bin'
[536.578s] INFO:colcon.colcon_core.shell:Creating package script '/home/ubuntu/rj_training_container/training_ws/install/peak_finder/share/peak_finder/package.ps1'
[536.607s] INFO:colcon.colcon_core.shell:Creating package descriptor '/home/ubuntu/rj_training_container/training_ws/install/peak_finder/share/peak_finder/package.dsv'
[536.632s] INFO:colcon.colcon_core.shell:Creating package script '/home/ubuntu/rj_training_container/training_ws/install/peak_finder/share/peak_finder/package.sh'
[536.663s] INFO:colcon.colcon_core.shell:Creating package script '/home/ubuntu/rj_training_container/training_ws/install/peak_finder/share/peak_finder/package.bash'
[536.688s] INFO:colcon.colcon_core.shell:Creating package script '/home/ubuntu/rj_training_container/training_ws/install/peak_finder/share/peak_finder/package.zsh'
[536.712s] Level 1:colcon.colcon_core.environment:create_file_with_runtime_dependencies(/home/ubuntu/rj_training_container/training_ws/install/peak_finder/share/colcon-core/packages/peak_finder)
[538.595s] Level 1:colcon.colcon_core.environment:create_environment_scripts_only(stsl_aruco_tags)
[538.596s] Level 1:colcon.colcon_core.environment:checking '/home/ubuntu/rj_training_container/training_ws/install/stsl_aruco_tags' for CMake module files
[538.599s] DEBUG:colcon.colcon_core.event_handler.log_command:Invoked command in '/home/ubuntu/rj_training_container/training_ws/build/stsl_aruco_tags' returned '0': CMAKE_PREFIX_PATH=/home/ubuntu/rj_training_container/training_ws/install/stsl_interfaces:/home/ubuntu/rj_training_container/training_ws/install/stsl_desktop:/home/ubuntu/rj_training_container/training_ws/install/traini_bringup:/home/ubuntu/rj_training_container/training_ws/install/traini_gazebo:/home/ubuntu/rj_training_container/training_ws/install/traini_description:/home/ubuntu/rj_training_container/training_ws/install/teleop:/home/ubuntu/rj_training_container/training_ws/install/stsl_utils:/home/ubuntu/rj_training_container/training_ws/install/stsl_rviz_plugins:/home/ubuntu/rj_training_container/training_ws/install/stsl_nav_plugins:/home/ubuntu/rj_training_container/training_ws/install/mission_orchestration:/home/ubuntu/rj_training_container/training_ws/install/stsl_bt_nodes:/home/ubuntu/rj_training_container/training_ws/install/stsl_aruco_tags:/home/ubuntu/rj_training_container/training_ws/install/peak_finder:/home/ubuntu/rj_training_container/training_ws/install/mineral_deposit_tracking:/home/ubuntu/rj_training_container/training_ws/install/mineral_deposit_detection:/home/ubuntu/rj_training_container/training_ws/install/localization:/home/ubuntu/rj_training_container/training_ws/install/elevation_server:/home/ubuntu/rj_training_container/training_ws/install/coordinate_transform:/home/ubuntu/rj_training_container/training_ws/install/stsl_gazebo_plugins:/home/ubuntu/rj_training_container/training_ws/install/rj_training_bringup:/home/ubuntu/rj_training_container/training_ws/install/obstacle_detector:/home/ubuntu/rj_training_container/training_ws/install/mapping:/home/ubuntu/rj_training_container/training_ws/install/joystick_package:/home/ubuntu/rj_training_container/training_ws/install/joystick_msgs:/home/ubuntu/rj_training_container/training_ws/install/controllers:/home/ubuntu/rj_training_container/training_ws/install/astar_path_planner:/home/ubuntu/rj_training_container/training_ws/install/keyboard:/opt/ros/humble LD_LIBRARY_PATH=/home/ubuntu/rj_training_container/training_ws/install/stsl_interfaces/lib:/home/ubuntu/rj_training_container/training_ws/install/teleop/lib:/home/ubuntu/rj_training_container/training_ws/install/stsl_utils/lib:/home/ubuntu/rj_training_container/training_ws/install/stsl_rviz_plugins/lib:/home/ubuntu/rj_training_container/training_ws/install/stsl_nav_plugins/lib:/home/ubuntu/rj_training_container/training_ws/install/mission_orchestration/lib:/home/ubuntu/rj_training_container/training_ws/install/stsl_bt_nodes/lib:/home/ubuntu/rj_training_container/training_ws/install/stsl_aruco_tags/lib:/home/ubuntu/rj_training_container/training_ws/install/peak_finder/lib:/home/ubuntu/rj_training_container/training_ws/install/mineral_deposit_tracking/lib:/home/ubuntu/rj_training_container/training_ws/install/mineral_deposit_detection/lib:/home/ubuntu/rj_training_container/training_ws/install/localization/lib:/home/ubuntu/rj_training_container/training_ws/install/elevation_server/lib:/home/ubuntu/rj_training_container/training_ws/install/coordinate_transform/lib:/home/ubuntu/rj_training_container/training_ws/install/stsl_gazebo_plugins/lib:/home/ubuntu/rj_training_container/training_ws/install/obstacle_detector/lib:/home/ubuntu/rj_training_container/training_ws/install/mapping/lib:/home/ubuntu/rj_training_container/training_ws/install/joystick_package/lib:/home/ubuntu/rj_training_container/training_ws/install/joystick_msgs/lib:/home/ubuntu/rj_training_container/training_ws/install/controllers/lib:/home/ubuntu/rj_training_container/training_ws/install/astar_path_planner/lib:/usr/lib/x86_64-linux-gnu/gazebo-11/plugins:/opt/ros/humble/opt/rviz_ogre_vendor/lib:/opt/ros/humble/lib/x86_64-linux-gnu:/opt/ros/humble/lib /usr/bin/cmake --install /home/ubuntu/rj_training_container/training_ws/build/stsl_aruco_tags
[538.820s] Level 1:colcon.colcon_core.environment:checking '/home/ubuntu/rj_training_container/training_ws/install/stsl_aruco_tags' for CMake config files
[538.974s] Level 1:colcon.colcon_core.shell:create_environment_hook('stsl_aruco_tags', 'cmake_prefix_path')
[538.975s] INFO:colcon.colcon_core.shell:Creating environment hook '/home/ubuntu/rj_training_container/training_ws/install/stsl_aruco_tags/share/stsl_aruco_tags/hook/cmake_prefix_path.ps1'
[539.000s] INFO:colcon.colcon_core.shell:Creating environment descriptor '/home/ubuntu/rj_training_container/training_ws/install/stsl_aruco_tags/share/stsl_aruco_tags/hook/cmake_prefix_path.dsv'
[539.029s] INFO:colcon.colcon_core.shell:Creating environment hook '/home/ubuntu/rj_training_container/training_ws/install/stsl_aruco_tags/share/stsl_aruco_tags/hook/cmake_prefix_path.sh'
[539.067s] Level 1:colcon.colcon_core.environment:checking '/home/ubuntu/rj_training_container/training_ws/install/stsl_aruco_tags/lib'
[539.076s] Level 1:colcon.colcon_core.shell:create_environment_hook('stsl_aruco_tags', 'ld_library_path_lib')
[539.077s] INFO:colcon.colcon_core.shell:Creating environment hook '/home/ubuntu/rj_training_container/training_ws/install/stsl_aruco_tags/share/stsl_aruco_tags/hook/ld_library_path_lib.ps1'
[539.107s] INFO:colcon.colcon_core.shell:Creating environment descriptor '/home/ubuntu/rj_training_container/training_ws/install/stsl_aruco_tags/share/stsl_aruco_tags/hook/ld_library_path_lib.dsv'
[539.134s] INFO:colcon.colcon_core.shell:Creating environment hook '/home/ubuntu/rj_training_container/training_ws/install/stsl_aruco_tags/share/stsl_aruco_tags/hook/ld_library_path_lib.sh'
[539.161s] Level 1:colcon.colcon_core.environment:checking '/home/ubuntu/rj_training_container/training_ws/install/stsl_aruco_tags/bin'
[539.164s] Level 1:colcon.colcon_core.environment:checking '/home/ubuntu/rj_training_container/training_ws/install/stsl_aruco_tags/lib/pkgconfig/stsl_aruco_tags.pc'
[539.167s] Level 1:colcon.colcon_core.environment:checking '/home/ubuntu/rj_training_container/training_ws/install/stsl_aruco_tags/lib/python3.10/site-packages'
[539.170s] Level 1:colcon.colcon_core.environment:checking '/home/ubuntu/rj_training_container/training_ws/install/stsl_aruco_tags/bin'
[539.173s] INFO:colcon.colcon_core.shell:Creating package script '/home/ubuntu/rj_training_container/training_ws/install/stsl_aruco_tags/share/stsl_aruco_tags/package.ps1'
[539.198s] INFO:colcon.colcon_core.shell:Creating package descriptor '/home/ubuntu/rj_training_container/training_ws/install/stsl_aruco_tags/share/stsl_aruco_tags/package.dsv'
[539.220s] INFO:colcon.colcon_core.shell:Creating package script '/home/ubuntu/rj_training_container/training_ws/install/stsl_aruco_tags/share/stsl_aruco_tags/package.sh'
[539.240s] INFO:colcon.colcon_core.shell:Creating package script '/home/ubuntu/rj_training_container/training_ws/install/stsl_aruco_tags/share/stsl_aruco_tags/package.bash'
[539.260s] INFO:colcon.colcon_core.shell:Creating package script '/home/ubuntu/rj_training_container/training_ws/install/stsl_aruco_tags/share/stsl_aruco_tags/package.zsh'
[539.282s] Level 1:colcon.colcon_core.environment:create_file_with_runtime_dependencies(/home/ubuntu/rj_training_container/training_ws/install/stsl_aruco_tags/share/colcon-core/packages/stsl_aruco_tags)
[539.315s] Level 1:colcon.colcon_core.environment:create_environment_scripts_only(localization)
[539.316s] Level 1:colcon.colcon_core.environment:checking '/home/ubuntu/rj_training_container/training_ws/install/localization' for CMake module files
[539.318s] DEBUG:colcon.colcon_core.event_handler.log_command:Invoked command in '/home/ubuntu/rj_training_container/training_ws/build/localization' returned '0': CMAKE_PREFIX_PATH=/home/ubuntu/rj_training_container/training_ws/install/stsl_interfaces:/home/ubuntu/rj_training_container/training_ws/install/stsl_desktop:/home/ubuntu/rj_training_container/training_ws/install/traini_bringup:/home/ubuntu/rj_training_container/training_ws/install/traini_gazebo:/home/ubuntu/rj_training_container/training_ws/install/traini_description:/home/ubuntu/rj_training_container/training_ws/install/teleop:/home/ubuntu/rj_training_container/training_ws/install/stsl_utils:/home/ubuntu/rj_training_container/training_ws/install/stsl_rviz_plugins:/home/ubuntu/rj_training_container/training_ws/install/stsl_nav_plugins:/home/ubuntu/rj_training_container/training_ws/install/mission_orchestration:/home/ubuntu/rj_training_container/training_ws/install/stsl_bt_nodes:/home/ubuntu/rj_training_container/training_ws/install/stsl_aruco_tags:/home/ubuntu/rj_training_container/training_ws/install/peak_finder:/home/ubuntu/rj_training_container/training_ws/install/mineral_deposit_tracking:/home/ubuntu/rj_training_container/training_ws/install/mineral_deposit_detection:/home/ubuntu/rj_training_container/training_ws/install/localization:/home/ubuntu/rj_training_container/training_ws/install/elevation_server:/home/ubuntu/rj_training_container/training_ws/install/coordinate_transform:/home/ubuntu/rj_training_container/training_ws/install/stsl_gazebo_plugins:/home/ubuntu/rj_training_container/training_ws/install/rj_training_bringup:/home/ubuntu/rj_training_container/training_ws/install/obstacle_detector:/home/ubuntu/rj_training_container/training_ws/install/mapping:/home/ubuntu/rj_training_container/training_ws/install/joystick_package:/home/ubuntu/rj_training_container/training_ws/install/joystick_msgs:/home/ubuntu/rj_training_container/training_ws/install/controllers:/home/ubuntu/rj_training_container/training_ws/install/astar_path_planner:/home/ubuntu/rj_training_container/training_ws/install/keyboard:/opt/ros/humble LD_LIBRARY_PATH=/home/ubuntu/rj_training_container/training_ws/install/stsl_interfaces/lib:/home/ubuntu/rj_training_container/training_ws/install/teleop/lib:/home/ubuntu/rj_training_container/training_ws/install/stsl_utils/lib:/home/ubuntu/rj_training_container/training_ws/install/stsl_rviz_plugins/lib:/home/ubuntu/rj_training_container/training_ws/install/stsl_nav_plugins/lib:/home/ubuntu/rj_training_container/training_ws/install/mission_orchestration/lib:/home/ubuntu/rj_training_container/training_ws/install/stsl_bt_nodes/lib:/home/ubuntu/rj_training_container/training_ws/install/stsl_aruco_tags/lib:/home/ubuntu/rj_training_container/training_ws/install/peak_finder/lib:/home/ubuntu/rj_training_container/training_ws/install/mineral_deposit_tracking/lib:/home/ubuntu/rj_training_container/training_ws/install/mineral_deposit_detection/lib:/home/ubuntu/rj_training_container/training_ws/install/localization/lib:/home/ubuntu/rj_training_container/training_ws/install/elevation_server/lib:/home/ubuntu/rj_training_container/training_ws/install/coordinate_transform/lib:/home/ubuntu/rj_training_container/training_ws/install/stsl_gazebo_plugins/lib:/home/ubuntu/rj_training_container/training_ws/install/obstacle_detector/lib:/home/ubuntu/rj_training_container/training_ws/install/mapping/lib:/home/ubuntu/rj_training_container/training_ws/install/joystick_package/lib:/home/ubuntu/rj_training_container/training_ws/install/joystick_msgs/lib:/home/ubuntu/rj_training_container/training_ws/install/controllers/lib:/home/ubuntu/rj_training_container/training_ws/install/astar_path_planner/lib:/usr/lib/x86_64-linux-gnu/gazebo-11/plugins:/opt/ros/humble/opt/rviz_ogre_vendor/lib:/opt/ros/humble/lib/x86_64-linux-gnu:/opt/ros/humble/lib /usr/bin/cmake --install /home/ubuntu/rj_training_container/training_ws/build/localization
[539.492s] Level 1:colcon.colcon_core.environment:checking '/home/ubuntu/rj_training_container/training_ws/install/localization' for CMake config files
[539.646s] Level 1:colcon.colcon_core.shell:create_environment_hook('localization', 'cmake_prefix_path')
[539.647s] INFO:colcon.colcon_core.shell:Creating environment hook '/home/ubuntu/rj_training_container/training_ws/install/localization/share/localization/hook/cmake_prefix_path.ps1'
[539.682s] INFO:colcon.colcon_core.shell:Creating environment descriptor '/home/ubuntu/rj_training_container/training_ws/install/localization/share/localization/hook/cmake_prefix_path.dsv'
[539.713s] INFO:colcon.colcon_core.shell:Creating environment hook '/home/ubuntu/rj_training_container/training_ws/install/localization/share/localization/hook/cmake_prefix_path.sh'
[539.750s] Level 1:colcon.colcon_core.environment:checking '/home/ubuntu/rj_training_container/training_ws/install/localization/lib'
[539.760s] Level 1:colcon.colcon_core.shell:create_environment_hook('localization', 'ld_library_path_lib')
[539.761s] INFO:colcon.colcon_core.shell:Creating environment hook '/home/ubuntu/rj_training_container/training_ws/install/localization/share/localization/hook/ld_library_path_lib.ps1'
[539.794s] INFO:colcon.colcon_core.shell:Creating environment descriptor '/home/ubuntu/rj_training_container/training_ws/install/localization/share/localization/hook/ld_library_path_lib.dsv'
[539.825s] INFO:colcon.colcon_core.shell:Creating environment hook '/home/ubuntu/rj_training_container/training_ws/install/localization/share/localization/hook/ld_library_path_lib.sh'
[539.857s] Level 1:colcon.colcon_core.environment:checking '/home/ubuntu/rj_training_container/training_ws/install/localization/bin'
[539.859s] Level 1:colcon.colcon_core.environment:checking '/home/ubuntu/rj_training_container/training_ws/install/localization/lib/pkgconfig/localization.pc'
[539.863s] Level 1:colcon.colcon_core.environment:checking '/home/ubuntu/rj_training_container/training_ws/install/localization/lib/python3.10/site-packages'
[539.867s] Level 1:colcon.colcon_core.environment:checking '/home/ubuntu/rj_training_container/training_ws/install/localization/bin'
[539.870s] INFO:colcon.colcon_core.shell:Creating package script '/home/ubuntu/rj_training_container/training_ws/install/localization/share/localization/package.ps1'
[539.894s] INFO:colcon.colcon_core.shell:Creating package descriptor '/home/ubuntu/rj_training_container/training_ws/install/localization/share/localization/package.dsv'
[539.917s] INFO:colcon.colcon_core.shell:Creating package script '/home/ubuntu/rj_training_container/training_ws/install/localization/share/localization/package.sh'
[539.944s] INFO:colcon.colcon_core.shell:Creating package script '/home/ubuntu/rj_training_container/training_ws/install/localization/share/localization/package.bash'
[539.970s] INFO:colcon.colcon_core.shell:Creating package script '/home/ubuntu/rj_training_container/training_ws/install/localization/share/localization/package.zsh'
[539.996s] Level 1:colcon.colcon_core.environment:create_file_with_runtime_dependencies(/home/ubuntu/rj_training_container/training_ws/install/localization/share/colcon-core/packages/localization)
[540.048s] Level 1:colcon.colcon_core.environment:create_environment_scripts_only(stsl_bt_nodes)
[540.049s] Level 1:colcon.colcon_core.environment:checking '/home/ubuntu/rj_training_container/training_ws/install/stsl_bt_nodes' for CMake module files
[540.051s] DEBUG:colcon.colcon_core.event_handler.log_command:Invoked command in '/home/ubuntu/rj_training_container/training_ws/build/stsl_bt_nodes' returned '0': CMAKE_PREFIX_PATH=/home/ubuntu/rj_training_container/training_ws/install/stsl_interfaces:/home/ubuntu/rj_training_container/training_ws/install/stsl_desktop:/home/ubuntu/rj_training_container/training_ws/install/traini_bringup:/home/ubuntu/rj_training_container/training_ws/install/traini_gazebo:/home/ubuntu/rj_training_container/training_ws/install/traini_description:/home/ubuntu/rj_training_container/training_ws/install/teleop:/home/ubuntu/rj_training_container/training_ws/install/stsl_utils:/home/ubuntu/rj_training_container/training_ws/install/stsl_rviz_plugins:/home/ubuntu/rj_training_container/training_ws/install/stsl_nav_plugins:/home/ubuntu/rj_training_container/training_ws/install/mission_orchestration:/home/ubuntu/rj_training_container/training_ws/install/stsl_bt_nodes:/home/ubuntu/rj_training_container/training_ws/install/stsl_aruco_tags:/home/ubuntu/rj_training_container/training_ws/install/peak_finder:/home/ubuntu/rj_training_container/training_ws/install/mineral_deposit_tracking:/home/ubuntu/rj_training_container/training_ws/install/mineral_deposit_detection:/home/ubuntu/rj_training_container/training_ws/install/localization:/home/ubuntu/rj_training_container/training_ws/install/elevation_server:/home/ubuntu/rj_training_container/training_ws/install/coordinate_transform:/home/ubuntu/rj_training_container/training_ws/install/stsl_gazebo_plugins:/home/ubuntu/rj_training_container/training_ws/install/rj_training_bringup:/home/ubuntu/rj_training_container/training_ws/install/obstacle_detector:/home/ubuntu/rj_training_container/training_ws/install/mapping:/home/ubuntu/rj_training_container/training_ws/install/joystick_package:/home/ubuntu/rj_training_container/training_ws/install/joystick_msgs:/home/ubuntu/rj_training_container/training_ws/install/controllers:/home/ubuntu/rj_training_container/training_ws/install/astar_path_planner:/home/ubuntu/rj_training_container/training_ws/install/keyboard:/opt/ros/humble LD_LIBRARY_PATH=/home/ubuntu/rj_training_container/training_ws/install/stsl_interfaces/lib:/home/ubuntu/rj_training_container/training_ws/install/teleop/lib:/home/ubuntu/rj_training_container/training_ws/install/stsl_utils/lib:/home/ubuntu/rj_training_container/training_ws/install/stsl_rviz_plugins/lib:/home/ubuntu/rj_training_container/training_ws/install/stsl_nav_plugins/lib:/home/ubuntu/rj_training_container/training_ws/install/mission_orchestration/lib:/home/ubuntu/rj_training_container/training_ws/install/stsl_bt_nodes/lib:/home/ubuntu/rj_training_container/training_ws/install/stsl_aruco_tags/lib:/home/ubuntu/rj_training_container/training_ws/install/peak_finder/lib:/home/ubuntu/rj_training_container/training_ws/install/mineral_deposit_tracking/lib:/home/ubuntu/rj_training_container/training_ws/install/mineral_deposit_detection/lib:/home/ubuntu/rj_training_container/training_ws/install/localization/lib:/home/ubuntu/rj_training_container/training_ws/install/elevation_server/lib:/home/ubuntu/rj_training_container/training_ws/install/coordinate_transform/lib:/home/ubuntu/rj_training_container/training_ws/install/stsl_gazebo_plugins/lib:/home/ubuntu/rj_training_container/training_ws/install/obstacle_detector/lib:/home/ubuntu/rj_training_container/training_ws/install/mapping/lib:/home/ubuntu/rj_training_container/training_ws/install/joystick_package/lib:/home/ubuntu/rj_training_container/training_ws/install/joystick_msgs/lib:/home/ubuntu/rj_training_container/training_ws/install/controllers/lib:/home/ubuntu/rj_training_container/training_ws/install/astar_path_planner/lib:/usr/lib/x86_64-linux-gnu/gazebo-11/plugins:/opt/ros/humble/opt/rviz_ogre_vendor/lib:/opt/ros/humble/lib/x86_64-linux-gnu:/opt/ros/humble/lib /usr/bin/cmake --install /home/ubuntu/rj_training_container/training_ws/build/stsl_bt_nodes
[540.227s] Level 1:colcon.colcon_core.environment:checking '/home/ubuntu/rj_training_container/training_ws/install/stsl_bt_nodes' for CMake config files
[540.353s] Level 1:colcon.colcon_core.shell:create_environment_hook('stsl_bt_nodes', 'cmake_prefix_path')
[540.355s] INFO:colcon.colcon_core.shell:Creating environment hook '/home/ubuntu/rj_training_container/training_ws/install/stsl_bt_nodes/share/stsl_bt_nodes/hook/cmake_prefix_path.ps1'
[540.385s] INFO:colcon.colcon_core.shell:Creating environment descriptor '/home/ubuntu/rj_training_container/training_ws/install/stsl_bt_nodes/share/stsl_bt_nodes/hook/cmake_prefix_path.dsv'
[540.412s] INFO:colcon.colcon_core.shell:Creating environment hook '/home/ubuntu/rj_training_container/training_ws/install/stsl_bt_nodes/share/stsl_bt_nodes/hook/cmake_prefix_path.sh'
[540.445s] Level 1:colcon.colcon_core.environment:checking '/home/ubuntu/rj_training_container/training_ws/install/stsl_bt_nodes/lib'
[540.452s] Level 1:colcon.colcon_core.shell:create_environment_hook('stsl_bt_nodes', 'ld_library_path_lib')
[540.453s] INFO:colcon.colcon_core.shell:Creating environment hook '/home/ubuntu/rj_training_container/training_ws/install/stsl_bt_nodes/share/stsl_bt_nodes/hook/ld_library_path_lib.ps1'
[540.477s] INFO:colcon.colcon_core.shell:Creating environment descriptor '/home/ubuntu/rj_training_container/training_ws/install/stsl_bt_nodes/share/stsl_bt_nodes/hook/ld_library_path_lib.dsv'
[540.507s] INFO:colcon.colcon_core.shell:Creating environment hook '/home/ubuntu/rj_training_container/training_ws/install/stsl_bt_nodes/share/stsl_bt_nodes/hook/ld_library_path_lib.sh'
[540.539s] Level 1:colcon.colcon_core.environment:checking '/home/ubuntu/rj_training_container/training_ws/install/stsl_bt_nodes/bin'
[540.541s] Level 1:colcon.colcon_core.environment:checking '/home/ubuntu/rj_training_container/training_ws/install/stsl_bt_nodes/lib/pkgconfig/stsl_bt_nodes.pc'
[540.545s] Level 1:colcon.colcon_core.environment:checking '/home/ubuntu/rj_training_container/training_ws/install/stsl_bt_nodes/lib/python3.10/site-packages'
[540.548s] Level 1:colcon.colcon_core.environment:checking '/home/ubuntu/rj_training_container/training_ws/install/stsl_bt_nodes/bin'
[540.551s] INFO:colcon.colcon_core.shell:Creating package script '/home/ubuntu/rj_training_container/training_ws/install/stsl_bt_nodes/share/stsl_bt_nodes/package.ps1'
[540.576s] INFO:colcon.colcon_core.shell:Creating package descriptor '/home/ubuntu/rj_training_container/training_ws/install/stsl_bt_nodes/share/stsl_bt_nodes/package.dsv'
[540.601s] INFO:colcon.colcon_core.shell:Creating package script '/home/ubuntu/rj_training_container/training_ws/install/stsl_bt_nodes/share/stsl_bt_nodes/package.sh'
[540.629s] INFO:colcon.colcon_core.shell:Creating package script '/home/ubuntu/rj_training_container/training_ws/install/stsl_bt_nodes/share/stsl_bt_nodes/package.bash'
[540.654s] INFO:colcon.colcon_core.shell:Creating package script '/home/ubuntu/rj_training_container/training_ws/install/stsl_bt_nodes/share/stsl_bt_nodes/package.zsh'
[540.683s] Level 1:colcon.colcon_core.environment:create_file_with_runtime_dependencies(/home/ubuntu/rj_training_container/training_ws/install/stsl_bt_nodes/share/colcon-core/packages/stsl_bt_nodes)
[548.942s] DEBUG:colcon.colcon_core.event_handler.log_command:Invoking command in '/home/ubuntu/rj_training_container/training_ws/build/stsl_rviz_plugins': CMAKE_PREFIX_PATH=/home/ubuntu/rj_training_container/training_ws/install/stsl_interfaces:/home/ubuntu/rj_training_container/training_ws/install/stsl_desktop:/home/ubuntu/rj_training_container/training_ws/install/traini_bringup:/home/ubuntu/rj_training_container/training_ws/install/traini_gazebo:/home/ubuntu/rj_training_container/training_ws/install/traini_description:/home/ubuntu/rj_training_container/training_ws/install/teleop:/home/ubuntu/rj_training_container/training_ws/install/stsl_utils:/home/ubuntu/rj_training_container/training_ws/install/stsl_rviz_plugins:/home/ubuntu/rj_training_container/training_ws/install/stsl_nav_plugins:/home/ubuntu/rj_training_container/training_ws/install/mission_orchestration:/home/ubuntu/rj_training_container/training_ws/install/stsl_bt_nodes:/home/ubuntu/rj_training_container/training_ws/install/stsl_aruco_tags:/home/ubuntu/rj_training_container/training_ws/install/peak_finder:/home/ubuntu/rj_training_container/training_ws/install/mineral_deposit_tracking:/home/ubuntu/rj_training_container/training_ws/install/mineral_deposit_detection:/home/ubuntu/rj_training_container/training_ws/install/localization:/home/ubuntu/rj_training_container/training_ws/install/elevation_server:/home/ubuntu/rj_training_container/training_ws/install/coordinate_transform:/home/ubuntu/rj_training_container/training_ws/install/stsl_gazebo_plugins:/home/ubuntu/rj_training_container/training_ws/install/rj_training_bringup:/home/ubuntu/rj_training_container/training_ws/install/obstacle_detector:/home/ubuntu/rj_training_container/training_ws/install/mapping:/home/ubuntu/rj_training_container/training_ws/install/joystick_package:/home/ubuntu/rj_training_container/training_ws/install/joystick_msgs:/home/ubuntu/rj_training_container/training_ws/install/controllers:/home/ubuntu/rj_training_container/training_ws/install/astar_path_planner:/home/ubuntu/rj_training_container/training_ws/install/keyboard:/opt/ros/humble LD_LIBRARY_PATH=/home/ubuntu/rj_training_container/training_ws/install/stsl_interfaces/lib:/home/ubuntu/rj_training_container/training_ws/install/teleop/lib:/home/ubuntu/rj_training_container/training_ws/install/stsl_utils/lib:/home/ubuntu/rj_training_container/training_ws/install/stsl_rviz_plugins/lib:/home/ubuntu/rj_training_container/training_ws/install/stsl_nav_plugins/lib:/home/ubuntu/rj_training_container/training_ws/install/mission_orchestration/lib:/home/ubuntu/rj_training_container/training_ws/install/stsl_bt_nodes/lib:/home/ubuntu/rj_training_container/training_ws/install/stsl_aruco_tags/lib:/home/ubuntu/rj_training_container/training_ws/install/peak_finder/lib:/home/ubuntu/rj_training_container/training_ws/install/mineral_deposit_tracking/lib:/home/ubuntu/rj_training_container/training_ws/install/mineral_deposit_detection/lib:/home/ubuntu/rj_training_container/training_ws/install/localization/lib:/home/ubuntu/rj_training_container/training_ws/install/elevation_server/lib:/home/ubuntu/rj_training_container/training_ws/install/coordinate_transform/lib:/home/ubuntu/rj_training_container/training_ws/install/stsl_gazebo_plugins/lib:/home/ubuntu/rj_training_container/training_ws/install/obstacle_detector/lib:/home/ubuntu/rj_training_container/training_ws/install/mapping/lib:/home/ubuntu/rj_training_container/training_ws/install/joystick_package/lib:/home/ubuntu/rj_training_container/training_ws/install/joystick_msgs/lib:/home/ubuntu/rj_training_container/training_ws/install/controllers/lib:/home/ubuntu/rj_training_container/training_ws/install/astar_path_planner/lib:/usr/lib/x86_64-linux-gnu/gazebo-11/plugins:/opt/ros/humble/opt/rviz_ogre_vendor/lib:/opt/ros/humble/lib/x86_64-linux-gnu:/opt/ros/humble/lib /usr/bin/cmake --install /home/ubuntu/rj_training_container/training_ws/build/stsl_rviz_plugins
[552.681s] Level 1:colcon.colcon_core.environment:create_environment_scripts_only(mineral_deposit_detection)
[552.682s] Level 1:colcon.colcon_core.environment:checking '/home/ubuntu/rj_training_container/training_ws/install/mineral_deposit_detection' for CMake module files
[552.885s] Level 1:colcon.colcon_core.environment:checking '/home/ubuntu/rj_training_container/training_ws/install/mineral_deposit_detection' for CMake config files
[553.087s] Level 1:colcon.colcon_core.shell:create_environment_hook('mineral_deposit_detection', 'cmake_prefix_path')
[553.088s] INFO:colcon.colcon_core.shell:Creating environment hook '/home/ubuntu/rj_training_container/training_ws/install/mineral_deposit_detection/share/mineral_deposit_detection/hook/cmake_prefix_path.ps1'
[553.122s] INFO:colcon.colcon_core.shell:Creating environment descriptor '/home/ubuntu/rj_training_container/training_ws/install/mineral_deposit_detection/share/mineral_deposit_detection/hook/cmake_prefix_path.dsv'
[553.168s] INFO:colcon.colcon_core.shell:Creating environment hook '/home/ubuntu/rj_training_container/training_ws/install/mineral_deposit_detection/share/mineral_deposit_detection/hook/cmake_prefix_path.sh'
[553.232s] Level 1:colcon.colcon_core.environment:checking '/home/ubuntu/rj_training_container/training_ws/install/mineral_deposit_detection/lib'
[553.245s] Level 1:colcon.colcon_core.shell:create_environment_hook('mineral_deposit_detection', 'ld_library_path_lib')
[553.246s] INFO:colcon.colcon_core.shell:Creating environment hook '/home/ubuntu/rj_training_container/training_ws/install/mineral_deposit_detection/share/mineral_deposit_detection/hook/ld_library_path_lib.ps1'
[553.291s] INFO:colcon.colcon_core.shell:Creating environment descriptor '/home/ubuntu/rj_training_container/training_ws/install/mineral_deposit_detection/share/mineral_deposit_detection/hook/ld_library_path_lib.dsv'
[553.327s] INFO:colcon.colcon_core.shell:Creating environment hook '/home/ubuntu/rj_training_container/training_ws/install/mineral_deposit_detection/share/mineral_deposit_detection/hook/ld_library_path_lib.sh'
[553.358s] Level 1:colcon.colcon_core.environment:checking '/home/ubuntu/rj_training_container/training_ws/install/mineral_deposit_detection/bin'
[553.360s] Level 1:colcon.colcon_core.environment:checking '/home/ubuntu/rj_training_container/training_ws/install/mineral_deposit_detection/lib/pkgconfig/mineral_deposit_detection.pc'
[553.361s] Level 1:colcon.colcon_core.environment:checking '/home/ubuntu/rj_training_container/training_ws/install/mineral_deposit_detection/lib/python3.10/site-packages'
[553.364s] Level 1:colcon.colcon_core.environment:checking '/home/ubuntu/rj_training_container/training_ws/install/mineral_deposit_detection/bin'
[553.365s] INFO:colcon.colcon_core.shell:Creating package script '/home/ubuntu/rj_training_container/training_ws/install/mineral_deposit_detection/share/mineral_deposit_detection/package.ps1'
[553.394s] INFO:colcon.colcon_core.shell:Creating package descriptor '/home/ubuntu/rj_training_container/training_ws/install/mineral_deposit_detection/share/mineral_deposit_detection/package.dsv'
[553.420s] INFO:colcon.colcon_core.shell:Creating package script '/home/ubuntu/rj_training_container/training_ws/install/mineral_deposit_detection/share/mineral_deposit_detection/package.sh'
[553.440s] INFO:colcon.colcon_core.shell:Creating package script '/home/ubuntu/rj_training_container/training_ws/install/mineral_deposit_detection/share/mineral_deposit_detection/package.bash'
[553.461s] INFO:colcon.colcon_core.shell:Creating package script '/home/ubuntu/rj_training_container/training_ws/install/mineral_deposit_detection/share/mineral_deposit_detection/package.zsh'
[553.483s] Level 1:colcon.colcon_core.environment:create_file_with_runtime_dependencies(/home/ubuntu/rj_training_container/training_ws/install/mineral_deposit_detection/share/colcon-core/packages/mineral_deposit_detection)
[553.505s] Level 1:colcon.colcon_core.environment:create_environment_scripts_only(stsl_rviz_plugins)
[553.506s] Level 1:colcon.colcon_core.environment:checking '/home/ubuntu/rj_training_container/training_ws/install/stsl_rviz_plugins' for CMake module files
[553.523s] DEBUG:colcon.colcon_core.event_handler.log_command:Invoked command in '/home/ubuntu/rj_training_container/training_ws/build/stsl_rviz_plugins' returned '0': CMAKE_PREFIX_PATH=/home/ubuntu/rj_training_container/training_ws/install/stsl_interfaces:/home/ubuntu/rj_training_container/training_ws/install/stsl_desktop:/home/ubuntu/rj_training_container/training_ws/install/traini_bringup:/home/ubuntu/rj_training_container/training_ws/install/traini_gazebo:/home/ubuntu/rj_training_container/training_ws/install/traini_description:/home/ubuntu/rj_training_container/training_ws/install/teleop:/home/ubuntu/rj_training_container/training_ws/install/stsl_utils:/home/ubuntu/rj_training_container/training_ws/install/stsl_rviz_plugins:/home/ubuntu/rj_training_container/training_ws/install/stsl_nav_plugins:/home/ubuntu/rj_training_container/training_ws/install/mission_orchestration:/home/ubuntu/rj_training_container/training_ws/install/stsl_bt_nodes:/home/ubuntu/rj_training_container/training_ws/install/stsl_aruco_tags:/home/ubuntu/rj_training_container/training_ws/install/peak_finder:/home/ubuntu/rj_training_container/training_ws/install/mineral_deposit_tracking:/home/ubuntu/rj_training_container/training_ws/install/mineral_deposit_detection:/home/ubuntu/rj_training_container/training_ws/install/localization:/home/ubuntu/rj_training_container/training_ws/install/elevation_server:/home/ubuntu/rj_training_container/training_ws/install/coordinate_transform:/home/ubuntu/rj_training_container/training_ws/install/stsl_gazebo_plugins:/home/ubuntu/rj_training_container/training_ws/install/rj_training_bringup:/home/ubuntu/rj_training_container/training_ws/install/obstacle_detector:/home/ubuntu/rj_training_container/training_ws/install/mapping:/home/ubuntu/rj_training_container/training_ws/install/joystick_package:/home/ubuntu/rj_training_container/training_ws/install/joystick_msgs:/home/ubuntu/rj_training_container/training_ws/install/controllers:/home/ubuntu/rj_training_container/training_ws/install/astar_path_planner:/home/ubuntu/rj_training_container/training_ws/install/keyboard:/opt/ros/humble LD_LIBRARY_PATH=/home/ubuntu/rj_training_container/training_ws/install/stsl_interfaces/lib:/home/ubuntu/rj_training_container/training_ws/install/teleop/lib:/home/ubuntu/rj_training_container/training_ws/install/stsl_utils/lib:/home/ubuntu/rj_training_container/training_ws/install/stsl_rviz_plugins/lib:/home/ubuntu/rj_training_container/training_ws/install/stsl_nav_plugins/lib:/home/ubuntu/rj_training_container/training_ws/install/mission_orchestration/lib:/home/ubuntu/rj_training_container/training_ws/install/stsl_bt_nodes/lib:/home/ubuntu/rj_training_container/training_ws/install/stsl_aruco_tags/lib:/home/ubuntu/rj_training_container/training_ws/install/peak_finder/lib:/home/ubuntu/rj_training_container/training_ws/install/mineral_deposit_tracking/lib:/home/ubuntu/rj_training_container/training_ws/install/mineral_deposit_detection/lib:/home/ubuntu/rj_training_container/training_ws/install/localization/lib:/home/ubuntu/rj_training_container/training_ws/install/elevation_server/lib:/home/ubuntu/rj_training_container/training_ws/install/coordinate_transform/lib:/home/ubuntu/rj_training_container/training_ws/install/stsl_gazebo_plugins/lib:/home/ubuntu/rj_training_container/training_ws/install/obstacle_detector/lib:/home/ubuntu/rj_training_container/training_ws/install/mapping/lib:/home/ubuntu/rj_training_container/training_ws/install/joystick_package/lib:/home/ubuntu/rj_training_container/training_ws/install/joystick_msgs/lib:/home/ubuntu/rj_training_container/training_ws/install/controllers/lib:/home/ubuntu/rj_training_container/training_ws/install/astar_path_planner/lib:/usr/lib/x86_64-linux-gnu/gazebo-11/plugins:/opt/ros/humble/opt/rviz_ogre_vendor/lib:/opt/ros/humble/lib/x86_64-linux-gnu:/opt/ros/humble/lib /usr/bin/cmake --install /home/ubuntu/rj_training_container/training_ws/build/stsl_rviz_plugins
[553.693s] Level 1:colcon.colcon_core.environment:checking '/home/ubuntu/rj_training_container/training_ws/install/stsl_rviz_plugins' for CMake config files
[553.850s] Level 1:colcon.colcon_core.shell:create_environment_hook('stsl_rviz_plugins', 'cmake_prefix_path')
[553.851s] INFO:colcon.colcon_core.shell:Creating environment hook '/home/ubuntu/rj_training_container/training_ws/install/stsl_rviz_plugins/share/stsl_rviz_plugins/hook/cmake_prefix_path.ps1'
[553.884s] INFO:colcon.colcon_core.shell:Creating environment descriptor '/home/ubuntu/rj_training_container/training_ws/install/stsl_rviz_plugins/share/stsl_rviz_plugins/hook/cmake_prefix_path.dsv'
[553.917s] INFO:colcon.colcon_core.shell:Creating environment hook '/home/ubuntu/rj_training_container/training_ws/install/stsl_rviz_plugins/share/stsl_rviz_plugins/hook/cmake_prefix_path.sh'
[553.952s] Level 1:colcon.colcon_core.environment:checking '/home/ubuntu/rj_training_container/training_ws/install/stsl_rviz_plugins/lib'
[553.961s] Level 1:colcon.colcon_core.shell:create_environment_hook('stsl_rviz_plugins', 'ld_library_path_lib')
[553.962s] INFO:colcon.colcon_core.shell:Creating environment hook '/home/ubuntu/rj_training_container/training_ws/install/stsl_rviz_plugins/share/stsl_rviz_plugins/hook/ld_library_path_lib.ps1'
[553.988s] INFO:colcon.colcon_core.shell:Creating environment descriptor '/home/ubuntu/rj_training_container/training_ws/install/stsl_rviz_plugins/share/stsl_rviz_plugins/hook/ld_library_path_lib.dsv'
[554.011s] INFO:colcon.colcon_core.shell:Creating environment hook '/home/ubuntu/rj_training_container/training_ws/install/stsl_rviz_plugins/share/stsl_rviz_plugins/hook/ld_library_path_lib.sh'
[554.038s] Level 1:colcon.colcon_core.environment:checking '/home/ubuntu/rj_training_container/training_ws/install/stsl_rviz_plugins/bin'
[554.040s] Level 1:colcon.colcon_core.environment:checking '/home/ubuntu/rj_training_container/training_ws/install/stsl_rviz_plugins/lib/pkgconfig/stsl_rviz_plugins.pc'
[554.044s] Level 1:colcon.colcon_core.environment:checking '/home/ubuntu/rj_training_container/training_ws/install/stsl_rviz_plugins/lib/python3.10/site-packages'
[554.047s] Level 1:colcon.colcon_core.environment:checking '/home/ubuntu/rj_training_container/training_ws/install/stsl_rviz_plugins/bin'
[554.049s] INFO:colcon.colcon_core.shell:Creating package script '/home/ubuntu/rj_training_container/training_ws/install/stsl_rviz_plugins/share/stsl_rviz_plugins/package.ps1'
[554.073s] INFO:colcon.colcon_core.shell:Creating package descriptor '/home/ubuntu/rj_training_container/training_ws/install/stsl_rviz_plugins/share/stsl_rviz_plugins/package.dsv'
[554.095s] INFO:colcon.colcon_core.shell:Creating package script '/home/ubuntu/rj_training_container/training_ws/install/stsl_rviz_plugins/share/stsl_rviz_plugins/package.sh'
[554.115s] INFO:colcon.colcon_core.shell:Creating package script '/home/ubuntu/rj_training_container/training_ws/install/stsl_rviz_plugins/share/stsl_rviz_plugins/package.bash'
[554.133s] INFO:colcon.colcon_core.shell:Creating package script '/home/ubuntu/rj_training_container/training_ws/install/stsl_rviz_plugins/share/stsl_rviz_plugins/package.zsh'
[554.153s] Level 1:colcon.colcon_core.environment:create_file_with_runtime_dependencies(/home/ubuntu/rj_training_container/training_ws/install/stsl_rviz_plugins/share/colcon-core/packages/stsl_rviz_plugins)
[554.178s] Level 1:colcon.colcon_core.environment:create_environment_scripts_only(elevation_server)
[554.179s] Level 1:colcon.colcon_core.environment:checking '/home/ubuntu/rj_training_container/training_ws/install/elevation_server' for CMake module files
[554.340s] Level 1:colcon.colcon_core.environment:checking '/home/ubuntu/rj_training_container/training_ws/install/elevation_server' for CMake config files
[554.464s] Level 1:colcon.colcon_core.shell:create_environment_hook('elevation_server', 'cmake_prefix_path')
[554.465s] INFO:colcon.colcon_core.shell:Creating environment hook '/home/ubuntu/rj_training_container/training_ws/install/elevation_server/share/elevation_server/hook/cmake_prefix_path.ps1'
[554.485s] INFO:colcon.colcon_core.shell:Creating environment descriptor '/home/ubuntu/rj_training_container/training_ws/install/elevation_server/share/elevation_server/hook/cmake_prefix_path.dsv'
[554.511s] INFO:colcon.colcon_core.shell:Creating environment hook '/home/ubuntu/rj_training_container/training_ws/install/elevation_server/share/elevation_server/hook/cmake_prefix_path.sh'
[554.541s] Level 1:colcon.colcon_core.environment:checking '/home/ubuntu/rj_training_container/training_ws/install/elevation_server/lib'
[554.547s] Level 1:colcon.colcon_core.shell:create_environment_hook('elevation_server', 'ld_library_path_lib')
[554.549s] INFO:colcon.colcon_core.shell:Creating environment hook '/home/ubuntu/rj_training_container/training_ws/install/elevation_server/share/elevation_server/hook/ld_library_path_lib.ps1'
[554.573s] INFO:colcon.colcon_core.shell:Creating environment descriptor '/home/ubuntu/rj_training_container/training_ws/install/elevation_server/share/elevation_server/hook/ld_library_path_lib.dsv'
[554.598s] INFO:colcon.colcon_core.shell:Creating environment hook '/home/ubuntu/rj_training_container/training_ws/install/elevation_server/share/elevation_server/hook/ld_library_path_lib.sh'
[554.623s] Level 1:colcon.colcon_core.environment:checking '/home/ubuntu/rj_training_container/training_ws/install/elevation_server/bin'
[554.625s] Level 1:colcon.colcon_core.environment:checking '/home/ubuntu/rj_training_container/training_ws/install/elevation_server/lib/pkgconfig/elevation_server.pc'
[554.627s] Level 1:colcon.colcon_core.environment:checking '/home/ubuntu/rj_training_container/training_ws/install/elevation_server/lib/python3.10/site-packages'
[554.630s] Level 1:colcon.colcon_core.environment:checking '/home/ubuntu/rj_training_container/training_ws/install/elevation_server/bin'
[554.633s] INFO:colcon.colcon_core.shell:Creating package script '/home/ubuntu/rj_training_container/training_ws/install/elevation_server/share/elevation_server/package.ps1'
[554.651s] INFO:colcon.colcon_core.shell:Creating package descriptor '/home/ubuntu/rj_training_container/training_ws/install/elevation_server/share/elevation_server/package.dsv'
[554.675s] INFO:colcon.colcon_core.shell:Creating package script '/home/ubuntu/rj_training_container/training_ws/install/elevation_server/share/elevation_server/package.sh'
[554.697s] INFO:colcon.colcon_core.shell:Creating package script '/home/ubuntu/rj_training_container/training_ws/install/elevation_server/share/elevation_server/package.bash'
[554.717s] INFO:colcon.colcon_core.shell:Creating package script '/home/ubuntu/rj_training_container/training_ws/install/elevation_server/share/elevation_server/package.zsh'
[554.740s] Level 1:colcon.colcon_core.environment:create_file_with_runtime_dependencies(/home/ubuntu/rj_training_container/training_ws/install/elevation_server/share/colcon-core/packages/elevation_server)
[554.775s] Level 1:colcon.colcon_core.environment:create_environment_scripts_only(coordinate_transform)
[554.776s] Level 1:colcon.colcon_core.environment:checking '/home/ubuntu/rj_training_container/training_ws/install/coordinate_transform' for CMake module files
[554.955s] Level 1:colcon.colcon_core.environment:checking '/home/ubuntu/rj_training_container/training_ws/install/coordinate_transform' for CMake config files
[555.088s] Level 1:colcon.colcon_core.shell:create_environment_hook('coordinate_transform', 'cmake_prefix_path')
[555.089s] INFO:colcon.colcon_core.shell:Creating environment hook '/home/ubuntu/rj_training_container/training_ws/install/coordinate_transform/share/coordinate_transform/hook/cmake_prefix_path.ps1'
[555.120s] INFO:colcon.colcon_core.shell:Creating environment descriptor '/home/ubuntu/rj_training_container/training_ws/install/coordinate_transform/share/coordinate_transform/hook/cmake_prefix_path.dsv'
[555.150s] INFO:colcon.colcon_core.shell:Creating environment hook '/home/ubuntu/rj_training_container/training_ws/install/coordinate_transform/share/coordinate_transform/hook/cmake_prefix_path.sh'
[555.186s] Level 1:colcon.colcon_core.environment:checking '/home/ubuntu/rj_training_container/training_ws/install/coordinate_transform/lib'
[555.194s] Level 1:colcon.colcon_core.shell:create_environment_hook('coordinate_transform', 'ld_library_path_lib')
[555.195s] INFO:colcon.colcon_core.shell:Creating environment hook '/home/ubuntu/rj_training_container/training_ws/install/coordinate_transform/share/coordinate_transform/hook/ld_library_path_lib.ps1'
[555.221s] INFO:colcon.colcon_core.shell:Creating environment descriptor '/home/ubuntu/rj_training_container/training_ws/install/coordinate_transform/share/coordinate_transform/hook/ld_library_path_lib.dsv'
[555.249s] INFO:colcon.colcon_core.shell:Creating environment hook '/home/ubuntu/rj_training_container/training_ws/install/coordinate_transform/share/coordinate_transform/hook/ld_library_path_lib.sh'
[555.275s] Level 1:colcon.colcon_core.environment:checking '/home/ubuntu/rj_training_container/training_ws/install/coordinate_transform/bin'
[555.276s] Level 1:colcon.colcon_core.environment:checking '/home/ubuntu/rj_training_container/training_ws/install/coordinate_transform/lib/pkgconfig/coordinate_transform.pc'
[555.278s] Level 1:colcon.colcon_core.environment:checking '/home/ubuntu/rj_training_container/training_ws/install/coordinate_transform/lib/python3.10/site-packages'
[555.280s] Level 1:colcon.colcon_core.environment:checking '/home/ubuntu/rj_training_container/training_ws/install/coordinate_transform/bin'
[555.282s] INFO:colcon.colcon_core.shell:Creating package script '/home/ubuntu/rj_training_container/training_ws/install/coordinate_transform/share/coordinate_transform/package.ps1'
[555.300s] INFO:colcon.colcon_core.shell:Creating package descriptor '/home/ubuntu/rj_training_container/training_ws/install/coordinate_transform/share/coordinate_transform/package.dsv'
[555.322s] INFO:colcon.colcon_core.shell:Creating package script '/home/ubuntu/rj_training_container/training_ws/install/coordinate_transform/share/coordinate_transform/package.sh'
[555.344s] INFO:colcon.colcon_core.shell:Creating package script '/home/ubuntu/rj_training_container/training_ws/install/coordinate_transform/share/coordinate_transform/package.bash'
[555.368s] INFO:colcon.colcon_core.shell:Creating package script '/home/ubuntu/rj_training_container/training_ws/install/coordinate_transform/share/coordinate_transform/package.zsh'
[555.390s] Level 1:colcon.colcon_core.environment:create_file_with_runtime_dependencies(/home/ubuntu/rj_training_container/training_ws/install/coordinate_transform/share/colcon-core/packages/coordinate_transform)
[555.408s] Level 1:colcon.colcon_core.environment:create_environment_scripts_only(mineral_deposit_tracking)
[555.409s] Level 1:colcon.colcon_core.environment:checking '/home/ubuntu/rj_training_container/training_ws/install/mineral_deposit_tracking' for CMake module files
[555.555s] Level 1:colcon.colcon_core.environment:checking '/home/ubuntu/rj_training_container/training_ws/install/mineral_deposit_tracking' for CMake config files
[555.683s] Level 1:colcon.colcon_core.shell:create_environment_hook('mineral_deposit_tracking', 'cmake_prefix_path')
[555.684s] INFO:colcon.colcon_core.shell:Creating environment hook '/home/ubuntu/rj_training_container/training_ws/install/mineral_deposit_tracking/share/mineral_deposit_tracking/hook/cmake_prefix_path.ps1'
[555.707s] INFO:colcon.colcon_core.shell:Creating environment descriptor '/home/ubuntu/rj_training_container/training_ws/install/mineral_deposit_tracking/share/mineral_deposit_tracking/hook/cmake_prefix_path.dsv'
[555.730s] INFO:colcon.colcon_core.shell:Creating environment hook '/home/ubuntu/rj_training_container/training_ws/install/mineral_deposit_tracking/share/mineral_deposit_tracking/hook/cmake_prefix_path.sh'
[555.758s] Level 1:colcon.colcon_core.environment:checking '/home/ubuntu/rj_training_container/training_ws/install/mineral_deposit_tracking/lib'
[555.765s] Level 1:colcon.colcon_core.shell:create_environment_hook('mineral_deposit_tracking', 'ld_library_path_lib')
[555.766s] INFO:colcon.colcon_core.shell:Creating environment hook '/home/ubuntu/rj_training_container/training_ws/install/mineral_deposit_tracking/share/mineral_deposit_tracking/hook/ld_library_path_lib.ps1'
[555.832s] INFO:colcon.colcon_core.shell:Creating environment descriptor '/home/ubuntu/rj_training_container/training_ws/install/mineral_deposit_tracking/share/mineral_deposit_tracking/hook/ld_library_path_lib.dsv'
[555.878s] INFO:colcon.colcon_core.shell:Creating environment hook '/home/ubuntu/rj_training_container/training_ws/install/mineral_deposit_tracking/share/mineral_deposit_tracking/hook/ld_library_path_lib.sh'
[555.905s] Level 1:colcon.colcon_core.environment:checking '/home/ubuntu/rj_training_container/training_ws/install/mineral_deposit_tracking/bin'
[555.907s] Level 1:colcon.colcon_core.environment:checking '/home/ubuntu/rj_training_container/training_ws/install/mineral_deposit_tracking/lib/pkgconfig/mineral_deposit_tracking.pc'
[555.912s] Level 1:colcon.colcon_core.environment:checking '/home/ubuntu/rj_training_container/training_ws/install/mineral_deposit_tracking/lib/python3.10/site-packages'
[555.916s] Level 1:colcon.colcon_core.environment:checking '/home/ubuntu/rj_training_container/training_ws/install/mineral_deposit_tracking/bin'
[555.919s] INFO:colcon.colcon_core.shell:Creating package script '/home/ubuntu/rj_training_container/training_ws/install/mineral_deposit_tracking/share/mineral_deposit_tracking/package.ps1'
[555.938s] INFO:colcon.colcon_core.shell:Creating package descriptor '/home/ubuntu/rj_training_container/training_ws/install/mineral_deposit_tracking/share/mineral_deposit_tracking/package.dsv'
[555.957s] INFO:colcon.colcon_core.shell:Creating package script '/home/ubuntu/rj_training_container/training_ws/install/mineral_deposit_tracking/share/mineral_deposit_tracking/package.sh'
[555.987s] INFO:colcon.colcon_core.shell:Creating package script '/home/ubuntu/rj_training_container/training_ws/install/mineral_deposit_tracking/share/mineral_deposit_tracking/package.bash'
[556.012s] INFO:colcon.colcon_core.shell:Creating package script '/home/ubuntu/rj_training_container/training_ws/install/mineral_deposit_tracking/share/mineral_deposit_tracking/package.zsh'
[556.033s] Level 1:colcon.colcon_core.environment:create_file_with_runtime_dependencies(/home/ubuntu/rj_training_container/training_ws/install/mineral_deposit_tracking/share/colcon-core/packages/mineral_deposit_tracking)
[561.587s] Level 1:colcon.colcon_core.environment:create_environment_scripts_only(peak_finder)
[561.588s] Level 1:colcon.colcon_core.environment:checking '/home/ubuntu/rj_training_container/training_ws/install/peak_finder' for CMake module files
[561.700s] Level 1:colcon.colcon_core.environment:checking '/home/ubuntu/rj_training_container/training_ws/install/peak_finder' for CMake config files
[561.798s] Level 1:colcon.colcon_core.shell:create_environment_hook('peak_finder', 'cmake_prefix_path')
[561.799s] INFO:colcon.colcon_core.shell:Creating environment hook '/home/ubuntu/rj_training_container/training_ws/install/peak_finder/share/peak_finder/hook/cmake_prefix_path.ps1'
[561.818s] INFO:colcon.colcon_core.shell:Creating environment descriptor '/home/ubuntu/rj_training_container/training_ws/install/peak_finder/share/peak_finder/hook/cmake_prefix_path.dsv'
[561.838s] INFO:colcon.colcon_core.shell:Creating environment hook '/home/ubuntu/rj_training_container/training_ws/install/peak_finder/share/peak_finder/hook/cmake_prefix_path.sh'
[561.863s] Level 1:colcon.colcon_core.environment:checking '/home/ubuntu/rj_training_container/training_ws/install/peak_finder/lib'
[561.869s] Level 1:colcon.colcon_core.shell:create_environment_hook('peak_finder', 'ld_library_path_lib')
[561.870s] INFO:colcon.colcon_core.shell:Creating environment hook '/home/ubuntu/rj_training_container/training_ws/install/peak_finder/share/peak_finder/hook/ld_library_path_lib.ps1'
[561.889s] INFO:colcon.colcon_core.shell:Creating environment descriptor '/home/ubuntu/rj_training_container/training_ws/install/peak_finder/share/peak_finder/hook/ld_library_path_lib.dsv'
[561.908s] INFO:colcon.colcon_core.shell:Creating environment hook '/home/ubuntu/rj_training_container/training_ws/install/peak_finder/share/peak_finder/hook/ld_library_path_lib.sh'
[561.928s] Level 1:colcon.colcon_core.environment:checking '/home/ubuntu/rj_training_container/training_ws/install/peak_finder/bin'
[561.929s] Level 1:colcon.colcon_core.environment:checking '/home/ubuntu/rj_training_container/training_ws/install/peak_finder/lib/pkgconfig/peak_finder.pc'
[561.931s] Level 1:colcon.colcon_core.environment:checking '/home/ubuntu/rj_training_container/training_ws/install/peak_finder/lib/python3.10/site-packages'
[561.934s] Level 1:colcon.colcon_core.environment:checking '/home/ubuntu/rj_training_container/training_ws/install/peak_finder/bin'
[561.936s] INFO:colcon.colcon_core.shell:Creating package script '/home/ubuntu/rj_training_container/training_ws/install/peak_finder/share/peak_finder/package.ps1'
[561.952s] INFO:colcon.colcon_core.shell:Creating package descriptor '/home/ubuntu/rj_training_container/training_ws/install/peak_finder/share/peak_finder/package.dsv'
[561.967s] INFO:colcon.colcon_core.shell:Creating package script '/home/ubuntu/rj_training_container/training_ws/install/peak_finder/share/peak_finder/package.sh'
[561.984s] INFO:colcon.colcon_core.shell:Creating package script '/home/ubuntu/rj_training_container/training_ws/install/peak_finder/share/peak_finder/package.bash'
[561.998s] INFO:colcon.colcon_core.shell:Creating package script '/home/ubuntu/rj_training_container/training_ws/install/peak_finder/share/peak_finder/package.zsh'
[562.013s] Level 1:colcon.colcon_core.environment:create_file_with_runtime_dependencies(/home/ubuntu/rj_training_container/training_ws/install/peak_finder/share/colcon-core/packages/peak_finder)
[567.482s] Level 1:colcon.colcon_core.environment:create_environment_scripts_only(localization)
[567.483s] Level 1:colcon.colcon_core.environment:checking '/home/ubuntu/rj_training_container/training_ws/install/localization' for CMake module files
[567.579s] Level 1:colcon.colcon_core.environment:checking '/home/ubuntu/rj_training_container/training_ws/install/localization' for CMake config files
[567.661s] Level 1:colcon.colcon_core.shell:create_environment_hook('localization', 'cmake_prefix_path')
[567.662s] INFO:colcon.colcon_core.shell:Creating environment hook '/home/ubuntu/rj_training_container/training_ws/install/localization/share/localization/hook/cmake_prefix_path.ps1'
[567.679s] INFO:colcon.colcon_core.shell:Creating environment descriptor '/home/ubuntu/rj_training_container/training_ws/install/localization/share/localization/hook/cmake_prefix_path.dsv'
[567.695s] INFO:colcon.colcon_core.shell:Creating environment hook '/home/ubuntu/rj_training_container/training_ws/install/localization/share/localization/hook/cmake_prefix_path.sh'
[567.715s] Level 1:colcon.colcon_core.environment:checking '/home/ubuntu/rj_training_container/training_ws/install/localization/lib'
[567.719s] Level 1:colcon.colcon_core.shell:create_environment_hook('localization', 'ld_library_path_lib')
[567.720s] INFO:colcon.colcon_core.shell:Creating environment hook '/home/ubuntu/rj_training_container/training_ws/install/localization/share/localization/hook/ld_library_path_lib.ps1'
[567.735s] INFO:colcon.colcon_core.shell:Creating environment descriptor '/home/ubuntu/rj_training_container/training_ws/install/localization/share/localization/hook/ld_library_path_lib.dsv'
[567.751s] INFO:colcon.colcon_core.shell:Creating environment hook '/home/ubuntu/rj_training_container/training_ws/install/localization/share/localization/hook/ld_library_path_lib.sh'
[567.768s] Level 1:colcon.colcon_core.environment:checking '/home/ubuntu/rj_training_container/training_ws/install/localization/bin'
[567.769s] Level 1:colcon.colcon_core.environment:checking '/home/ubuntu/rj_training_container/training_ws/install/localization/lib/pkgconfig/localization.pc'
[567.771s] Level 1:colcon.colcon_core.environment:checking '/home/ubuntu/rj_training_container/training_ws/install/localization/lib/python3.10/site-packages'
[567.773s] Level 1:colcon.colcon_core.environment:checking '/home/ubuntu/rj_training_container/training_ws/install/localization/bin'
[567.775s] INFO:colcon.colcon_core.shell:Creating package script '/home/ubuntu/rj_training_container/training_ws/install/localization/share/localization/package.ps1'
[567.788s] INFO:colcon.colcon_core.shell:Creating package descriptor '/home/ubuntu/rj_training_container/training_ws/install/localization/share/localization/package.dsv'
[567.803s] INFO:colcon.colcon_core.shell:Creating package script '/home/ubuntu/rj_training_container/training_ws/install/localization/share/localization/package.sh'
[567.816s] INFO:colcon.colcon_core.shell:Creating package script '/home/ubuntu/rj_training_container/training_ws/install/localization/share/localization/package.bash'
[567.831s] INFO:colcon.colcon_core.shell:Creating package script '/home/ubuntu/rj_training_container/training_ws/install/localization/share/localization/package.zsh'
[567.843s] Level 1:colcon.colcon_core.environment:create_file_with_runtime_dependencies(/home/ubuntu/rj_training_container/training_ws/install/localization/share/colcon-core/packages/localization)
[567.955s] Level 1:colcon.colcon_core.environment:create_environment_scripts_only(stsl_aruco_tags)
[567.956s] Level 1:colcon.colcon_core.environment:checking '/home/ubuntu/rj_training_container/training_ws/install/stsl_aruco_tags' for CMake module files
[568.070s] Level 1:colcon.colcon_core.environment:checking '/home/ubuntu/rj_training_container/training_ws/install/stsl_aruco_tags' for CMake config files
[568.162s] Level 1:colcon.colcon_core.shell:create_environment_hook('stsl_aruco_tags', 'cmake_prefix_path')
[568.163s] INFO:colcon.colcon_core.shell:Creating environment hook '/home/ubuntu/rj_training_container/training_ws/install/stsl_aruco_tags/share/stsl_aruco_tags/hook/cmake_prefix_path.ps1'
[568.178s] INFO:colcon.colcon_core.shell:Creating environment descriptor '/home/ubuntu/rj_training_container/training_ws/install/stsl_aruco_tags/share/stsl_aruco_tags/hook/cmake_prefix_path.dsv'
[568.193s] INFO:colcon.colcon_core.shell:Creating environment hook '/home/ubuntu/rj_training_container/training_ws/install/stsl_aruco_tags/share/stsl_aruco_tags/hook/cmake_prefix_path.sh'
[568.210s] Level 1:colcon.colcon_core.environment:checking '/home/ubuntu/rj_training_container/training_ws/install/stsl_aruco_tags/lib'
[568.214s] Level 1:colcon.colcon_core.shell:create_environment_hook('stsl_aruco_tags', 'ld_library_path_lib')
[568.215s] INFO:colcon.colcon_core.shell:Creating environment hook '/home/ubuntu/rj_training_container/training_ws/install/stsl_aruco_tags/share/stsl_aruco_tags/hook/ld_library_path_lib.ps1'
[568.229s] INFO:colcon.colcon_core.shell:Creating environment descriptor '/home/ubuntu/rj_training_container/training_ws/install/stsl_aruco_tags/share/stsl_aruco_tags/hook/ld_library_path_lib.dsv'
[568.245s] INFO:colcon.colcon_core.shell:Creating environment hook '/home/ubuntu/rj_training_container/training_ws/install/stsl_aruco_tags/share/stsl_aruco_tags/hook/ld_library_path_lib.sh'
[568.261s] Level 1:colcon.colcon_core.environment:checking '/home/ubuntu/rj_training_container/training_ws/install/stsl_aruco_tags/bin'
[568.262s] Level 1:colcon.colcon_core.environment:checking '/home/ubuntu/rj_training_container/training_ws/install/stsl_aruco_tags/lib/pkgconfig/stsl_aruco_tags.pc'
[568.264s] Level 1:colcon.colcon_core.environment:checking '/home/ubuntu/rj_training_container/training_ws/install/stsl_aruco_tags/lib/python3.10/site-packages'
[568.266s] Level 1:colcon.colcon_core.environment:checking '/home/ubuntu/rj_training_container/training_ws/install/stsl_aruco_tags/bin'
[568.268s] INFO:colcon.colcon_core.shell:Creating package script '/home/ubuntu/rj_training_container/training_ws/install/stsl_aruco_tags/share/stsl_aruco_tags/package.ps1'
[568.280s] INFO:colcon.colcon_core.shell:Creating package descriptor '/home/ubuntu/rj_training_container/training_ws/install/stsl_aruco_tags/share/stsl_aruco_tags/package.dsv'
[568.293s] INFO:colcon.colcon_core.shell:Creating package script '/home/ubuntu/rj_training_container/training_ws/install/stsl_aruco_tags/share/stsl_aruco_tags/package.sh'
[568.306s] INFO:colcon.colcon_core.shell:Creating package script '/home/ubuntu/rj_training_container/training_ws/install/stsl_aruco_tags/share/stsl_aruco_tags/package.bash'
[568.319s] INFO:colcon.colcon_core.shell:Creating package script '/home/ubuntu/rj_training_container/training_ws/install/stsl_aruco_tags/share/stsl_aruco_tags/package.zsh'
[568.330s] Level 1:colcon.colcon_core.environment:create_file_with_runtime_dependencies(/home/ubuntu/rj_training_container/training_ws/install/stsl_aruco_tags/share/colcon-core/packages/stsl_aruco_tags)
[568.340s] INFO:colcon.colcon_ros.task.ament_cmake.build:Building ROS package in '/home/ubuntu/rj_training_container/training_ws/src/stsl/traini_gazebo' with build type 'ament_cmake'
[568.341s] INFO:colcon.colcon_cmake.task.cmake.build:Building CMake package in '/home/ubuntu/rj_training_container/training_ws/src/stsl/traini_gazebo'
[568.341s] INFO:colcon.colcon_core.shell:Skip shell extension 'powershell' for command environment: Not usable outside of PowerShell
[568.342s] DEBUG:colcon.colcon_core.shell:Skip shell extension 'dsv' for command environment
[569.444s] Level 1:colcon.colcon_core.environment:create_environment_scripts_only(stsl_bt_nodes)
[569.445s] Level 1:colcon.colcon_core.environment:checking '/home/ubuntu/rj_training_container/training_ws/install/stsl_bt_nodes' for CMake module files
[569.531s] Level 1:colcon.colcon_core.environment:checking '/home/ubuntu/rj_training_container/training_ws/install/stsl_bt_nodes' for CMake config files
[569.594s] Level 1:colcon.colcon_core.shell:create_environment_hook('stsl_bt_nodes', 'cmake_prefix_path')
[569.595s] INFO:colcon.colcon_core.shell:Creating environment hook '/home/ubuntu/rj_training_container/training_ws/install/stsl_bt_nodes/share/stsl_bt_nodes/hook/cmake_prefix_path.ps1'
[569.609s] INFO:colcon.colcon_core.shell:Creating environment descriptor '/home/ubuntu/rj_training_container/training_ws/install/stsl_bt_nodes/share/stsl_bt_nodes/hook/cmake_prefix_path.dsv'
[569.623s] INFO:colcon.colcon_core.shell:Creating environment hook '/home/ubuntu/rj_training_container/training_ws/install/stsl_bt_nodes/share/stsl_bt_nodes/hook/cmake_prefix_path.sh'
[569.638s] Level 1:colcon.colcon_core.environment:checking '/home/ubuntu/rj_training_container/training_ws/install/stsl_bt_nodes/lib'
[569.641s] Level 1:colcon.colcon_core.shell:create_environment_hook('stsl_bt_nodes', 'ld_library_path_lib')
[569.641s] INFO:colcon.colcon_core.shell:Creating environment hook '/home/ubuntu/rj_training_container/training_ws/install/stsl_bt_nodes/share/stsl_bt_nodes/hook/ld_library_path_lib.ps1'
[569.654s] INFO:colcon.colcon_core.shell:Creating environment descriptor '/home/ubuntu/rj_training_container/training_ws/install/stsl_bt_nodes/share/stsl_bt_nodes/hook/ld_library_path_lib.dsv'
[569.668s] INFO:colcon.colcon_core.shell:Creating environment hook '/home/ubuntu/rj_training_container/training_ws/install/stsl_bt_nodes/share/stsl_bt_nodes/hook/ld_library_path_lib.sh'
[569.683s] Level 1:colcon.colcon_core.environment:checking '/home/ubuntu/rj_training_container/training_ws/install/stsl_bt_nodes/bin'
[569.684s] Level 1:colcon.colcon_core.environment:checking '/home/ubuntu/rj_training_container/training_ws/install/stsl_bt_nodes/lib/pkgconfig/stsl_bt_nodes.pc'
[569.686s] Level 1:colcon.colcon_core.environment:checking '/home/ubuntu/rj_training_container/training_ws/install/stsl_bt_nodes/lib/python3.10/site-packages'
[569.688s] Level 1:colcon.colcon_core.environment:checking '/home/ubuntu/rj_training_container/training_ws/install/stsl_bt_nodes/bin'
[569.689s] INFO:colcon.colcon_core.shell:Creating package script '/home/ubuntu/rj_training_container/training_ws/install/stsl_bt_nodes/share/stsl_bt_nodes/package.ps1'
[569.702s] INFO:colcon.colcon_core.shell:Creating package descriptor '/home/ubuntu/rj_training_container/training_ws/install/stsl_bt_nodes/share/stsl_bt_nodes/package.dsv'
[569.715s] INFO:colcon.colcon_core.shell:Creating package script '/home/ubuntu/rj_training_container/training_ws/install/stsl_bt_nodes/share/stsl_bt_nodes/package.sh'
[569.727s] INFO:colcon.colcon_core.shell:Creating package script '/home/ubuntu/rj_training_container/training_ws/install/stsl_bt_nodes/share/stsl_bt_nodes/package.bash'
[569.739s] INFO:colcon.colcon_core.shell:Creating package script '/home/ubuntu/rj_training_container/training_ws/install/stsl_bt_nodes/share/stsl_bt_nodes/package.zsh'
[569.751s] Level 1:colcon.colcon_core.environment:create_file_with_runtime_dependencies(/home/ubuntu/rj_training_container/training_ws/install/stsl_bt_nodes/share/colcon-core/packages/stsl_bt_nodes)
[569.761s] INFO:colcon.colcon_ros.task.ament_cmake.build:Building ROS package in '/home/ubuntu/rj_training_container/training_ws/src/stsl/mission_orchestration' with build type 'ament_cmake'
[569.761s] INFO:colcon.colcon_cmake.task.cmake.build:Building CMake package in '/home/ubuntu/rj_training_container/training_ws/src/stsl/mission_orchestration'
[569.762s] INFO:colcon.colcon_core.shell:Skip shell extension 'powershell' for command environment: Not usable outside of PowerShell
[569.762s] DEBUG:colcon.colcon_core.shell:Skip shell extension 'dsv' for command environment
[570.556s] DEBUG:colcon.colcon_core.event_handler.log_command:Invoking command in '/home/ubuntu/rj_training_container/training_ws/build/traini_gazebo': CMAKE_PREFIX_PATH=/home/ubuntu/rj_training_container/training_ws/install/stsl_aruco_tags:/home/ubuntu/rj_training_container/training_ws/install/stsl_interfaces:/home/ubuntu/rj_training_container/training_ws/install/stsl_gazebo_plugins:/home/ubuntu/rj_training_container/training_ws/install/stsl_desktop:/home/ubuntu/rj_training_container/training_ws/install/traini_bringup:/home/ubuntu/rj_training_container/training_ws/install/traini_gazebo:/home/ubuntu/rj_training_container/training_ws/install/traini_description:/home/ubuntu/rj_training_container/training_ws/install/teleop:/home/ubuntu/rj_training_container/training_ws/install/stsl_utils:/home/ubuntu/rj_training_container/training_ws/install/stsl_rviz_plugins:/home/ubuntu/rj_training_container/training_ws/install/stsl_nav_plugins:/home/ubuntu/rj_training_container/training_ws/install/mission_orchestration:/home/ubuntu/rj_training_container/training_ws/install/stsl_bt_nodes:/home/ubuntu/rj_training_container/training_ws/install/peak_finder:/home/ubuntu/rj_training_container/training_ws/install/mineral_deposit_tracking:/home/ubuntu/rj_training_container/training_ws/install/mineral_deposit_detection:/home/ubuntu/rj_training_container/training_ws/install/localization:/home/ubuntu/rj_training_container/training_ws/install/elevation_server:/home/ubuntu/rj_training_container/training_ws/install/coordinate_transform:/home/ubuntu/rj_training_container/training_ws/install/rj_training_bringup:/home/ubuntu/rj_training_container/training_ws/install/obstacle_detector:/home/ubuntu/rj_training_container/training_ws/install/mapping:/home/ubuntu/rj_training_container/training_ws/install/joystick_package:/home/ubuntu/rj_training_container/training_ws/install/joystick_msgs:/home/ubuntu/rj_training_container/training_ws/install/controllers:/home/ubuntu/rj_training_container/training_ws/install/astar_path_planner:/home/ubuntu/rj_training_container/training_ws/install/keyboard:/opt/ros/humble LD_LIBRARY_PATH=/home/ubuntu/rj_training_container/training_ws/install/stsl_aruco_tags/lib:/home/ubuntu/rj_training_container/training_ws/install/stsl_interfaces/lib:/home/ubuntu/rj_training_container/training_ws/install/stsl_gazebo_plugins/lib:/home/ubuntu/rj_training_container/training_ws/install/teleop/lib:/home/ubuntu/rj_training_container/training_ws/install/stsl_utils/lib:/home/ubuntu/rj_training_container/training_ws/install/stsl_rviz_plugins/lib:/home/ubuntu/rj_training_container/training_ws/install/stsl_nav_plugins/lib:/home/ubuntu/rj_training_container/training_ws/install/mission_orchestration/lib:/home/ubuntu/rj_training_container/training_ws/install/stsl_bt_nodes/lib:/home/ubuntu/rj_training_container/training_ws/install/peak_finder/lib:/home/ubuntu/rj_training_container/training_ws/install/mineral_deposit_tracking/lib:/home/ubuntu/rj_training_container/training_ws/install/mineral_deposit_detection/lib:/home/ubuntu/rj_training_container/training_ws/install/localization/lib:/home/ubuntu/rj_training_container/training_ws/install/elevation_server/lib:/home/ubuntu/rj_training_container/training_ws/install/coordinate_transform/lib:/home/ubuntu/rj_training_container/training_ws/install/obstacle_detector/lib:/home/ubuntu/rj_training_container/training_ws/install/mapping/lib:/home/ubuntu/rj_training_container/training_ws/install/joystick_package/lib:/home/ubuntu/rj_training_container/training_ws/install/joystick_msgs/lib:/home/ubuntu/rj_training_container/training_ws/install/controllers/lib:/home/ubuntu/rj_training_container/training_ws/install/astar_path_planner/lib:/usr/lib/x86_64-linux-gnu/gazebo-11/plugins:/opt/ros/humble/opt/rviz_ogre_vendor/lib:/opt/ros/humble/lib/x86_64-linux-gnu:/opt/ros/humble/lib /usr/bin/cmake --build /home/ubuntu/rj_training_container/training_ws/build/traini_gazebo -- -j16 -l16
[572.590s] DEBUG:colcon.colcon_core.event_handler.log_command:Invoking command in '/home/ubuntu/rj_training_container/training_ws/build/mission_orchestration': CMAKE_PREFIX_PATH=/home/ubuntu/rj_training_container/training_ws/install/stsl_bt_nodes:/home/ubuntu/rj_training_container/training_ws/install/stsl_interfaces:/home/ubuntu/rj_training_container/training_ws/install/stsl_desktop:/home/ubuntu/rj_training_container/training_ws/install/traini_bringup:/home/ubuntu/rj_training_container/training_ws/install/traini_gazebo:/home/ubuntu/rj_training_container/training_ws/install/traini_description:/home/ubuntu/rj_training_container/training_ws/install/teleop:/home/ubuntu/rj_training_container/training_ws/install/stsl_utils:/home/ubuntu/rj_training_container/training_ws/install/stsl_rviz_plugins:/home/ubuntu/rj_training_container/training_ws/install/stsl_nav_plugins:/home/ubuntu/rj_training_container/training_ws/install/mission_orchestration:/home/ubuntu/rj_training_container/training_ws/install/stsl_aruco_tags:/home/ubuntu/rj_training_container/training_ws/install/peak_finder:/home/ubuntu/rj_training_container/training_ws/install/mineral_deposit_tracking:/home/ubuntu/rj_training_container/training_ws/install/mineral_deposit_detection:/home/ubuntu/rj_training_container/training_ws/install/localization:/home/ubuntu/rj_training_container/training_ws/install/elevation_server:/home/ubuntu/rj_training_container/training_ws/install/coordinate_transform:/home/ubuntu/rj_training_container/training_ws/install/stsl_gazebo_plugins:/home/ubuntu/rj_training_container/training_ws/install/rj_training_bringup:/home/ubuntu/rj_training_container/training_ws/install/obstacle_detector:/home/ubuntu/rj_training_container/training_ws/install/mapping:/home/ubuntu/rj_training_container/training_ws/install/joystick_package:/home/ubuntu/rj_training_container/training_ws/install/joystick_msgs:/home/ubuntu/rj_training_container/training_ws/install/controllers:/home/ubuntu/rj_training_container/training_ws/install/astar_path_planner:/home/ubuntu/rj_training_container/training_ws/install/keyboard:/opt/ros/humble LD_LIBRARY_PATH=/home/ubuntu/rj_training_container/training_ws/install/stsl_bt_nodes/lib:/home/ubuntu/rj_training_container/training_ws/install/stsl_interfaces/lib:/home/ubuntu/rj_training_container/training_ws/install/teleop/lib:/home/ubuntu/rj_training_container/training_ws/install/stsl_utils/lib:/home/ubuntu/rj_training_container/training_ws/install/stsl_rviz_plugins/lib:/home/ubuntu/rj_training_container/training_ws/install/stsl_nav_plugins/lib:/home/ubuntu/rj_training_container/training_ws/install/mission_orchestration/lib:/home/ubuntu/rj_training_container/training_ws/install/stsl_aruco_tags/lib:/home/ubuntu/rj_training_container/training_ws/install/peak_finder/lib:/home/ubuntu/rj_training_container/training_ws/install/mineral_deposit_tracking/lib:/home/ubuntu/rj_training_container/training_ws/install/mineral_deposit_detection/lib:/home/ubuntu/rj_training_container/training_ws/install/localization/lib:/home/ubuntu/rj_training_container/training_ws/install/elevation_server/lib:/home/ubuntu/rj_training_container/training_ws/install/coordinate_transform/lib:/home/ubuntu/rj_training_container/training_ws/install/stsl_gazebo_plugins/lib:/home/ubuntu/rj_training_container/training_ws/install/obstacle_detector/lib:/home/ubuntu/rj_training_container/training_ws/install/mapping/lib:/home/ubuntu/rj_training_container/training_ws/install/joystick_package/lib:/home/ubuntu/rj_training_container/training_ws/install/joystick_msgs/lib:/home/ubuntu/rj_training_container/training_ws/install/controllers/lib:/home/ubuntu/rj_training_container/training_ws/install/astar_path_planner/lib:/usr/lib/x86_64-linux-gnu/gazebo-11/plugins:/opt/ros/humble/opt/rviz_ogre_vendor/lib:/opt/ros/humble/lib/x86_64-linux-gnu:/opt/ros/humble/lib /usr/bin/cmake --build /home/ubuntu/rj_training_container/training_ws/build/mission_orchestration -- -j16 -l16
[574.941s] Level 1:colcon.colcon_core.environment:create_environment_scripts_only(stsl_rviz_plugins)
[574.941s] Level 1:colcon.colcon_core.environment:checking '/home/ubuntu/rj_training_container/training_ws/install/stsl_rviz_plugins' for CMake module files
[575.018s] Level 1:colcon.colcon_core.environment:checking '/home/ubuntu/rj_training_container/training_ws/install/stsl_rviz_plugins' for CMake config files
[575.090s] Level 1:colcon.colcon_core.shell:create_environment_hook('stsl_rviz_plugins', 'cmake_prefix_path')
[575.091s] INFO:colcon.colcon_core.shell:Creating environment hook '/home/ubuntu/rj_training_container/training_ws/install/stsl_rviz_plugins/share/stsl_rviz_plugins/hook/cmake_prefix_path.ps1'
[575.104s] INFO:colcon.colcon_core.shell:Creating environment descriptor '/home/ubuntu/rj_training_container/training_ws/install/stsl_rviz_plugins/share/stsl_rviz_plugins/hook/cmake_prefix_path.dsv'
[575.119s] INFO:colcon.colcon_core.shell:Creating environment hook '/home/ubuntu/rj_training_container/training_ws/install/stsl_rviz_plugins/share/stsl_rviz_plugins/hook/cmake_prefix_path.sh'
[575.136s] Level 1:colcon.colcon_core.environment:checking '/home/ubuntu/rj_training_container/training_ws/install/stsl_rviz_plugins/lib'
[575.140s] Level 1:colcon.colcon_core.shell:create_environment_hook('stsl_rviz_plugins', 'ld_library_path_lib')
[575.141s] INFO:colcon.colcon_core.shell:Creating environment hook '/home/ubuntu/rj_training_container/training_ws/install/stsl_rviz_plugins/share/stsl_rviz_plugins/hook/ld_library_path_lib.ps1'
[575.156s] INFO:colcon.colcon_core.shell:Creating environment descriptor '/home/ubuntu/rj_training_container/training_ws/install/stsl_rviz_plugins/share/stsl_rviz_plugins/hook/ld_library_path_lib.dsv'
[575.169s] INFO:colcon.colcon_core.shell:Creating environment hook '/home/ubuntu/rj_training_container/training_ws/install/stsl_rviz_plugins/share/stsl_rviz_plugins/hook/ld_library_path_lib.sh'
[575.184s] Level 1:colcon.colcon_core.environment:checking '/home/ubuntu/rj_training_container/training_ws/install/stsl_rviz_plugins/bin'
[575.186s] Level 1:colcon.colcon_core.environment:checking '/home/ubuntu/rj_training_container/training_ws/install/stsl_rviz_plugins/lib/pkgconfig/stsl_rviz_plugins.pc'
[575.187s] Level 1:colcon.colcon_core.environment:checking '/home/ubuntu/rj_training_container/training_ws/install/stsl_rviz_plugins/lib/python3.10/site-packages'
[575.189s] Level 1:colcon.colcon_core.environment:checking '/home/ubuntu/rj_training_container/training_ws/install/stsl_rviz_plugins/bin'
[575.190s] INFO:colcon.colcon_core.shell:Creating package script '/home/ubuntu/rj_training_container/training_ws/install/stsl_rviz_plugins/share/stsl_rviz_plugins/package.ps1'
[575.201s] INFO:colcon.colcon_core.shell:Creating package descriptor '/home/ubuntu/rj_training_container/training_ws/install/stsl_rviz_plugins/share/stsl_rviz_plugins/package.dsv'
[575.212s] INFO:colcon.colcon_core.shell:Creating package script '/home/ubuntu/rj_training_container/training_ws/install/stsl_rviz_plugins/share/stsl_rviz_plugins/package.sh'
[575.225s] INFO:colcon.colcon_core.shell:Creating package script '/home/ubuntu/rj_training_container/training_ws/install/stsl_rviz_plugins/share/stsl_rviz_plugins/package.bash'
[575.239s] INFO:colcon.colcon_core.shell:Creating package script '/home/ubuntu/rj_training_container/training_ws/install/stsl_rviz_plugins/share/stsl_rviz_plugins/package.zsh'
[575.251s] Level 1:colcon.colcon_core.environment:create_file_with_runtime_dependencies(/home/ubuntu/rj_training_container/training_ws/install/stsl_rviz_plugins/share/colcon-core/packages/stsl_rviz_plugins)
[585.137s] DEBUG:colcon.colcon_core.event_handler.log_command:Invoked command in '/home/ubuntu/rj_training_container/training_ws/build/traini_gazebo' returned '0': CMAKE_PREFIX_PATH=/home/ubuntu/rj_training_container/training_ws/install/stsl_aruco_tags:/home/ubuntu/rj_training_container/training_ws/install/stsl_interfaces:/home/ubuntu/rj_training_container/training_ws/install/stsl_gazebo_plugins:/home/ubuntu/rj_training_container/training_ws/install/stsl_desktop:/home/ubuntu/rj_training_container/training_ws/install/traini_bringup:/home/ubuntu/rj_training_container/training_ws/install/traini_gazebo:/home/ubuntu/rj_training_container/training_ws/install/traini_description:/home/ubuntu/rj_training_container/training_ws/install/teleop:/home/ubuntu/rj_training_container/training_ws/install/stsl_utils:/home/ubuntu/rj_training_container/training_ws/install/stsl_rviz_plugins:/home/ubuntu/rj_training_container/training_ws/install/stsl_nav_plugins:/home/ubuntu/rj_training_container/training_ws/install/mission_orchestration:/home/ubuntu/rj_training_container/training_ws/install/stsl_bt_nodes:/home/ubuntu/rj_training_container/training_ws/install/peak_finder:/home/ubuntu/rj_training_container/training_ws/install/mineral_deposit_tracking:/home/ubuntu/rj_training_container/training_ws/install/mineral_deposit_detection:/home/ubuntu/rj_training_container/training_ws/install/localization:/home/ubuntu/rj_training_container/training_ws/install/elevation_server:/home/ubuntu/rj_training_container/training_ws/install/coordinate_transform:/home/ubuntu/rj_training_container/training_ws/install/rj_training_bringup:/home/ubuntu/rj_training_container/training_ws/install/obstacle_detector:/home/ubuntu/rj_training_container/training_ws/install/mapping:/home/ubuntu/rj_training_container/training_ws/install/joystick_package:/home/ubuntu/rj_training_container/training_ws/install/joystick_msgs:/home/ubuntu/rj_training_container/training_ws/install/controllers:/home/ubuntu/rj_training_container/training_ws/install/astar_path_planner:/home/ubuntu/rj_training_container/training_ws/install/keyboard:/opt/ros/humble LD_LIBRARY_PATH=/home/ubuntu/rj_training_container/training_ws/install/stsl_aruco_tags/lib:/home/ubuntu/rj_training_container/training_ws/install/stsl_interfaces/lib:/home/ubuntu/rj_training_container/training_ws/install/stsl_gazebo_plugins/lib:/home/ubuntu/rj_training_container/training_ws/install/teleop/lib:/home/ubuntu/rj_training_container/training_ws/install/stsl_utils/lib:/home/ubuntu/rj_training_container/training_ws/install/stsl_rviz_plugins/lib:/home/ubuntu/rj_training_container/training_ws/install/stsl_nav_plugins/lib:/home/ubuntu/rj_training_container/training_ws/install/mission_orchestration/lib:/home/ubuntu/rj_training_container/training_ws/install/stsl_bt_nodes/lib:/home/ubuntu/rj_training_container/training_ws/install/peak_finder/lib:/home/ubuntu/rj_training_container/training_ws/install/mineral_deposit_tracking/lib:/home/ubuntu/rj_training_container/training_ws/install/mineral_deposit_detection/lib:/home/ubuntu/rj_training_container/training_ws/install/localization/lib:/home/ubuntu/rj_training_container/training_ws/install/elevation_server/lib:/home/ubuntu/rj_training_container/training_ws/install/coordinate_transform/lib:/home/ubuntu/rj_training_container/training_ws/install/obstacle_detector/lib:/home/ubuntu/rj_training_container/training_ws/install/mapping/lib:/home/ubuntu/rj_training_container/training_ws/install/joystick_package/lib:/home/ubuntu/rj_training_container/training_ws/install/joystick_msgs/lib:/home/ubuntu/rj_training_container/training_ws/install/controllers/lib:/home/ubuntu/rj_training_container/training_ws/install/astar_path_planner/lib:/usr/lib/x86_64-linux-gnu/gazebo-11/plugins:/opt/ros/humble/opt/rviz_ogre_vendor/lib:/opt/ros/humble/lib/x86_64-linux-gnu:/opt/ros/humble/lib /usr/bin/cmake --build /home/ubuntu/rj_training_container/training_ws/build/traini_gazebo -- -j16 -l16
[585.261s] DEBUG:colcon.colcon_core.event_handler.log_command:Invoked command in '/home/ubuntu/rj_training_container/training_ws/build/mission_orchestration' returned '0': CMAKE_PREFIX_PATH=/home/ubuntu/rj_training_container/training_ws/install/stsl_bt_nodes:/home/ubuntu/rj_training_container/training_ws/install/stsl_interfaces:/home/ubuntu/rj_training_container/training_ws/install/stsl_desktop:/home/ubuntu/rj_training_container/training_ws/install/traini_bringup:/home/ubuntu/rj_training_container/training_ws/install/traini_gazebo:/home/ubuntu/rj_training_container/training_ws/install/traini_description:/home/ubuntu/rj_training_container/training_ws/install/teleop:/home/ubuntu/rj_training_container/training_ws/install/stsl_utils:/home/ubuntu/rj_training_container/training_ws/install/stsl_rviz_plugins:/home/ubuntu/rj_training_container/training_ws/install/stsl_nav_plugins:/home/ubuntu/rj_training_container/training_ws/install/mission_orchestration:/home/ubuntu/rj_training_container/training_ws/install/stsl_aruco_tags:/home/ubuntu/rj_training_container/training_ws/install/peak_finder:/home/ubuntu/rj_training_container/training_ws/install/mineral_deposit_tracking:/home/ubuntu/rj_training_container/training_ws/install/mineral_deposit_detection:/home/ubuntu/rj_training_container/training_ws/install/localization:/home/ubuntu/rj_training_container/training_ws/install/elevation_server:/home/ubuntu/rj_training_container/training_ws/install/coordinate_transform:/home/ubuntu/rj_training_container/training_ws/install/stsl_gazebo_plugins:/home/ubuntu/rj_training_container/training_ws/install/rj_training_bringup:/home/ubuntu/rj_training_container/training_ws/install/obstacle_detector:/home/ubuntu/rj_training_container/training_ws/install/mapping:/home/ubuntu/rj_training_container/training_ws/install/joystick_package:/home/ubuntu/rj_training_container/training_ws/install/joystick_msgs:/home/ubuntu/rj_training_container/training_ws/install/controllers:/home/ubuntu/rj_training_container/training_ws/install/astar_path_planner:/home/ubuntu/rj_training_container/training_ws/install/keyboard:/opt/ros/humble LD_LIBRARY_PATH=/home/ubuntu/rj_training_container/training_ws/install/stsl_bt_nodes/lib:/home/ubuntu/rj_training_container/training_ws/install/stsl_interfaces/lib:/home/ubuntu/rj_training_container/training_ws/install/teleop/lib:/home/ubuntu/rj_training_container/training_ws/install/stsl_utils/lib:/home/ubuntu/rj_training_container/training_ws/install/stsl_rviz_plugins/lib:/home/ubuntu/rj_training_container/training_ws/install/stsl_nav_plugins/lib:/home/ubuntu/rj_training_container/training_ws/install/mission_orchestration/lib:/home/ubuntu/rj_training_container/training_ws/install/stsl_aruco_tags/lib:/home/ubuntu/rj_training_container/training_ws/install/peak_finder/lib:/home/ubuntu/rj_training_container/training_ws/install/mineral_deposit_tracking/lib:/home/ubuntu/rj_training_container/training_ws/install/mineral_deposit_detection/lib:/home/ubuntu/rj_training_container/training_ws/install/localization/lib:/home/ubuntu/rj_training_container/training_ws/install/elevation_server/lib:/home/ubuntu/rj_training_container/training_ws/install/coordinate_transform/lib:/home/ubuntu/rj_training_container/training_ws/install/stsl_gazebo_plugins/lib:/home/ubuntu/rj_training_container/training_ws/install/obstacle_detector/lib:/home/ubuntu/rj_training_container/training_ws/install/mapping/lib:/home/ubuntu/rj_training_container/training_ws/install/joystick_package/lib:/home/ubuntu/rj_training_container/training_ws/install/joystick_msgs/lib:/home/ubuntu/rj_training_container/training_ws/install/controllers/lib:/home/ubuntu/rj_training_container/training_ws/install/astar_path_planner/lib:/usr/lib/x86_64-linux-gnu/gazebo-11/plugins:/opt/ros/humble/opt/rviz_ogre_vendor/lib:/opt/ros/humble/lib/x86_64-linux-gnu:/opt/ros/humble/lib /usr/bin/cmake --build /home/ubuntu/rj_training_container/training_ws/build/mission_orchestration -- -j16 -l16
[595.240s] DEBUG:colcon.colcon_core.event_handler.log_command:Invoking command in '/home/ubuntu/rj_training_container/training_ws/build/traini_gazebo': CMAKE_PREFIX_PATH=/home/ubuntu/rj_training_container/training_ws/install/stsl_aruco_tags:/home/ubuntu/rj_training_container/training_ws/install/stsl_interfaces:/home/ubuntu/rj_training_container/training_ws/install/stsl_gazebo_plugins:/home/ubuntu/rj_training_container/training_ws/install/stsl_desktop:/home/ubuntu/rj_training_container/training_ws/install/traini_bringup:/home/ubuntu/rj_training_container/training_ws/install/traini_gazebo:/home/ubuntu/rj_training_container/training_ws/install/traini_description:/home/ubuntu/rj_training_container/training_ws/install/teleop:/home/ubuntu/rj_training_container/training_ws/install/stsl_utils:/home/ubuntu/rj_training_container/training_ws/install/stsl_rviz_plugins:/home/ubuntu/rj_training_container/training_ws/install/stsl_nav_plugins:/home/ubuntu/rj_training_container/training_ws/install/mission_orchestration:/home/ubuntu/rj_training_container/training_ws/install/stsl_bt_nodes:/home/ubuntu/rj_training_container/training_ws/install/peak_finder:/home/ubuntu/rj_training_container/training_ws/install/mineral_deposit_tracking:/home/ubuntu/rj_training_container/training_ws/install/mineral_deposit_detection:/home/ubuntu/rj_training_container/training_ws/install/localization:/home/ubuntu/rj_training_container/training_ws/install/elevation_server:/home/ubuntu/rj_training_container/training_ws/install/coordinate_transform:/home/ubuntu/rj_training_container/training_ws/install/rj_training_bringup:/home/ubuntu/rj_training_container/training_ws/install/obstacle_detector:/home/ubuntu/rj_training_container/training_ws/install/mapping:/home/ubuntu/rj_training_container/training_ws/install/joystick_package:/home/ubuntu/rj_training_container/training_ws/install/joystick_msgs:/home/ubuntu/rj_training_container/training_ws/install/controllers:/home/ubuntu/rj_training_container/training_ws/install/astar_path_planner:/home/ubuntu/rj_training_container/training_ws/install/keyboard:/opt/ros/humble LD_LIBRARY_PATH=/home/ubuntu/rj_training_container/training_ws/install/stsl_aruco_tags/lib:/home/ubuntu/rj_training_container/training_ws/install/stsl_interfaces/lib:/home/ubuntu/rj_training_container/training_ws/install/stsl_gazebo_plugins/lib:/home/ubuntu/rj_training_container/training_ws/install/teleop/lib:/home/ubuntu/rj_training_container/training_ws/install/stsl_utils/lib:/home/ubuntu/rj_training_container/training_ws/install/stsl_rviz_plugins/lib:/home/ubuntu/rj_training_container/training_ws/install/stsl_nav_plugins/lib:/home/ubuntu/rj_training_container/training_ws/install/mission_orchestration/lib:/home/ubuntu/rj_training_container/training_ws/install/stsl_bt_nodes/lib:/home/ubuntu/rj_training_container/training_ws/install/peak_finder/lib:/home/ubuntu/rj_training_container/training_ws/install/mineral_deposit_tracking/lib:/home/ubuntu/rj_training_container/training_ws/install/mineral_deposit_detection/lib:/home/ubuntu/rj_training_container/training_ws/install/localization/lib:/home/ubuntu/rj_training_container/training_ws/install/elevation_server/lib:/home/ubuntu/rj_training_container/training_ws/install/coordinate_transform/lib:/home/ubuntu/rj_training_container/training_ws/install/obstacle_detector/lib:/home/ubuntu/rj_training_container/training_ws/install/mapping/lib:/home/ubuntu/rj_training_container/training_ws/install/joystick_package/lib:/home/ubuntu/rj_training_container/training_ws/install/joystick_msgs/lib:/home/ubuntu/rj_training_container/training_ws/install/controllers/lib:/home/ubuntu/rj_training_container/training_ws/install/astar_path_planner/lib:/usr/lib/x86_64-linux-gnu/gazebo-11/plugins:/opt/ros/humble/opt/rviz_ogre_vendor/lib:/opt/ros/humble/lib/x86_64-linux-gnu:/opt/ros/humble/lib /usr/bin/cmake --install /home/ubuntu/rj_training_container/training_ws/build/traini_gazebo
[601.470s] DEBUG:colcon.colcon_core.event_handler.log_command:Invoking command in '/home/ubuntu/rj_training_container/training_ws/build/mission_orchestration': CMAKE_PREFIX_PATH=/home/ubuntu/rj_training_container/training_ws/install/stsl_bt_nodes:/home/ubuntu/rj_training_container/training_ws/install/stsl_interfaces:/home/ubuntu/rj_training_container/training_ws/install/stsl_desktop:/home/ubuntu/rj_training_container/training_ws/install/traini_bringup:/home/ubuntu/rj_training_container/training_ws/install/traini_gazebo:/home/ubuntu/rj_training_container/training_ws/install/traini_description:/home/ubuntu/rj_training_container/training_ws/install/teleop:/home/ubuntu/rj_training_container/training_ws/install/stsl_utils:/home/ubuntu/rj_training_container/training_ws/install/stsl_rviz_plugins:/home/ubuntu/rj_training_container/training_ws/install/stsl_nav_plugins:/home/ubuntu/rj_training_container/training_ws/install/mission_orchestration:/home/ubuntu/rj_training_container/training_ws/install/stsl_aruco_tags:/home/ubuntu/rj_training_container/training_ws/install/peak_finder:/home/ubuntu/rj_training_container/training_ws/install/mineral_deposit_tracking:/home/ubuntu/rj_training_container/training_ws/install/mineral_deposit_detection:/home/ubuntu/rj_training_container/training_ws/install/localization:/home/ubuntu/rj_training_container/training_ws/install/elevation_server:/home/ubuntu/rj_training_container/training_ws/install/coordinate_transform:/home/ubuntu/rj_training_container/training_ws/install/stsl_gazebo_plugins:/home/ubuntu/rj_training_container/training_ws/install/rj_training_bringup:/home/ubuntu/rj_training_container/training_ws/install/obstacle_detector:/home/ubuntu/rj_training_container/training_ws/install/mapping:/home/ubuntu/rj_training_container/training_ws/install/joystick_package:/home/ubuntu/rj_training_container/training_ws/install/joystick_msgs:/home/ubuntu/rj_training_container/training_ws/install/controllers:/home/ubuntu/rj_training_container/training_ws/install/astar_path_planner:/home/ubuntu/rj_training_container/training_ws/install/keyboard:/opt/ros/humble LD_LIBRARY_PATH=/home/ubuntu/rj_training_container/training_ws/install/stsl_bt_nodes/lib:/home/ubuntu/rj_training_container/training_ws/install/stsl_interfaces/lib:/home/ubuntu/rj_training_container/training_ws/install/teleop/lib:/home/ubuntu/rj_training_container/training_ws/install/stsl_utils/lib:/home/ubuntu/rj_training_container/training_ws/install/stsl_rviz_plugins/lib:/home/ubuntu/rj_training_container/training_ws/install/stsl_nav_plugins/lib:/home/ubuntu/rj_training_container/training_ws/install/mission_orchestration/lib:/home/ubuntu/rj_training_container/training_ws/install/stsl_aruco_tags/lib:/home/ubuntu/rj_training_container/training_ws/install/peak_finder/lib:/home/ubuntu/rj_training_container/training_ws/install/mineral_deposit_tracking/lib:/home/ubuntu/rj_training_container/training_ws/install/mineral_deposit_detection/lib:/home/ubuntu/rj_training_container/training_ws/install/localization/lib:/home/ubuntu/rj_training_container/training_ws/install/elevation_server/lib:/home/ubuntu/rj_training_container/training_ws/install/coordinate_transform/lib:/home/ubuntu/rj_training_container/training_ws/install/stsl_gazebo_plugins/lib:/home/ubuntu/rj_training_container/training_ws/install/obstacle_detector/lib:/home/ubuntu/rj_training_container/training_ws/install/mapping/lib:/home/ubuntu/rj_training_container/training_ws/install/joystick_package/lib:/home/ubuntu/rj_training_container/training_ws/install/joystick_msgs/lib:/home/ubuntu/rj_training_container/training_ws/install/controllers/lib:/home/ubuntu/rj_training_container/training_ws/install/astar_path_planner/lib:/usr/lib/x86_64-linux-gnu/gazebo-11/plugins:/opt/ros/humble/opt/rviz_ogre_vendor/lib:/opt/ros/humble/lib/x86_64-linux-gnu:/opt/ros/humble/lib /usr/bin/cmake --install /home/ubuntu/rj_training_container/training_ws/build/mission_orchestration
[604.078s] Level 1:colcon.colcon_core.environment:create_environment_scripts_only(mission_orchestration)
[604.079s] Level 1:colcon.colcon_core.environment:checking '/home/ubuntu/rj_training_container/training_ws/install/mission_orchestration' for CMake module files
[604.080s] DEBUG:colcon.colcon_core.event_handler.log_command:Invoked command in '/home/ubuntu/rj_training_container/training_ws/build/mission_orchestration' returned '0': CMAKE_PREFIX_PATH=/home/ubuntu/rj_training_container/training_ws/install/stsl_bt_nodes:/home/ubuntu/rj_training_container/training_ws/install/stsl_interfaces:/home/ubuntu/rj_training_container/training_ws/install/stsl_desktop:/home/ubuntu/rj_training_container/training_ws/install/traini_bringup:/home/ubuntu/rj_training_container/training_ws/install/traini_gazebo:/home/ubuntu/rj_training_container/training_ws/install/traini_description:/home/ubuntu/rj_training_container/training_ws/install/teleop:/home/ubuntu/rj_training_container/training_ws/install/stsl_utils:/home/ubuntu/rj_training_container/training_ws/install/stsl_rviz_plugins:/home/ubuntu/rj_training_container/training_ws/install/stsl_nav_plugins:/home/ubuntu/rj_training_container/training_ws/install/mission_orchestration:/home/ubuntu/rj_training_container/training_ws/install/stsl_aruco_tags:/home/ubuntu/rj_training_container/training_ws/install/peak_finder:/home/ubuntu/rj_training_container/training_ws/install/mineral_deposit_tracking:/home/ubuntu/rj_training_container/training_ws/install/mineral_deposit_detection:/home/ubuntu/rj_training_container/training_ws/install/localization:/home/ubuntu/rj_training_container/training_ws/install/elevation_server:/home/ubuntu/rj_training_container/training_ws/install/coordinate_transform:/home/ubuntu/rj_training_container/training_ws/install/stsl_gazebo_plugins:/home/ubuntu/rj_training_container/training_ws/install/rj_training_bringup:/home/ubuntu/rj_training_container/training_ws/install/obstacle_detector:/home/ubuntu/rj_training_container/training_ws/install/mapping:/home/ubuntu/rj_training_container/training_ws/install/joystick_package:/home/ubuntu/rj_training_container/training_ws/install/joystick_msgs:/home/ubuntu/rj_training_container/training_ws/install/controllers:/home/ubuntu/rj_training_container/training_ws/install/astar_path_planner:/home/ubuntu/rj_training_container/training_ws/install/keyboard:/opt/ros/humble LD_LIBRARY_PATH=/home/ubuntu/rj_training_container/training_ws/install/stsl_bt_nodes/lib:/home/ubuntu/rj_training_container/training_ws/install/stsl_interfaces/lib:/home/ubuntu/rj_training_container/training_ws/install/teleop/lib:/home/ubuntu/rj_training_container/training_ws/install/stsl_utils/lib:/home/ubuntu/rj_training_container/training_ws/install/stsl_rviz_plugins/lib:/home/ubuntu/rj_training_container/training_ws/install/stsl_nav_plugins/lib:/home/ubuntu/rj_training_container/training_ws/install/mission_orchestration/lib:/home/ubuntu/rj_training_container/training_ws/install/stsl_aruco_tags/lib:/home/ubuntu/rj_training_container/training_ws/install/peak_finder/lib:/home/ubuntu/rj_training_container/training_ws/install/mineral_deposit_tracking/lib:/home/ubuntu/rj_training_container/training_ws/install/mineral_deposit_detection/lib:/home/ubuntu/rj_training_container/training_ws/install/localization/lib:/home/ubuntu/rj_training_container/training_ws/install/elevation_server/lib:/home/ubuntu/rj_training_container/training_ws/install/coordinate_transform/lib:/home/ubuntu/rj_training_container/training_ws/install/stsl_gazebo_plugins/lib:/home/ubuntu/rj_training_container/training_ws/install/obstacle_detector/lib:/home/ubuntu/rj_training_container/training_ws/install/mapping/lib:/home/ubuntu/rj_training_container/training_ws/install/joystick_package/lib:/home/ubuntu/rj_training_container/training_ws/install/joystick_msgs/lib:/home/ubuntu/rj_training_container/training_ws/install/controllers/lib:/home/ubuntu/rj_training_container/training_ws/install/astar_path_planner/lib:/usr/lib/x86_64-linux-gnu/gazebo-11/plugins:/opt/ros/humble/opt/rviz_ogre_vendor/lib:/opt/ros/humble/lib/x86_64-linux-gnu:/opt/ros/humble/lib /usr/bin/cmake --install /home/ubuntu/rj_training_container/training_ws/build/mission_orchestration
[604.166s] Level 1:colcon.colcon_core.environment:checking '/home/ubuntu/rj_training_container/training_ws/install/mission_orchestration' for CMake config files
[604.245s] Level 1:colcon.colcon_core.shell:create_environment_hook('mission_orchestration', 'cmake_prefix_path')
[604.246s] INFO:colcon.colcon_core.shell:Creating environment hook '/home/ubuntu/rj_training_container/training_ws/install/mission_orchestration/share/mission_orchestration/hook/cmake_prefix_path.ps1'
[604.266s] INFO:colcon.colcon_core.shell:Creating environment descriptor '/home/ubuntu/rj_training_container/training_ws/install/mission_orchestration/share/mission_orchestration/hook/cmake_prefix_path.dsv'
[604.282s] INFO:colcon.colcon_core.shell:Creating environment hook '/home/ubuntu/rj_training_container/training_ws/install/mission_orchestration/share/mission_orchestration/hook/cmake_prefix_path.sh'
[604.299s] Level 1:colcon.colcon_core.environment:checking '/home/ubuntu/rj_training_container/training_ws/install/mission_orchestration/lib'
[604.304s] Level 1:colcon.colcon_core.shell:create_environment_hook('mission_orchestration', 'ld_library_path_lib')
[604.305s] INFO:colcon.colcon_core.shell:Creating environment hook '/home/ubuntu/rj_training_container/training_ws/install/mission_orchestration/share/mission_orchestration/hook/ld_library_path_lib.ps1'
[604.319s] INFO:colcon.colcon_core.shell:Creating environment descriptor '/home/ubuntu/rj_training_container/training_ws/install/mission_orchestration/share/mission_orchestration/hook/ld_library_path_lib.dsv'
[604.332s] INFO:colcon.colcon_core.shell:Creating environment hook '/home/ubuntu/rj_training_container/training_ws/install/mission_orchestration/share/mission_orchestration/hook/ld_library_path_lib.sh'
[604.347s] Level 1:colcon.colcon_core.environment:checking '/home/ubuntu/rj_training_container/training_ws/install/mission_orchestration/bin'
[604.348s] Level 1:colcon.colcon_core.environment:checking '/home/ubuntu/rj_training_container/training_ws/install/mission_orchestration/lib/pkgconfig/mission_orchestration.pc'
[604.350s] Level 1:colcon.colcon_core.environment:checking '/home/ubuntu/rj_training_container/training_ws/install/mission_orchestration/lib/python3.10/site-packages'
[604.352s] Level 1:colcon.colcon_core.environment:checking '/home/ubuntu/rj_training_container/training_ws/install/mission_orchestration/bin'
[604.353s] INFO:colcon.colcon_core.shell:Creating package script '/home/ubuntu/rj_training_container/training_ws/install/mission_orchestration/share/mission_orchestration/package.ps1'
[604.364s] INFO:colcon.colcon_core.shell:Creating package descriptor '/home/ubuntu/rj_training_container/training_ws/install/mission_orchestration/share/mission_orchestration/package.dsv'
[604.377s] INFO:colcon.colcon_core.shell:Creating package script '/home/ubuntu/rj_training_container/training_ws/install/mission_orchestration/share/mission_orchestration/package.sh'
[604.390s] INFO:colcon.colcon_core.shell:Creating package script '/home/ubuntu/rj_training_container/training_ws/install/mission_orchestration/share/mission_orchestration/package.bash'
[604.402s] INFO:colcon.colcon_core.shell:Creating package script '/home/ubuntu/rj_training_container/training_ws/install/mission_orchestration/share/mission_orchestration/package.zsh'
[604.416s] Level 1:colcon.colcon_core.environment:create_file_with_runtime_dependencies(/home/ubuntu/rj_training_container/training_ws/install/mission_orchestration/share/colcon-core/packages/mission_orchestration)
[607.139s] Level 1:colcon.colcon_core.environment:create_environment_scripts_only(traini_gazebo)
[607.139s] Level 1:colcon.colcon_core.environment:checking '/home/ubuntu/rj_training_container/training_ws/install/traini_gazebo' for CMake module files
[607.140s] DEBUG:colcon.colcon_core.event_handler.log_command:Invoked command in '/home/ubuntu/rj_training_container/training_ws/build/traini_gazebo' returned '0': CMAKE_PREFIX_PATH=/home/ubuntu/rj_training_container/training_ws/install/stsl_aruco_tags:/home/ubuntu/rj_training_container/training_ws/install/stsl_interfaces:/home/ubuntu/rj_training_container/training_ws/install/stsl_gazebo_plugins:/home/ubuntu/rj_training_container/training_ws/install/stsl_desktop:/home/ubuntu/rj_training_container/training_ws/install/traini_bringup:/home/ubuntu/rj_training_container/training_ws/install/traini_gazebo:/home/ubuntu/rj_training_container/training_ws/install/traini_description:/home/ubuntu/rj_training_container/training_ws/install/teleop:/home/ubuntu/rj_training_container/training_ws/install/stsl_utils:/home/ubuntu/rj_training_container/training_ws/install/stsl_rviz_plugins:/home/ubuntu/rj_training_container/training_ws/install/stsl_nav_plugins:/home/ubuntu/rj_training_container/training_ws/install/mission_orchestration:/home/ubuntu/rj_training_container/training_ws/install/stsl_bt_nodes:/home/ubuntu/rj_training_container/training_ws/install/peak_finder:/home/ubuntu/rj_training_container/training_ws/install/mineral_deposit_tracking:/home/ubuntu/rj_training_container/training_ws/install/mineral_deposit_detection:/home/ubuntu/rj_training_container/training_ws/install/localization:/home/ubuntu/rj_training_container/training_ws/install/elevation_server:/home/ubuntu/rj_training_container/training_ws/install/coordinate_transform:/home/ubuntu/rj_training_container/training_ws/install/rj_training_bringup:/home/ubuntu/rj_training_container/training_ws/install/obstacle_detector:/home/ubuntu/rj_training_container/training_ws/install/mapping:/home/ubuntu/rj_training_container/training_ws/install/joystick_package:/home/ubuntu/rj_training_container/training_ws/install/joystick_msgs:/home/ubuntu/rj_training_container/training_ws/install/controllers:/home/ubuntu/rj_training_container/training_ws/install/astar_path_planner:/home/ubuntu/rj_training_container/training_ws/install/keyboard:/opt/ros/humble LD_LIBRARY_PATH=/home/ubuntu/rj_training_container/training_ws/install/stsl_aruco_tags/lib:/home/ubuntu/rj_training_container/training_ws/install/stsl_interfaces/lib:/home/ubuntu/rj_training_container/training_ws/install/stsl_gazebo_plugins/lib:/home/ubuntu/rj_training_container/training_ws/install/teleop/lib:/home/ubuntu/rj_training_container/training_ws/install/stsl_utils/lib:/home/ubuntu/rj_training_container/training_ws/install/stsl_rviz_plugins/lib:/home/ubuntu/rj_training_container/training_ws/install/stsl_nav_plugins/lib:/home/ubuntu/rj_training_container/training_ws/install/mission_orchestration/lib:/home/ubuntu/rj_training_container/training_ws/install/stsl_bt_nodes/lib:/home/ubuntu/rj_training_container/training_ws/install/peak_finder/lib:/home/ubuntu/rj_training_container/training_ws/install/mineral_deposit_tracking/lib:/home/ubuntu/rj_training_container/training_ws/install/mineral_deposit_detection/lib:/home/ubuntu/rj_training_container/training_ws/install/localization/lib:/home/ubuntu/rj_training_container/training_ws/install/elevation_server/lib:/home/ubuntu/rj_training_container/training_ws/install/coordinate_transform/lib:/home/ubuntu/rj_training_container/training_ws/install/obstacle_detector/lib:/home/ubuntu/rj_training_container/training_ws/install/mapping/lib:/home/ubuntu/rj_training_container/training_ws/install/joystick_package/lib:/home/ubuntu/rj_training_container/training_ws/install/joystick_msgs/lib:/home/ubuntu/rj_training_container/training_ws/install/controllers/lib:/home/ubuntu/rj_training_container/training_ws/install/astar_path_planner/lib:/usr/lib/x86_64-linux-gnu/gazebo-11/plugins:/opt/ros/humble/opt/rviz_ogre_vendor/lib:/opt/ros/humble/lib/x86_64-linux-gnu:/opt/ros/humble/lib /usr/bin/cmake --install /home/ubuntu/rj_training_container/training_ws/build/traini_gazebo
[607.231s] Level 1:colcon.colcon_core.environment:checking '/home/ubuntu/rj_training_container/training_ws/install/traini_gazebo' for CMake config files
[607.299s] Level 1:colcon.colcon_core.shell:create_environment_hook('traini_gazebo', 'cmake_prefix_path')
[607.299s] INFO:colcon.colcon_core.shell:Creating environment hook '/home/ubuntu/rj_training_container/training_ws/install/traini_gazebo/share/traini_gazebo/hook/cmake_prefix_path.ps1'
[607.314s] INFO:colcon.colcon_core.shell:Creating environment descriptor '/home/ubuntu/rj_training_container/training_ws/install/traini_gazebo/share/traini_gazebo/hook/cmake_prefix_path.dsv'
[607.327s] INFO:colcon.colcon_core.shell:Creating environment hook '/home/ubuntu/rj_training_container/training_ws/install/traini_gazebo/share/traini_gazebo/hook/cmake_prefix_path.sh'
[607.346s] Level 1:colcon.colcon_core.environment:checking '/home/ubuntu/rj_training_container/training_ws/install/traini_gazebo/lib'
[607.350s] Level 1:colcon.colcon_core.environment:checking '/home/ubuntu/rj_training_container/training_ws/install/traini_gazebo/bin'
[607.351s] Level 1:colcon.colcon_core.environment:checking '/home/ubuntu/rj_training_container/training_ws/install/traini_gazebo/lib/pkgconfig/traini_gazebo.pc'
[607.353s] Level 1:colcon.colcon_core.environment:checking '/home/ubuntu/rj_training_container/training_ws/install/traini_gazebo/lib/python3.10/site-packages'
[607.355s] Level 1:colcon.colcon_core.environment:checking '/home/ubuntu/rj_training_container/training_ws/install/traini_gazebo/bin'
[607.357s] INFO:colcon.colcon_core.shell:Creating package script '/home/ubuntu/rj_training_container/training_ws/install/traini_gazebo/share/traini_gazebo/package.ps1'
[607.368s] INFO:colcon.colcon_core.shell:Creating package descriptor '/home/ubuntu/rj_training_container/training_ws/install/traini_gazebo/share/traini_gazebo/package.dsv'
[607.380s] INFO:colcon.colcon_core.shell:Creating package script '/home/ubuntu/rj_training_container/training_ws/install/traini_gazebo/share/traini_gazebo/package.sh'
[607.392s] INFO:colcon.colcon_core.shell:Creating package script '/home/ubuntu/rj_training_container/training_ws/install/traini_gazebo/share/traini_gazebo/package.bash'
[607.404s] INFO:colcon.colcon_core.shell:Creating package script '/home/ubuntu/rj_training_container/training_ws/install/traini_gazebo/share/traini_gazebo/package.zsh'
[607.415s] Level 1:colcon.colcon_core.environment:create_file_with_runtime_dependencies(/home/ubuntu/rj_training_container/training_ws/install/traini_gazebo/share/colcon-core/packages/traini_gazebo)
[617.961s] Level 1:colcon.colcon_core.environment:create_environment_scripts_only(traini_gazebo)
[617.962s] Level 1:colcon.colcon_core.environment:checking '/home/ubuntu/rj_training_container/training_ws/install/traini_gazebo' for CMake module files
[618.048s] Level 1:colcon.colcon_core.environment:checking '/home/ubuntu/rj_training_container/training_ws/install/traini_gazebo' for CMake config files
[618.113s] Level 1:colcon.colcon_core.shell:create_environment_hook('traini_gazebo', 'cmake_prefix_path')
[618.113s] INFO:colcon.colcon_core.shell:Creating environment hook '/home/ubuntu/rj_training_container/training_ws/install/traini_gazebo/share/traini_gazebo/hook/cmake_prefix_path.ps1'
[618.127s] INFO:colcon.colcon_core.shell:Creating environment descriptor '/home/ubuntu/rj_training_container/training_ws/install/traini_gazebo/share/traini_gazebo/hook/cmake_prefix_path.dsv'
[618.143s] INFO:colcon.colcon_core.shell:Creating environment hook '/home/ubuntu/rj_training_container/training_ws/install/traini_gazebo/share/traini_gazebo/hook/cmake_prefix_path.sh'
[618.158s] Level 1:colcon.colcon_core.environment:checking '/home/ubuntu/rj_training_container/training_ws/install/traini_gazebo/lib'
[618.162s] Level 1:colcon.colcon_core.environment:checking '/home/ubuntu/rj_training_container/training_ws/install/traini_gazebo/bin'
[618.163s] Level 1:colcon.colcon_core.environment:checking '/home/ubuntu/rj_training_container/training_ws/install/traini_gazebo/lib/pkgconfig/traini_gazebo.pc'
[618.165s] Level 1:colcon.colcon_core.environment:checking '/home/ubuntu/rj_training_container/training_ws/install/traini_gazebo/lib/python3.10/site-packages'
[618.167s] Level 1:colcon.colcon_core.environment:checking '/home/ubuntu/rj_training_container/training_ws/install/traini_gazebo/bin'
[618.169s] INFO:colcon.colcon_core.shell:Creating package script '/home/ubuntu/rj_training_container/training_ws/install/traini_gazebo/share/traini_gazebo/package.ps1'
[618.179s] INFO:colcon.colcon_core.shell:Creating package descriptor '/home/ubuntu/rj_training_container/training_ws/install/traini_gazebo/share/traini_gazebo/package.dsv'
[618.191s] INFO:colcon.colcon_core.shell:Creating package script '/home/ubuntu/rj_training_container/training_ws/install/traini_gazebo/share/traini_gazebo/package.sh'
[618.202s] INFO:colcon.colcon_core.shell:Creating package script '/home/ubuntu/rj_training_container/training_ws/install/traini_gazebo/share/traini_gazebo/package.bash'
[618.212s] INFO:colcon.colcon_core.shell:Creating package script '/home/ubuntu/rj_training_container/training_ws/install/traini_gazebo/share/traini_gazebo/package.zsh'
[618.223s] Level 1:colcon.colcon_core.environment:create_file_with_runtime_dependencies(/home/ubuntu/rj_training_container/training_ws/install/traini_gazebo/share/colcon-core/packages/traini_gazebo)
[618.233s] INFO:colcon.colcon_ros.task.ament_cmake.build:Building ROS package in '/home/ubuntu/rj_training_container/training_ws/src/stsl/traini_bringup' with build type 'ament_cmake'
[618.234s] INFO:colcon.colcon_cmake.task.cmake.build:Building CMake package in '/home/ubuntu/rj_training_container/training_ws/src/stsl/traini_bringup'
[618.235s] INFO:colcon.colcon_core.shell:Skip shell extension 'powershell' for command environment: Not usable outside of PowerShell
[618.235s] DEBUG:colcon.colcon_core.shell:Skip shell extension 'dsv' for command environment
[620.363s] DEBUG:colcon.colcon_core.event_handler.log_command:Invoking command in '/home/ubuntu/rj_training_container/training_ws/build/traini_bringup': CMAKE_PREFIX_PATH=/home/ubuntu/rj_training_container/training_ws/install/traini_gazebo:/home/ubuntu/rj_training_container/training_ws/install/stsl_aruco_tags:/home/ubuntu/rj_training_container/training_ws/install/traini_description:/home/ubuntu/rj_training_container/training_ws/install/stsl_interfaces:/home/ubuntu/rj_training_container/training_ws/install/stsl_gazebo_plugins:/home/ubuntu/rj_training_container/training_ws/install/stsl_desktop:/home/ubuntu/rj_training_container/training_ws/install/traini_bringup:/home/ubuntu/rj_training_container/training_ws/install/teleop:/home/ubuntu/rj_training_container/training_ws/install/stsl_utils:/home/ubuntu/rj_training_container/training_ws/install/stsl_rviz_plugins:/home/ubuntu/rj_training_container/training_ws/install/stsl_nav_plugins:/home/ubuntu/rj_training_container/training_ws/install/mission_orchestration:/home/ubuntu/rj_training_container/training_ws/install/stsl_bt_nodes:/home/ubuntu/rj_training_container/training_ws/install/peak_finder:/home/ubuntu/rj_training_container/training_ws/install/mineral_deposit_tracking:/home/ubuntu/rj_training_container/training_ws/install/mineral_deposit_detection:/home/ubuntu/rj_training_container/training_ws/install/localization:/home/ubuntu/rj_training_container/training_ws/install/elevation_server:/home/ubuntu/rj_training_container/training_ws/install/coordinate_transform:/home/ubuntu/rj_training_container/training_ws/install/rj_training_bringup:/home/ubuntu/rj_training_container/training_ws/install/obstacle_detector:/home/ubuntu/rj_training_container/training_ws/install/mapping:/home/ubuntu/rj_training_container/training_ws/install/joystick_package:/home/ubuntu/rj_training_container/training_ws/install/joystick_msgs:/home/ubuntu/rj_training_container/training_ws/install/controllers:/home/ubuntu/rj_training_container/training_ws/install/astar_path_planner:/home/ubuntu/rj_training_container/training_ws/install/keyboard:/opt/ros/humble LD_LIBRARY_PATH=/home/ubuntu/rj_training_container/training_ws/install/stsl_aruco_tags/lib:/home/ubuntu/rj_training_container/training_ws/install/stsl_interfaces/lib:/home/ubuntu/rj_training_container/training_ws/install/stsl_gazebo_plugins/lib:/home/ubuntu/rj_training_container/training_ws/install/teleop/lib:/home/ubuntu/rj_training_container/training_ws/install/stsl_utils/lib:/home/ubuntu/rj_training_container/training_ws/install/stsl_rviz_plugins/lib:/home/ubuntu/rj_training_container/training_ws/install/stsl_nav_plugins/lib:/home/ubuntu/rj_training_container/training_ws/install/mission_orchestration/lib:/home/ubuntu/rj_training_container/training_ws/install/stsl_bt_nodes/lib:/home/ubuntu/rj_training_container/training_ws/install/peak_finder/lib:/home/ubuntu/rj_training_container/training_ws/install/mineral_deposit_tracking/lib:/home/ubuntu/rj_training_container/training_ws/install/mineral_deposit_detection/lib:/home/ubuntu/rj_training_container/training_ws/install/localization/lib:/home/ubuntu/rj_training_container/training_ws/install/elevation_server/lib:/home/ubuntu/rj_training_container/training_ws/install/coordinate_transform/lib:/home/ubuntu/rj_training_container/training_ws/install/obstacle_detector/lib:/home/ubuntu/rj_training_container/training_ws/install/mapping/lib:/home/ubuntu/rj_training_container/training_ws/install/joystick_package/lib:/home/ubuntu/rj_training_container/training_ws/install/joystick_msgs/lib:/home/ubuntu/rj_training_container/training_ws/install/controllers/lib:/home/ubuntu/rj_training_container/training_ws/install/astar_path_planner/lib:/usr/lib/x86_64-linux-gnu/gazebo-11/plugins:/opt/ros/humble/opt/rviz_ogre_vendor/lib:/opt/ros/humble/lib/x86_64-linux-gnu:/opt/ros/humble/lib /usr/bin/cmake --build /home/ubuntu/rj_training_container/training_ws/build/traini_bringup -- -j16 -l16
[620.689s] Level 1:colcon.colcon_core.environment:create_environment_scripts_only(mission_orchestration)
[620.689s] Level 1:colcon.colcon_core.environment:checking '/home/ubuntu/rj_training_container/training_ws/install/mission_orchestration' for CMake module files
[620.760s] Level 1:colcon.colcon_core.environment:checking '/home/ubuntu/rj_training_container/training_ws/install/mission_orchestration' for CMake config files
[620.838s] Level 1:colcon.colcon_core.shell:create_environment_hook('mission_orchestration', 'cmake_prefix_path')
[620.839s] INFO:colcon.colcon_core.shell:Creating environment hook '/home/ubuntu/rj_training_container/training_ws/install/mission_orchestration/share/mission_orchestration/hook/cmake_prefix_path.ps1'
[620.854s] INFO:colcon.colcon_core.shell:Creating environment descriptor '/home/ubuntu/rj_training_container/training_ws/install/mission_orchestration/share/mission_orchestration/hook/cmake_prefix_path.dsv'
[620.868s] INFO:colcon.colcon_core.shell:Creating environment hook '/home/ubuntu/rj_training_container/training_ws/install/mission_orchestration/share/mission_orchestration/hook/cmake_prefix_path.sh'
[620.884s] Level 1:colcon.colcon_core.environment:checking '/home/ubuntu/rj_training_container/training_ws/install/mission_orchestration/lib'
[620.888s] Level 1:colcon.colcon_core.shell:create_environment_hook('mission_orchestration', 'ld_library_path_lib')
[620.889s] INFO:colcon.colcon_core.shell:Creating environment hook '/home/ubuntu/rj_training_container/training_ws/install/mission_orchestration/share/mission_orchestration/hook/ld_library_path_lib.ps1'
[620.903s] INFO:colcon.colcon_core.shell:Creating environment descriptor '/home/ubuntu/rj_training_container/training_ws/install/mission_orchestration/share/mission_orchestration/hook/ld_library_path_lib.dsv'
[620.918s] INFO:colcon.colcon_core.shell:Creating environment hook '/home/ubuntu/rj_training_container/training_ws/install/mission_orchestration/share/mission_orchestration/hook/ld_library_path_lib.sh'
[620.933s] Level 1:colcon.colcon_core.environment:checking '/home/ubuntu/rj_training_container/training_ws/install/mission_orchestration/bin'
[620.935s] Level 1:colcon.colcon_core.environment:checking '/home/ubuntu/rj_training_container/training_ws/install/mission_orchestration/lib/pkgconfig/mission_orchestration.pc'
[620.938s] Level 1:colcon.colcon_core.environment:checking '/home/ubuntu/rj_training_container/training_ws/install/mission_orchestration/lib/python3.10/site-packages'
[620.940s] Level 1:colcon.colcon_core.environment:checking '/home/ubuntu/rj_training_container/training_ws/install/mission_orchestration/bin'
[620.942s] INFO:colcon.colcon_core.shell:Creating package script '/home/ubuntu/rj_training_container/training_ws/install/mission_orchestration/share/mission_orchestration/package.ps1'
[620.953s] INFO:colcon.colcon_core.shell:Creating package descriptor '/home/ubuntu/rj_training_container/training_ws/install/mission_orchestration/share/mission_orchestration/package.dsv'
[620.965s] INFO:colcon.colcon_core.shell:Creating package script '/home/ubuntu/rj_training_container/training_ws/install/mission_orchestration/share/mission_orchestration/package.sh'
[620.978s] INFO:colcon.colcon_core.shell:Creating package script '/home/ubuntu/rj_training_container/training_ws/install/mission_orchestration/share/mission_orchestration/package.bash'
[620.989s] INFO:colcon.colcon_core.shell:Creating package script '/home/ubuntu/rj_training_container/training_ws/install/mission_orchestration/share/mission_orchestration/package.zsh'
[621.002s] Level 1:colcon.colcon_core.environment:create_file_with_runtime_dependencies(/home/ubuntu/rj_training_container/training_ws/install/mission_orchestration/share/colcon-core/packages/mission_orchestration)
[630.369s] DEBUG:colcon.colcon_core.event_handler.log_command:Invoked command in '/home/ubuntu/rj_training_container/training_ws/build/traini_bringup' returned '0': CMAKE_PREFIX_PATH=/home/ubuntu/rj_training_container/training_ws/install/traini_gazebo:/home/ubuntu/rj_training_container/training_ws/install/stsl_aruco_tags:/home/ubuntu/rj_training_container/training_ws/install/traini_description:/home/ubuntu/rj_training_container/training_ws/install/stsl_interfaces:/home/ubuntu/rj_training_container/training_ws/install/stsl_gazebo_plugins:/home/ubuntu/rj_training_container/training_ws/install/stsl_desktop:/home/ubuntu/rj_training_container/training_ws/install/traini_bringup:/home/ubuntu/rj_training_container/training_ws/install/teleop:/home/ubuntu/rj_training_container/training_ws/install/stsl_utils:/home/ubuntu/rj_training_container/training_ws/install/stsl_rviz_plugins:/home/ubuntu/rj_training_container/training_ws/install/stsl_nav_plugins:/home/ubuntu/rj_training_container/training_ws/install/mission_orchestration:/home/ubuntu/rj_training_container/training_ws/install/stsl_bt_nodes:/home/ubuntu/rj_training_container/training_ws/install/peak_finder:/home/ubuntu/rj_training_container/training_ws/install/mineral_deposit_tracking:/home/ubuntu/rj_training_container/training_ws/install/mineral_deposit_detection:/home/ubuntu/rj_training_container/training_ws/install/localization:/home/ubuntu/rj_training_container/training_ws/install/elevation_server:/home/ubuntu/rj_training_container/training_ws/install/coordinate_transform:/home/ubuntu/rj_training_container/training_ws/install/rj_training_bringup:/home/ubuntu/rj_training_container/training_ws/install/obstacle_detector:/home/ubuntu/rj_training_container/training_ws/install/mapping:/home/ubuntu/rj_training_container/training_ws/install/joystick_package:/home/ubuntu/rj_training_container/training_ws/install/joystick_msgs:/home/ubuntu/rj_training_container/training_ws/install/controllers:/home/ubuntu/rj_training_container/training_ws/install/astar_path_planner:/home/ubuntu/rj_training_container/training_ws/install/keyboard:/opt/ros/humble LD_LIBRARY_PATH=/home/ubuntu/rj_training_container/training_ws/install/stsl_aruco_tags/lib:/home/ubuntu/rj_training_container/training_ws/install/stsl_interfaces/lib:/home/ubuntu/rj_training_container/training_ws/install/stsl_gazebo_plugins/lib:/home/ubuntu/rj_training_container/training_ws/install/teleop/lib:/home/ubuntu/rj_training_container/training_ws/install/stsl_utils/lib:/home/ubuntu/rj_training_container/training_ws/install/stsl_rviz_plugins/lib:/home/ubuntu/rj_training_container/training_ws/install/stsl_nav_plugins/lib:/home/ubuntu/rj_training_container/training_ws/install/mission_orchestration/lib:/home/ubuntu/rj_training_container/training_ws/install/stsl_bt_nodes/lib:/home/ubuntu/rj_training_container/training_ws/install/peak_finder/lib:/home/ubuntu/rj_training_container/training_ws/install/mineral_deposit_tracking/lib:/home/ubuntu/rj_training_container/training_ws/install/mineral_deposit_detection/lib:/home/ubuntu/rj_training_container/training_ws/install/localization/lib:/home/ubuntu/rj_training_container/training_ws/install/elevation_server/lib:/home/ubuntu/rj_training_container/training_ws/install/coordinate_transform/lib:/home/ubuntu/rj_training_container/training_ws/install/obstacle_detector/lib:/home/ubuntu/rj_training_container/training_ws/install/mapping/lib:/home/ubuntu/rj_training_container/training_ws/install/joystick_package/lib:/home/ubuntu/rj_training_container/training_ws/install/joystick_msgs/lib:/home/ubuntu/rj_training_container/training_ws/install/controllers/lib:/home/ubuntu/rj_training_container/training_ws/install/astar_path_planner/lib:/usr/lib/x86_64-linux-gnu/gazebo-11/plugins:/opt/ros/humble/opt/rviz_ogre_vendor/lib:/opt/ros/humble/lib/x86_64-linux-gnu:/opt/ros/humble/lib /usr/bin/cmake --build /home/ubuntu/rj_training_container/training_ws/build/traini_bringup -- -j16 -l16
[642.692s] DEBUG:colcon.colcon_core.event_handler.log_command:Invoking command in '/home/ubuntu/rj_training_container/training_ws/build/traini_bringup': CMAKE_PREFIX_PATH=/home/ubuntu/rj_training_container/training_ws/install/traini_gazebo:/home/ubuntu/rj_training_container/training_ws/install/stsl_aruco_tags:/home/ubuntu/rj_training_container/training_ws/install/traini_description:/home/ubuntu/rj_training_container/training_ws/install/stsl_interfaces:/home/ubuntu/rj_training_container/training_ws/install/stsl_gazebo_plugins:/home/ubuntu/rj_training_container/training_ws/install/stsl_desktop:/home/ubuntu/rj_training_container/training_ws/install/traini_bringup:/home/ubuntu/rj_training_container/training_ws/install/teleop:/home/ubuntu/rj_training_container/training_ws/install/stsl_utils:/home/ubuntu/rj_training_container/training_ws/install/stsl_rviz_plugins:/home/ubuntu/rj_training_container/training_ws/install/stsl_nav_plugins:/home/ubuntu/rj_training_container/training_ws/install/mission_orchestration:/home/ubuntu/rj_training_container/training_ws/install/stsl_bt_nodes:/home/ubuntu/rj_training_container/training_ws/install/peak_finder:/home/ubuntu/rj_training_container/training_ws/install/mineral_deposit_tracking:/home/ubuntu/rj_training_container/training_ws/install/mineral_deposit_detection:/home/ubuntu/rj_training_container/training_ws/install/localization:/home/ubuntu/rj_training_container/training_ws/install/elevation_server:/home/ubuntu/rj_training_container/training_ws/install/coordinate_transform:/home/ubuntu/rj_training_container/training_ws/install/rj_training_bringup:/home/ubuntu/rj_training_container/training_ws/install/obstacle_detector:/home/ubuntu/rj_training_container/training_ws/install/mapping:/home/ubuntu/rj_training_container/training_ws/install/joystick_package:/home/ubuntu/rj_training_container/training_ws/install/joystick_msgs:/home/ubuntu/rj_training_container/training_ws/install/controllers:/home/ubuntu/rj_training_container/training_ws/install/astar_path_planner:/home/ubuntu/rj_training_container/training_ws/install/keyboard:/opt/ros/humble LD_LIBRARY_PATH=/home/ubuntu/rj_training_container/training_ws/install/stsl_aruco_tags/lib:/home/ubuntu/rj_training_container/training_ws/install/stsl_interfaces/lib:/home/ubuntu/rj_training_container/training_ws/install/stsl_gazebo_plugins/lib:/home/ubuntu/rj_training_container/training_ws/install/teleop/lib:/home/ubuntu/rj_training_container/training_ws/install/stsl_utils/lib:/home/ubuntu/rj_training_container/training_ws/install/stsl_rviz_plugins/lib:/home/ubuntu/rj_training_container/training_ws/install/stsl_nav_plugins/lib:/home/ubuntu/rj_training_container/training_ws/install/mission_orchestration/lib:/home/ubuntu/rj_training_container/training_ws/install/stsl_bt_nodes/lib:/home/ubuntu/rj_training_container/training_ws/install/peak_finder/lib:/home/ubuntu/rj_training_container/training_ws/install/mineral_deposit_tracking/lib:/home/ubuntu/rj_training_container/training_ws/install/mineral_deposit_detection/lib:/home/ubuntu/rj_training_container/training_ws/install/localization/lib:/home/ubuntu/rj_training_container/training_ws/install/elevation_server/lib:/home/ubuntu/rj_training_container/training_ws/install/coordinate_transform/lib:/home/ubuntu/rj_training_container/training_ws/install/obstacle_detector/lib:/home/ubuntu/rj_training_container/training_ws/install/mapping/lib:/home/ubuntu/rj_training_container/training_ws/install/joystick_package/lib:/home/ubuntu/rj_training_container/training_ws/install/joystick_msgs/lib:/home/ubuntu/rj_training_container/training_ws/install/controllers/lib:/home/ubuntu/rj_training_container/training_ws/install/astar_path_planner/lib:/usr/lib/x86_64-linux-gnu/gazebo-11/plugins:/opt/ros/humble/opt/rviz_ogre_vendor/lib:/opt/ros/humble/lib/x86_64-linux-gnu:/opt/ros/humble/lib /usr/bin/cmake --install /home/ubuntu/rj_training_container/training_ws/build/traini_bringup
[645.511s] Level 1:colcon.colcon_core.environment:create_environment_scripts_only(traini_bringup)
[645.512s] Level 1:colcon.colcon_core.environment:checking '/home/ubuntu/rj_training_container/training_ws/install/traini_bringup' for CMake module files
[645.513s] DEBUG:colcon.colcon_core.event_handler.log_command:Invoked command in '/home/ubuntu/rj_training_container/training_ws/build/traini_bringup' returned '0': CMAKE_PREFIX_PATH=/home/ubuntu/rj_training_container/training_ws/install/traini_gazebo:/home/ubuntu/rj_training_container/training_ws/install/stsl_aruco_tags:/home/ubuntu/rj_training_container/training_ws/install/traini_description:/home/ubuntu/rj_training_container/training_ws/install/stsl_interfaces:/home/ubuntu/rj_training_container/training_ws/install/stsl_gazebo_plugins:/home/ubuntu/rj_training_container/training_ws/install/stsl_desktop:/home/ubuntu/rj_training_container/training_ws/install/traini_bringup:/home/ubuntu/rj_training_container/training_ws/install/teleop:/home/ubuntu/rj_training_container/training_ws/install/stsl_utils:/home/ubuntu/rj_training_container/training_ws/install/stsl_rviz_plugins:/home/ubuntu/rj_training_container/training_ws/install/stsl_nav_plugins:/home/ubuntu/rj_training_container/training_ws/install/mission_orchestration:/home/ubuntu/rj_training_container/training_ws/install/stsl_bt_nodes:/home/ubuntu/rj_training_container/training_ws/install/peak_finder:/home/ubuntu/rj_training_container/training_ws/install/mineral_deposit_tracking:/home/ubuntu/rj_training_container/training_ws/install/mineral_deposit_detection:/home/ubuntu/rj_training_container/training_ws/install/localization:/home/ubuntu/rj_training_container/training_ws/install/elevation_server:/home/ubuntu/rj_training_container/training_ws/install/coordinate_transform:/home/ubuntu/rj_training_container/training_ws/install/rj_training_bringup:/home/ubuntu/rj_training_container/training_ws/install/obstacle_detector:/home/ubuntu/rj_training_container/training_ws/install/mapping:/home/ubuntu/rj_training_container/training_ws/install/joystick_package:/home/ubuntu/rj_training_container/training_ws/install/joystick_msgs:/home/ubuntu/rj_training_container/training_ws/install/controllers:/home/ubuntu/rj_training_container/training_ws/install/astar_path_planner:/home/ubuntu/rj_training_container/training_ws/install/keyboard:/opt/ros/humble LD_LIBRARY_PATH=/home/ubuntu/rj_training_container/training_ws/install/stsl_aruco_tags/lib:/home/ubuntu/rj_training_container/training_ws/install/stsl_interfaces/lib:/home/ubuntu/rj_training_container/training_ws/install/stsl_gazebo_plugins/lib:/home/ubuntu/rj_training_container/training_ws/install/teleop/lib:/home/ubuntu/rj_training_container/training_ws/install/stsl_utils/lib:/home/ubuntu/rj_training_container/training_ws/install/stsl_rviz_plugins/lib:/home/ubuntu/rj_training_container/training_ws/install/stsl_nav_plugins/lib:/home/ubuntu/rj_training_container/training_ws/install/mission_orchestration/lib:/home/ubuntu/rj_training_container/training_ws/install/stsl_bt_nodes/lib:/home/ubuntu/rj_training_container/training_ws/install/peak_finder/lib:/home/ubuntu/rj_training_container/training_ws/install/mineral_deposit_tracking/lib:/home/ubuntu/rj_training_container/training_ws/install/mineral_deposit_detection/lib:/home/ubuntu/rj_training_container/training_ws/install/localization/lib:/home/ubuntu/rj_training_container/training_ws/install/elevation_server/lib:/home/ubuntu/rj_training_container/training_ws/install/coordinate_transform/lib:/home/ubuntu/rj_training_container/training_ws/install/obstacle_detector/lib:/home/ubuntu/rj_training_container/training_ws/install/mapping/lib:/home/ubuntu/rj_training_container/training_ws/install/joystick_package/lib:/home/ubuntu/rj_training_container/training_ws/install/joystick_msgs/lib:/home/ubuntu/rj_training_container/training_ws/install/controllers/lib:/home/ubuntu/rj_training_container/training_ws/install/astar_path_planner/lib:/usr/lib/x86_64-linux-gnu/gazebo-11/plugins:/opt/ros/humble/opt/rviz_ogre_vendor/lib:/opt/ros/humble/lib/x86_64-linux-gnu:/opt/ros/humble/lib /usr/bin/cmake --install /home/ubuntu/rj_training_container/training_ws/build/traini_bringup
[645.597s] Level 1:colcon.colcon_core.environment:checking '/home/ubuntu/rj_training_container/training_ws/install/traini_bringup' for CMake config files
[645.657s] Level 1:colcon.colcon_core.shell:create_environment_hook('traini_bringup', 'cmake_prefix_path')
[645.658s] INFO:colcon.colcon_core.shell:Creating environment hook '/home/ubuntu/rj_training_container/training_ws/install/traini_bringup/share/traini_bringup/hook/cmake_prefix_path.ps1'
[645.672s] INFO:colcon.colcon_core.shell:Creating environment descriptor '/home/ubuntu/rj_training_container/training_ws/install/traini_bringup/share/traini_bringup/hook/cmake_prefix_path.dsv'
[645.686s] INFO:colcon.colcon_core.shell:Creating environment hook '/home/ubuntu/rj_training_container/training_ws/install/traini_bringup/share/traini_bringup/hook/cmake_prefix_path.sh'
[645.704s] Level 1:colcon.colcon_core.environment:checking '/home/ubuntu/rj_training_container/training_ws/install/traini_bringup/bin'
[645.706s] Level 1:colcon.colcon_core.environment:checking '/home/ubuntu/rj_training_container/training_ws/install/traini_bringup/lib/pkgconfig/traini_bringup.pc'
[645.707s] Level 1:colcon.colcon_core.environment:checking '/home/ubuntu/rj_training_container/training_ws/install/traini_bringup/lib/python3.10/site-packages'
[645.709s] Level 1:colcon.colcon_core.environment:checking '/home/ubuntu/rj_training_container/training_ws/install/traini_bringup/bin'
[645.711s] INFO:colcon.colcon_core.shell:Creating package script '/home/ubuntu/rj_training_container/training_ws/install/traini_bringup/share/traini_bringup/package.ps1'
[645.724s] INFO:colcon.colcon_core.shell:Creating package descriptor '/home/ubuntu/rj_training_container/training_ws/install/traini_bringup/share/traini_bringup/package.dsv'
[645.736s] INFO:colcon.colcon_core.shell:Creating package script '/home/ubuntu/rj_training_container/training_ws/install/traini_bringup/share/traini_bringup/package.sh'
[645.750s] INFO:colcon.colcon_core.shell:Creating package script '/home/ubuntu/rj_training_container/training_ws/install/traini_bringup/share/traini_bringup/package.bash'
[645.763s] INFO:colcon.colcon_core.shell:Creating package script '/home/ubuntu/rj_training_container/training_ws/install/traini_bringup/share/traini_bringup/package.zsh'
[645.776s] Level 1:colcon.colcon_core.environment:create_file_with_runtime_dependencies(/home/ubuntu/rj_training_container/training_ws/install/traini_bringup/share/colcon-core/packages/traini_bringup)
[658.030s] Level 1:colcon.colcon_core.environment:create_environment_scripts_only(traini_bringup)
[658.030s] Level 1:colcon.colcon_core.environment:checking '/home/ubuntu/rj_training_container/training_ws/install/traini_bringup' for CMake module files
[658.128s] Level 1:colcon.colcon_core.environment:checking '/home/ubuntu/rj_training_container/training_ws/install/traini_bringup' for CMake config files
[658.204s] Level 1:colcon.colcon_core.shell:create_environment_hook('traini_bringup', 'cmake_prefix_path')
[658.205s] INFO:colcon.colcon_core.shell:Creating environment hook '/home/ubuntu/rj_training_container/training_ws/install/traini_bringup/share/traini_bringup/hook/cmake_prefix_path.ps1'
[658.220s] INFO:colcon.colcon_core.shell:Creating environment descriptor '/home/ubuntu/rj_training_container/training_ws/install/traini_bringup/share/traini_bringup/hook/cmake_prefix_path.dsv'
[658.235s] INFO:colcon.colcon_core.shell:Creating environment hook '/home/ubuntu/rj_training_container/training_ws/install/traini_bringup/share/traini_bringup/hook/cmake_prefix_path.sh'
[658.254s] Level 1:colcon.colcon_core.environment:checking '/home/ubuntu/rj_training_container/training_ws/install/traini_bringup/bin'
[658.255s] Level 1:colcon.colcon_core.environment:checking '/home/ubuntu/rj_training_container/training_ws/install/traini_bringup/lib/pkgconfig/traini_bringup.pc'
[658.257s] Level 1:colcon.colcon_core.environment:checking '/home/ubuntu/rj_training_container/training_ws/install/traini_bringup/lib/python3.10/site-packages'
[658.259s] Level 1:colcon.colcon_core.environment:checking '/home/ubuntu/rj_training_container/training_ws/install/traini_bringup/bin'
[658.261s] INFO:colcon.colcon_core.shell:Creating package script '/home/ubuntu/rj_training_container/training_ws/install/traini_bringup/share/traini_bringup/package.ps1'
[658.276s] INFO:colcon.colcon_core.shell:Creating package descriptor '/home/ubuntu/rj_training_container/training_ws/install/traini_bringup/share/traini_bringup/package.dsv'
[658.290s] INFO:colcon.colcon_core.shell:Creating package script '/home/ubuntu/rj_training_container/training_ws/install/traini_bringup/share/traini_bringup/package.sh'
[658.304s] INFO:colcon.colcon_core.shell:Creating package script '/home/ubuntu/rj_training_container/training_ws/install/traini_bringup/share/traini_bringup/package.bash'
[658.317s] INFO:colcon.colcon_core.shell:Creating package script '/home/ubuntu/rj_training_container/training_ws/install/traini_bringup/share/traini_bringup/package.zsh'
[658.331s] Level 1:colcon.colcon_core.environment:create_file_with_runtime_dependencies(/home/ubuntu/rj_training_container/training_ws/install/traini_bringup/share/colcon-core/packages/traini_bringup)
[658.343s] INFO:colcon.colcon_ros.task.ament_cmake.build:Building ROS package in '/home/ubuntu/rj_training_container/training_ws/src/stsl/stsl_desktop' with build type 'ament_cmake'
[658.344s] INFO:colcon.colcon_cmake.task.cmake.build:Building CMake package in '/home/ubuntu/rj_training_container/training_ws/src/stsl/stsl_desktop'
[658.345s] INFO:colcon.colcon_core.shell:Skip shell extension 'powershell' for command environment: Not usable outside of PowerShell
[658.345s] DEBUG:colcon.colcon_core.shell:Skip shell extension 'dsv' for command environment
[661.824s] DEBUG:colcon.colcon_core.event_handler.log_command:Invoking command in '/home/ubuntu/rj_training_container/training_ws/build/stsl_desktop': CMAKE_PREFIX_PATH=/home/ubuntu/rj_training_container/training_ws/install/traini_bringup:/home/ubuntu/rj_training_container/training_ws/install/traini_gazebo:/home/ubuntu/rj_training_container/training_ws/install/mission_orchestration:/home/ubuntu/rj_training_container/training_ws/install/stsl_rviz_plugins:/home/ubuntu/rj_training_container/training_ws/install/stsl_bt_nodes:/home/ubuntu/rj_training_container/training_ws/install/stsl_aruco_tags:/home/ubuntu/rj_training_container/training_ws/install/mineral_deposit_detection:/home/ubuntu/rj_training_container/training_ws/install/elevation_server:/home/ubuntu/rj_training_container/training_ws/install/traini_description:/home/ubuntu/rj_training_container/training_ws/install/stsl_utils:/home/ubuntu/rj_training_container/training_ws/install/stsl_nav_plugins:/home/ubuntu/rj_training_container/training_ws/install/stsl_interfaces:/home/ubuntu/rj_training_container/training_ws/install/stsl_gazebo_plugins:/home/ubuntu/rj_training_container/training_ws/install/stsl_desktop:/home/ubuntu/rj_training_container/training_ws/install/teleop:/home/ubuntu/rj_training_container/training_ws/install/peak_finder:/home/ubuntu/rj_training_container/training_ws/install/mineral_deposit_tracking:/home/ubuntu/rj_training_container/training_ws/install/localization:/home/ubuntu/rj_training_container/training_ws/install/coordinate_transform:/home/ubuntu/rj_training_container/training_ws/install/rj_training_bringup:/home/ubuntu/rj_training_container/training_ws/install/obstacle_detector:/home/ubuntu/rj_training_container/training_ws/install/mapping:/home/ubuntu/rj_training_container/training_ws/install/joystick_package:/home/ubuntu/rj_training_container/training_ws/install/joystick_msgs:/home/ubuntu/rj_training_container/training_ws/install/controllers:/home/ubuntu/rj_training_container/training_ws/install/astar_path_planner:/home/ubuntu/rj_training_container/training_ws/install/keyboard:/opt/ros/humble LD_LIBRARY_PATH=/home/ubuntu/rj_training_container/training_ws/install/mission_orchestration/lib:/home/ubuntu/rj_training_container/training_ws/install/stsl_rviz_plugins/lib:/home/ubuntu/rj_training_container/training_ws/install/stsl_bt_nodes/lib:/home/ubuntu/rj_training_container/training_ws/install/stsl_aruco_tags/lib:/home/ubuntu/rj_training_container/training_ws/install/mineral_deposit_detection/lib:/home/ubuntu/rj_training_container/training_ws/install/elevation_server/lib:/home/ubuntu/rj_training_container/training_ws/install/stsl_utils/lib:/home/ubuntu/rj_training_container/training_ws/install/stsl_nav_plugins/lib:/home/ubuntu/rj_training_container/training_ws/install/stsl_interfaces/lib:/home/ubuntu/rj_training_container/training_ws/install/stsl_gazebo_plugins/lib:/home/ubuntu/rj_training_container/training_ws/install/teleop/lib:/home/ubuntu/rj_training_container/training_ws/install/peak_finder/lib:/home/ubuntu/rj_training_container/training_ws/install/mineral_deposit_tracking/lib:/home/ubuntu/rj_training_container/training_ws/install/localization/lib:/home/ubuntu/rj_training_container/training_ws/install/coordinate_transform/lib:/home/ubuntu/rj_training_container/training_ws/install/obstacle_detector/lib:/home/ubuntu/rj_training_container/training_ws/install/mapping/lib:/home/ubuntu/rj_training_container/training_ws/install/joystick_package/lib:/home/ubuntu/rj_training_container/training_ws/install/joystick_msgs/lib:/home/ubuntu/rj_training_container/training_ws/install/controllers/lib:/home/ubuntu/rj_training_container/training_ws/install/astar_path_planner/lib:/usr/lib/x86_64-linux-gnu/gazebo-11/plugins:/opt/ros/humble/opt/rviz_ogre_vendor/lib:/opt/ros/humble/lib/x86_64-linux-gnu:/opt/ros/humble/lib /usr/bin/cmake --build /home/ubuntu/rj_training_container/training_ws/build/stsl_desktop -- -j16 -l16
[672.109s] DEBUG:colcon.colcon_core.event_handler.log_command:Invoked command in '/home/ubuntu/rj_training_container/training_ws/build/stsl_desktop' returned '0': CMAKE_PREFIX_PATH=/home/ubuntu/rj_training_container/training_ws/install/traini_bringup:/home/ubuntu/rj_training_container/training_ws/install/traini_gazebo:/home/ubuntu/rj_training_container/training_ws/install/mission_orchestration:/home/ubuntu/rj_training_container/training_ws/install/stsl_rviz_plugins:/home/ubuntu/rj_training_container/training_ws/install/stsl_bt_nodes:/home/ubuntu/rj_training_container/training_ws/install/stsl_aruco_tags:/home/ubuntu/rj_training_container/training_ws/install/mineral_deposit_detection:/home/ubuntu/rj_training_container/training_ws/install/elevation_server:/home/ubuntu/rj_training_container/training_ws/install/traini_description:/home/ubuntu/rj_training_container/training_ws/install/stsl_utils:/home/ubuntu/rj_training_container/training_ws/install/stsl_nav_plugins:/home/ubuntu/rj_training_container/training_ws/install/stsl_interfaces:/home/ubuntu/rj_training_container/training_ws/install/stsl_gazebo_plugins:/home/ubuntu/rj_training_container/training_ws/install/stsl_desktop:/home/ubuntu/rj_training_container/training_ws/install/teleop:/home/ubuntu/rj_training_container/training_ws/install/peak_finder:/home/ubuntu/rj_training_container/training_ws/install/mineral_deposit_tracking:/home/ubuntu/rj_training_container/training_ws/install/localization:/home/ubuntu/rj_training_container/training_ws/install/coordinate_transform:/home/ubuntu/rj_training_container/training_ws/install/rj_training_bringup:/home/ubuntu/rj_training_container/training_ws/install/obstacle_detector:/home/ubuntu/rj_training_container/training_ws/install/mapping:/home/ubuntu/rj_training_container/training_ws/install/joystick_package:/home/ubuntu/rj_training_container/training_ws/install/joystick_msgs:/home/ubuntu/rj_training_container/training_ws/install/controllers:/home/ubuntu/rj_training_container/training_ws/install/astar_path_planner:/home/ubuntu/rj_training_container/training_ws/install/keyboard:/opt/ros/humble LD_LIBRARY_PATH=/home/ubuntu/rj_training_container/training_ws/install/mission_orchestration/lib:/home/ubuntu/rj_training_container/training_ws/install/stsl_rviz_plugins/lib:/home/ubuntu/rj_training_container/training_ws/install/stsl_bt_nodes/lib:/home/ubuntu/rj_training_container/training_ws/install/stsl_aruco_tags/lib:/home/ubuntu/rj_training_container/training_ws/install/mineral_deposit_detection/lib:/home/ubuntu/rj_training_container/training_ws/install/elevation_server/lib:/home/ubuntu/rj_training_container/training_ws/install/stsl_utils/lib:/home/ubuntu/rj_training_container/training_ws/install/stsl_nav_plugins/lib:/home/ubuntu/rj_training_container/training_ws/install/stsl_interfaces/lib:/home/ubuntu/rj_training_container/training_ws/install/stsl_gazebo_plugins/lib:/home/ubuntu/rj_training_container/training_ws/install/teleop/lib:/home/ubuntu/rj_training_container/training_ws/install/peak_finder/lib:/home/ubuntu/rj_training_container/training_ws/install/mineral_deposit_tracking/lib:/home/ubuntu/rj_training_container/training_ws/install/localization/lib:/home/ubuntu/rj_training_container/training_ws/install/coordinate_transform/lib:/home/ubuntu/rj_training_container/training_ws/install/obstacle_detector/lib:/home/ubuntu/rj_training_container/training_ws/install/mapping/lib:/home/ubuntu/rj_training_container/training_ws/install/joystick_package/lib:/home/ubuntu/rj_training_container/training_ws/install/joystick_msgs/lib:/home/ubuntu/rj_training_container/training_ws/install/controllers/lib:/home/ubuntu/rj_training_container/training_ws/install/astar_path_planner/lib:/usr/lib/x86_64-linux-gnu/gazebo-11/plugins:/opt/ros/humble/opt/rviz_ogre_vendor/lib:/opt/ros/humble/lib/x86_64-linux-gnu:/opt/ros/humble/lib /usr/bin/cmake --build /home/ubuntu/rj_training_container/training_ws/build/stsl_desktop -- -j16 -l16
[684.435s] DEBUG:colcon.colcon_core.event_handler.log_command:Invoking command in '/home/ubuntu/rj_training_container/training_ws/build/stsl_desktop': CMAKE_PREFIX_PATH=/home/ubuntu/rj_training_container/training_ws/install/traini_bringup:/home/ubuntu/rj_training_container/training_ws/install/traini_gazebo:/home/ubuntu/rj_training_container/training_ws/install/mission_orchestration:/home/ubuntu/rj_training_container/training_ws/install/stsl_rviz_plugins:/home/ubuntu/rj_training_container/training_ws/install/stsl_bt_nodes:/home/ubuntu/rj_training_container/training_ws/install/stsl_aruco_tags:/home/ubuntu/rj_training_container/training_ws/install/mineral_deposit_detection:/home/ubuntu/rj_training_container/training_ws/install/elevation_server:/home/ubuntu/rj_training_container/training_ws/install/traini_description:/home/ubuntu/rj_training_container/training_ws/install/stsl_utils:/home/ubuntu/rj_training_container/training_ws/install/stsl_nav_plugins:/home/ubuntu/rj_training_container/training_ws/install/stsl_interfaces:/home/ubuntu/rj_training_container/training_ws/install/stsl_gazebo_plugins:/home/ubuntu/rj_training_container/training_ws/install/stsl_desktop:/home/ubuntu/rj_training_container/training_ws/install/teleop:/home/ubuntu/rj_training_container/training_ws/install/peak_finder:/home/ubuntu/rj_training_container/training_ws/install/mineral_deposit_tracking:/home/ubuntu/rj_training_container/training_ws/install/localization:/home/ubuntu/rj_training_container/training_ws/install/coordinate_transform:/home/ubuntu/rj_training_container/training_ws/install/rj_training_bringup:/home/ubuntu/rj_training_container/training_ws/install/obstacle_detector:/home/ubuntu/rj_training_container/training_ws/install/mapping:/home/ubuntu/rj_training_container/training_ws/install/joystick_package:/home/ubuntu/rj_training_container/training_ws/install/joystick_msgs:/home/ubuntu/rj_training_container/training_ws/install/controllers:/home/ubuntu/rj_training_container/training_ws/install/astar_path_planner:/home/ubuntu/rj_training_container/training_ws/install/keyboard:/opt/ros/humble LD_LIBRARY_PATH=/home/ubuntu/rj_training_container/training_ws/install/mission_orchestration/lib:/home/ubuntu/rj_training_container/training_ws/install/stsl_rviz_plugins/lib:/home/ubuntu/rj_training_container/training_ws/install/stsl_bt_nodes/lib:/home/ubuntu/rj_training_container/training_ws/install/stsl_aruco_tags/lib:/home/ubuntu/rj_training_container/training_ws/install/mineral_deposit_detection/lib:/home/ubuntu/rj_training_container/training_ws/install/elevation_server/lib:/home/ubuntu/rj_training_container/training_ws/install/stsl_utils/lib:/home/ubuntu/rj_training_container/training_ws/install/stsl_nav_plugins/lib:/home/ubuntu/rj_training_container/training_ws/install/stsl_interfaces/lib:/home/ubuntu/rj_training_container/training_ws/install/stsl_gazebo_plugins/lib:/home/ubuntu/rj_training_container/training_ws/install/teleop/lib:/home/ubuntu/rj_training_container/training_ws/install/peak_finder/lib:/home/ubuntu/rj_training_container/training_ws/install/mineral_deposit_tracking/lib:/home/ubuntu/rj_training_container/training_ws/install/localization/lib:/home/ubuntu/rj_training_container/training_ws/install/coordinate_transform/lib:/home/ubuntu/rj_training_container/training_ws/install/obstacle_detector/lib:/home/ubuntu/rj_training_container/training_ws/install/mapping/lib:/home/ubuntu/rj_training_container/training_ws/install/joystick_package/lib:/home/ubuntu/rj_training_container/training_ws/install/joystick_msgs/lib:/home/ubuntu/rj_training_container/training_ws/install/controllers/lib:/home/ubuntu/rj_training_container/training_ws/install/astar_path_planner/lib:/usr/lib/x86_64-linux-gnu/gazebo-11/plugins:/opt/ros/humble/opt/rviz_ogre_vendor/lib:/opt/ros/humble/lib/x86_64-linux-gnu:/opt/ros/humble/lib /usr/bin/cmake --install /home/ubuntu/rj_training_container/training_ws/build/stsl_desktop
[687.046s] Level 1:colcon.colcon_core.environment:create_environment_scripts_only(stsl_desktop)
[687.047s] Level 1:colcon.colcon_core.environment:checking '/home/ubuntu/rj_training_container/training_ws/install/stsl_desktop' for CMake module files
[687.047s] DEBUG:colcon.colcon_core.event_handler.log_command:Invoked command in '/home/ubuntu/rj_training_container/training_ws/build/stsl_desktop' returned '0': CMAKE_PREFIX_PATH=/home/ubuntu/rj_training_container/training_ws/install/traini_bringup:/home/ubuntu/rj_training_container/training_ws/install/traini_gazebo:/home/ubuntu/rj_training_container/training_ws/install/mission_orchestration:/home/ubuntu/rj_training_container/training_ws/install/stsl_rviz_plugins:/home/ubuntu/rj_training_container/training_ws/install/stsl_bt_nodes:/home/ubuntu/rj_training_container/training_ws/install/stsl_aruco_tags:/home/ubuntu/rj_training_container/training_ws/install/mineral_deposit_detection:/home/ubuntu/rj_training_container/training_ws/install/elevation_server:/home/ubuntu/rj_training_container/training_ws/install/traini_description:/home/ubuntu/rj_training_container/training_ws/install/stsl_utils:/home/ubuntu/rj_training_container/training_ws/install/stsl_nav_plugins:/home/ubuntu/rj_training_container/training_ws/install/stsl_interfaces:/home/ubuntu/rj_training_container/training_ws/install/stsl_gazebo_plugins:/home/ubuntu/rj_training_container/training_ws/install/stsl_desktop:/home/ubuntu/rj_training_container/training_ws/install/teleop:/home/ubuntu/rj_training_container/training_ws/install/peak_finder:/home/ubuntu/rj_training_container/training_ws/install/mineral_deposit_tracking:/home/ubuntu/rj_training_container/training_ws/install/localization:/home/ubuntu/rj_training_container/training_ws/install/coordinate_transform:/home/ubuntu/rj_training_container/training_ws/install/rj_training_bringup:/home/ubuntu/rj_training_container/training_ws/install/obstacle_detector:/home/ubuntu/rj_training_container/training_ws/install/mapping:/home/ubuntu/rj_training_container/training_ws/install/joystick_package:/home/ubuntu/rj_training_container/training_ws/install/joystick_msgs:/home/ubuntu/rj_training_container/training_ws/install/controllers:/home/ubuntu/rj_training_container/training_ws/install/astar_path_planner:/home/ubuntu/rj_training_container/training_ws/install/keyboard:/opt/ros/humble LD_LIBRARY_PATH=/home/ubuntu/rj_training_container/training_ws/install/mission_orchestration/lib:/home/ubuntu/rj_training_container/training_ws/install/stsl_rviz_plugins/lib:/home/ubuntu/rj_training_container/training_ws/install/stsl_bt_nodes/lib:/home/ubuntu/rj_training_container/training_ws/install/stsl_aruco_tags/lib:/home/ubuntu/rj_training_container/training_ws/install/mineral_deposit_detection/lib:/home/ubuntu/rj_training_container/training_ws/install/elevation_server/lib:/home/ubuntu/rj_training_container/training_ws/install/stsl_utils/lib:/home/ubuntu/rj_training_container/training_ws/install/stsl_nav_plugins/lib:/home/ubuntu/rj_training_container/training_ws/install/stsl_interfaces/lib:/home/ubuntu/rj_training_container/training_ws/install/stsl_gazebo_plugins/lib:/home/ubuntu/rj_training_container/training_ws/install/teleop/lib:/home/ubuntu/rj_training_container/training_ws/install/peak_finder/lib:/home/ubuntu/rj_training_container/training_ws/install/mineral_deposit_tracking/lib:/home/ubuntu/rj_training_container/training_ws/install/localization/lib:/home/ubuntu/rj_training_container/training_ws/install/coordinate_transform/lib:/home/ubuntu/rj_training_container/training_ws/install/obstacle_detector/lib:/home/ubuntu/rj_training_container/training_ws/install/mapping/lib:/home/ubuntu/rj_training_container/training_ws/install/joystick_package/lib:/home/ubuntu/rj_training_container/training_ws/install/joystick_msgs/lib:/home/ubuntu/rj_training_container/training_ws/install/controllers/lib:/home/ubuntu/rj_training_container/training_ws/install/astar_path_planner/lib:/usr/lib/x86_64-linux-gnu/gazebo-11/plugins:/opt/ros/humble/opt/rviz_ogre_vendor/lib:/opt/ros/humble/lib/x86_64-linux-gnu:/opt/ros/humble/lib /usr/bin/cmake --install /home/ubuntu/rj_training_container/training_ws/build/stsl_desktop
[687.126s] Level 1:colcon.colcon_core.environment:checking '/home/ubuntu/rj_training_container/training_ws/install/stsl_desktop' for CMake config files
[687.186s] Level 1:colcon.colcon_core.shell:create_environment_hook('stsl_desktop', 'cmake_prefix_path')
[687.186s] INFO:colcon.colcon_core.shell:Creating environment hook '/home/ubuntu/rj_training_container/training_ws/install/stsl_desktop/share/stsl_desktop/hook/cmake_prefix_path.ps1'
[687.201s] INFO:colcon.colcon_core.shell:Creating environment descriptor '/home/ubuntu/rj_training_container/training_ws/install/stsl_desktop/share/stsl_desktop/hook/cmake_prefix_path.dsv'
[687.216s] INFO:colcon.colcon_core.shell:Creating environment hook '/home/ubuntu/rj_training_container/training_ws/install/stsl_desktop/share/stsl_desktop/hook/cmake_prefix_path.sh'
[687.235s] Level 1:colcon.colcon_core.environment:checking '/home/ubuntu/rj_training_container/training_ws/install/stsl_desktop/bin'
[687.236s] Level 1:colcon.colcon_core.environment:checking '/home/ubuntu/rj_training_container/training_ws/install/stsl_desktop/lib/pkgconfig/stsl_desktop.pc'
[687.238s] Level 1:colcon.colcon_core.environment:checking '/home/ubuntu/rj_training_container/training_ws/install/stsl_desktop/lib/python3.10/site-packages'
[687.239s] Level 1:colcon.colcon_core.environment:checking '/home/ubuntu/rj_training_container/training_ws/install/stsl_desktop/bin'
[687.241s] INFO:colcon.colcon_core.shell:Creating package script '/home/ubuntu/rj_training_container/training_ws/install/stsl_desktop/share/stsl_desktop/package.ps1'
[687.253s] INFO:colcon.colcon_core.shell:Creating package descriptor '/home/ubuntu/rj_training_container/training_ws/install/stsl_desktop/share/stsl_desktop/package.dsv'
[687.266s] INFO:colcon.colcon_core.shell:Creating package script '/home/ubuntu/rj_training_container/training_ws/install/stsl_desktop/share/stsl_desktop/package.sh'
[687.278s] INFO:colcon.colcon_core.shell:Creating package script '/home/ubuntu/rj_training_container/training_ws/install/stsl_desktop/share/stsl_desktop/package.bash'
[687.291s] INFO:colcon.colcon_core.shell:Creating package script '/home/ubuntu/rj_training_container/training_ws/install/stsl_desktop/share/stsl_desktop/package.zsh'
[687.304s] Level 1:colcon.colcon_core.environment:create_file_with_runtime_dependencies(/home/ubuntu/rj_training_container/training_ws/install/stsl_desktop/share/colcon-core/packages/stsl_desktop)
[699.540s] Level 1:colcon.colcon_core.environment:create_environment_scripts_only(stsl_desktop)
[699.541s] Level 1:colcon.colcon_core.environment:checking '/home/ubuntu/rj_training_container/training_ws/install/stsl_desktop' for CMake module files
[699.621s] Level 1:colcon.colcon_core.environment:checking '/home/ubuntu/rj_training_container/training_ws/install/stsl_desktop' for CMake config files
[699.683s] Level 1:colcon.colcon_core.shell:create_environment_hook('stsl_desktop', 'cmake_prefix_path')
[699.684s] INFO:colcon.colcon_core.shell:Creating environment hook '/home/ubuntu/rj_training_container/training_ws/install/stsl_desktop/share/stsl_desktop/hook/cmake_prefix_path.ps1'
[699.699s] INFO:colcon.colcon_core.shell:Creating environment descriptor '/home/ubuntu/rj_training_container/training_ws/install/stsl_desktop/share/stsl_desktop/hook/cmake_prefix_path.dsv'
[699.714s] INFO:colcon.colcon_core.shell:Creating environment hook '/home/ubuntu/rj_training_container/training_ws/install/stsl_desktop/share/stsl_desktop/hook/cmake_prefix_path.sh'
[699.732s] Level 1:colcon.colcon_core.environment:checking '/home/ubuntu/rj_training_container/training_ws/install/stsl_desktop/bin'
[699.734s] Level 1:colcon.colcon_core.environment:checking '/home/ubuntu/rj_training_container/training_ws/install/stsl_desktop/lib/pkgconfig/stsl_desktop.pc'
[699.735s] Level 1:colcon.colcon_core.environment:checking '/home/ubuntu/rj_training_container/training_ws/install/stsl_desktop/lib/python3.10/site-packages'
[699.737s] Level 1:colcon.colcon_core.environment:checking '/home/ubuntu/rj_training_container/training_ws/install/stsl_desktop/bin'
[699.738s] INFO:colcon.colcon_core.shell:Creating package script '/home/ubuntu/rj_training_container/training_ws/install/stsl_desktop/share/stsl_desktop/package.ps1'
[699.751s] INFO:colcon.colcon_core.shell:Creating package descriptor '/home/ubuntu/rj_training_container/training_ws/install/stsl_desktop/share/stsl_desktop/package.dsv'
[699.763s] INFO:colcon.colcon_core.shell:Creating package script '/home/ubuntu/rj_training_container/training_ws/install/stsl_desktop/share/stsl_desktop/package.sh'
[699.776s] INFO:colcon.colcon_core.shell:Creating package script '/home/ubuntu/rj_training_container/training_ws/install/stsl_desktop/share/stsl_desktop/package.bash'
[699.790s] INFO:colcon.colcon_core.shell:Creating package script '/home/ubuntu/rj_training_container/training_ws/install/stsl_desktop/share/stsl_desktop/package.zsh'
[699.802s] Level 1:colcon.colcon_core.environment:create_file_with_runtime_dependencies(/home/ubuntu/rj_training_container/training_ws/install/stsl_desktop/share/colcon-core/packages/stsl_desktop)
[699.812s] DEBUG:colcon.colcon_parallel_executor.executor.parallel:closing loop
[699.813s] DEBUG:colcon.colcon_parallel_executor.executor.parallel:loop closed
[699.814s] DEBUG:colcon.colcon_parallel_executor.executor.parallel:run_until_complete finished with '0'
[699.815s] DEBUG:colcon.colcon_core.event_reactor:joining thread
[700.135s] INFO:colcon.colcon_core.plugin_system:Skipping extension 'colcon_notification.desktop_notification.terminal_notifier': Not used on non-Darwin systems
[700.135s] INFO:colcon.colcon_core.plugin_system:Skipping extension 'colcon_notification.desktop_notification.win32': Not used on non-Windows systems
[700.136s] INFO:colcon.colcon_notification.desktop_notification:Sending desktop notification using 'notify2'
[700.372s] DEBUG:colcon.colcon_core.event_reactor:joined thread
[700.374s] INFO:colcon.colcon_core.shell:Creating prefix script '/home/ubuntu/rj_training_container/training_ws/install/local_setup.ps1'
[700.382s] INFO:colcon.colcon_core.shell:Creating prefix util module '/home/ubuntu/rj_training_container/training_ws/install/_local_setup_util_ps1.py'
[700.390s] INFO:colcon.colcon_core.shell:Creating prefix chain script '/home/ubuntu/rj_training_container/training_ws/install/setup.ps1'
[700.638s] INFO:colcon.colcon_core.shell:Creating prefix script '/home/ubuntu/rj_training_container/training_ws/install/local_setup.sh'
[700.645s] INFO:colcon.colcon_core.shell:Creating prefix util module '/home/ubuntu/rj_training_container/training_ws/install/_local_setup_util_sh.py'
[700.650s] INFO:colcon.colcon_core.shell:Creating prefix chain script '/home/ubuntu/rj_training_container/training_ws/install/setup.sh'
[700.900s] INFO:colcon.colcon_core.shell:Creating prefix script '/home/ubuntu/rj_training_container/training_ws/install/local_setup.bash'
[700.906s] INFO:colcon.colcon_core.shell:Creating prefix chain script '/home/ubuntu/rj_training_container/training_ws/install/setup.bash'
[701.178s] INFO:colcon.colcon_core.shell:Creating prefix script '/home/ubuntu/rj_training_container/training_ws/install/local_setup.zsh'
[701.187s] INFO:colcon.colcon_core.shell:Creating prefix chain script '/home/ubuntu/rj_training_container/training_ws/install/setup.zsh'
