[1.458s] DEBUG:colcon:Command line arguments: ['/usr/bin/colcon', 'build']
[1.458s] DEBUG:colcon:Parsed command line arguments: Namespace(log_base=None, log_level=None, verb_name='build', build_base='build', install_base='install', merge_install=False, symlink_install=False, test_result_base=None, continue_on_error=False, executor='parallel', parallel_workers=16, event_handlers=None, ignore_user_meta=False, metas=['./colcon.meta'], base_paths=['.'], packages_ignore=None, packages_ignore_regex=None, paths=None, packages_up_to=None, packages_up_to_regex=None, packages_above=None, packages_above_and_dependencies=None, packages_above_depth=None, packages_select_by_dep=None, packages_skip_by_dep=None, packages_skip_up_to=None, packages_select_build_failed=False, packages_skip_build_finished=False, packages_select_test_failures=False, packages_skip_test_passed=False, packages_select=None, packages_skip=None, packages_select_regex=None, packages_skip_regex=None, packages_start=None, packages_end=None, allow_overriding=[], cmake_args=None, cmake_target=None, cmake_target_skip_unavailable=False, cmake_clean_cache=False, cmake_clean_first=False, cmake_force_configure=False, ament_cmake_args=None, catkin_cmake_args=None, catkin_skip_building_tests=False, verb_parser=<colcon_defaults.argument_parser.defaults.DefaultArgumentsDecorator object at 0x7f8b2f3e7c40>, verb_extension=<colcon_core.verb.build.BuildVerb object at 0x7f8b2f5b9000>, main=<bound method BuildVerb.main of <colcon_core.verb.build.BuildVerb object at 0x7f8b2f5b9000>>)
[2.434s] Level 1:colcon.colcon_core.package_discovery:discover_packages(colcon_meta) check parameters
[2.435s] Level 1:colcon.colcon_core.package_discovery:discover_packages(recursive) check parameters
[2.436s] Level 1:colcon.colcon_core.package_discovery:discover_packages(ignore) check parameters
[2.436s] Level 1:colcon.colcon_core.package_discovery:discover_packages(path) check parameters
[2.436s] Level 1:colcon.colcon_core.package_discovery:discover_packages(colcon_meta) discover
[2.436s] Level 1:colcon.colcon_core.package_discovery:discover_packages(recursive) discover
[2.437s] INFO:colcon.colcon_core.package_discovery:Crawling recursively for packages in '/home/ubuntu/rj_training_container/training_ws'
[2.438s] Level 1:colcon.colcon_core.package_identification:_identify(.) by extensions ['ignore', 'ignore_ament_install']
[2.439s] Level 1:colcon.colcon_core.package_identification:_identify(.) by extension 'ignore'
[2.439s] Level 1:colcon.colcon_core.package_identification:_identify(.) by extension 'ignore_ament_install'
[2.440s] Level 1:colcon.colcon_core.package_identification:_identify(.) by extensions ['colcon_pkg']
[2.440s] Level 1:colcon.colcon_core.package_identification:_identify(.) by extension 'colcon_pkg'
[2.441s] Level 1:colcon.colcon_core.package_identification:_identify(.) by extensions ['colcon_meta']
[2.441s] Level 1:colcon.colcon_core.package_identification:_identify(.) by extension 'colcon_meta'
[2.441s] Level 1:colcon.colcon_core.package_identification:_identify(.) by extensions ['ros']
[2.442s] Level 1:colcon.colcon_core.package_identification:_identify(.) by extension 'ros'
[2.477s] Level 1:colcon.colcon_core.package_identification:_identify(.) by extensions ['cmake', 'python']
[2.478s] Level 1:colcon.colcon_core.package_identification:_identify(.) by extension 'cmake'
[2.479s] Level 1:colcon.colcon_core.package_identification:_identify(.) by extension 'python'
[2.479s] Level 1:colcon.colcon_core.package_identification:_identify(.) by extensions ['python_setup_py']
[2.480s] Level 1:colcon.colcon_core.package_identification:_identify(.) by extension 'python_setup_py'
[2.483s] Level 1:colcon.colcon_core.package_identification:_identify(build) by extensions ['ignore', 'ignore_ament_install']
[2.484s] Level 1:colcon.colcon_core.package_identification:_identify(build) by extension 'ignore'
[2.486s] Level 1:colcon.colcon_core.package_identification:_identify(build) ignored
[2.489s] Level 1:colcon.colcon_core.package_identification:_identify(install) by extensions ['ignore', 'ignore_ament_install']
[2.489s] Level 1:colcon.colcon_core.package_identification:_identify(install) by extension 'ignore'
[2.491s] Level 1:colcon.colcon_core.package_identification:_identify(install) ignored
[2.497s] Level 1:colcon.colcon_core.package_identification:_identify(log) by extensions ['ignore', 'ignore_ament_install']
[2.497s] Level 1:colcon.colcon_core.package_identification:_identify(log) by extension 'ignore'
[2.498s] Level 1:colcon.colcon_core.package_identification:_identify(log) ignored
[2.501s] Level 1:colcon.colcon_core.package_identification:_identify(src) by extensions ['ignore', 'ignore_ament_install']
[2.502s] Level 1:colcon.colcon_core.package_identification:_identify(src) by extension 'ignore'
[2.503s] Level 1:colcon.colcon_core.package_identification:_identify(src) by extension 'ignore_ament_install'
[2.505s] Level 1:colcon.colcon_core.package_identification:_identify(src) by extensions ['colcon_pkg']
[2.505s] Level 1:colcon.colcon_core.package_identification:_identify(src) by extension 'colcon_pkg'
[2.506s] Level 1:colcon.colcon_core.package_identification:_identify(src) by extensions ['colcon_meta']
[2.506s] Level 1:colcon.colcon_core.package_identification:_identify(src) by extension 'colcon_meta'
[2.507s] Level 1:colcon.colcon_core.package_identification:_identify(src) by extensions ['ros']
[2.507s] Level 1:colcon.colcon_core.package_identification:_identify(src) by extension 'ros'
[2.512s] Level 1:colcon.colcon_core.package_identification:_identify(src) by extensions ['cmake', 'python']
[2.512s] Level 1:colcon.colcon_core.package_identification:_identify(src) by extension 'cmake'
[2.513s] Level 1:colcon.colcon_core.package_identification:_identify(src) by extension 'python'
[2.514s] Level 1:colcon.colcon_core.package_identification:_identify(src) by extensions ['python_setup_py']
[2.514s] Level 1:colcon.colcon_core.package_identification:_identify(src) by extension 'python_setup_py'
[2.520s] Level 1:colcon.colcon_core.package_identification:_identify(src/software-training-old) by extensions ['ignore', 'ignore_ament_install']
[2.520s] Level 1:colcon.colcon_core.package_identification:_identify(src/software-training-old) by extension 'ignore'
[2.522s] Level 1:colcon.colcon_core.package_identification:_identify(src/software-training-old) by extension 'ignore_ament_install'
[2.525s] Level 1:colcon.colcon_core.package_identification:_identify(src/software-training-old) by extensions ['colcon_pkg']
[2.525s] Level 1:colcon.colcon_core.package_identification:_identify(src/software-training-old) by extension 'colcon_pkg'
[2.526s] Level 1:colcon.colcon_core.package_identification:_identify(src/software-training-old) by extensions ['colcon_meta']
[2.527s] Level 1:colcon.colcon_core.package_identification:_identify(src/software-training-old) by extension 'colcon_meta'
[2.529s] Level 1:colcon.colcon_core.package_identification:_identify(src/software-training-old) by extensions ['ros']
[2.529s] Level 1:colcon.colcon_core.package_identification:_identify(src/software-training-old) by extension 'ros'
[2.536s] Level 1:colcon.colcon_core.package_identification:_identify(src/software-training-old) by extensions ['cmake', 'python']
[2.536s] Level 1:colcon.colcon_core.package_identification:_identify(src/software-training-old) by extension 'cmake'
[2.538s] Level 1:colcon.colcon_core.package_identification:_identify(src/software-training-old) by extension 'python'
[2.540s] Level 1:colcon.colcon_core.package_identification:_identify(src/software-training-old) by extensions ['python_setup_py']
[2.540s] Level 1:colcon.colcon_core.package_identification:_identify(src/software-training-old) by extension 'python_setup_py'
[2.548s] Level 1:colcon.colcon_core.package_identification:_identify(src/software-training-old/astar_path_planner) by extensions ['ignore', 'ignore_ament_install']
[2.549s] Level 1:colcon.colcon_core.package_identification:_identify(src/software-training-old/astar_path_planner) by extension 'ignore'
[2.551s] Level 1:colcon.colcon_core.package_identification:_identify(src/software-training-old/astar_path_planner) by extension 'ignore_ament_install'
[2.555s] Level 1:colcon.colcon_core.package_identification:_identify(src/software-training-old/astar_path_planner) by extensions ['colcon_pkg']
[2.555s] Level 1:colcon.colcon_core.package_identification:_identify(src/software-training-old/astar_path_planner) by extension 'colcon_pkg'
[2.557s] Level 1:colcon.colcon_core.package_identification:_identify(src/software-training-old/astar_path_planner) by extensions ['colcon_meta']
[2.558s] Level 1:colcon.colcon_core.package_identification:_identify(src/software-training-old/astar_path_planner) by extension 'colcon_meta'
[2.562s] Level 1:colcon.colcon_core.package_identification:_identify(src/software-training-old/astar_path_planner) by extensions ['ros']
[2.562s] Level 1:colcon.colcon_core.package_identification:_identify(src/software-training-old/astar_path_planner) by extension 'ros'
[2.602s] DEBUG:colcon.colcon_core.package_identification:Package 'src/software-training-old/astar_path_planner' with type 'ros.ament_cmake' and name 'astar_path_planner'
[2.610s] Level 1:colcon.colcon_core.package_identification:_identify(src/software-training-old/build) by extensions ['ignore', 'ignore_ament_install']
[2.610s] Level 1:colcon.colcon_core.package_identification:_identify(src/software-training-old/build) by extension 'ignore'
[2.613s] Level 1:colcon.colcon_core.package_identification:_identify(src/software-training-old/build) ignored
[2.620s] Level 1:colcon.colcon_core.package_identification:_identify(src/software-training-old/controllers) by extensions ['ignore', 'ignore_ament_install']
[2.620s] Level 1:colcon.colcon_core.package_identification:_identify(src/software-training-old/controllers) by extension 'ignore'
[2.623s] Level 1:colcon.colcon_core.package_identification:_identify(src/software-training-old/controllers) by extension 'ignore_ament_install'
[2.627s] Level 1:colcon.colcon_core.package_identification:_identify(src/software-training-old/controllers) by extensions ['colcon_pkg']
[2.627s] Level 1:colcon.colcon_core.package_identification:_identify(src/software-training-old/controllers) by extension 'colcon_pkg'
[2.629s] Level 1:colcon.colcon_core.package_identification:_identify(src/software-training-old/controllers) by extensions ['colcon_meta']
[2.629s] Level 1:colcon.colcon_core.package_identification:_identify(src/software-training-old/controllers) by extension 'colcon_meta'
[2.633s] Level 1:colcon.colcon_core.package_identification:_identify(src/software-training-old/controllers) by extensions ['ros']
[2.634s] Level 1:colcon.colcon_core.package_identification:_identify(src/software-training-old/controllers) by extension 'ros'
[2.667s] DEBUG:colcon.colcon_core.package_identification:Package 'src/software-training-old/controllers' with type 'ros.ament_cmake' and name 'controllers'
[2.675s] Level 1:colcon.colcon_core.package_identification:_identify(src/software-training-old/coordinate_transform) by extensions ['ignore', 'ignore_ament_install']
[2.675s] Level 1:colcon.colcon_core.package_identification:_identify(src/software-training-old/coordinate_transform) by extension 'ignore'
[2.678s] Level 1:colcon.colcon_core.package_identification:_identify(src/software-training-old/coordinate_transform) by extension 'ignore_ament_install'
[2.681s] Level 1:colcon.colcon_core.package_identification:_identify(src/software-training-old/coordinate_transform) by extensions ['colcon_pkg']
[2.682s] Level 1:colcon.colcon_core.package_identification:_identify(src/software-training-old/coordinate_transform) by extension 'colcon_pkg'
[2.684s] Level 1:colcon.colcon_core.package_identification:_identify(src/software-training-old/coordinate_transform) by extensions ['colcon_meta']
[2.684s] Level 1:colcon.colcon_core.package_identification:_identify(src/software-training-old/coordinate_transform) by extension 'colcon_meta'
[2.688s] Level 1:colcon.colcon_core.package_identification:_identify(src/software-training-old/coordinate_transform) by extensions ['ros']
[2.689s] Level 1:colcon.colcon_core.package_identification:_identify(src/software-training-old/coordinate_transform) by extension 'ros'
[2.721s] DEBUG:colcon.colcon_core.package_identification:Package 'src/software-training-old/coordinate_transform' with type 'ros.ament_cmake' and name 'coordinate_transform'
[2.729s] Level 1:colcon.colcon_core.package_identification:_identify(src/software-training-old/install) by extensions ['ignore', 'ignore_ament_install']
[2.729s] Level 1:colcon.colcon_core.package_identification:_identify(src/software-training-old/install) by extension 'ignore'
[2.732s] Level 1:colcon.colcon_core.package_identification:_identify(src/software-training-old/install) ignored
[2.739s] Level 1:colcon.colcon_core.package_identification:_identify(src/software-training-old/localization) by extensions ['ignore', 'ignore_ament_install']
[2.739s] Level 1:colcon.colcon_core.package_identification:_identify(src/software-training-old/localization) by extension 'ignore'
[2.741s] Level 1:colcon.colcon_core.package_identification:_identify(src/software-training-old/localization) by extension 'ignore_ament_install'
[2.746s] Level 1:colcon.colcon_core.package_identification:_identify(src/software-training-old/localization) by extensions ['colcon_pkg']
[2.746s] Level 1:colcon.colcon_core.package_identification:_identify(src/software-training-old/localization) by extension 'colcon_pkg'
[2.748s] Level 1:colcon.colcon_core.package_identification:_identify(src/software-training-old/localization) by extensions ['colcon_meta']
[2.748s] Level 1:colcon.colcon_core.package_identification:_identify(src/software-training-old/localization) by extension 'colcon_meta'
[2.752s] Level 1:colcon.colcon_core.package_identification:_identify(src/software-training-old/localization) by extensions ['ros']
[2.753s] Level 1:colcon.colcon_core.package_identification:_identify(src/software-training-old/localization) by extension 'ros'
[2.790s] DEBUG:colcon.colcon_core.package_identification:Package 'src/software-training-old/localization' with type 'ros.ament_cmake' and name 'localization'
[2.803s] Level 1:colcon.colcon_core.package_identification:_identify(src/software-training-old/log) by extensions ['ignore', 'ignore_ament_install']
[2.803s] Level 1:colcon.colcon_core.package_identification:_identify(src/software-training-old/log) by extension 'ignore'
[2.806s] Level 1:colcon.colcon_core.package_identification:_identify(src/software-training-old/log) ignored
[2.813s] Level 1:colcon.colcon_core.package_identification:_identify(src/software-training-old/mapping) by extensions ['ignore', 'ignore_ament_install']
[2.813s] Level 1:colcon.colcon_core.package_identification:_identify(src/software-training-old/mapping) by extension 'ignore'
[2.816s] Level 1:colcon.colcon_core.package_identification:_identify(src/software-training-old/mapping) by extension 'ignore_ament_install'
[2.820s] Level 1:colcon.colcon_core.package_identification:_identify(src/software-training-old/mapping) by extensions ['colcon_pkg']
[2.820s] Level 1:colcon.colcon_core.package_identification:_identify(src/software-training-old/mapping) by extension 'colcon_pkg'
[2.822s] Level 1:colcon.colcon_core.package_identification:_identify(src/software-training-old/mapping) by extensions ['colcon_meta']
[2.822s] Level 1:colcon.colcon_core.package_identification:_identify(src/software-training-old/mapping) by extension 'colcon_meta'
[2.826s] Level 1:colcon.colcon_core.package_identification:_identify(src/software-training-old/mapping) by extensions ['ros']
[2.827s] Level 1:colcon.colcon_core.package_identification:_identify(src/software-training-old/mapping) by extension 'ros'
[2.860s] DEBUG:colcon.colcon_core.package_identification:Package 'src/software-training-old/mapping' with type 'ros.ament_cmake' and name 'mapping'
[2.867s] Level 1:colcon.colcon_core.package_identification:_identify(src/software-training-old/mineral_deposit_tracking) by extensions ['ignore', 'ignore_ament_install']
[2.868s] Level 1:colcon.colcon_core.package_identification:_identify(src/software-training-old/mineral_deposit_tracking) by extension 'ignore'
[2.870s] Level 1:colcon.colcon_core.package_identification:_identify(src/software-training-old/mineral_deposit_tracking) by extension 'ignore_ament_install'
[2.874s] Level 1:colcon.colcon_core.package_identification:_identify(src/software-training-old/mineral_deposit_tracking) by extensions ['colcon_pkg']
[2.874s] Level 1:colcon.colcon_core.package_identification:_identify(src/software-training-old/mineral_deposit_tracking) by extension 'colcon_pkg'
[2.876s] Level 1:colcon.colcon_core.package_identification:_identify(src/software-training-old/mineral_deposit_tracking) by extensions ['colcon_meta']
[2.877s] Level 1:colcon.colcon_core.package_identification:_identify(src/software-training-old/mineral_deposit_tracking) by extension 'colcon_meta'
[2.881s] Level 1:colcon.colcon_core.package_identification:_identify(src/software-training-old/mineral_deposit_tracking) by extensions ['ros']
[2.881s] Level 1:colcon.colcon_core.package_identification:_identify(src/software-training-old/mineral_deposit_tracking) by extension 'ros'
[2.915s] DEBUG:colcon.colcon_core.package_identification:Package 'src/software-training-old/mineral_deposit_tracking' with type 'ros.ament_cmake' and name 'mineral_deposit_tracking'
[2.923s] Level 1:colcon.colcon_core.package_identification:_identify(src/software-training-old/obstacle_detector) by extensions ['ignore', 'ignore_ament_install']
[2.924s] Level 1:colcon.colcon_core.package_identification:_identify(src/software-training-old/obstacle_detector) by extension 'ignore'
[2.926s] Level 1:colcon.colcon_core.package_identification:_identify(src/software-training-old/obstacle_detector) by extension 'ignore_ament_install'
[2.930s] Level 1:colcon.colcon_core.package_identification:_identify(src/software-training-old/obstacle_detector) by extensions ['colcon_pkg']
[2.930s] Level 1:colcon.colcon_core.package_identification:_identify(src/software-training-old/obstacle_detector) by extension 'colcon_pkg'
[2.933s] Level 1:colcon.colcon_core.package_identification:_identify(src/software-training-old/obstacle_detector) by extensions ['colcon_meta']
[2.933s] Level 1:colcon.colcon_core.package_identification:_identify(src/software-training-old/obstacle_detector) by extension 'colcon_meta'
[2.937s] Level 1:colcon.colcon_core.package_identification:_identify(src/software-training-old/obstacle_detector) by extensions ['ros']
[2.937s] Level 1:colcon.colcon_core.package_identification:_identify(src/software-training-old/obstacle_detector) by extension 'ros'
[2.970s] DEBUG:colcon.colcon_core.package_identification:Package 'src/software-training-old/obstacle_detector' with type 'ros.ament_cmake' and name 'obstacle_detector'
[2.978s] Level 1:colcon.colcon_core.package_identification:_identify(src/software-training-old/peak_finder) by extensions ['ignore', 'ignore_ament_install']
[2.979s] Level 1:colcon.colcon_core.package_identification:_identify(src/software-training-old/peak_finder) by extension 'ignore'
[2.981s] Level 1:colcon.colcon_core.package_identification:_identify(src/software-training-old/peak_finder) by extension 'ignore_ament_install'
[2.985s] Level 1:colcon.colcon_core.package_identification:_identify(src/software-training-old/peak_finder) by extensions ['colcon_pkg']
[2.985s] Level 1:colcon.colcon_core.package_identification:_identify(src/software-training-old/peak_finder) by extension 'colcon_pkg'
[2.987s] Level 1:colcon.colcon_core.package_identification:_identify(src/software-training-old/peak_finder) by extensions ['colcon_meta']
[2.988s] Level 1:colcon.colcon_core.package_identification:_identify(src/software-training-old/peak_finder) by extension 'colcon_meta'
[2.992s] Level 1:colcon.colcon_core.package_identification:_identify(src/software-training-old/peak_finder) by extensions ['ros']
[2.992s] Level 1:colcon.colcon_core.package_identification:_identify(src/software-training-old/peak_finder) by extension 'ros'
[3.025s] DEBUG:colcon.colcon_core.package_identification:Package 'src/software-training-old/peak_finder' with type 'ros.ament_cmake' and name 'peak_finder'
[3.034s] Level 1:colcon.colcon_core.package_identification:_identify(src/software-training-old/projects) by extensions ['ignore', 'ignore_ament_install']
[3.034s] Level 1:colcon.colcon_core.package_identification:_identify(src/software-training-old/projects) by extension 'ignore'
[3.036s] Level 1:colcon.colcon_core.package_identification:_identify(src/software-training-old/projects) by extension 'ignore_ament_install'
[3.040s] Level 1:colcon.colcon_core.package_identification:_identify(src/software-training-old/projects) by extensions ['colcon_pkg']
[3.040s] Level 1:colcon.colcon_core.package_identification:_identify(src/software-training-old/projects) by extension 'colcon_pkg'
[3.043s] Level 1:colcon.colcon_core.package_identification:_identify(src/software-training-old/projects) by extensions ['colcon_meta']
[3.043s] Level 1:colcon.colcon_core.package_identification:_identify(src/software-training-old/projects) by extension 'colcon_meta'
[3.048s] Level 1:colcon.colcon_core.package_identification:_identify(src/software-training-old/projects) by extensions ['ros']
[3.048s] Level 1:colcon.colcon_core.package_identification:_identify(src/software-training-old/projects) by extension 'ros'
[3.058s] Level 1:colcon.colcon_core.package_identification:_identify(src/software-training-old/projects) by extensions ['cmake', 'python']
[3.058s] Level 1:colcon.colcon_core.package_identification:_identify(src/software-training-old/projects) by extension 'cmake'
[3.061s] Level 1:colcon.colcon_core.package_identification:_identify(src/software-training-old/projects) by extension 'python'
[3.063s] Level 1:colcon.colcon_core.package_identification:_identify(src/software-training-old/projects) by extensions ['python_setup_py']
[3.063s] Level 1:colcon.colcon_core.package_identification:_identify(src/software-training-old/projects) by extension 'python_setup_py'
[3.075s] Level 1:colcon.colcon_core.package_identification:_identify(src/software-training-old/projects/week_1) by extensions ['ignore', 'ignore_ament_install']
[3.075s] Level 1:colcon.colcon_core.package_identification:_identify(src/software-training-old/projects/week_1) by extension 'ignore'
[3.078s] Level 1:colcon.colcon_core.package_identification:_identify(src/software-training-old/projects/week_1) by extension 'ignore_ament_install'
[3.083s] Level 1:colcon.colcon_core.package_identification:_identify(src/software-training-old/projects/week_1) by extensions ['colcon_pkg']
[3.083s] Level 1:colcon.colcon_core.package_identification:_identify(src/software-training-old/projects/week_1) by extension 'colcon_pkg'
[3.086s] Level 1:colcon.colcon_core.package_identification:_identify(src/software-training-old/projects/week_1) by extensions ['colcon_meta']
[3.086s] Level 1:colcon.colcon_core.package_identification:_identify(src/software-training-old/projects/week_1) by extension 'colcon_meta'
[3.093s] Level 1:colcon.colcon_core.package_identification:_identify(src/software-training-old/projects/week_1) by extensions ['ros']
[3.093s] Level 1:colcon.colcon_core.package_identification:_identify(src/software-training-old/projects/week_1) by extension 'ros'
[3.105s] Level 1:colcon.colcon_core.package_identification:_identify(src/software-training-old/projects/week_1) by extensions ['cmake', 'python']
[3.106s] Level 1:colcon.colcon_core.package_identification:_identify(src/software-training-old/projects/week_1) by extension 'cmake'
[3.108s] Level 1:colcon.colcon_core.package_identification:_identify(src/software-training-old/projects/week_1) by extension 'python'
[3.111s] Level 1:colcon.colcon_core.package_identification:_identify(src/software-training-old/projects/week_1) by extensions ['python_setup_py']
[3.111s] Level 1:colcon.colcon_core.package_identification:_identify(src/software-training-old/projects/week_1) by extension 'python_setup_py'
[3.124s] Level 1:colcon.colcon_core.package_identification:_identify(src/software-training-old/projects/week_2) by extensions ['ignore', 'ignore_ament_install']
[3.124s] Level 1:colcon.colcon_core.package_identification:_identify(src/software-training-old/projects/week_2) by extension 'ignore'
[3.127s] Level 1:colcon.colcon_core.package_identification:_identify(src/software-training-old/projects/week_2) by extension 'ignore_ament_install'
[3.132s] Level 1:colcon.colcon_core.package_identification:_identify(src/software-training-old/projects/week_2) by extensions ['colcon_pkg']
[3.132s] Level 1:colcon.colcon_core.package_identification:_identify(src/software-training-old/projects/week_2) by extension 'colcon_pkg'
[3.135s] Level 1:colcon.colcon_core.package_identification:_identify(src/software-training-old/projects/week_2) by extensions ['colcon_meta']
[3.135s] Level 1:colcon.colcon_core.package_identification:_identify(src/software-training-old/projects/week_2) by extension 'colcon_meta'
[3.141s] Level 1:colcon.colcon_core.package_identification:_identify(src/software-training-old/projects/week_2) by extensions ['ros']
[3.142s] Level 1:colcon.colcon_core.package_identification:_identify(src/software-training-old/projects/week_2) by extension 'ros'
[3.154s] Level 1:colcon.colcon_core.package_identification:_identify(src/software-training-old/projects/week_2) by extensions ['cmake', 'python']
[3.154s] Level 1:colcon.colcon_core.package_identification:_identify(src/software-training-old/projects/week_2) by extension 'cmake'
[3.157s] Level 1:colcon.colcon_core.package_identification:_identify(src/software-training-old/projects/week_2) by extension 'python'
[3.159s] Level 1:colcon.colcon_core.package_identification:_identify(src/software-training-old/projects/week_2) by extensions ['python_setup_py']
[3.160s] Level 1:colcon.colcon_core.package_identification:_identify(src/software-training-old/projects/week_2) by extension 'python_setup_py'
[3.173s] Level 1:colcon.colcon_core.package_identification:_identify(src/software-training-old/projects/week_3) by extensions ['ignore', 'ignore_ament_install']
[3.173s] Level 1:colcon.colcon_core.package_identification:_identify(src/software-training-old/projects/week_3) by extension 'ignore'
[3.176s] Level 1:colcon.colcon_core.package_identification:_identify(src/software-training-old/projects/week_3) by extension 'ignore_ament_install'
[3.181s] Level 1:colcon.colcon_core.package_identification:_identify(src/software-training-old/projects/week_3) by extensions ['colcon_pkg']
[3.182s] Level 1:colcon.colcon_core.package_identification:_identify(src/software-training-old/projects/week_3) by extension 'colcon_pkg'
[3.184s] Level 1:colcon.colcon_core.package_identification:_identify(src/software-training-old/projects/week_3) by extensions ['colcon_meta']
[3.185s] Level 1:colcon.colcon_core.package_identification:_identify(src/software-training-old/projects/week_3) by extension 'colcon_meta'
[3.191s] Level 1:colcon.colcon_core.package_identification:_identify(src/software-training-old/projects/week_3) by extensions ['ros']
[3.192s] Level 1:colcon.colcon_core.package_identification:_identify(src/software-training-old/projects/week_3) by extension 'ros'
[3.204s] Level 1:colcon.colcon_core.package_identification:_identify(src/software-training-old/projects/week_3) by extensions ['cmake', 'python']
[3.204s] Level 1:colcon.colcon_core.package_identification:_identify(src/software-training-old/projects/week_3) by extension 'cmake'
[3.207s] Level 1:colcon.colcon_core.package_identification:_identify(src/software-training-old/projects/week_3) by extension 'python'
[3.210s] Level 1:colcon.colcon_core.package_identification:_identify(src/software-training-old/projects/week_3) by extensions ['python_setup_py']
[3.210s] Level 1:colcon.colcon_core.package_identification:_identify(src/software-training-old/projects/week_3) by extension 'python_setup_py'
[3.223s] Level 1:colcon.colcon_core.package_identification:_identify(src/software-training-old/projects/week_4) by extensions ['ignore', 'ignore_ament_install']
[3.223s] Level 1:colcon.colcon_core.package_identification:_identify(src/software-training-old/projects/week_4) by extension 'ignore'
[3.226s] Level 1:colcon.colcon_core.package_identification:_identify(src/software-training-old/projects/week_4) by extension 'ignore_ament_install'
[3.231s] Level 1:colcon.colcon_core.package_identification:_identify(src/software-training-old/projects/week_4) by extensions ['colcon_pkg']
[3.231s] Level 1:colcon.colcon_core.package_identification:_identify(src/software-training-old/projects/week_4) by extension 'colcon_pkg'
[3.234s] Level 1:colcon.colcon_core.package_identification:_identify(src/software-training-old/projects/week_4) by extensions ['colcon_meta']
[3.234s] Level 1:colcon.colcon_core.package_identification:_identify(src/software-training-old/projects/week_4) by extension 'colcon_meta'
[3.241s] Level 1:colcon.colcon_core.package_identification:_identify(src/software-training-old/projects/week_4) by extensions ['ros']
[3.241s] Level 1:colcon.colcon_core.package_identification:_identify(src/software-training-old/projects/week_4) by extension 'ros'
[3.254s] Level 1:colcon.colcon_core.package_identification:_identify(src/software-training-old/projects/week_4) by extensions ['cmake', 'python']
[3.254s] Level 1:colcon.colcon_core.package_identification:_identify(src/software-training-old/projects/week_4) by extension 'cmake'
[3.257s] Level 1:colcon.colcon_core.package_identification:_identify(src/software-training-old/projects/week_4) by extension 'python'
[3.260s] Level 1:colcon.colcon_core.package_identification:_identify(src/software-training-old/projects/week_4) by extensions ['python_setup_py']
[3.260s] Level 1:colcon.colcon_core.package_identification:_identify(src/software-training-old/projects/week_4) by extension 'python_setup_py'
[3.273s] Level 1:colcon.colcon_core.package_identification:_identify(src/software-training-old/projects/week_5) by extensions ['ignore', 'ignore_ament_install']
[3.273s] Level 1:colcon.colcon_core.package_identification:_identify(src/software-training-old/projects/week_5) by extension 'ignore'
[3.276s] Level 1:colcon.colcon_core.package_identification:_identify(src/software-training-old/projects/week_5) by extension 'ignore_ament_install'
[3.281s] Level 1:colcon.colcon_core.package_identification:_identify(src/software-training-old/projects/week_5) by extensions ['colcon_pkg']
[3.281s] Level 1:colcon.colcon_core.package_identification:_identify(src/software-training-old/projects/week_5) by extension 'colcon_pkg'
[3.284s] Level 1:colcon.colcon_core.package_identification:_identify(src/software-training-old/projects/week_5) by extensions ['colcon_meta']
[3.284s] Level 1:colcon.colcon_core.package_identification:_identify(src/software-training-old/projects/week_5) by extension 'colcon_meta'
[3.291s] Level 1:colcon.colcon_core.package_identification:_identify(src/software-training-old/projects/week_5) by extensions ['ros']
[3.292s] Level 1:colcon.colcon_core.package_identification:_identify(src/software-training-old/projects/week_5) by extension 'ros'
[3.306s] Level 1:colcon.colcon_core.package_identification:_identify(src/software-training-old/projects/week_5) by extensions ['cmake', 'python']
[3.307s] Level 1:colcon.colcon_core.package_identification:_identify(src/software-training-old/projects/week_5) by extension 'cmake'
[3.310s] Level 1:colcon.colcon_core.package_identification:_identify(src/software-training-old/projects/week_5) by extension 'python'
[3.313s] Level 1:colcon.colcon_core.package_identification:_identify(src/software-training-old/projects/week_5) by extensions ['python_setup_py']
[3.313s] Level 1:colcon.colcon_core.package_identification:_identify(src/software-training-old/projects/week_5) by extension 'python_setup_py'
[3.326s] Level 1:colcon.colcon_core.package_identification:_identify(src/software-training-old/projects/week_6) by extensions ['ignore', 'ignore_ament_install']
[3.326s] Level 1:colcon.colcon_core.package_identification:_identify(src/software-training-old/projects/week_6) by extension 'ignore'
[3.329s] Level 1:colcon.colcon_core.package_identification:_identify(src/software-training-old/projects/week_6) by extension 'ignore_ament_install'
[3.334s] Level 1:colcon.colcon_core.package_identification:_identify(src/software-training-old/projects/week_6) by extensions ['colcon_pkg']
[3.335s] Level 1:colcon.colcon_core.package_identification:_identify(src/software-training-old/projects/week_6) by extension 'colcon_pkg'
[3.337s] Level 1:colcon.colcon_core.package_identification:_identify(src/software-training-old/projects/week_6) by extensions ['colcon_meta']
[3.338s] Level 1:colcon.colcon_core.package_identification:_identify(src/software-training-old/projects/week_6) by extension 'colcon_meta'
[3.345s] Level 1:colcon.colcon_core.package_identification:_identify(src/software-training-old/projects/week_6) by extensions ['ros']
[3.345s] Level 1:colcon.colcon_core.package_identification:_identify(src/software-training-old/projects/week_6) by extension 'ros'
[3.361s] Level 1:colcon.colcon_core.package_identification:_identify(src/software-training-old/projects/week_6) by extensions ['cmake', 'python']
[3.361s] Level 1:colcon.colcon_core.package_identification:_identify(src/software-training-old/projects/week_6) by extension 'cmake'
[3.364s] Level 1:colcon.colcon_core.package_identification:_identify(src/software-training-old/projects/week_6) by extension 'python'
[3.367s] Level 1:colcon.colcon_core.package_identification:_identify(src/software-training-old/projects/week_6) by extensions ['python_setup_py']
[3.368s] Level 1:colcon.colcon_core.package_identification:_identify(src/software-training-old/projects/week_6) by extension 'python_setup_py'
[3.381s] Level 1:colcon.colcon_core.package_identification:_identify(src/software-training-old/projects/week_7) by extensions ['ignore', 'ignore_ament_install']
[3.382s] Level 1:colcon.colcon_core.package_identification:_identify(src/software-training-old/projects/week_7) by extension 'ignore'
[3.385s] Level 1:colcon.colcon_core.package_identification:_identify(src/software-training-old/projects/week_7) by extension 'ignore_ament_install'
[3.392s] Level 1:colcon.colcon_core.package_identification:_identify(src/software-training-old/projects/week_7) by extensions ['colcon_pkg']
[3.392s] Level 1:colcon.colcon_core.package_identification:_identify(src/software-training-old/projects/week_7) by extension 'colcon_pkg'
[3.395s] Level 1:colcon.colcon_core.package_identification:_identify(src/software-training-old/projects/week_7) by extensions ['colcon_meta']
[3.395s] Level 1:colcon.colcon_core.package_identification:_identify(src/software-training-old/projects/week_7) by extension 'colcon_meta'
[3.402s] Level 1:colcon.colcon_core.package_identification:_identify(src/software-training-old/projects/week_7) by extensions ['ros']
[3.403s] Level 1:colcon.colcon_core.package_identification:_identify(src/software-training-old/projects/week_7) by extension 'ros'
[3.416s] Level 1:colcon.colcon_core.package_identification:_identify(src/software-training-old/projects/week_7) by extensions ['cmake', 'python']
[3.416s] Level 1:colcon.colcon_core.package_identification:_identify(src/software-training-old/projects/week_7) by extension 'cmake'
[3.419s] Level 1:colcon.colcon_core.package_identification:_identify(src/software-training-old/projects/week_7) by extension 'python'
[3.421s] Level 1:colcon.colcon_core.package_identification:_identify(src/software-training-old/projects/week_7) by extensions ['python_setup_py']
[3.422s] Level 1:colcon.colcon_core.package_identification:_identify(src/software-training-old/projects/week_7) by extension 'python_setup_py'
[3.434s] Level 1:colcon.colcon_core.package_identification:_identify(src/software-training-old/projects/week_8) by extensions ['ignore', 'ignore_ament_install']
[3.435s] Level 1:colcon.colcon_core.package_identification:_identify(src/software-training-old/projects/week_8) by extension 'ignore'
[3.438s] Level 1:colcon.colcon_core.package_identification:_identify(src/software-training-old/projects/week_8) by extension 'ignore_ament_install'
[3.443s] Level 1:colcon.colcon_core.package_identification:_identify(src/software-training-old/projects/week_8) by extensions ['colcon_pkg']
[3.443s] Level 1:colcon.colcon_core.package_identification:_identify(src/software-training-old/projects/week_8) by extension 'colcon_pkg'
[3.446s] Level 1:colcon.colcon_core.package_identification:_identify(src/software-training-old/projects/week_8) by extensions ['colcon_meta']
[3.446s] Level 1:colcon.colcon_core.package_identification:_identify(src/software-training-old/projects/week_8) by extension 'colcon_meta'
[3.453s] Level 1:colcon.colcon_core.package_identification:_identify(src/software-training-old/projects/week_8) by extensions ['ros']
[3.453s] Level 1:colcon.colcon_core.package_identification:_identify(src/software-training-old/projects/week_8) by extension 'ros'
[3.466s] Level 1:colcon.colcon_core.package_identification:_identify(src/software-training-old/projects/week_8) by extensions ['cmake', 'python']
[3.466s] Level 1:colcon.colcon_core.package_identification:_identify(src/software-training-old/projects/week_8) by extension 'cmake'
[3.469s] Level 1:colcon.colcon_core.package_identification:_identify(src/software-training-old/projects/week_8) by extension 'python'
[3.472s] Level 1:colcon.colcon_core.package_identification:_identify(src/software-training-old/projects/week_8) by extensions ['python_setup_py']
[3.472s] Level 1:colcon.colcon_core.package_identification:_identify(src/software-training-old/projects/week_8) by extension 'python_setup_py'
[3.482s] Level 1:colcon.colcon_core.package_identification:_identify(src/software-training-old/reference_solutions) by extensions ['ignore', 'ignore_ament_install']
[3.482s] Level 1:colcon.colcon_core.package_identification:_identify(src/software-training-old/reference_solutions) by extension 'ignore'
[3.485s] Level 1:colcon.colcon_core.package_identification:_identify(src/software-training-old/reference_solutions) ignored
[3.493s] Level 1:colcon.colcon_core.package_identification:_identify(src/software-training-old/rj_training_bringup) by extensions ['ignore', 'ignore_ament_install']
[3.494s] Level 1:colcon.colcon_core.package_identification:_identify(src/software-training-old/rj_training_bringup) by extension 'ignore'
[3.496s] Level 1:colcon.colcon_core.package_identification:_identify(src/software-training-old/rj_training_bringup) by extension 'ignore_ament_install'
[3.500s] Level 1:colcon.colcon_core.package_identification:_identify(src/software-training-old/rj_training_bringup) by extensions ['colcon_pkg']
[3.500s] Level 1:colcon.colcon_core.package_identification:_identify(src/software-training-old/rj_training_bringup) by extension 'colcon_pkg'
[3.503s] Level 1:colcon.colcon_core.package_identification:_identify(src/software-training-old/rj_training_bringup) by extensions ['colcon_meta']
[3.504s] Level 1:colcon.colcon_core.package_identification:_identify(src/software-training-old/rj_training_bringup) by extension 'colcon_meta'
[3.510s] Level 1:colcon.colcon_core.package_identification:_identify(src/software-training-old/rj_training_bringup) by extensions ['ros']
[3.510s] Level 1:colcon.colcon_core.package_identification:_identify(src/software-training-old/rj_training_bringup) by extension 'ros'
[3.546s] DEBUG:colcon.colcon_core.package_identification:Package 'src/software-training-old/rj_training_bringup' with type 'ros.ament_cmake' and name 'rj_training_bringup'
[3.556s] Level 1:colcon.colcon_core.package_identification:_identify(src/software-training-old/setup_instructons) by extensions ['ignore', 'ignore_ament_install']
[3.556s] Level 1:colcon.colcon_core.package_identification:_identify(src/software-training-old/setup_instructons) by extension 'ignore'
[3.558s] Level 1:colcon.colcon_core.package_identification:_identify(src/software-training-old/setup_instructons) by extension 'ignore_ament_install'
[3.563s] Level 1:colcon.colcon_core.package_identification:_identify(src/software-training-old/setup_instructons) by extensions ['colcon_pkg']
[3.563s] Level 1:colcon.colcon_core.package_identification:_identify(src/software-training-old/setup_instructons) by extension 'colcon_pkg'
[3.565s] Level 1:colcon.colcon_core.package_identification:_identify(src/software-training-old/setup_instructons) by extensions ['colcon_meta']
[3.565s] Level 1:colcon.colcon_core.package_identification:_identify(src/software-training-old/setup_instructons) by extension 'colcon_meta'
[3.570s] Level 1:colcon.colcon_core.package_identification:_identify(src/software-training-old/setup_instructons) by extensions ['ros']
[3.570s] Level 1:colcon.colcon_core.package_identification:_identify(src/software-training-old/setup_instructons) by extension 'ros'
[3.580s] Level 1:colcon.colcon_core.package_identification:_identify(src/software-training-old/setup_instructons) by extensions ['cmake', 'python']
[3.580s] Level 1:colcon.colcon_core.package_identification:_identify(src/software-training-old/setup_instructons) by extension 'cmake'
[3.582s] Level 1:colcon.colcon_core.package_identification:_identify(src/software-training-old/setup_instructons) by extension 'python'
[3.585s] Level 1:colcon.colcon_core.package_identification:_identify(src/software-training-old/setup_instructons) by extensions ['python_setup_py']
[3.585s] Level 1:colcon.colcon_core.package_identification:_identify(src/software-training-old/setup_instructons) by extension 'python_setup_py'
[3.592s] Level 1:colcon.colcon_core.package_identification:_identify(src/stsl) by extensions ['ignore', 'ignore_ament_install']
[3.593s] Level 1:colcon.colcon_core.package_identification:_identify(src/stsl) by extension 'ignore'
[3.594s] Level 1:colcon.colcon_core.package_identification:_identify(src/stsl) by extension 'ignore_ament_install'
[3.597s] Level 1:colcon.colcon_core.package_identification:_identify(src/stsl) by extensions ['colcon_pkg']
[3.597s] Level 1:colcon.colcon_core.package_identification:_identify(src/stsl) by extension 'colcon_pkg'
[3.599s] Level 1:colcon.colcon_core.package_identification:_identify(src/stsl) by extensions ['colcon_meta']
[3.599s] Level 1:colcon.colcon_core.package_identification:_identify(src/stsl) by extension 'colcon_meta'
[3.602s] Level 1:colcon.colcon_core.package_identification:_identify(src/stsl) by extensions ['ros']
[3.602s] Level 1:colcon.colcon_core.package_identification:_identify(src/stsl) by extension 'ros'
[3.609s] Level 1:colcon.colcon_core.package_identification:_identify(src/stsl) by extensions ['cmake', 'python']
[3.610s] Level 1:colcon.colcon_core.package_identification:_identify(src/stsl) by extension 'cmake'
[3.612s] Level 1:colcon.colcon_core.package_identification:_identify(src/stsl) by extension 'python'
[3.613s] Level 1:colcon.colcon_core.package_identification:_identify(src/stsl) by extensions ['python_setup_py']
[3.613s] Level 1:colcon.colcon_core.package_identification:_identify(src/stsl) by extension 'python_setup_py'
[3.623s] Level 1:colcon.colcon_core.package_identification:_identify(src/stsl/deployment) by extensions ['ignore', 'ignore_ament_install']
[3.623s] Level 1:colcon.colcon_core.package_identification:_identify(src/stsl/deployment) by extension 'ignore'
[3.625s] Level 1:colcon.colcon_core.package_identification:_identify(src/stsl/deployment) by extension 'ignore_ament_install'
[3.630s] Level 1:colcon.colcon_core.package_identification:_identify(src/stsl/deployment) by extensions ['colcon_pkg']
[3.630s] Level 1:colcon.colcon_core.package_identification:_identify(src/stsl/deployment) by extension 'colcon_pkg'
[3.632s] Level 1:colcon.colcon_core.package_identification:_identify(src/stsl/deployment) by extensions ['colcon_meta']
[3.632s] Level 1:colcon.colcon_core.package_identification:_identify(src/stsl/deployment) by extension 'colcon_meta'
[3.637s] Level 1:colcon.colcon_core.package_identification:_identify(src/stsl/deployment) by extensions ['ros']
[3.637s] Level 1:colcon.colcon_core.package_identification:_identify(src/stsl/deployment) by extension 'ros'
[3.647s] Level 1:colcon.colcon_core.package_identification:_identify(src/stsl/deployment) by extensions ['cmake', 'python']
[3.648s] Level 1:colcon.colcon_core.package_identification:_identify(src/stsl/deployment) by extension 'cmake'
[3.650s] Level 1:colcon.colcon_core.package_identification:_identify(src/stsl/deployment) by extension 'python'
[3.652s] Level 1:colcon.colcon_core.package_identification:_identify(src/stsl/deployment) by extensions ['python_setup_py']
[3.652s] Level 1:colcon.colcon_core.package_identification:_identify(src/stsl/deployment) by extension 'python_setup_py'
[3.665s] Level 1:colcon.colcon_core.package_identification:_identify(src/stsl/deployment/package_generation) by extensions ['ignore', 'ignore_ament_install']
[3.665s] Level 1:colcon.colcon_core.package_identification:_identify(src/stsl/deployment/package_generation) by extension 'ignore'
[3.668s] Level 1:colcon.colcon_core.package_identification:_identify(src/stsl/deployment/package_generation) by extension 'ignore_ament_install'
[3.673s] Level 1:colcon.colcon_core.package_identification:_identify(src/stsl/deployment/package_generation) by extensions ['colcon_pkg']
[3.674s] Level 1:colcon.colcon_core.package_identification:_identify(src/stsl/deployment/package_generation) by extension 'colcon_pkg'
[3.677s] Level 1:colcon.colcon_core.package_identification:_identify(src/stsl/deployment/package_generation) by extensions ['colcon_meta']
[3.677s] Level 1:colcon.colcon_core.package_identification:_identify(src/stsl/deployment/package_generation) by extension 'colcon_meta'
[3.684s] Level 1:colcon.colcon_core.package_identification:_identify(src/stsl/deployment/package_generation) by extensions ['ros']
[3.684s] Level 1:colcon.colcon_core.package_identification:_identify(src/stsl/deployment/package_generation) by extension 'ros'
[3.697s] Level 1:colcon.colcon_core.package_identification:_identify(src/stsl/deployment/package_generation) by extensions ['cmake', 'python']
[3.697s] Level 1:colcon.colcon_core.package_identification:_identify(src/stsl/deployment/package_generation) by extension 'cmake'
[3.700s] Level 1:colcon.colcon_core.package_identification:_identify(src/stsl/deployment/package_generation) by extension 'python'
[3.703s] Level 1:colcon.colcon_core.package_identification:_identify(src/stsl/deployment/package_generation) by extensions ['python_setup_py']
[3.703s] Level 1:colcon.colcon_core.package_identification:_identify(src/stsl/deployment/package_generation) by extension 'python_setup_py'
[3.716s] Level 1:colcon.colcon_core.package_identification:_identify(src/stsl/deployment/package_hosting) by extensions ['ignore', 'ignore_ament_install']
[3.717s] Level 1:colcon.colcon_core.package_identification:_identify(src/stsl/deployment/package_hosting) by extension 'ignore'
[3.720s] Level 1:colcon.colcon_core.package_identification:_identify(src/stsl/deployment/package_hosting) by extension 'ignore_ament_install'
[3.725s] Level 1:colcon.colcon_core.package_identification:_identify(src/stsl/deployment/package_hosting) by extensions ['colcon_pkg']
[3.725s] Level 1:colcon.colcon_core.package_identification:_identify(src/stsl/deployment/package_hosting) by extension 'colcon_pkg'
[3.728s] Level 1:colcon.colcon_core.package_identification:_identify(src/stsl/deployment/package_hosting) by extensions ['colcon_meta']
[3.728s] Level 1:colcon.colcon_core.package_identification:_identify(src/stsl/deployment/package_hosting) by extension 'colcon_meta'
[3.735s] Level 1:colcon.colcon_core.package_identification:_identify(src/stsl/deployment/package_hosting) by extensions ['ros']
[3.736s] Level 1:colcon.colcon_core.package_identification:_identify(src/stsl/deployment/package_hosting) by extension 'ros'
[3.748s] Level 1:colcon.colcon_core.package_identification:_identify(src/stsl/deployment/package_hosting) by extensions ['cmake', 'python']
[3.749s] Level 1:colcon.colcon_core.package_identification:_identify(src/stsl/deployment/package_hosting) by extension 'cmake'
[3.752s] Level 1:colcon.colcon_core.package_identification:_identify(src/stsl/deployment/package_hosting) by extension 'python'
[3.754s] Level 1:colcon.colcon_core.package_identification:_identify(src/stsl/deployment/package_hosting) by extensions ['python_setup_py']
[3.755s] Level 1:colcon.colcon_core.package_identification:_identify(src/stsl/deployment/package_hosting) by extension 'python_setup_py'
[3.764s] Level 1:colcon.colcon_core.package_identification:_identify(src/stsl/elevation_server) by extensions ['ignore', 'ignore_ament_install']
[3.765s] Level 1:colcon.colcon_core.package_identification:_identify(src/stsl/elevation_server) by extension 'ignore'
[3.767s] Level 1:colcon.colcon_core.package_identification:_identify(src/stsl/elevation_server) by extension 'ignore_ament_install'
[3.771s] Level 1:colcon.colcon_core.package_identification:_identify(src/stsl/elevation_server) by extensions ['colcon_pkg']
[3.771s] Level 1:colcon.colcon_core.package_identification:_identify(src/stsl/elevation_server) by extension 'colcon_pkg'
[3.774s] Level 1:colcon.colcon_core.package_identification:_identify(src/stsl/elevation_server) by extensions ['colcon_meta']
[3.774s] Level 1:colcon.colcon_core.package_identification:_identify(src/stsl/elevation_server) by extension 'colcon_meta'
[3.778s] Level 1:colcon.colcon_core.package_identification:_identify(src/stsl/elevation_server) by extensions ['ros']
[3.779s] Level 1:colcon.colcon_core.package_identification:_identify(src/stsl/elevation_server) by extension 'ros'
[3.819s] DEBUG:colcon.colcon_core.package_identification:Package 'src/stsl/elevation_server' with type 'ros.ament_cmake' and name 'elevation_server'
[3.829s] Level 1:colcon.colcon_core.package_identification:_identify(src/stsl/mineral_deposit_detection) by extensions ['ignore', 'ignore_ament_install']
[3.829s] Level 1:colcon.colcon_core.package_identification:_identify(src/stsl/mineral_deposit_detection) by extension 'ignore'
[3.831s] Level 1:colcon.colcon_core.package_identification:_identify(src/stsl/mineral_deposit_detection) by extension 'ignore_ament_install'
[3.839s] Level 1:colcon.colcon_core.package_identification:_identify(src/stsl/mineral_deposit_detection) by extensions ['colcon_pkg']
[3.840s] Level 1:colcon.colcon_core.package_identification:_identify(src/stsl/mineral_deposit_detection) by extension 'colcon_pkg'
[3.842s] Level 1:colcon.colcon_core.package_identification:_identify(src/stsl/mineral_deposit_detection) by extensions ['colcon_meta']
[3.842s] Level 1:colcon.colcon_core.package_identification:_identify(src/stsl/mineral_deposit_detection) by extension 'colcon_meta'
[3.846s] Level 1:colcon.colcon_core.package_identification:_identify(src/stsl/mineral_deposit_detection) by extensions ['ros']
[3.847s] Level 1:colcon.colcon_core.package_identification:_identify(src/stsl/mineral_deposit_detection) by extension 'ros'
[3.889s] DEBUG:colcon.colcon_core.package_identification:Package 'src/stsl/mineral_deposit_detection' with type 'ros.ament_cmake' and name 'mineral_deposit_detection'
[3.898s] Level 1:colcon.colcon_core.package_identification:_identify(src/stsl/mission_orchestration) by extensions ['ignore', 'ignore_ament_install']
[3.898s] Level 1:colcon.colcon_core.package_identification:_identify(src/stsl/mission_orchestration) by extension 'ignore'
[3.900s] Level 1:colcon.colcon_core.package_identification:_identify(src/stsl/mission_orchestration) by extension 'ignore_ament_install'
[3.904s] Level 1:colcon.colcon_core.package_identification:_identify(src/stsl/mission_orchestration) by extensions ['colcon_pkg']
[3.905s] Level 1:colcon.colcon_core.package_identification:_identify(src/stsl/mission_orchestration) by extension 'colcon_pkg'
[3.907s] Level 1:colcon.colcon_core.package_identification:_identify(src/stsl/mission_orchestration) by extensions ['colcon_meta']
[3.907s] Level 1:colcon.colcon_core.package_identification:_identify(src/stsl/mission_orchestration) by extension 'colcon_meta'
[3.912s] Level 1:colcon.colcon_core.package_identification:_identify(src/stsl/mission_orchestration) by extensions ['ros']
[3.912s] Level 1:colcon.colcon_core.package_identification:_identify(src/stsl/mission_orchestration) by extension 'ros'
[10.139s] DEBUG:colcon.colcon_core.package_identification:Package 'src/stsl/mission_orchestration' with type 'ros.ament_cmake' and name 'mission_orchestration'
[10.148s] Level 1:colcon.colcon_core.package_identification:_identify(src/stsl/stsl_aruco_tags) by extensions ['ignore', 'ignore_ament_install']
[10.148s] Level 1:colcon.colcon_core.package_identification:_identify(src/stsl/stsl_aruco_tags) by extension 'ignore'
[10.152s] Level 1:colcon.colcon_core.package_identification:_identify(src/stsl/stsl_aruco_tags) by extension 'ignore_ament_install'
[10.157s] Level 1:colcon.colcon_core.package_identification:_identify(src/stsl/stsl_aruco_tags) by extensions ['colcon_pkg']
[10.157s] Level 1:colcon.colcon_core.package_identification:_identify(src/stsl/stsl_aruco_tags) by extension 'colcon_pkg'
[10.159s] Level 1:colcon.colcon_core.package_identification:_identify(src/stsl/stsl_aruco_tags) by extensions ['colcon_meta']
[10.159s] Level 1:colcon.colcon_core.package_identification:_identify(src/stsl/stsl_aruco_tags) by extension 'colcon_meta'
[10.164s] Level 1:colcon.colcon_core.package_identification:_identify(src/stsl/stsl_aruco_tags) by extensions ['ros']
[10.164s] Level 1:colcon.colcon_core.package_identification:_identify(src/stsl/stsl_aruco_tags) by extension 'ros'
[3.643s] DEBUG:colcon.colcon_core.package_identification:Package 'src/stsl/stsl_aruco_tags' with type 'ros.ament_cmake' and name 'stsl_aruco_tags'
[3.652s] Level 1:colcon.colcon_core.package_identification:_identify(src/stsl/stsl_bt_nodes) by extensions ['ignore', 'ignore_ament_install']
[3.652s] Level 1:colcon.colcon_core.package_identification:_identify(src/stsl/stsl_bt_nodes) by extension 'ignore'
[3.654s] Level 1:colcon.colcon_core.package_identification:_identify(src/stsl/stsl_bt_nodes) by extension 'ignore_ament_install'
[3.661s] Level 1:colcon.colcon_core.package_identification:_identify(src/stsl/stsl_bt_nodes) by extensions ['colcon_pkg']
[3.661s] Level 1:colcon.colcon_core.package_identification:_identify(src/stsl/stsl_bt_nodes) by extension 'colcon_pkg'
[3.664s] Level 1:colcon.colcon_core.package_identification:_identify(src/stsl/stsl_bt_nodes) by extensions ['colcon_meta']
[3.665s] Level 1:colcon.colcon_core.package_identification:_identify(src/stsl/stsl_bt_nodes) by extension 'colcon_meta'
[3.670s] Level 1:colcon.colcon_core.package_identification:_identify(src/stsl/stsl_bt_nodes) by extensions ['ros']
[3.670s] Level 1:colcon.colcon_core.package_identification:_identify(src/stsl/stsl_bt_nodes) by extension 'ros'
[3.714s] DEBUG:colcon.colcon_core.package_identification:Package 'src/stsl/stsl_bt_nodes' with type 'ros.ament_cmake' and name 'stsl_bt_nodes'
[3.722s] Level 1:colcon.colcon_core.package_identification:_identify(src/stsl/stsl_desktop) by extensions ['ignore', 'ignore_ament_install']
[3.723s] Level 1:colcon.colcon_core.package_identification:_identify(src/stsl/stsl_desktop) by extension 'ignore'
[3.725s] Level 1:colcon.colcon_core.package_identification:_identify(src/stsl/stsl_desktop) by extension 'ignore_ament_install'
[3.727s] Level 1:colcon.colcon_core.package_identification:_identify(src/stsl/stsl_desktop) by extensions ['colcon_pkg']
[3.728s] Level 1:colcon.colcon_core.package_identification:_identify(src/stsl/stsl_desktop) by extension 'colcon_pkg'
[3.729s] Level 1:colcon.colcon_core.package_identification:_identify(src/stsl/stsl_desktop) by extensions ['colcon_meta']
[3.730s] Level 1:colcon.colcon_core.package_identification:_identify(src/stsl/stsl_desktop) by extension 'colcon_meta'
[3.733s] Level 1:colcon.colcon_core.package_identification:_identify(src/stsl/stsl_desktop) by extensions ['ros']
[3.734s] Level 1:colcon.colcon_core.package_identification:_identify(src/stsl/stsl_desktop) by extension 'ros'
[3.768s] DEBUG:colcon.colcon_core.package_identification:Package 'src/stsl/stsl_desktop' with type 'ros.ament_cmake' and name 'stsl_desktop'
[3.777s] Level 1:colcon.colcon_core.package_identification:_identify(src/stsl/stsl_gazebo_plugins) by extensions ['ignore', 'ignore_ament_install']
[3.778s] Level 1:colcon.colcon_core.package_identification:_identify(src/stsl/stsl_gazebo_plugins) by extension 'ignore'
[3.779s] Level 1:colcon.colcon_core.package_identification:_identify(src/stsl/stsl_gazebo_plugins) by extension 'ignore_ament_install'
[3.782s] Level 1:colcon.colcon_core.package_identification:_identify(src/stsl/stsl_gazebo_plugins) by extensions ['colcon_pkg']
[3.783s] Level 1:colcon.colcon_core.package_identification:_identify(src/stsl/stsl_gazebo_plugins) by extension 'colcon_pkg'
[3.785s] Level 1:colcon.colcon_core.package_identification:_identify(src/stsl/stsl_gazebo_plugins) by extensions ['colcon_meta']
[3.785s] Level 1:colcon.colcon_core.package_identification:_identify(src/stsl/stsl_gazebo_plugins) by extension 'colcon_meta'
[3.788s] Level 1:colcon.colcon_core.package_identification:_identify(src/stsl/stsl_gazebo_plugins) by extensions ['ros']
[3.789s] Level 1:colcon.colcon_core.package_identification:_identify(src/stsl/stsl_gazebo_plugins) by extension 'ros'
[3.821s] DEBUG:colcon.colcon_core.package_identification:Package 'src/stsl/stsl_gazebo_plugins' with type 'ros.ament_cmake' and name 'stsl_gazebo_plugins'
[3.828s] Level 1:colcon.colcon_core.package_identification:_identify(src/stsl/stsl_interfaces) by extensions ['ignore', 'ignore_ament_install']
[3.829s] Level 1:colcon.colcon_core.package_identification:_identify(src/stsl/stsl_interfaces) by extension 'ignore'
[3.830s] Level 1:colcon.colcon_core.package_identification:_identify(src/stsl/stsl_interfaces) by extension 'ignore_ament_install'
[3.833s] Level 1:colcon.colcon_core.package_identification:_identify(src/stsl/stsl_interfaces) by extensions ['colcon_pkg']
[3.834s] Level 1:colcon.colcon_core.package_identification:_identify(src/stsl/stsl_interfaces) by extension 'colcon_pkg'
[3.836s] Level 1:colcon.colcon_core.package_identification:_identify(src/stsl/stsl_interfaces) by extensions ['colcon_meta']
[3.836s] Level 1:colcon.colcon_core.package_identification:_identify(src/stsl/stsl_interfaces) by extension 'colcon_meta'
[3.843s] Level 1:colcon.colcon_core.package_identification:_identify(src/stsl/stsl_interfaces) by extensions ['ros']
[3.844s] Level 1:colcon.colcon_core.package_identification:_identify(src/stsl/stsl_interfaces) by extension 'ros'
[3.890s] DEBUG:colcon.colcon_core.package_identification:Package 'src/stsl/stsl_interfaces' with type 'ros.ament_cmake' and name 'stsl_interfaces'
[3.903s] Level 1:colcon.colcon_core.package_identification:_identify(src/stsl/stsl_nav_plugins) by extensions ['ignore', 'ignore_ament_install']
[3.903s] Level 1:colcon.colcon_core.package_identification:_identify(src/stsl/stsl_nav_plugins) by extension 'ignore'
[3.906s] Level 1:colcon.colcon_core.package_identification:_identify(src/stsl/stsl_nav_plugins) by extension 'ignore_ament_install'
[3.911s] Level 1:colcon.colcon_core.package_identification:_identify(src/stsl/stsl_nav_plugins) by extensions ['colcon_pkg']
[3.911s] Level 1:colcon.colcon_core.package_identification:_identify(src/stsl/stsl_nav_plugins) by extension 'colcon_pkg'
[3.914s] Level 1:colcon.colcon_core.package_identification:_identify(src/stsl/stsl_nav_plugins) by extensions ['colcon_meta']
[3.914s] Level 1:colcon.colcon_core.package_identification:_identify(src/stsl/stsl_nav_plugins) by extension 'colcon_meta'
[3.919s] Level 1:colcon.colcon_core.package_identification:_identify(src/stsl/stsl_nav_plugins) by extensions ['ros']
[3.920s] Level 1:colcon.colcon_core.package_identification:_identify(src/stsl/stsl_nav_plugins) by extension 'ros'
[3.963s] DEBUG:colcon.colcon_core.package_identification:Package 'src/stsl/stsl_nav_plugins' with type 'ros.ament_cmake' and name 'stsl_nav_plugins'
[3.976s] Level 1:colcon.colcon_core.package_identification:_identify(src/stsl/stsl_rviz_plugins) by extensions ['ignore', 'ignore_ament_install']
[3.977s] Level 1:colcon.colcon_core.package_identification:_identify(src/stsl/stsl_rviz_plugins) by extension 'ignore'
[3.980s] Level 1:colcon.colcon_core.package_identification:_identify(src/stsl/stsl_rviz_plugins) by extension 'ignore_ament_install'
[3.985s] Level 1:colcon.colcon_core.package_identification:_identify(src/stsl/stsl_rviz_plugins) by extensions ['colcon_pkg']
[3.986s] Level 1:colcon.colcon_core.package_identification:_identify(src/stsl/stsl_rviz_plugins) by extension 'colcon_pkg'
[3.990s] Level 1:colcon.colcon_core.package_identification:_identify(src/stsl/stsl_rviz_plugins) by extensions ['colcon_meta']
[3.990s] Level 1:colcon.colcon_core.package_identification:_identify(src/stsl/stsl_rviz_plugins) by extension 'colcon_meta'
[3.996s] Level 1:colcon.colcon_core.package_identification:_identify(src/stsl/stsl_rviz_plugins) by extensions ['ros']
[3.997s] Level 1:colcon.colcon_core.package_identification:_identify(src/stsl/stsl_rviz_plugins) by extension 'ros'
[4.040s] DEBUG:colcon.colcon_core.package_identification:Package 'src/stsl/stsl_rviz_plugins' with type 'ros.ament_cmake' and name 'stsl_rviz_plugins'
[4.051s] Level 1:colcon.colcon_core.package_identification:_identify(src/stsl/stsl_utils) by extensions ['ignore', 'ignore_ament_install']
[4.052s] Level 1:colcon.colcon_core.package_identification:_identify(src/stsl/stsl_utils) by extension 'ignore'
[4.055s] Level 1:colcon.colcon_core.package_identification:_identify(src/stsl/stsl_utils) by extension 'ignore_ament_install'
[4.060s] Level 1:colcon.colcon_core.package_identification:_identify(src/stsl/stsl_utils) by extensions ['colcon_pkg']
[4.060s] Level 1:colcon.colcon_core.package_identification:_identify(src/stsl/stsl_utils) by extension 'colcon_pkg'
[4.063s] Level 1:colcon.colcon_core.package_identification:_identify(src/stsl/stsl_utils) by extensions ['colcon_meta']
[4.063s] Level 1:colcon.colcon_core.package_identification:_identify(src/stsl/stsl_utils) by extension 'colcon_meta'
[4.069s] Level 1:colcon.colcon_core.package_identification:_identify(src/stsl/stsl_utils) by extensions ['ros']
[4.069s] Level 1:colcon.colcon_core.package_identification:_identify(src/stsl/stsl_utils) by extension 'ros'
[4.112s] DEBUG:colcon.colcon_core.package_identification:Package 'src/stsl/stsl_utils' with type 'ros.ament_cmake' and name 'stsl_utils'
[4.122s] Level 1:colcon.colcon_core.package_identification:_identify(src/stsl/traini_bringup) by extensions ['ignore', 'ignore_ament_install']
[4.122s] Level 1:colcon.colcon_core.package_identification:_identify(src/stsl/traini_bringup) by extension 'ignore'
[4.124s] Level 1:colcon.colcon_core.package_identification:_identify(src/stsl/traini_bringup) by extension 'ignore_ament_install'
[4.131s] Level 1:colcon.colcon_core.package_identification:_identify(src/stsl/traini_bringup) by extensions ['colcon_pkg']
[4.131s] Level 1:colcon.colcon_core.package_identification:_identify(src/stsl/traini_bringup) by extension 'colcon_pkg'
[4.134s] Level 1:colcon.colcon_core.package_identification:_identify(src/stsl/traini_bringup) by extensions ['colcon_meta']
[4.134s] Level 1:colcon.colcon_core.package_identification:_identify(src/stsl/traini_bringup) by extension 'colcon_meta'
[4.139s] Level 1:colcon.colcon_core.package_identification:_identify(src/stsl/traini_bringup) by extensions ['ros']
[4.140s] Level 1:colcon.colcon_core.package_identification:_identify(src/stsl/traini_bringup) by extension 'ros'
[4.180s] DEBUG:colcon.colcon_core.package_identification:Package 'src/stsl/traini_bringup' with type 'ros.ament_cmake' and name 'traini_bringup'
[4.190s] Level 1:colcon.colcon_core.package_identification:_identify(src/stsl/traini_description) by extensions ['ignore', 'ignore_ament_install']
[4.190s] Level 1:colcon.colcon_core.package_identification:_identify(src/stsl/traini_description) by extension 'ignore'
[4.193s] Level 1:colcon.colcon_core.package_identification:_identify(src/stsl/traini_description) by extension 'ignore_ament_install'
[4.197s] Level 1:colcon.colcon_core.package_identification:_identify(src/stsl/traini_description) by extensions ['colcon_pkg']
[4.197s] Level 1:colcon.colcon_core.package_identification:_identify(src/stsl/traini_description) by extension 'colcon_pkg'
[4.200s] Level 1:colcon.colcon_core.package_identification:_identify(src/stsl/traini_description) by extensions ['colcon_meta']
[4.200s] Level 1:colcon.colcon_core.package_identification:_identify(src/stsl/traini_description) by extension 'colcon_meta'
[4.204s] Level 1:colcon.colcon_core.package_identification:_identify(src/stsl/traini_description) by extensions ['ros']
[4.204s] Level 1:colcon.colcon_core.package_identification:_identify(src/stsl/traini_description) by extension 'ros'
[4.241s] DEBUG:colcon.colcon_core.package_identification:Package 'src/stsl/traini_description' with type 'ros.ament_cmake' and name 'traini_description'
[4.253s] Level 1:colcon.colcon_core.package_identification:_identify(src/stsl/traini_gazebo) by extensions ['ignore', 'ignore_ament_install']
[4.253s] Level 1:colcon.colcon_core.package_identification:_identify(src/stsl/traini_gazebo) by extension 'ignore'
[4.256s] Level 1:colcon.colcon_core.package_identification:_identify(src/stsl/traini_gazebo) by extension 'ignore_ament_install'
[4.261s] Level 1:colcon.colcon_core.package_identification:_identify(src/stsl/traini_gazebo) by extensions ['colcon_pkg']
[4.262s] Level 1:colcon.colcon_core.package_identification:_identify(src/stsl/traini_gazebo) by extension 'colcon_pkg'
[4.264s] Level 1:colcon.colcon_core.package_identification:_identify(src/stsl/traini_gazebo) by extensions ['colcon_meta']
[4.265s] Level 1:colcon.colcon_core.package_identification:_identify(src/stsl/traini_gazebo) by extension 'colcon_meta'
[4.270s] Level 1:colcon.colcon_core.package_identification:_identify(src/stsl/traini_gazebo) by extensions ['ros']
[4.270s] Level 1:colcon.colcon_core.package_identification:_identify(src/stsl/traini_gazebo) by extension 'ros'
[4.313s] DEBUG:colcon.colcon_core.package_identification:Package 'src/stsl/traini_gazebo' with type 'ros.ament_cmake' and name 'traini_gazebo'
[4.323s] Level 1:colcon.colcon_core.package_identification:_identify(src/stsl/traini_onboard_interface) by extensions ['ignore', 'ignore_ament_install']
[4.323s] Level 1:colcon.colcon_core.package_identification:_identify(src/stsl/traini_onboard_interface) by extension 'ignore'
[4.327s] Level 1:colcon.colcon_core.package_identification:_identify(src/stsl/traini_onboard_interface) ignored
[4.334s] Level 1:colcon.colcon_core.package_identification:_identify(src/trainingv2) by extensions ['ignore', 'ignore_ament_install']
[4.334s] Level 1:colcon.colcon_core.package_identification:_identify(src/trainingv2) by extension 'ignore'
[4.336s] Level 1:colcon.colcon_core.package_identification:_identify(src/trainingv2) by extension 'ignore_ament_install'
[4.340s] Level 1:colcon.colcon_core.package_identification:_identify(src/trainingv2) by extensions ['colcon_pkg']
[4.340s] Level 1:colcon.colcon_core.package_identification:_identify(src/trainingv2) by extension 'colcon_pkg'
[4.342s] Level 1:colcon.colcon_core.package_identification:_identify(src/trainingv2) by extensions ['colcon_meta']
[4.342s] Level 1:colcon.colcon_core.package_identification:_identify(src/trainingv2) by extension 'colcon_meta'
[4.345s] Level 1:colcon.colcon_core.package_identification:_identify(src/trainingv2) by extensions ['ros']
[4.345s] Level 1:colcon.colcon_core.package_identification:_identify(src/trainingv2) by extension 'ros'
[4.354s] Level 1:colcon.colcon_core.package_identification:_identify(src/trainingv2) by extensions ['cmake', 'python']
[4.354s] Level 1:colcon.colcon_core.package_identification:_identify(src/trainingv2) by extension 'cmake'
[4.356s] Level 1:colcon.colcon_core.package_identification:_identify(src/trainingv2) by extension 'python'
[4.358s] Level 1:colcon.colcon_core.package_identification:_identify(src/trainingv2) by extensions ['python_setup_py']
[4.358s] Level 1:colcon.colcon_core.package_identification:_identify(src/trainingv2) by extension 'python_setup_py'
[4.368s] Level 1:colcon.colcon_core.package_identification:_identify(src/trainingv2/Week 1) by extensions ['ignore', 'ignore_ament_install']
[4.369s] Level 1:colcon.colcon_core.package_identification:_identify(src/trainingv2/Week 1) by extension 'ignore'
[4.371s] Level 1:colcon.colcon_core.package_identification:_identify(src/trainingv2/Week 1) by extension 'ignore_ament_install'
[4.376s] Level 1:colcon.colcon_core.package_identification:_identify(src/trainingv2/Week 1) by extensions ['colcon_pkg']
[4.377s] Level 1:colcon.colcon_core.package_identification:_identify(src/trainingv2/Week 1) by extension 'colcon_pkg'
[4.379s] Level 1:colcon.colcon_core.package_identification:_identify(src/trainingv2/Week 1) by extensions ['colcon_meta']
[4.380s] Level 1:colcon.colcon_core.package_identification:_identify(src/trainingv2/Week 1) by extension 'colcon_meta'
[4.385s] Level 1:colcon.colcon_core.package_identification:_identify(src/trainingv2/Week 1) by extensions ['ros']
[4.385s] Level 1:colcon.colcon_core.package_identification:_identify(src/trainingv2/Week 1) by extension 'ros'
[4.397s] Level 1:colcon.colcon_core.package_identification:_identify(src/trainingv2/Week 1) by extensions ['cmake', 'python']
[4.397s] Level 1:colcon.colcon_core.package_identification:_identify(src/trainingv2/Week 1) by extension 'cmake'
[4.399s] Level 1:colcon.colcon_core.package_identification:_identify(src/trainingv2/Week 1) by extension 'python'
[4.402s] Level 1:colcon.colcon_core.package_identification:_identify(src/trainingv2/Week 1) by extensions ['python_setup_py']
[4.402s] Level 1:colcon.colcon_core.package_identification:_identify(src/trainingv2/Week 1) by extension 'python_setup_py'
[4.417s] Level 1:colcon.colcon_core.package_identification:_identify(src/trainingv2/Week 1/lecture_material) by extensions ['ignore', 'ignore_ament_install']
[4.417s] Level 1:colcon.colcon_core.package_identification:_identify(src/trainingv2/Week 1/lecture_material) by extension 'ignore'
[4.420s] Level 1:colcon.colcon_core.package_identification:_identify(src/trainingv2/Week 1/lecture_material) by extension 'ignore_ament_install'
[4.426s] Level 1:colcon.colcon_core.package_identification:_identify(src/trainingv2/Week 1/lecture_material) by extensions ['colcon_pkg']
[4.427s] Level 1:colcon.colcon_core.package_identification:_identify(src/trainingv2/Week 1/lecture_material) by extension 'colcon_pkg'
[4.430s] Level 1:colcon.colcon_core.package_identification:_identify(src/trainingv2/Week 1/lecture_material) by extensions ['colcon_meta']
[4.430s] Level 1:colcon.colcon_core.package_identification:_identify(src/trainingv2/Week 1/lecture_material) by extension 'colcon_meta'
[4.438s] Level 1:colcon.colcon_core.package_identification:_identify(src/trainingv2/Week 1/lecture_material) by extensions ['ros']
[4.439s] Level 1:colcon.colcon_core.package_identification:_identify(src/trainingv2/Week 1/lecture_material) by extension 'ros'
[4.453s] Level 1:colcon.colcon_core.package_identification:_identify(src/trainingv2/Week 1/lecture_material) by extensions ['cmake', 'python']
[4.454s] Level 1:colcon.colcon_core.package_identification:_identify(src/trainingv2/Week 1/lecture_material) by extension 'cmake'
[4.457s] Level 1:colcon.colcon_core.package_identification:_identify(src/trainingv2/Week 1/lecture_material) by extension 'python'
[4.461s] Level 1:colcon.colcon_core.package_identification:_identify(src/trainingv2/Week 1/lecture_material) by extensions ['python_setup_py']
[4.461s] Level 1:colcon.colcon_core.package_identification:_identify(src/trainingv2/Week 1/lecture_material) by extension 'python_setup_py'
[4.473s] Level 1:colcon.colcon_core.package_identification:_identify(src/trainingv2/Week 2) by extensions ['ignore', 'ignore_ament_install']
[4.474s] Level 1:colcon.colcon_core.package_identification:_identify(src/trainingv2/Week 2) by extension 'ignore'
[4.476s] Level 1:colcon.colcon_core.package_identification:_identify(src/trainingv2/Week 2) by extension 'ignore_ament_install'
[4.481s] Level 1:colcon.colcon_core.package_identification:_identify(src/trainingv2/Week 2) by extensions ['colcon_pkg']
[4.481s] Level 1:colcon.colcon_core.package_identification:_identify(src/trainingv2/Week 2) by extension 'colcon_pkg'
[4.484s] Level 1:colcon.colcon_core.package_identification:_identify(src/trainingv2/Week 2) by extensions ['colcon_meta']
[4.484s] Level 1:colcon.colcon_core.package_identification:_identify(src/trainingv2/Week 2) by extension 'colcon_meta'
[4.489s] Level 1:colcon.colcon_core.package_identification:_identify(src/trainingv2/Week 2) by extensions ['ros']
[4.490s] Level 1:colcon.colcon_core.package_identification:_identify(src/trainingv2/Week 2) by extension 'ros'
[4.501s] Level 1:colcon.colcon_core.package_identification:_identify(src/trainingv2/Week 2) by extensions ['cmake', 'python']
[4.502s] Level 1:colcon.colcon_core.package_identification:_identify(src/trainingv2/Week 2) by extension 'cmake'
[4.504s] Level 1:colcon.colcon_core.package_identification:_identify(src/trainingv2/Week 2) by extension 'python'
[4.507s] Level 1:colcon.colcon_core.package_identification:_identify(src/trainingv2/Week 2) by extensions ['python_setup_py']
[4.507s] Level 1:colcon.colcon_core.package_identification:_identify(src/trainingv2/Week 2) by extension 'python_setup_py'
[4.522s] Level 1:colcon.colcon_core.package_identification:_identify(src/trainingv2/Week 2/code) by extensions ['ignore', 'ignore_ament_install']
[4.523s] Level 1:colcon.colcon_core.package_identification:_identify(src/trainingv2/Week 2/code) by extension 'ignore'
[4.528s] Level 1:colcon.colcon_core.package_identification:_identify(src/trainingv2/Week 2/code) by extension 'ignore_ament_install'
[4.534s] Level 1:colcon.colcon_core.package_identification:_identify(src/trainingv2/Week 2/code) by extensions ['colcon_pkg']
[4.534s] Level 1:colcon.colcon_core.package_identification:_identify(src/trainingv2/Week 2/code) by extension 'colcon_pkg'
[4.538s] Level 1:colcon.colcon_core.package_identification:_identify(src/trainingv2/Week 2/code) by extensions ['colcon_meta']
[4.538s] Level 1:colcon.colcon_core.package_identification:_identify(src/trainingv2/Week 2/code) by extension 'colcon_meta'
[4.546s] Level 1:colcon.colcon_core.package_identification:_identify(src/trainingv2/Week 2/code) by extensions ['ros']
[4.546s] Level 1:colcon.colcon_core.package_identification:_identify(src/trainingv2/Week 2/code) by extension 'ros'
[4.563s] Level 1:colcon.colcon_core.package_identification:_identify(src/trainingv2/Week 2/code) by extensions ['cmake', 'python']
[4.563s] Level 1:colcon.colcon_core.package_identification:_identify(src/trainingv2/Week 2/code) by extension 'cmake'
[4.566s] Level 1:colcon.colcon_core.package_identification:_identify(src/trainingv2/Week 2/code) by extension 'python'
[4.570s] Level 1:colcon.colcon_core.package_identification:_identify(src/trainingv2/Week 2/code) by extensions ['python_setup_py']
[4.570s] Level 1:colcon.colcon_core.package_identification:_identify(src/trainingv2/Week 2/code) by extension 'python_setup_py'
[4.592s] Level 1:colcon.colcon_core.package_identification:_identify(src/trainingv2/Week 2/code/include) by extensions ['ignore', 'ignore_ament_install']
[4.593s] Level 1:colcon.colcon_core.package_identification:_identify(src/trainingv2/Week 2/code/include) by extension 'ignore'
[4.598s] Level 1:colcon.colcon_core.package_identification:_identify(src/trainingv2/Week 2/code/include) by extension 'ignore_ament_install'
[4.605s] Level 1:colcon.colcon_core.package_identification:_identify(src/trainingv2/Week 2/code/include) by extensions ['colcon_pkg']
[4.605s] Level 1:colcon.colcon_core.package_identification:_identify(src/trainingv2/Week 2/code/include) by extension 'colcon_pkg'
[4.609s] Level 1:colcon.colcon_core.package_identification:_identify(src/trainingv2/Week 2/code/include) by extensions ['colcon_meta']
[4.610s] Level 1:colcon.colcon_core.package_identification:_identify(src/trainingv2/Week 2/code/include) by extension 'colcon_meta'
[4.621s] Level 1:colcon.colcon_core.package_identification:_identify(src/trainingv2/Week 2/code/include) by extensions ['ros']
[4.621s] Level 1:colcon.colcon_core.package_identification:_identify(src/trainingv2/Week 2/code/include) by extension 'ros'
[4.640s] Level 1:colcon.colcon_core.package_identification:_identify(src/trainingv2/Week 2/code/include) by extensions ['cmake', 'python']
[4.641s] Level 1:colcon.colcon_core.package_identification:_identify(src/trainingv2/Week 2/code/include) by extension 'cmake'
[4.645s] Level 1:colcon.colcon_core.package_identification:_identify(src/trainingv2/Week 2/code/include) by extension 'python'
[4.649s] Level 1:colcon.colcon_core.package_identification:_identify(src/trainingv2/Week 2/code/include) by extensions ['python_setup_py']
[4.650s] Level 1:colcon.colcon_core.package_identification:_identify(src/trainingv2/Week 2/code/include) by extension 'python_setup_py'
[4.676s] Level 1:colcon.colcon_core.package_identification:_identify(src/trainingv2/Week 2/code/src) by extensions ['ignore', 'ignore_ament_install']
[4.676s] Level 1:colcon.colcon_core.package_identification:_identify(src/trainingv2/Week 2/code/src) by extension 'ignore'
[4.681s] Level 1:colcon.colcon_core.package_identification:_identify(src/trainingv2/Week 2/code/src) by extension 'ignore_ament_install'
[4.693s] Level 1:colcon.colcon_core.package_identification:_identify(src/trainingv2/Week 2/code/src) by extensions ['colcon_pkg']
[4.693s] Level 1:colcon.colcon_core.package_identification:_identify(src/trainingv2/Week 2/code/src) by extension 'colcon_pkg'
[4.698s] Level 1:colcon.colcon_core.package_identification:_identify(src/trainingv2/Week 2/code/src) by extensions ['colcon_meta']
[4.698s] Level 1:colcon.colcon_core.package_identification:_identify(src/trainingv2/Week 2/code/src) by extension 'colcon_meta'
[4.711s] Level 1:colcon.colcon_core.package_identification:_identify(src/trainingv2/Week 2/code/src) by extensions ['ros']
[4.711s] Level 1:colcon.colcon_core.package_identification:_identify(src/trainingv2/Week 2/code/src) by extension 'ros'
[4.731s] Level 1:colcon.colcon_core.package_identification:_identify(src/trainingv2/Week 2/code/src) by extensions ['cmake', 'python']
[4.732s] Level 1:colcon.colcon_core.package_identification:_identify(src/trainingv2/Week 2/code/src) by extension 'cmake'
[4.736s] Level 1:colcon.colcon_core.package_identification:_identify(src/trainingv2/Week 2/code/src) by extension 'python'
[4.740s] Level 1:colcon.colcon_core.package_identification:_identify(src/trainingv2/Week 2/code/src) by extensions ['python_setup_py']
[4.741s] Level 1:colcon.colcon_core.package_identification:_identify(src/trainingv2/Week 2/code/src) by extension 'python_setup_py'
[4.755s] Level 1:colcon.colcon_core.package_identification:_identify(src/trainingv2/Week 2/lecture_material) by extensions ['ignore', 'ignore_ament_install']
[4.755s] Level 1:colcon.colcon_core.package_identification:_identify(src/trainingv2/Week 2/lecture_material) by extension 'ignore'
[4.758s] Level 1:colcon.colcon_core.package_identification:_identify(src/trainingv2/Week 2/lecture_material) by extension 'ignore_ament_install'
[4.764s] Level 1:colcon.colcon_core.package_identification:_identify(src/trainingv2/Week 2/lecture_material) by extensions ['colcon_pkg']
[4.764s] Level 1:colcon.colcon_core.package_identification:_identify(src/trainingv2/Week 2/lecture_material) by extension 'colcon_pkg'
[4.767s] Level 1:colcon.colcon_core.package_identification:_identify(src/trainingv2/Week 2/lecture_material) by extensions ['colcon_meta']
[4.768s] Level 1:colcon.colcon_core.package_identification:_identify(src/trainingv2/Week 2/lecture_material) by extension 'colcon_meta'
[4.776s] Level 1:colcon.colcon_core.package_identification:_identify(src/trainingv2/Week 2/lecture_material) by extensions ['ros']
[4.776s] Level 1:colcon.colcon_core.package_identification:_identify(src/trainingv2/Week 2/lecture_material) by extension 'ros'
[4.791s] Level 1:colcon.colcon_core.package_identification:_identify(src/trainingv2/Week 2/lecture_material) by extensions ['cmake', 'python']
[4.791s] Level 1:colcon.colcon_core.package_identification:_identify(src/trainingv2/Week 2/lecture_material) by extension 'cmake'
[4.794s] Level 1:colcon.colcon_core.package_identification:_identify(src/trainingv2/Week 2/lecture_material) by extension 'python'
[4.797s] Level 1:colcon.colcon_core.package_identification:_identify(src/trainingv2/Week 2/lecture_material) by extensions ['python_setup_py']
[4.797s] Level 1:colcon.colcon_core.package_identification:_identify(src/trainingv2/Week 2/lecture_material) by extension 'python_setup_py'
[4.806s] Level 1:colcon.colcon_core.package_identification:_identify(src/trainingv2/Week 3) by extensions ['ignore', 'ignore_ament_install']
[4.807s] Level 1:colcon.colcon_core.package_identification:_identify(src/trainingv2/Week 3) by extension 'ignore'
[4.809s] Level 1:colcon.colcon_core.package_identification:_identify(src/trainingv2/Week 3) by extension 'ignore_ament_install'
[4.813s] Level 1:colcon.colcon_core.package_identification:_identify(src/trainingv2/Week 3) by extensions ['colcon_pkg']
[4.814s] Level 1:colcon.colcon_core.package_identification:_identify(src/trainingv2/Week 3) by extension 'colcon_pkg'
[4.816s] Level 1:colcon.colcon_core.package_identification:_identify(src/trainingv2/Week 3) by extensions ['colcon_meta']
[4.817s] Level 1:colcon.colcon_core.package_identification:_identify(src/trainingv2/Week 3) by extension 'colcon_meta'
[4.822s] Level 1:colcon.colcon_core.package_identification:_identify(src/trainingv2/Week 3) by extensions ['ros']
[4.823s] Level 1:colcon.colcon_core.package_identification:_identify(src/trainingv2/Week 3) by extension 'ros'
[4.834s] Level 1:colcon.colcon_core.package_identification:_identify(src/trainingv2/Week 3) by extensions ['cmake', 'python']
[4.834s] Level 1:colcon.colcon_core.package_identification:_identify(src/trainingv2/Week 3) by extension 'cmake'
[4.837s] Level 1:colcon.colcon_core.package_identification:_identify(src/trainingv2/Week 3) by extension 'python'
[4.839s] Level 1:colcon.colcon_core.package_identification:_identify(src/trainingv2/Week 3) by extensions ['python_setup_py']
[4.839s] Level 1:colcon.colcon_core.package_identification:_identify(src/trainingv2/Week 3) by extension 'python_setup_py'
[4.851s] Level 1:colcon.colcon_core.package_identification:_identify(src/trainingv2/Week 3/lecture_material) by extensions ['ignore', 'ignore_ament_install']
[4.852s] Level 1:colcon.colcon_core.package_identification:_identify(src/trainingv2/Week 3/lecture_material) by extension 'ignore'
[4.854s] Level 1:colcon.colcon_core.package_identification:_identify(src/trainingv2/Week 3/lecture_material) by extension 'ignore_ament_install'
[4.861s] Level 1:colcon.colcon_core.package_identification:_identify(src/trainingv2/Week 3/lecture_material) by extensions ['colcon_pkg']
[4.861s] Level 1:colcon.colcon_core.package_identification:_identify(src/trainingv2/Week 3/lecture_material) by extension 'colcon_pkg'
[4.865s] Level 1:colcon.colcon_core.package_identification:_identify(src/trainingv2/Week 3/lecture_material) by extensions ['colcon_meta']
[4.865s] Level 1:colcon.colcon_core.package_identification:_identify(src/trainingv2/Week 3/lecture_material) by extension 'colcon_meta'
[4.873s] Level 1:colcon.colcon_core.package_identification:_identify(src/trainingv2/Week 3/lecture_material) by extensions ['ros']
[4.873s] Level 1:colcon.colcon_core.package_identification:_identify(src/trainingv2/Week 3/lecture_material) by extension 'ros'
[4.887s] Level 1:colcon.colcon_core.package_identification:_identify(src/trainingv2/Week 3/lecture_material) by extensions ['cmake', 'python']
[4.888s] Level 1:colcon.colcon_core.package_identification:_identify(src/trainingv2/Week 3/lecture_material) by extension 'cmake'
[4.891s] Level 1:colcon.colcon_core.package_identification:_identify(src/trainingv2/Week 3/lecture_material) by extension 'python'
[4.894s] Level 1:colcon.colcon_core.package_identification:_identify(src/trainingv2/Week 3/lecture_material) by extensions ['python_setup_py']
[4.894s] Level 1:colcon.colcon_core.package_identification:_identify(src/trainingv2/Week 3/lecture_material) by extension 'python_setup_py'
[4.909s] Level 1:colcon.colcon_core.package_identification:_identify(src/trainingv2/Week 4) by extensions ['ignore', 'ignore_ament_install']
[4.909s] Level 1:colcon.colcon_core.package_identification:_identify(src/trainingv2/Week 4) by extension 'ignore'
[4.912s] Level 1:colcon.colcon_core.package_identification:_identify(src/trainingv2/Week 4) by extension 'ignore_ament_install'
[4.917s] Level 1:colcon.colcon_core.package_identification:_identify(src/trainingv2/Week 4) by extensions ['colcon_pkg']
[4.917s] Level 1:colcon.colcon_core.package_identification:_identify(src/trainingv2/Week 4) by extension 'colcon_pkg'
[4.920s] Level 1:colcon.colcon_core.package_identification:_identify(src/trainingv2/Week 4) by extensions ['colcon_meta']
[4.920s] Level 1:colcon.colcon_core.package_identification:_identify(src/trainingv2/Week 4) by extension 'colcon_meta'
[4.925s] Level 1:colcon.colcon_core.package_identification:_identify(src/trainingv2/Week 4) by extensions ['ros']
[4.926s] Level 1:colcon.colcon_core.package_identification:_identify(src/trainingv2/Week 4) by extension 'ros'
[4.937s] Level 1:colcon.colcon_core.package_identification:_identify(src/trainingv2/Week 4) by extensions ['cmake', 'python']
[4.938s] Level 1:colcon.colcon_core.package_identification:_identify(src/trainingv2/Week 4) by extension 'cmake'
[4.940s] Level 1:colcon.colcon_core.package_identification:_identify(src/trainingv2/Week 4) by extension 'python'
[4.943s] Level 1:colcon.colcon_core.package_identification:_identify(src/trainingv2/Week 4) by extensions ['python_setup_py']
[4.944s] Level 1:colcon.colcon_core.package_identification:_identify(src/trainingv2/Week 4) by extension 'python_setup_py'
[4.961s] Level 1:colcon.colcon_core.package_identification:_identify(src/trainingv2/Week 4/lecture_material) by extensions ['ignore', 'ignore_ament_install']
[4.962s] Level 1:colcon.colcon_core.package_identification:_identify(src/trainingv2/Week 4/lecture_material) by extension 'ignore'
[4.965s] Level 1:colcon.colcon_core.package_identification:_identify(src/trainingv2/Week 4/lecture_material) by extension 'ignore_ament_install'
[4.971s] Level 1:colcon.colcon_core.package_identification:_identify(src/trainingv2/Week 4/lecture_material) by extensions ['colcon_pkg']
[4.972s] Level 1:colcon.colcon_core.package_identification:_identify(src/trainingv2/Week 4/lecture_material) by extension 'colcon_pkg'
[4.975s] Level 1:colcon.colcon_core.package_identification:_identify(src/trainingv2/Week 4/lecture_material) by extensions ['colcon_meta']
[4.975s] Level 1:colcon.colcon_core.package_identification:_identify(src/trainingv2/Week 4/lecture_material) by extension 'colcon_meta'
[4.986s] Level 1:colcon.colcon_core.package_identification:_identify(src/trainingv2/Week 4/lecture_material) by extensions ['ros']
[4.987s] Level 1:colcon.colcon_core.package_identification:_identify(src/trainingv2/Week 4/lecture_material) by extension 'ros'
[5.009s] Level 1:colcon.colcon_core.package_identification:_identify(src/trainingv2/Week 4/lecture_material) by extensions ['cmake', 'python']
[5.010s] Level 1:colcon.colcon_core.package_identification:_identify(src/trainingv2/Week 4/lecture_material) by extension 'cmake'
[5.014s] Level 1:colcon.colcon_core.package_identification:_identify(src/trainingv2/Week 4/lecture_material) by extension 'python'
[5.019s] Level 1:colcon.colcon_core.package_identification:_identify(src/trainingv2/Week 4/lecture_material) by extensions ['python_setup_py']
[5.020s] Level 1:colcon.colcon_core.package_identification:_identify(src/trainingv2/Week 4/lecture_material) by extension 'python_setup_py'
[5.033s] Level 1:colcon.colcon_core.package_identification:_identify(src/trainingv2/cmake) by extensions ['ignore', 'ignore_ament_install']
[5.034s] Level 1:colcon.colcon_core.package_identification:_identify(src/trainingv2/cmake) by extension 'ignore'
[5.037s] Level 1:colcon.colcon_core.package_identification:_identify(src/trainingv2/cmake) by extension 'ignore_ament_install'
[5.043s] Level 1:colcon.colcon_core.package_identification:_identify(src/trainingv2/cmake) by extensions ['colcon_pkg']
[5.043s] Level 1:colcon.colcon_core.package_identification:_identify(src/trainingv2/cmake) by extension 'colcon_pkg'
[5.046s] Level 1:colcon.colcon_core.package_identification:_identify(src/trainingv2/cmake) by extensions ['colcon_meta']
[5.046s] Level 1:colcon.colcon_core.package_identification:_identify(src/trainingv2/cmake) by extension 'colcon_meta'
[5.052s] Level 1:colcon.colcon_core.package_identification:_identify(src/trainingv2/cmake) by extensions ['ros']
[5.052s] Level 1:colcon.colcon_core.package_identification:_identify(src/trainingv2/cmake) by extension 'ros'
[5.063s] Level 1:colcon.colcon_core.package_identification:_identify(src/trainingv2/cmake) by extensions ['cmake', 'python']
[5.064s] Level 1:colcon.colcon_core.package_identification:_identify(src/trainingv2/cmake) by extension 'cmake'
[5.066s] Level 1:colcon.colcon_core.package_identification:_identify(src/trainingv2/cmake) by extension 'python'
[5.068s] Level 1:colcon.colcon_core.package_identification:_identify(src/trainingv2/cmake) by extensions ['python_setup_py']
[5.069s] Level 1:colcon.colcon_core.package_identification:_identify(src/trainingv2/cmake) by extension 'python_setup_py'
[5.080s] Level 1:colcon.colcon_core.package_identification:_identify(src/trainingv2/controller_project) by extensions ['ignore', 'ignore_ament_install']
[5.081s] Level 1:colcon.colcon_core.package_identification:_identify(src/trainingv2/controller_project) by extension 'ignore'
[5.083s] Level 1:colcon.colcon_core.package_identification:_identify(src/trainingv2/controller_project) by extension 'ignore_ament_install'
[5.087s] Level 1:colcon.colcon_core.package_identification:_identify(src/trainingv2/controller_project) by extensions ['colcon_pkg']
[5.087s] Level 1:colcon.colcon_core.package_identification:_identify(src/trainingv2/controller_project) by extension 'colcon_pkg'
[5.090s] Level 1:colcon.colcon_core.package_identification:_identify(src/trainingv2/controller_project) by extensions ['colcon_meta']
[5.090s] Level 1:colcon.colcon_core.package_identification:_identify(src/trainingv2/controller_project) by extension 'colcon_meta'
[5.096s] Level 1:colcon.colcon_core.package_identification:_identify(src/trainingv2/controller_project) by extensions ['ros']
[5.097s] Level 1:colcon.colcon_core.package_identification:_identify(src/trainingv2/controller_project) by extension 'ros'
[5.106s] Level 1:colcon.colcon_core.package_identification:_identify(src/trainingv2/controller_project) by extensions ['cmake', 'python']
[5.107s] Level 1:colcon.colcon_core.package_identification:_identify(src/trainingv2/controller_project) by extension 'cmake'
[5.110s] Level 1:colcon.colcon_core.package_identification:_identify(src/trainingv2/controller_project) by extension 'python'
[5.112s] Level 1:colcon.colcon_core.package_identification:_identify(src/trainingv2/controller_project) by extensions ['python_setup_py']
[5.112s] Level 1:colcon.colcon_core.package_identification:_identify(src/trainingv2/controller_project) by extension 'python_setup_py'
[5.128s] Level 1:colcon.colcon_core.package_identification:_identify(src/trainingv2/controller_project/joystick_msgs) by extensions ['ignore', 'ignore_ament_install']
[5.129s] Level 1:colcon.colcon_core.package_identification:_identify(src/trainingv2/controller_project/joystick_msgs) by extension 'ignore'
[5.134s] Level 1:colcon.colcon_core.package_identification:_identify(src/trainingv2/controller_project/joystick_msgs) by extension 'ignore_ament_install'
[5.141s] Level 1:colcon.colcon_core.package_identification:_identify(src/trainingv2/controller_project/joystick_msgs) by extensions ['colcon_pkg']
[5.142s] Level 1:colcon.colcon_core.package_identification:_identify(src/trainingv2/controller_project/joystick_msgs) by extension 'colcon_pkg'
[5.146s] Level 1:colcon.colcon_core.package_identification:_identify(src/trainingv2/controller_project/joystick_msgs) by extensions ['colcon_meta']
[5.146s] Level 1:colcon.colcon_core.package_identification:_identify(src/trainingv2/controller_project/joystick_msgs) by extension 'colcon_meta'
[5.155s] Level 1:colcon.colcon_core.package_identification:_identify(src/trainingv2/controller_project/joystick_msgs) by extensions ['ros']
[5.155s] Level 1:colcon.colcon_core.package_identification:_identify(src/trainingv2/controller_project/joystick_msgs) by extension 'ros'
[5.210s] DEBUG:colcon.colcon_core.package_identification:Package 'src/trainingv2/controller_project/joystick_msgs' with type 'ros.ament_cmake' and name 'joystick_msgs'
[5.227s] Level 1:colcon.colcon_core.package_identification:_identify(src/trainingv2/controller_project/joystick_package) by extensions ['ignore', 'ignore_ament_install']
[5.227s] Level 1:colcon.colcon_core.package_identification:_identify(src/trainingv2/controller_project/joystick_package) by extension 'ignore'
[5.230s] Level 1:colcon.colcon_core.package_identification:_identify(src/trainingv2/controller_project/joystick_package) by extension 'ignore_ament_install'
[5.235s] Level 1:colcon.colcon_core.package_identification:_identify(src/trainingv2/controller_project/joystick_package) by extensions ['colcon_pkg']
[5.235s] Level 1:colcon.colcon_core.package_identification:_identify(src/trainingv2/controller_project/joystick_package) by extension 'colcon_pkg'
[5.240s] Level 1:colcon.colcon_core.package_identification:_identify(src/trainingv2/controller_project/joystick_package) by extensions ['colcon_meta']
[5.241s] Level 1:colcon.colcon_core.package_identification:_identify(src/trainingv2/controller_project/joystick_package) by extension 'colcon_meta'
[5.248s] Level 1:colcon.colcon_core.package_identification:_identify(src/trainingv2/controller_project/joystick_package) by extensions ['ros']
[5.248s] Level 1:colcon.colcon_core.package_identification:_identify(src/trainingv2/controller_project/joystick_package) by extension 'ros'
[5.298s] DEBUG:colcon.colcon_core.package_identification:Package 'src/trainingv2/controller_project/joystick_package' with type 'ros.ament_cmake' and name 'joystick_package'
[5.310s] Level 1:colcon.colcon_core.package_identification:_identify(src/trainingv2/documents) by extensions ['ignore', 'ignore_ament_install']
[5.311s] Level 1:colcon.colcon_core.package_identification:_identify(src/trainingv2/documents) by extension 'ignore'
[5.315s] Level 1:colcon.colcon_core.package_identification:_identify(src/trainingv2/documents) by extension 'ignore_ament_install'
[5.320s] Level 1:colcon.colcon_core.package_identification:_identify(src/trainingv2/documents) by extensions ['colcon_pkg']
[5.321s] Level 1:colcon.colcon_core.package_identification:_identify(src/trainingv2/documents) by extension 'colcon_pkg'
[5.323s] Level 1:colcon.colcon_core.package_identification:_identify(src/trainingv2/documents) by extensions ['colcon_meta']
[5.323s] Level 1:colcon.colcon_core.package_identification:_identify(src/trainingv2/documents) by extension 'colcon_meta'
[5.329s] Level 1:colcon.colcon_core.package_identification:_identify(src/trainingv2/documents) by extensions ['ros']
[5.329s] Level 1:colcon.colcon_core.package_identification:_identify(src/trainingv2/documents) by extension 'ros'
[5.340s] Level 1:colcon.colcon_core.package_identification:_identify(src/trainingv2/documents) by extensions ['cmake', 'python']
[5.341s] Level 1:colcon.colcon_core.package_identification:_identify(src/trainingv2/documents) by extension 'cmake'
[5.343s] Level 1:colcon.colcon_core.package_identification:_identify(src/trainingv2/documents) by extension 'python'
[5.345s] Level 1:colcon.colcon_core.package_identification:_identify(src/trainingv2/documents) by extensions ['python_setup_py']
[5.345s] Level 1:colcon.colcon_core.package_identification:_identify(src/trainingv2/documents) by extension 'python_setup_py'
[5.360s] Level 1:colcon.colcon_core.package_identification:_identify(src/trainingv2/documents/installation) by extensions ['ignore', 'ignore_ament_install']
[5.360s] Level 1:colcon.colcon_core.package_identification:_identify(src/trainingv2/documents/installation) by extension 'ignore'
[5.363s] Level 1:colcon.colcon_core.package_identification:_identify(src/trainingv2/documents/installation) by extension 'ignore_ament_install'
[5.370s] Level 1:colcon.colcon_core.package_identification:_identify(src/trainingv2/documents/installation) by extensions ['colcon_pkg']
[5.370s] Level 1:colcon.colcon_core.package_identification:_identify(src/trainingv2/documents/installation) by extension 'colcon_pkg'
[5.373s] Level 1:colcon.colcon_core.package_identification:_identify(src/trainingv2/documents/installation) by extensions ['colcon_meta']
[5.373s] Level 1:colcon.colcon_core.package_identification:_identify(src/trainingv2/documents/installation) by extension 'colcon_meta'
[5.380s] Level 1:colcon.colcon_core.package_identification:_identify(src/trainingv2/documents/installation) by extensions ['ros']
[5.380s] Level 1:colcon.colcon_core.package_identification:_identify(src/trainingv2/documents/installation) by extension 'ros'
[5.395s] Level 1:colcon.colcon_core.package_identification:_identify(src/trainingv2/documents/installation) by extensions ['cmake', 'python']
[5.395s] Level 1:colcon.colcon_core.package_identification:_identify(src/trainingv2/documents/installation) by extension 'cmake'
[5.398s] Level 1:colcon.colcon_core.package_identification:_identify(src/trainingv2/documents/installation) by extension 'python'
[5.401s] Level 1:colcon.colcon_core.package_identification:_identify(src/trainingv2/documents/installation) by extensions ['python_setup_py']
[5.402s] Level 1:colcon.colcon_core.package_identification:_identify(src/trainingv2/documents/installation) by extension 'python_setup_py'
[5.416s] Level 1:colcon.colcon_core.package_identification:_identify(src/trainingv2/documents/pictures) by extensions ['ignore', 'ignore_ament_install']
[5.416s] Level 1:colcon.colcon_core.package_identification:_identify(src/trainingv2/documents/pictures) by extension 'ignore'
[5.420s] Level 1:colcon.colcon_core.package_identification:_identify(src/trainingv2/documents/pictures) by extension 'ignore_ament_install'
[5.427s] Level 1:colcon.colcon_core.package_identification:_identify(src/trainingv2/documents/pictures) by extensions ['colcon_pkg']
[5.427s] Level 1:colcon.colcon_core.package_identification:_identify(src/trainingv2/documents/pictures) by extension 'colcon_pkg'
[5.430s] Level 1:colcon.colcon_core.package_identification:_identify(src/trainingv2/documents/pictures) by extensions ['colcon_meta']
[5.430s] Level 1:colcon.colcon_core.package_identification:_identify(src/trainingv2/documents/pictures) by extension 'colcon_meta'
[5.436s] Level 1:colcon.colcon_core.package_identification:_identify(src/trainingv2/documents/pictures) by extensions ['ros']
[5.437s] Level 1:colcon.colcon_core.package_identification:_identify(src/trainingv2/documents/pictures) by extension 'ros'
[5.450s] Level 1:colcon.colcon_core.package_identification:_identify(src/trainingv2/documents/pictures) by extensions ['cmake', 'python']
[5.450s] Level 1:colcon.colcon_core.package_identification:_identify(src/trainingv2/documents/pictures) by extension 'cmake'
[5.452s] Level 1:colcon.colcon_core.package_identification:_identify(src/trainingv2/documents/pictures) by extension 'python'
[5.455s] Level 1:colcon.colcon_core.package_identification:_identify(src/trainingv2/documents/pictures) by extensions ['python_setup_py']
[5.456s] Level 1:colcon.colcon_core.package_identification:_identify(src/trainingv2/documents/pictures) by extension 'python_setup_py'
[5.467s] Level 1:colcon.colcon_core.package_identification:_identify(src/trainingv2/turtlesim_project) by extensions ['ignore', 'ignore_ament_install']
[5.468s] Level 1:colcon.colcon_core.package_identification:_identify(src/trainingv2/turtlesim_project) by extension 'ignore'
[5.470s] Level 1:colcon.colcon_core.package_identification:_identify(src/trainingv2/turtlesim_project) by extension 'ignore_ament_install'
[5.475s] Level 1:colcon.colcon_core.package_identification:_identify(src/trainingv2/turtlesim_project) by extensions ['colcon_pkg']
[5.475s] Level 1:colcon.colcon_core.package_identification:_identify(src/trainingv2/turtlesim_project) by extension 'colcon_pkg'
[5.478s] Level 1:colcon.colcon_core.package_identification:_identify(src/trainingv2/turtlesim_project) by extensions ['colcon_meta']
[5.478s] Level 1:colcon.colcon_core.package_identification:_identify(src/trainingv2/turtlesim_project) by extension 'colcon_meta'
[5.482s] Level 1:colcon.colcon_core.package_identification:_identify(src/trainingv2/turtlesim_project) by extensions ['ros']
[5.482s] Level 1:colcon.colcon_core.package_identification:_identify(src/trainingv2/turtlesim_project) by extension 'ros'
[5.492s] Level 1:colcon.colcon_core.package_identification:_identify(src/trainingv2/turtlesim_project) by extensions ['cmake', 'python']
[5.492s] Level 1:colcon.colcon_core.package_identification:_identify(src/trainingv2/turtlesim_project) by extension 'cmake'
[5.495s] Level 1:colcon.colcon_core.package_identification:_identify(src/trainingv2/turtlesim_project) by extension 'python'
[5.497s] Level 1:colcon.colcon_core.package_identification:_identify(src/trainingv2/turtlesim_project) by extensions ['python_setup_py']
[5.497s] Level 1:colcon.colcon_core.package_identification:_identify(src/trainingv2/turtlesim_project) by extension 'python_setup_py'
[5.509s] Level 1:colcon.colcon_core.package_identification:_identify(src/trainingv2/turtlesim_project/src) by extensions ['ignore', 'ignore_ament_install']
[5.510s] Level 1:colcon.colcon_core.package_identification:_identify(src/trainingv2/turtlesim_project/src) by extension 'ignore'
[5.513s] Level 1:colcon.colcon_core.package_identification:_identify(src/trainingv2/turtlesim_project/src) by extension 'ignore_ament_install'
[5.518s] Level 1:colcon.colcon_core.package_identification:_identify(src/trainingv2/turtlesim_project/src) by extensions ['colcon_pkg']
[5.518s] Level 1:colcon.colcon_core.package_identification:_identify(src/trainingv2/turtlesim_project/src) by extension 'colcon_pkg'
[5.520s] Level 1:colcon.colcon_core.package_identification:_identify(src/trainingv2/turtlesim_project/src) by extensions ['colcon_meta']
[5.521s] Level 1:colcon.colcon_core.package_identification:_identify(src/trainingv2/turtlesim_project/src) by extension 'colcon_meta'
[5.527s] Level 1:colcon.colcon_core.package_identification:_identify(src/trainingv2/turtlesim_project/src) by extensions ['ros']
[5.527s] Level 1:colcon.colcon_core.package_identification:_identify(src/trainingv2/turtlesim_project/src) by extension 'ros'
[5.543s] Level 1:colcon.colcon_core.package_identification:_identify(src/trainingv2/turtlesim_project/src) by extensions ['cmake', 'python']
[5.543s] Level 1:colcon.colcon_core.package_identification:_identify(src/trainingv2/turtlesim_project/src) by extension 'cmake'
[5.546s] Level 1:colcon.colcon_core.package_identification:_identify(src/trainingv2/turtlesim_project/src) by extension 'python'
[5.549s] Level 1:colcon.colcon_core.package_identification:_identify(src/trainingv2/turtlesim_project/src) by extensions ['python_setup_py']
[5.549s] Level 1:colcon.colcon_core.package_identification:_identify(src/trainingv2/turtlesim_project/src) by extension 'python_setup_py'
[5.565s] Level 1:colcon.colcon_core.package_identification:_identify(src/trainingv2/turtlesim_project/src/keyboard) by extensions ['ignore', 'ignore_ament_install']
[5.565s] Level 1:colcon.colcon_core.package_identification:_identify(src/trainingv2/turtlesim_project/src/keyboard) by extension 'ignore'
[5.569s] Level 1:colcon.colcon_core.package_identification:_identify(src/trainingv2/turtlesim_project/src/keyboard) by extension 'ignore_ament_install'
[5.574s] Level 1:colcon.colcon_core.package_identification:_identify(src/trainingv2/turtlesim_project/src/keyboard) by extensions ['colcon_pkg']
[5.575s] Level 1:colcon.colcon_core.package_identification:_identify(src/trainingv2/turtlesim_project/src/keyboard) by extension 'colcon_pkg'
[5.588s] Level 1:colcon.colcon_core.package_identification:_identify(src/trainingv2/turtlesim_project/src/keyboard) by extensions ['colcon_meta']
[5.589s] Level 1:colcon.colcon_core.package_identification:_identify(src/trainingv2/turtlesim_project/src/keyboard) by extension 'colcon_meta'
[5.599s] Level 1:colcon.colcon_core.package_identification:_identify(src/trainingv2/turtlesim_project/src/keyboard) by extensions ['ros']
[5.599s] Level 1:colcon.colcon_core.package_identification:_identify(src/trainingv2/turtlesim_project/src/keyboard) by extension 'ros'
[5.649s] DEBUG:colcon.colcon_core.package_identification:Package 'src/trainingv2/turtlesim_project/src/keyboard' with type 'ros.ament_python' and name 'keyboard'
[5.667s] Level 1:colcon.colcon_core.package_identification:_identify(src/trainingv2/turtlesim_project/src/teleop) by extensions ['ignore', 'ignore_ament_install']
[5.667s] Level 1:colcon.colcon_core.package_identification:_identify(src/trainingv2/turtlesim_project/src/teleop) by extension 'ignore'
[5.671s] Level 1:colcon.colcon_core.package_identification:_identify(src/trainingv2/turtlesim_project/src/teleop) by extension 'ignore_ament_install'
[5.677s] Level 1:colcon.colcon_core.package_identification:_identify(src/trainingv2/turtlesim_project/src/teleop) by extensions ['colcon_pkg']
[5.677s] Level 1:colcon.colcon_core.package_identification:_identify(src/trainingv2/turtlesim_project/src/teleop) by extension 'colcon_pkg'
[5.680s] Level 1:colcon.colcon_core.package_identification:_identify(src/trainingv2/turtlesim_project/src/teleop) by extensions ['colcon_meta']
[5.680s] Level 1:colcon.colcon_core.package_identification:_identify(src/trainingv2/turtlesim_project/src/teleop) by extension 'colcon_meta'
[5.692s] Level 1:colcon.colcon_core.package_identification:_identify(src/trainingv2/turtlesim_project/src/teleop) by extensions ['ros']
[5.692s] Level 1:colcon.colcon_core.package_identification:_identify(src/trainingv2/turtlesim_project/src/teleop) by extension 'ros'
[5.746s] DEBUG:colcon.colcon_core.package_identification:Package 'src/trainingv2/turtlesim_project/src/teleop' with type 'ros.ament_cmake' and name 'teleop'
[5.746s] Level 1:colcon.colcon_core.package_discovery:discover_packages(recursive) using defaults
[5.747s] Level 1:colcon.colcon_core.package_discovery:discover_packages(ignore) discover
[5.747s] Level 1:colcon.colcon_core.package_discovery:discover_packages(ignore) using defaults
[5.747s] Level 1:colcon.colcon_core.package_discovery:discover_packages(path) discover
[5.748s] Level 1:colcon.colcon_core.package_discovery:discover_packages(path) using defaults
[6.291s] Level 1:colcon.colcon_core.package_discovery:discover_packages(prefix_path) check parameters
[6.291s] Level 1:colcon.colcon_core.package_discovery:discover_packages(prefix_path) discover
[6.887s] DEBUG:colcon.colcon_installed_package_information.package_discovery:Found 27 installed packages in /home/ubuntu/rj_training_container/training_ws/install
[6.891s] DEBUG:colcon.colcon_installed_package_information.package_discovery:Found 339 installed packages in /opt/ros/humble
[6.895s] Level 1:colcon.colcon_core.package_discovery:discover_packages(prefix_path) using defaults
[7.591s] Level 5:colcon.colcon_core.verb:set package 'astar_path_planner' build argument 'cmake_args' from command line to 'None'
[7.592s] Level 5:colcon.colcon_core.verb:set package 'astar_path_planner' build argument 'cmake_target' from command line to 'None'
[7.593s] Level 5:colcon.colcon_core.verb:set package 'astar_path_planner' build argument 'cmake_target_skip_unavailable' from command line to 'False'
[7.594s] Level 5:colcon.colcon_core.verb:set package 'astar_path_planner' build argument 'cmake_clean_cache' from command line to 'False'
[7.594s] Level 5:colcon.colcon_core.verb:set package 'astar_path_planner' build argument 'cmake_clean_first' from command line to 'False'
[7.595s] Level 5:colcon.colcon_core.verb:set package 'astar_path_planner' build argument 'cmake_force_configure' from command line to 'False'
[7.595s] Level 5:colcon.colcon_core.verb:set package 'astar_path_planner' build argument 'ament_cmake_args' from command line to 'None'
[7.596s] Level 5:colcon.colcon_core.verb:set package 'astar_path_planner' build argument 'catkin_cmake_args' from command line to 'None'
[7.596s] Level 5:colcon.colcon_core.verb:set package 'astar_path_planner' build argument 'catkin_skip_building_tests' from command line to 'False'
[7.596s] DEBUG:colcon.colcon_core.verb:Building package 'astar_path_planner' with the following arguments: {'ament_cmake_args': None, 'build_base': '/home/ubuntu/rj_training_container/training_ws/build/astar_path_planner', 'catkin_cmake_args': None, 'catkin_skip_building_tests': False, 'cmake_args': None, 'cmake_clean_cache': False, 'cmake_clean_first': False, 'cmake_force_configure': False, 'cmake_target': None, 'cmake_target_skip_unavailable': False, 'install_base': '/home/ubuntu/rj_training_container/training_ws/install/astar_path_planner', 'merge_install': False, 'path': '/home/ubuntu/rj_training_container/training_ws/src/software-training-old/astar_path_planner', 'symlink_install': False, 'test_result_base': None}
[7.597s] Level 5:colcon.colcon_core.verb:set package 'controllers' build argument 'cmake_args' from command line to 'None'
[7.598s] Level 5:colcon.colcon_core.verb:set package 'controllers' build argument 'cmake_target' from command line to 'None'
[7.598s] Level 5:colcon.colcon_core.verb:set package 'controllers' build argument 'cmake_target_skip_unavailable' from command line to 'False'
[7.598s] Level 5:colcon.colcon_core.verb:set package 'controllers' build argument 'cmake_clean_cache' from command line to 'False'
[7.599s] Level 5:colcon.colcon_core.verb:set package 'controllers' build argument 'cmake_clean_first' from command line to 'False'
[7.599s] Level 5:colcon.colcon_core.verb:set package 'controllers' build argument 'cmake_force_configure' from command line to 'False'
[7.599s] Level 5:colcon.colcon_core.verb:set package 'controllers' build argument 'ament_cmake_args' from command line to 'None'
[7.600s] Level 5:colcon.colcon_core.verb:set package 'controllers' build argument 'catkin_cmake_args' from command line to 'None'
[7.600s] Level 5:colcon.colcon_core.verb:set package 'controllers' build argument 'catkin_skip_building_tests' from command line to 'False'
[7.600s] DEBUG:colcon.colcon_core.verb:Building package 'controllers' with the following arguments: {'ament_cmake_args': None, 'build_base': '/home/ubuntu/rj_training_container/training_ws/build/controllers', 'catkin_cmake_args': None, 'catkin_skip_building_tests': False, 'cmake_args': None, 'cmake_clean_cache': False, 'cmake_clean_first': False, 'cmake_force_configure': False, 'cmake_target': None, 'cmake_target_skip_unavailable': False, 'install_base': '/home/ubuntu/rj_training_container/training_ws/install/controllers', 'merge_install': False, 'path': '/home/ubuntu/rj_training_container/training_ws/src/software-training-old/controllers', 'symlink_install': False, 'test_result_base': None}
[7.601s] Level 5:colcon.colcon_core.verb:set package 'joystick_msgs' build argument 'cmake_args' from command line to 'None'
[7.601s] Level 5:colcon.colcon_core.verb:set package 'joystick_msgs' build argument 'cmake_target' from command line to 'None'
[7.602s] Level 5:colcon.colcon_core.verb:set package 'joystick_msgs' build argument 'cmake_target_skip_unavailable' from command line to 'False'
[7.602s] Level 5:colcon.colcon_core.verb:set package 'joystick_msgs' build argument 'cmake_clean_cache' from command line to 'False'
[7.602s] Level 5:colcon.colcon_core.verb:set package 'joystick_msgs' build argument 'cmake_clean_first' from command line to 'False'
[7.602s] Level 5:colcon.colcon_core.verb:set package 'joystick_msgs' build argument 'cmake_force_configure' from command line to 'False'
[7.603s] Level 5:colcon.colcon_core.verb:set package 'joystick_msgs' build argument 'ament_cmake_args' from command line to 'None'
[7.603s] Level 5:colcon.colcon_core.verb:set package 'joystick_msgs' build argument 'catkin_cmake_args' from command line to 'None'
[7.603s] Level 5:colcon.colcon_core.verb:set package 'joystick_msgs' build argument 'catkin_skip_building_tests' from command line to 'False'
[7.604s] DEBUG:colcon.colcon_core.verb:Building package 'joystick_msgs' with the following arguments: {'ament_cmake_args': None, 'build_base': '/home/ubuntu/rj_training_container/training_ws/build/joystick_msgs', 'catkin_cmake_args': None, 'catkin_skip_building_tests': False, 'cmake_args': None, 'cmake_clean_cache': False, 'cmake_clean_first': False, 'cmake_force_configure': False, 'cmake_target': None, 'cmake_target_skip_unavailable': False, 'install_base': '/home/ubuntu/rj_training_container/training_ws/install/joystick_msgs', 'merge_install': False, 'path': '/home/ubuntu/rj_training_container/training_ws/src/trainingv2/controller_project/joystick_msgs', 'symlink_install': False, 'test_result_base': None}
[7.604s] Level 5:colcon.colcon_core.verb:set package 'keyboard' build argument 'cmake_args' from command line to 'None'
[7.605s] Level 5:colcon.colcon_core.verb:set package 'keyboard' build argument 'cmake_target' from command line to 'None'
[7.605s] Level 5:colcon.colcon_core.verb:set package 'keyboard' build argument 'cmake_target_skip_unavailable' from command line to 'False'
[7.605s] Level 5:colcon.colcon_core.verb:set package 'keyboard' build argument 'cmake_clean_cache' from command line to 'False'
[7.606s] Level 5:colcon.colcon_core.verb:set package 'keyboard' build argument 'cmake_clean_first' from command line to 'False'
[7.606s] Level 5:colcon.colcon_core.verb:set package 'keyboard' build argument 'cmake_force_configure' from command line to 'False'
[7.606s] Level 5:colcon.colcon_core.verb:set package 'keyboard' build argument 'ament_cmake_args' from command line to 'None'
[7.606s] Level 5:colcon.colcon_core.verb:set package 'keyboard' build argument 'catkin_cmake_args' from command line to 'None'
[7.607s] Level 5:colcon.colcon_core.verb:set package 'keyboard' build argument 'catkin_skip_building_tests' from command line to 'False'
[7.607s] DEBUG:colcon.colcon_core.verb:Building package 'keyboard' with the following arguments: {'ament_cmake_args': None, 'build_base': '/home/ubuntu/rj_training_container/training_ws/build/keyboard', 'catkin_cmake_args': None, 'catkin_skip_building_tests': False, 'cmake_args': None, 'cmake_clean_cache': False, 'cmake_clean_first': False, 'cmake_force_configure': False, 'cmake_target': None, 'cmake_target_skip_unavailable': False, 'install_base': '/home/ubuntu/rj_training_container/training_ws/install/keyboard', 'merge_install': False, 'path': '/home/ubuntu/rj_training_container/training_ws/src/trainingv2/turtlesim_project/src/keyboard', 'symlink_install': False, 'test_result_base': None}
[7.608s] Level 5:colcon.colcon_core.verb:set package 'mapping' build argument 'cmake_args' from command line to 'None'
[7.608s] Level 5:colcon.colcon_core.verb:set package 'mapping' build argument 'cmake_target' from command line to 'None'
[7.608s] Level 5:colcon.colcon_core.verb:set package 'mapping' build argument 'cmake_target_skip_unavailable' from command line to 'False'
[7.609s] Level 5:colcon.colcon_core.verb:set package 'mapping' build argument 'cmake_clean_cache' from command line to 'False'
[7.609s] Level 5:colcon.colcon_core.verb:set package 'mapping' build argument 'cmake_clean_first' from command line to 'False'
[7.609s] Level 5:colcon.colcon_core.verb:set package 'mapping' build argument 'cmake_force_configure' from command line to 'False'
[7.610s] Level 5:colcon.colcon_core.verb:set package 'mapping' build argument 'ament_cmake_args' from command line to 'None'
[7.610s] Level 5:colcon.colcon_core.verb:set package 'mapping' build argument 'catkin_cmake_args' from command line to 'None'
[7.610s] Level 5:colcon.colcon_core.verb:set package 'mapping' build argument 'catkin_skip_building_tests' from command line to 'False'
[7.610s] DEBUG:colcon.colcon_core.verb:Building package 'mapping' with the following arguments: {'ament_cmake_args': None, 'build_base': '/home/ubuntu/rj_training_container/training_ws/build/mapping', 'catkin_cmake_args': None, 'catkin_skip_building_tests': False, 'cmake_args': None, 'cmake_clean_cache': False, 'cmake_clean_first': False, 'cmake_force_configure': False, 'cmake_target': None, 'cmake_target_skip_unavailable': False, 'install_base': '/home/ubuntu/rj_training_container/training_ws/install/mapping', 'merge_install': False, 'path': '/home/ubuntu/rj_training_container/training_ws/src/software-training-old/mapping', 'symlink_install': False, 'test_result_base': None}
[7.611s] Level 5:colcon.colcon_core.verb:set package 'obstacle_detector' build argument 'cmake_args' from command line to 'None'
[7.611s] Level 5:colcon.colcon_core.verb:set package 'obstacle_detector' build argument 'cmake_target' from command line to 'None'
[7.612s] Level 5:colcon.colcon_core.verb:set package 'obstacle_detector' build argument 'cmake_target_skip_unavailable' from command line to 'False'
[7.612s] Level 5:colcon.colcon_core.verb:set package 'obstacle_detector' build argument 'cmake_clean_cache' from command line to 'False'
[7.612s] Level 5:colcon.colcon_core.verb:set package 'obstacle_detector' build argument 'cmake_clean_first' from command line to 'False'
[7.612s] Level 5:colcon.colcon_core.verb:set package 'obstacle_detector' build argument 'cmake_force_configure' from command line to 'False'
[7.612s] Level 5:colcon.colcon_core.verb:set package 'obstacle_detector' build argument 'ament_cmake_args' from command line to 'None'
[7.613s] Level 5:colcon.colcon_core.verb:set package 'obstacle_detector' build argument 'catkin_cmake_args' from command line to 'None'
[7.613s] Level 5:colcon.colcon_core.verb:set package 'obstacle_detector' build argument 'catkin_skip_building_tests' from command line to 'False'
[7.613s] DEBUG:colcon.colcon_core.verb:Building package 'obstacle_detector' with the following arguments: {'ament_cmake_args': None, 'build_base': '/home/ubuntu/rj_training_container/training_ws/build/obstacle_detector', 'catkin_cmake_args': None, 'catkin_skip_building_tests': False, 'cmake_args': None, 'cmake_clean_cache': False, 'cmake_clean_first': False, 'cmake_force_configure': False, 'cmake_target': None, 'cmake_target_skip_unavailable': False, 'install_base': '/home/ubuntu/rj_training_container/training_ws/install/obstacle_detector', 'merge_install': False, 'path': '/home/ubuntu/rj_training_container/training_ws/src/software-training-old/obstacle_detector', 'symlink_install': False, 'test_result_base': None}
[7.614s] Level 5:colcon.colcon_core.verb:set package 'rj_training_bringup' build argument 'cmake_args' from command line to 'None'
[7.614s] Level 5:colcon.colcon_core.verb:set package 'rj_training_bringup' build argument 'cmake_target' from command line to 'None'
[7.614s] Level 5:colcon.colcon_core.verb:set package 'rj_training_bringup' build argument 'cmake_target_skip_unavailable' from command line to 'False'
[7.615s] Level 5:colcon.colcon_core.verb:set package 'rj_training_bringup' build argument 'cmake_clean_cache' from command line to 'False'
[7.615s] Level 5:colcon.colcon_core.verb:set package 'rj_training_bringup' build argument 'cmake_clean_first' from command line to 'False'
[7.615s] Level 5:colcon.colcon_core.verb:set package 'rj_training_bringup' build argument 'cmake_force_configure' from command line to 'False'
[7.615s] Level 5:colcon.colcon_core.verb:set package 'rj_training_bringup' build argument 'ament_cmake_args' from command line to 'None'
[7.615s] Level 5:colcon.colcon_core.verb:set package 'rj_training_bringup' build argument 'catkin_cmake_args' from command line to 'None'
[7.616s] Level 5:colcon.colcon_core.verb:set package 'rj_training_bringup' build argument 'catkin_skip_building_tests' from command line to 'False'
[7.616s] DEBUG:colcon.colcon_core.verb:Building package 'rj_training_bringup' with the following arguments: {'ament_cmake_args': None, 'build_base': '/home/ubuntu/rj_training_container/training_ws/build/rj_training_bringup', 'catkin_cmake_args': None, 'catkin_skip_building_tests': False, 'cmake_args': None, 'cmake_clean_cache': False, 'cmake_clean_first': False, 'cmake_force_configure': False, 'cmake_target': None, 'cmake_target_skip_unavailable': False, 'install_base': '/home/ubuntu/rj_training_container/training_ws/install/rj_training_bringup', 'merge_install': False, 'path': '/home/ubuntu/rj_training_container/training_ws/src/software-training-old/rj_training_bringup', 'symlink_install': False, 'test_result_base': None}
[7.617s] Level 5:colcon.colcon_core.verb:set package 'stsl_gazebo_plugins' build argument 'cmake_args' from command line to 'None'
[7.617s] Level 5:colcon.colcon_core.verb:set package 'stsl_gazebo_plugins' build argument 'cmake_target' from command line to 'None'
[7.617s] Level 5:colcon.colcon_core.verb:set package 'stsl_gazebo_plugins' build argument 'cmake_target_skip_unavailable' from command line to 'False'
[7.617s] Level 5:colcon.colcon_core.verb:set package 'stsl_gazebo_plugins' build argument 'cmake_clean_cache' from command line to 'False'
[7.618s] Level 5:colcon.colcon_core.verb:set package 'stsl_gazebo_plugins' build argument 'cmake_clean_first' from command line to 'False'
[7.618s] Level 5:colcon.colcon_core.verb:set package 'stsl_gazebo_plugins' build argument 'cmake_force_configure' from command line to 'False'
[7.618s] Level 5:colcon.colcon_core.verb:set package 'stsl_gazebo_plugins' build argument 'ament_cmake_args' from command line to 'None'
[7.618s] Level 5:colcon.colcon_core.verb:set package 'stsl_gazebo_plugins' build argument 'catkin_cmake_args' from command line to 'None'
[7.618s] Level 5:colcon.colcon_core.verb:set package 'stsl_gazebo_plugins' build argument 'catkin_skip_building_tests' from command line to 'False'
[7.619s] DEBUG:colcon.colcon_core.verb:Building package 'stsl_gazebo_plugins' with the following arguments: {'ament_cmake_args': None, 'build_base': '/home/ubuntu/rj_training_container/training_ws/build/stsl_gazebo_plugins', 'catkin_cmake_args': None, 'catkin_skip_building_tests': False, 'cmake_args': None, 'cmake_clean_cache': False, 'cmake_clean_first': False, 'cmake_force_configure': False, 'cmake_target': None, 'cmake_target_skip_unavailable': False, 'install_base': '/home/ubuntu/rj_training_container/training_ws/install/stsl_gazebo_plugins', 'merge_install': False, 'path': '/home/ubuntu/rj_training_container/training_ws/src/stsl/stsl_gazebo_plugins', 'symlink_install': False, 'test_result_base': None}
[7.619s] Level 5:colcon.colcon_core.verb:set package 'stsl_interfaces' build argument 'cmake_args' from command line to 'None'
[7.620s] Level 5:colcon.colcon_core.verb:set package 'stsl_interfaces' build argument 'cmake_target' from command line to 'None'
[7.620s] Level 5:colcon.colcon_core.verb:set package 'stsl_interfaces' build argument 'cmake_target_skip_unavailable' from command line to 'False'
[7.620s] Level 5:colcon.colcon_core.verb:set package 'stsl_interfaces' build argument 'cmake_clean_cache' from command line to 'False'
[7.620s] Level 5:colcon.colcon_core.verb:set package 'stsl_interfaces' build argument 'cmake_clean_first' from command line to 'False'
[7.621s] Level 5:colcon.colcon_core.verb:set package 'stsl_interfaces' build argument 'cmake_force_configure' from command line to 'False'
[7.621s] Level 5:colcon.colcon_core.verb:set package 'stsl_interfaces' build argument 'ament_cmake_args' from command line to 'None'
[7.621s] Level 5:colcon.colcon_core.verb:set package 'stsl_interfaces' build argument 'catkin_cmake_args' from command line to 'None'
[7.621s] Level 5:colcon.colcon_core.verb:set package 'stsl_interfaces' build argument 'catkin_skip_building_tests' from command line to 'False'
[7.622s] DEBUG:colcon.colcon_core.verb:Building package 'stsl_interfaces' with the following arguments: {'ament_cmake_args': None, 'build_base': '/home/ubuntu/rj_training_container/training_ws/build/stsl_interfaces', 'catkin_cmake_args': None, 'catkin_skip_building_tests': False, 'cmake_args': None, 'cmake_clean_cache': False, 'cmake_clean_first': False, 'cmake_force_configure': False, 'cmake_target': None, 'cmake_target_skip_unavailable': False, 'install_base': '/home/ubuntu/rj_training_container/training_ws/install/stsl_interfaces', 'merge_install': False, 'path': '/home/ubuntu/rj_training_container/training_ws/src/stsl/stsl_interfaces', 'symlink_install': False, 'test_result_base': None}
[7.622s] Level 5:colcon.colcon_core.verb:set package 'stsl_nav_plugins' build argument 'cmake_args' from command line to 'None'
[7.623s] Level 5:colcon.colcon_core.verb:set package 'stsl_nav_plugins' build argument 'cmake_target' from command line to 'None'
[7.623s] Level 5:colcon.colcon_core.verb:set package 'stsl_nav_plugins' build argument 'cmake_target_skip_unavailable' from command line to 'False'
[7.623s] Level 5:colcon.colcon_core.verb:set package 'stsl_nav_plugins' build argument 'cmake_clean_cache' from command line to 'False'
[7.623s] Level 5:colcon.colcon_core.verb:set package 'stsl_nav_plugins' build argument 'cmake_clean_first' from command line to 'False'
[7.624s] Level 5:colcon.colcon_core.verb:set package 'stsl_nav_plugins' build argument 'cmake_force_configure' from command line to 'False'
[7.624s] Level 5:colcon.colcon_core.verb:set package 'stsl_nav_plugins' build argument 'ament_cmake_args' from command line to 'None'
[7.624s] Level 5:colcon.colcon_core.verb:set package 'stsl_nav_plugins' build argument 'catkin_cmake_args' from command line to 'None'
[7.624s] Level 5:colcon.colcon_core.verb:set package 'stsl_nav_plugins' build argument 'catkin_skip_building_tests' from command line to 'False'
[7.625s] DEBUG:colcon.colcon_core.verb:Building package 'stsl_nav_plugins' with the following arguments: {'ament_cmake_args': None, 'build_base': '/home/ubuntu/rj_training_container/training_ws/build/stsl_nav_plugins', 'catkin_cmake_args': None, 'catkin_skip_building_tests': False, 'cmake_args': None, 'cmake_clean_cache': False, 'cmake_clean_first': False, 'cmake_force_configure': False, 'cmake_target': None, 'cmake_target_skip_unavailable': False, 'install_base': '/home/ubuntu/rj_training_container/training_ws/install/stsl_nav_plugins', 'merge_install': False, 'path': '/home/ubuntu/rj_training_container/training_ws/src/stsl/stsl_nav_plugins', 'symlink_install': False, 'test_result_base': None}
[7.625s] Level 5:colcon.colcon_core.verb:set package 'stsl_utils' build argument 'cmake_args' from command line to 'None'
[7.626s] Level 5:colcon.colcon_core.verb:set package 'stsl_utils' build argument 'cmake_target' from command line to 'None'
[7.626s] Level 5:colcon.colcon_core.verb:set package 'stsl_utils' build argument 'cmake_target_skip_unavailable' from command line to 'False'
[7.626s] Level 5:colcon.colcon_core.verb:set package 'stsl_utils' build argument 'cmake_clean_cache' from command line to 'False'
[7.626s] Level 5:colcon.colcon_core.verb:set package 'stsl_utils' build argument 'cmake_clean_first' from command line to 'False'
[7.626s] Level 5:colcon.colcon_core.verb:set package 'stsl_utils' build argument 'cmake_force_configure' from command line to 'False'
[7.627s] Level 5:colcon.colcon_core.verb:set package 'stsl_utils' build argument 'ament_cmake_args' from command line to 'None'
[7.627s] Level 5:colcon.colcon_core.verb:set package 'stsl_utils' build argument 'catkin_cmake_args' from command line to 'None'
[7.627s] Level 5:colcon.colcon_core.verb:set package 'stsl_utils' build argument 'catkin_skip_building_tests' from command line to 'False'
[7.627s] DEBUG:colcon.colcon_core.verb:Building package 'stsl_utils' with the following arguments: {'ament_cmake_args': None, 'build_base': '/home/ubuntu/rj_training_container/training_ws/build/stsl_utils', 'catkin_cmake_args': None, 'catkin_skip_building_tests': False, 'cmake_args': None, 'cmake_clean_cache': False, 'cmake_clean_first': False, 'cmake_force_configure': False, 'cmake_target': None, 'cmake_target_skip_unavailable': False, 'install_base': '/home/ubuntu/rj_training_container/training_ws/install/stsl_utils', 'merge_install': False, 'path': '/home/ubuntu/rj_training_container/training_ws/src/stsl/stsl_utils', 'symlink_install': False, 'test_result_base': None}
[7.628s] Level 5:colcon.colcon_core.verb:set package 'teleop' build argument 'cmake_args' from command line to 'None'
[7.628s] Level 5:colcon.colcon_core.verb:set package 'teleop' build argument 'cmake_target' from command line to 'None'
[7.629s] Level 5:colcon.colcon_core.verb:set package 'teleop' build argument 'cmake_target_skip_unavailable' from command line to 'False'
[7.629s] Level 5:colcon.colcon_core.verb:set package 'teleop' build argument 'cmake_clean_cache' from command line to 'False'
[7.629s] Level 5:colcon.colcon_core.verb:set package 'teleop' build argument 'cmake_clean_first' from command line to 'False'
[7.630s] Level 5:colcon.colcon_core.verb:set package 'teleop' build argument 'cmake_force_configure' from command line to 'False'
[7.630s] Level 5:colcon.colcon_core.verb:set package 'teleop' build argument 'ament_cmake_args' from command line to 'None'
[7.630s] Level 5:colcon.colcon_core.verb:set package 'teleop' build argument 'catkin_cmake_args' from command line to 'None'
[7.630s] Level 5:colcon.colcon_core.verb:set package 'teleop' build argument 'catkin_skip_building_tests' from command line to 'False'
[7.630s] DEBUG:colcon.colcon_core.verb:Building package 'teleop' with the following arguments: {'ament_cmake_args': None, 'build_base': '/home/ubuntu/rj_training_container/training_ws/build/teleop', 'catkin_cmake_args': None, 'catkin_skip_building_tests': False, 'cmake_args': None, 'cmake_clean_cache': False, 'cmake_clean_first': False, 'cmake_force_configure': False, 'cmake_target': None, 'cmake_target_skip_unavailable': False, 'install_base': '/home/ubuntu/rj_training_container/training_ws/install/teleop', 'merge_install': False, 'path': '/home/ubuntu/rj_training_container/training_ws/src/trainingv2/turtlesim_project/src/teleop', 'symlink_install': False, 'test_result_base': None}
[7.631s] Level 5:colcon.colcon_core.verb:set package 'traini_description' build argument 'cmake_args' from command line to 'None'
[7.632s] Level 5:colcon.colcon_core.verb:set package 'traini_description' build argument 'cmake_target' from command line to 'None'
[7.632s] Level 5:colcon.colcon_core.verb:set package 'traini_description' build argument 'cmake_target_skip_unavailable' from command line to 'False'
[7.632s] Level 5:colcon.colcon_core.verb:set package 'traini_description' build argument 'cmake_clean_cache' from command line to 'False'
[7.632s] Level 5:colcon.colcon_core.verb:set package 'traini_description' build argument 'cmake_clean_first' from command line to 'False'
[7.632s] Level 5:colcon.colcon_core.verb:set package 'traini_description' build argument 'cmake_force_configure' from command line to 'False'
[7.633s] Level 5:colcon.colcon_core.verb:set package 'traini_description' build argument 'ament_cmake_args' from command line to 'None'
[7.633s] Level 5:colcon.colcon_core.verb:set package 'traini_description' build argument 'catkin_cmake_args' from command line to 'None'
[7.633s] Level 5:colcon.colcon_core.verb:set package 'traini_description' build argument 'catkin_skip_building_tests' from command line to 'False'
[7.633s] DEBUG:colcon.colcon_core.verb:Building package 'traini_description' with the following arguments: {'ament_cmake_args': None, 'build_base': '/home/ubuntu/rj_training_container/training_ws/build/traini_description', 'catkin_cmake_args': None, 'catkin_skip_building_tests': False, 'cmake_args': None, 'cmake_clean_cache': False, 'cmake_clean_first': False, 'cmake_force_configure': False, 'cmake_target': None, 'cmake_target_skip_unavailable': False, 'install_base': '/home/ubuntu/rj_training_container/training_ws/install/traini_description', 'merge_install': False, 'path': '/home/ubuntu/rj_training_container/training_ws/src/stsl/traini_description', 'symlink_install': False, 'test_result_base': None}
[7.634s] Level 5:colcon.colcon_core.verb:set package 'coordinate_transform' build argument 'cmake_args' from command line to 'None'
[7.634s] Level 5:colcon.colcon_core.verb:set package 'coordinate_transform' build argument 'cmake_target' from command line to 'None'
[7.635s] Level 5:colcon.colcon_core.verb:set package 'coordinate_transform' build argument 'cmake_target_skip_unavailable' from command line to 'False'
[7.635s] Level 5:colcon.colcon_core.verb:set package 'coordinate_transform' build argument 'cmake_clean_cache' from command line to 'False'
[7.635s] Level 5:colcon.colcon_core.verb:set package 'coordinate_transform' build argument 'cmake_clean_first' from command line to 'False'
[7.635s] Level 5:colcon.colcon_core.verb:set package 'coordinate_transform' build argument 'cmake_force_configure' from command line to 'False'
[7.636s] Level 5:colcon.colcon_core.verb:set package 'coordinate_transform' build argument 'ament_cmake_args' from command line to 'None'
[7.636s] Level 5:colcon.colcon_core.verb:set package 'coordinate_transform' build argument 'catkin_cmake_args' from command line to 'None'
[7.636s] Level 5:colcon.colcon_core.verb:set package 'coordinate_transform' build argument 'catkin_skip_building_tests' from command line to 'False'
[7.636s] DEBUG:colcon.colcon_core.verb:Building package 'coordinate_transform' with the following arguments: {'ament_cmake_args': None, 'build_base': '/home/ubuntu/rj_training_container/training_ws/build/coordinate_transform', 'catkin_cmake_args': None, 'catkin_skip_building_tests': False, 'cmake_args': None, 'cmake_clean_cache': False, 'cmake_clean_first': False, 'cmake_force_configure': False, 'cmake_target': None, 'cmake_target_skip_unavailable': False, 'install_base': '/home/ubuntu/rj_training_container/training_ws/install/coordinate_transform', 'merge_install': False, 'path': '/home/ubuntu/rj_training_container/training_ws/src/software-training-old/coordinate_transform', 'symlink_install': False, 'test_result_base': None}
[7.637s] Level 5:colcon.colcon_core.verb:set package 'elevation_server' build argument 'cmake_args' from command line to 'None'
[7.637s] Level 5:colcon.colcon_core.verb:set package 'elevation_server' build argument 'cmake_target' from command line to 'None'
[7.637s] Level 5:colcon.colcon_core.verb:set package 'elevation_server' build argument 'cmake_target_skip_unavailable' from command line to 'False'
[7.638s] Level 5:colcon.colcon_core.verb:set package 'elevation_server' build argument 'cmake_clean_cache' from command line to 'False'
[7.638s] Level 5:colcon.colcon_core.verb:set package 'elevation_server' build argument 'cmake_clean_first' from command line to 'False'
[7.638s] Level 5:colcon.colcon_core.verb:set package 'elevation_server' build argument 'cmake_force_configure' from command line to 'False'
[7.638s] Level 5:colcon.colcon_core.verb:set package 'elevation_server' build argument 'ament_cmake_args' from command line to 'None'
[7.639s] Level 5:colcon.colcon_core.verb:set package 'elevation_server' build argument 'catkin_cmake_args' from command line to 'None'
[7.639s] Level 5:colcon.colcon_core.verb:set package 'elevation_server' build argument 'catkin_skip_building_tests' from command line to 'False'
[7.639s] DEBUG:colcon.colcon_core.verb:Building package 'elevation_server' with the following arguments: {'ament_cmake_args': None, 'build_base': '/home/ubuntu/rj_training_container/training_ws/build/elevation_server', 'catkin_cmake_args': None, 'catkin_skip_building_tests': False, 'cmake_args': None, 'cmake_clean_cache': False, 'cmake_clean_first': False, 'cmake_force_configure': False, 'cmake_target': None, 'cmake_target_skip_unavailable': False, 'install_base': '/home/ubuntu/rj_training_container/training_ws/install/elevation_server', 'merge_install': False, 'path': '/home/ubuntu/rj_training_container/training_ws/src/stsl/elevation_server', 'symlink_install': False, 'test_result_base': None}
[7.640s] Level 5:colcon.colcon_core.verb:set package 'joystick_package' build argument 'cmake_args' from command line to 'None'
[7.640s] Level 5:colcon.colcon_core.verb:set package 'joystick_package' build argument 'cmake_target' from command line to 'None'
[7.640s] Level 5:colcon.colcon_core.verb:set package 'joystick_package' build argument 'cmake_target_skip_unavailable' from command line to 'False'
[7.641s] Level 5:colcon.colcon_core.verb:set package 'joystick_package' build argument 'cmake_clean_cache' from command line to 'False'
[7.641s] Level 5:colcon.colcon_core.verb:set package 'joystick_package' build argument 'cmake_clean_first' from command line to 'False'
[7.641s] Level 5:colcon.colcon_core.verb:set package 'joystick_package' build argument 'cmake_force_configure' from command line to 'False'
[7.641s] Level 5:colcon.colcon_core.verb:set package 'joystick_package' build argument 'ament_cmake_args' from command line to 'None'
[7.642s] Level 5:colcon.colcon_core.verb:set package 'joystick_package' build argument 'catkin_cmake_args' from command line to 'None'
[7.642s] Level 5:colcon.colcon_core.verb:set package 'joystick_package' build argument 'catkin_skip_building_tests' from command line to 'False'
[7.642s] DEBUG:colcon.colcon_core.verb:Building package 'joystick_package' with the following arguments: {'ament_cmake_args': None, 'build_base': '/home/ubuntu/rj_training_container/training_ws/build/joystick_package', 'catkin_cmake_args': None, 'catkin_skip_building_tests': False, 'cmake_args': None, 'cmake_clean_cache': False, 'cmake_clean_first': False, 'cmake_force_configure': False, 'cmake_target': None, 'cmake_target_skip_unavailable': False, 'install_base': '/home/ubuntu/rj_training_container/training_ws/install/joystick_package', 'merge_install': False, 'path': '/home/ubuntu/rj_training_container/training_ws/src/trainingv2/controller_project/joystick_package', 'symlink_install': False, 'test_result_base': None}
[7.643s] Level 5:colcon.colcon_core.verb:set package 'localization' build argument 'cmake_args' from command line to 'None'
[7.643s] Level 5:colcon.colcon_core.verb:set package 'localization' build argument 'cmake_target' from command line to 'None'
[7.643s] Level 5:colcon.colcon_core.verb:set package 'localization' build argument 'cmake_target_skip_unavailable' from command line to 'False'
[7.643s] Level 5:colcon.colcon_core.verb:set package 'localization' build argument 'cmake_clean_cache' from command line to 'False'
[7.644s] Level 5:colcon.colcon_core.verb:set package 'localization' build argument 'cmake_clean_first' from command line to 'False'
[7.644s] Level 5:colcon.colcon_core.verb:set package 'localization' build argument 'cmake_force_configure' from command line to 'False'
[7.644s] Level 5:colcon.colcon_core.verb:set package 'localization' build argument 'ament_cmake_args' from command line to 'None'
[7.644s] Level 5:colcon.colcon_core.verb:set package 'localization' build argument 'catkin_cmake_args' from command line to 'None'
[7.645s] Level 5:colcon.colcon_core.verb:set package 'localization' build argument 'catkin_skip_building_tests' from command line to 'False'
[7.645s] DEBUG:colcon.colcon_core.verb:Building package 'localization' with the following arguments: {'ament_cmake_args': None, 'build_base': '/home/ubuntu/rj_training_container/training_ws/build/localization', 'catkin_cmake_args': None, 'catkin_skip_building_tests': False, 'cmake_args': None, 'cmake_clean_cache': False, 'cmake_clean_first': False, 'cmake_force_configure': False, 'cmake_target': None, 'cmake_target_skip_unavailable': False, 'install_base': '/home/ubuntu/rj_training_container/training_ws/install/localization', 'merge_install': False, 'path': '/home/ubuntu/rj_training_container/training_ws/src/software-training-old/localization', 'symlink_install': False, 'test_result_base': None}
[7.646s] Level 5:colcon.colcon_core.verb:set package 'mineral_deposit_detection' build argument 'cmake_args' from command line to 'None'
[7.646s] Level 5:colcon.colcon_core.verb:set package 'mineral_deposit_detection' build argument 'cmake_target' from command line to 'None'
[7.646s] Level 5:colcon.colcon_core.verb:set package 'mineral_deposit_detection' build argument 'cmake_target_skip_unavailable' from command line to 'False'
[7.646s] Level 5:colcon.colcon_core.verb:set package 'mineral_deposit_detection' build argument 'cmake_clean_cache' from command line to 'False'
[7.646s] Level 5:colcon.colcon_core.verb:set package 'mineral_deposit_detection' build argument 'cmake_clean_first' from command line to 'False'
[7.647s] Level 5:colcon.colcon_core.verb:set package 'mineral_deposit_detection' build argument 'cmake_force_configure' from command line to 'False'
[7.647s] Level 5:colcon.colcon_core.verb:set package 'mineral_deposit_detection' build argument 'ament_cmake_args' from command line to 'None'
[7.647s] Level 5:colcon.colcon_core.verb:set package 'mineral_deposit_detection' build argument 'catkin_cmake_args' from command line to 'None'
[7.648s] Level 5:colcon.colcon_core.verb:set package 'mineral_deposit_detection' build argument 'catkin_skip_building_tests' from command line to 'False'
[7.648s] DEBUG:colcon.colcon_core.verb:Building package 'mineral_deposit_detection' with the following arguments: {'ament_cmake_args': None, 'build_base': '/home/ubuntu/rj_training_container/training_ws/build/mineral_deposit_detection', 'catkin_cmake_args': None, 'catkin_skip_building_tests': False, 'cmake_args': None, 'cmake_clean_cache': False, 'cmake_clean_first': False, 'cmake_force_configure': False, 'cmake_target': None, 'cmake_target_skip_unavailable': False, 'install_base': '/home/ubuntu/rj_training_container/training_ws/install/mineral_deposit_detection', 'merge_install': False, 'path': '/home/ubuntu/rj_training_container/training_ws/src/stsl/mineral_deposit_detection', 'symlink_install': False, 'test_result_base': None}
[7.649s] Level 5:colcon.colcon_core.verb:set package 'mineral_deposit_tracking' build argument 'cmake_args' from command line to 'None'
[7.649s] Level 5:colcon.colcon_core.verb:set package 'mineral_deposit_tracking' build argument 'cmake_target' from command line to 'None'
[7.649s] Level 5:colcon.colcon_core.verb:set package 'mineral_deposit_tracking' build argument 'cmake_target_skip_unavailable' from command line to 'False'
[7.650s] Level 5:colcon.colcon_core.verb:set package 'mineral_deposit_tracking' build argument 'cmake_clean_cache' from command line to 'False'
[7.650s] Level 5:colcon.colcon_core.verb:set package 'mineral_deposit_tracking' build argument 'cmake_clean_first' from command line to 'False'
[7.650s] Level 5:colcon.colcon_core.verb:set package 'mineral_deposit_tracking' build argument 'cmake_force_configure' from command line to 'False'
[7.650s] Level 5:colcon.colcon_core.verb:set package 'mineral_deposit_tracking' build argument 'ament_cmake_args' from command line to 'None'
[7.651s] Level 5:colcon.colcon_core.verb:set package 'mineral_deposit_tracking' build argument 'catkin_cmake_args' from command line to 'None'
[7.651s] Level 5:colcon.colcon_core.verb:set package 'mineral_deposit_tracking' build argument 'catkin_skip_building_tests' from command line to 'False'
[7.651s] DEBUG:colcon.colcon_core.verb:Building package 'mineral_deposit_tracking' with the following arguments: {'ament_cmake_args': None, 'build_base': '/home/ubuntu/rj_training_container/training_ws/build/mineral_deposit_tracking', 'catkin_cmake_args': None, 'catkin_skip_building_tests': False, 'cmake_args': None, 'cmake_clean_cache': False, 'cmake_clean_first': False, 'cmake_force_configure': False, 'cmake_target': None, 'cmake_target_skip_unavailable': False, 'install_base': '/home/ubuntu/rj_training_container/training_ws/install/mineral_deposit_tracking', 'merge_install': False, 'path': '/home/ubuntu/rj_training_container/training_ws/src/software-training-old/mineral_deposit_tracking', 'symlink_install': False, 'test_result_base': None}
[7.652s] Level 5:colcon.colcon_core.verb:set package 'peak_finder' build argument 'cmake_args' from command line to 'None'
[7.652s] Level 5:colcon.colcon_core.verb:set package 'peak_finder' build argument 'cmake_target' from command line to 'None'
[7.652s] Level 5:colcon.colcon_core.verb:set package 'peak_finder' build argument 'cmake_target_skip_unavailable' from command line to 'False'
[7.652s] Level 5:colcon.colcon_core.verb:set package 'peak_finder' build argument 'cmake_clean_cache' from command line to 'False'
[7.653s] Level 5:colcon.colcon_core.verb:set package 'peak_finder' build argument 'cmake_clean_first' from command line to 'False'
[7.653s] Level 5:colcon.colcon_core.verb:set package 'peak_finder' build argument 'cmake_force_configure' from command line to 'False'
[7.653s] Level 5:colcon.colcon_core.verb:set package 'peak_finder' build argument 'ament_cmake_args' from command line to 'None'
[7.653s] Level 5:colcon.colcon_core.verb:set package 'peak_finder' build argument 'catkin_cmake_args' from command line to 'None'
[7.654s] Level 5:colcon.colcon_core.verb:set package 'peak_finder' build argument 'catkin_skip_building_tests' from command line to 'False'
[7.654s] DEBUG:colcon.colcon_core.verb:Building package 'peak_finder' with the following arguments: {'ament_cmake_args': None, 'build_base': '/home/ubuntu/rj_training_container/training_ws/build/peak_finder', 'catkin_cmake_args': None, 'catkin_skip_building_tests': False, 'cmake_args': None, 'cmake_clean_cache': False, 'cmake_clean_first': False, 'cmake_force_configure': False, 'cmake_target': None, 'cmake_target_skip_unavailable': False, 'install_base': '/home/ubuntu/rj_training_container/training_ws/install/peak_finder', 'merge_install': False, 'path': '/home/ubuntu/rj_training_container/training_ws/src/software-training-old/peak_finder', 'symlink_install': False, 'test_result_base': None}
[7.655s] Level 5:colcon.colcon_core.verb:set package 'stsl_aruco_tags' build argument 'cmake_args' from command line to 'None'
[7.655s] Level 5:colcon.colcon_core.verb:set package 'stsl_aruco_tags' build argument 'cmake_target' from command line to 'None'
[7.655s] Level 5:colcon.colcon_core.verb:set package 'stsl_aruco_tags' build argument 'cmake_target_skip_unavailable' from command line to 'False'
[7.655s] Level 5:colcon.colcon_core.verb:set package 'stsl_aruco_tags' build argument 'cmake_clean_cache' from command line to 'False'
[7.656s] Level 5:colcon.colcon_core.verb:set package 'stsl_aruco_tags' build argument 'cmake_clean_first' from command line to 'False'
[7.656s] Level 5:colcon.colcon_core.verb:set package 'stsl_aruco_tags' build argument 'cmake_force_configure' from command line to 'False'
[7.656s] Level 5:colcon.colcon_core.verb:set package 'stsl_aruco_tags' build argument 'ament_cmake_args' from command line to 'None'
[7.656s] Level 5:colcon.colcon_core.verb:set package 'stsl_aruco_tags' build argument 'catkin_cmake_args' from command line to 'None'
[7.656s] Level 5:colcon.colcon_core.verb:set package 'stsl_aruco_tags' build argument 'catkin_skip_building_tests' from command line to 'False'
[7.657s] DEBUG:colcon.colcon_core.verb:Building package 'stsl_aruco_tags' with the following arguments: {'ament_cmake_args': None, 'build_base': '/home/ubuntu/rj_training_container/training_ws/build/stsl_aruco_tags', 'catkin_cmake_args': None, 'catkin_skip_building_tests': False, 'cmake_args': None, 'cmake_clean_cache': False, 'cmake_clean_first': False, 'cmake_force_configure': False, 'cmake_target': None, 'cmake_target_skip_unavailable': False, 'install_base': '/home/ubuntu/rj_training_container/training_ws/install/stsl_aruco_tags', 'merge_install': False, 'path': '/home/ubuntu/rj_training_container/training_ws/src/stsl/stsl_aruco_tags', 'symlink_install': False, 'test_result_base': None}
[7.658s] Level 5:colcon.colcon_core.verb:set package 'stsl_bt_nodes' build argument 'cmake_args' from command line to 'None'
[7.658s] Level 5:colcon.colcon_core.verb:set package 'stsl_bt_nodes' build argument 'cmake_target' from command line to 'None'
[7.658s] Level 5:colcon.colcon_core.verb:set package 'stsl_bt_nodes' build argument 'cmake_target_skip_unavailable' from command line to 'False'
[7.658s] Level 5:colcon.colcon_core.verb:set package 'stsl_bt_nodes' build argument 'cmake_clean_cache' from command line to 'False'
[7.658s] Level 5:colcon.colcon_core.verb:set package 'stsl_bt_nodes' build argument 'cmake_clean_first' from command line to 'False'
[7.659s] Level 5:colcon.colcon_core.verb:set package 'stsl_bt_nodes' build argument 'cmake_force_configure' from command line to 'False'
[7.659s] Level 5:colcon.colcon_core.verb:set package 'stsl_bt_nodes' build argument 'ament_cmake_args' from command line to 'None'
[7.659s] Level 5:colcon.colcon_core.verb:set package 'stsl_bt_nodes' build argument 'catkin_cmake_args' from command line to 'None'
[7.659s] Level 5:colcon.colcon_core.verb:set package 'stsl_bt_nodes' build argument 'catkin_skip_building_tests' from command line to 'False'
[7.660s] DEBUG:colcon.colcon_core.verb:Building package 'stsl_bt_nodes' with the following arguments: {'ament_cmake_args': None, 'build_base': '/home/ubuntu/rj_training_container/training_ws/build/stsl_bt_nodes', 'catkin_cmake_args': None, 'catkin_skip_building_tests': False, 'cmake_args': None, 'cmake_clean_cache': False, 'cmake_clean_first': False, 'cmake_force_configure': False, 'cmake_target': None, 'cmake_target_skip_unavailable': False, 'install_base': '/home/ubuntu/rj_training_container/training_ws/install/stsl_bt_nodes', 'merge_install': False, 'path': '/home/ubuntu/rj_training_container/training_ws/src/stsl/stsl_bt_nodes', 'symlink_install': False, 'test_result_base': None}
[7.660s] Level 5:colcon.colcon_core.verb:set package 'stsl_rviz_plugins' build argument 'cmake_args' from command line to 'None'
[7.661s] Level 5:colcon.colcon_core.verb:set package 'stsl_rviz_plugins' build argument 'cmake_target' from command line to 'None'
[7.661s] Level 5:colcon.colcon_core.verb:set package 'stsl_rviz_plugins' build argument 'cmake_target_skip_unavailable' from command line to 'False'
[7.661s] Level 5:colcon.colcon_core.verb:set package 'stsl_rviz_plugins' build argument 'cmake_clean_cache' from command line to 'False'
[7.661s] Level 5:colcon.colcon_core.verb:set package 'stsl_rviz_plugins' build argument 'cmake_clean_first' from command line to 'False'
[7.661s] Level 5:colcon.colcon_core.verb:set package 'stsl_rviz_plugins' build argument 'cmake_force_configure' from command line to 'False'
[7.662s] Level 5:colcon.colcon_core.verb:set package 'stsl_rviz_plugins' build argument 'ament_cmake_args' from command line to 'None'
[7.662s] Level 5:colcon.colcon_core.verb:set package 'stsl_rviz_plugins' build argument 'catkin_cmake_args' from command line to 'None'
[7.662s] Level 5:colcon.colcon_core.verb:set package 'stsl_rviz_plugins' build argument 'catkin_skip_building_tests' from command line to 'False'
[7.662s] DEBUG:colcon.colcon_core.verb:Building package 'stsl_rviz_plugins' with the following arguments: {'ament_cmake_args': None, 'build_base': '/home/ubuntu/rj_training_container/training_ws/build/stsl_rviz_plugins', 'catkin_cmake_args': None, 'catkin_skip_building_tests': False, 'cmake_args': None, 'cmake_clean_cache': False, 'cmake_clean_first': False, 'cmake_force_configure': False, 'cmake_target': None, 'cmake_target_skip_unavailable': False, 'install_base': '/home/ubuntu/rj_training_container/training_ws/install/stsl_rviz_plugins', 'merge_install': False, 'path': '/home/ubuntu/rj_training_container/training_ws/src/stsl/stsl_rviz_plugins', 'symlink_install': False, 'test_result_base': None}
[7.663s] Level 5:colcon.colcon_core.verb:set package 'mission_orchestration' build argument 'cmake_args' from command line to 'None'
[7.663s] Level 5:colcon.colcon_core.verb:set package 'mission_orchestration' build argument 'cmake_target' from command line to 'None'
[7.664s] Level 5:colcon.colcon_core.verb:set package 'mission_orchestration' build argument 'cmake_target_skip_unavailable' from command line to 'False'
[7.664s] Level 5:colcon.colcon_core.verb:set package 'mission_orchestration' build argument 'cmake_clean_cache' from command line to 'False'
[7.664s] Level 5:colcon.colcon_core.verb:set package 'mission_orchestration' build argument 'cmake_clean_first' from command line to 'False'
[7.664s] Level 5:colcon.colcon_core.verb:set package 'mission_orchestration' build argument 'cmake_force_configure' from command line to 'False'
[7.665s] Level 5:colcon.colcon_core.verb:set package 'mission_orchestration' build argument 'ament_cmake_args' from command line to 'None'
[7.665s] Level 5:colcon.colcon_core.verb:set package 'mission_orchestration' build argument 'catkin_cmake_args' from command line to 'None'
[7.665s] Level 5:colcon.colcon_core.verb:set package 'mission_orchestration' build argument 'catkin_skip_building_tests' from command line to 'False'
[7.665s] DEBUG:colcon.colcon_core.verb:Building package 'mission_orchestration' with the following arguments: {'ament_cmake_args': None, 'build_base': '/home/ubuntu/rj_training_container/training_ws/build/mission_orchestration', 'catkin_cmake_args': None, 'catkin_skip_building_tests': False, 'cmake_args': None, 'cmake_clean_cache': False, 'cmake_clean_first': False, 'cmake_force_configure': False, 'cmake_target': None, 'cmake_target_skip_unavailable': False, 'install_base': '/home/ubuntu/rj_training_container/training_ws/install/mission_orchestration', 'merge_install': False, 'path': '/home/ubuntu/rj_training_container/training_ws/src/stsl/mission_orchestration', 'symlink_install': False, 'test_result_base': None}
[7.666s] Level 5:colcon.colcon_core.verb:set package 'traini_gazebo' build argument 'cmake_args' from command line to 'None'
[7.666s] Level 5:colcon.colcon_core.verb:set package 'traini_gazebo' build argument 'cmake_target' from command line to 'None'
[7.667s] Level 5:colcon.colcon_core.verb:set package 'traini_gazebo' build argument 'cmake_target_skip_unavailable' from command line to 'False'
[7.667s] Level 5:colcon.colcon_core.verb:set package 'traini_gazebo' build argument 'cmake_clean_cache' from command line to 'False'
[7.667s] Level 5:colcon.colcon_core.verb:set package 'traini_gazebo' build argument 'cmake_clean_first' from command line to 'False'
[7.667s] Level 5:colcon.colcon_core.verb:set package 'traini_gazebo' build argument 'cmake_force_configure' from command line to 'False'
[7.667s] Level 5:colcon.colcon_core.verb:set package 'traini_gazebo' build argument 'ament_cmake_args' from command line to 'None'
[7.668s] Level 5:colcon.colcon_core.verb:set package 'traini_gazebo' build argument 'catkin_cmake_args' from command line to 'None'
[7.668s] Level 5:colcon.colcon_core.verb:set package 'traini_gazebo' build argument 'catkin_skip_building_tests' from command line to 'False'
[7.668s] DEBUG:colcon.colcon_core.verb:Building package 'traini_gazebo' with the following arguments: {'ament_cmake_args': None, 'build_base': '/home/ubuntu/rj_training_container/training_ws/build/traini_gazebo', 'catkin_cmake_args': None, 'catkin_skip_building_tests': False, 'cmake_args': None, 'cmake_clean_cache': False, 'cmake_clean_first': False, 'cmake_force_configure': False, 'cmake_target': None, 'cmake_target_skip_unavailable': False, 'install_base': '/home/ubuntu/rj_training_container/training_ws/install/traini_gazebo', 'merge_install': False, 'path': '/home/ubuntu/rj_training_container/training_ws/src/stsl/traini_gazebo', 'symlink_install': False, 'test_result_base': None}
[7.669s] Level 5:colcon.colcon_core.verb:set package 'traini_bringup' build argument 'cmake_args' from command line to 'None'
[7.669s] Level 5:colcon.colcon_core.verb:set package 'traini_bringup' build argument 'cmake_target' from command line to 'None'
[7.669s] Level 5:colcon.colcon_core.verb:set package 'traini_bringup' build argument 'cmake_target_skip_unavailable' from command line to 'False'
[7.670s] Level 5:colcon.colcon_core.verb:set package 'traini_bringup' build argument 'cmake_clean_cache' from command line to 'False'
[7.670s] Level 5:colcon.colcon_core.verb:set package 'traini_bringup' build argument 'cmake_clean_first' from command line to 'False'
[7.670s] Level 5:colcon.colcon_core.verb:set package 'traini_bringup' build argument 'cmake_force_configure' from command line to 'False'
[7.670s] Level 5:colcon.colcon_core.verb:set package 'traini_bringup' build argument 'ament_cmake_args' from command line to 'None'
[7.671s] Level 5:colcon.colcon_core.verb:set package 'traini_bringup' build argument 'catkin_cmake_args' from command line to 'None'
[7.671s] Level 5:colcon.colcon_core.verb:set package 'traini_bringup' build argument 'catkin_skip_building_tests' from command line to 'False'
[7.671s] DEBUG:colcon.colcon_core.verb:Building package 'traini_bringup' with the following arguments: {'ament_cmake_args': None, 'build_base': '/home/ubuntu/rj_training_container/training_ws/build/traini_bringup', 'catkin_cmake_args': None, 'catkin_skip_building_tests': False, 'cmake_args': None, 'cmake_clean_cache': False, 'cmake_clean_first': False, 'cmake_force_configure': False, 'cmake_target': None, 'cmake_target_skip_unavailable': False, 'install_base': '/home/ubuntu/rj_training_container/training_ws/install/traini_bringup', 'merge_install': False, 'path': '/home/ubuntu/rj_training_container/training_ws/src/stsl/traini_bringup', 'symlink_install': False, 'test_result_base': None}
[7.672s] Level 5:colcon.colcon_core.verb:set package 'stsl_desktop' build argument 'cmake_args' from command line to 'None'
[7.672s] Level 5:colcon.colcon_core.verb:set package 'stsl_desktop' build argument 'cmake_target' from command line to 'None'
[7.672s] Level 5:colcon.colcon_core.verb:set package 'stsl_desktop' build argument 'cmake_target_skip_unavailable' from command line to 'False'
[7.672s] Level 5:colcon.colcon_core.verb:set package 'stsl_desktop' build argument 'cmake_clean_cache' from command line to 'False'
[7.673s] Level 5:colcon.colcon_core.verb:set package 'stsl_desktop' build argument 'cmake_clean_first' from command line to 'False'
[7.673s] Level 5:colcon.colcon_core.verb:set package 'stsl_desktop' build argument 'cmake_force_configure' from command line to 'False'
[7.673s] Level 5:colcon.colcon_core.verb:set package 'stsl_desktop' build argument 'ament_cmake_args' from command line to 'None'
[7.673s] Level 5:colcon.colcon_core.verb:set package 'stsl_desktop' build argument 'catkin_cmake_args' from command line to 'None'
[7.674s] Level 5:colcon.colcon_core.verb:set package 'stsl_desktop' build argument 'catkin_skip_building_tests' from command line to 'False'
[7.674s] DEBUG:colcon.colcon_core.verb:Building package 'stsl_desktop' with the following arguments: {'ament_cmake_args': None, 'build_base': '/home/ubuntu/rj_training_container/training_ws/build/stsl_desktop', 'catkin_cmake_args': None, 'catkin_skip_building_tests': False, 'cmake_args': None, 'cmake_clean_cache': False, 'cmake_clean_first': False, 'cmake_force_configure': False, 'cmake_target': None, 'cmake_target_skip_unavailable': False, 'install_base': '/home/ubuntu/rj_training_container/training_ws/install/stsl_desktop', 'merge_install': False, 'path': '/home/ubuntu/rj_training_container/training_ws/src/stsl/stsl_desktop', 'symlink_install': False, 'test_result_base': None}
[7.674s] INFO:colcon.colcon_core.executor:Executing jobs using 'parallel' executor
[7.676s] DEBUG:colcon.colcon_parallel_executor.executor.parallel:run_until_complete
[7.677s] INFO:colcon.colcon_ros.task.ament_cmake.build:Building ROS package in '/home/ubuntu/rj_training_container/training_ws/src/stsl/stsl_interfaces' with build type 'ament_cmake'
[7.678s] INFO:colcon.colcon_cmake.task.cmake.build:Building CMake package in '/home/ubuntu/rj_training_container/training_ws/src/stsl/stsl_interfaces'
[7.709s] INFO:colcon.colcon_core.plugin_system:Skipping extension 'colcon_core.shell.bat': Not used on non-Windows systems
[7.709s] INFO:colcon.colcon_core.shell:Skip shell extension 'powershell' for command environment: Not usable outside of PowerShell
[7.710s] DEBUG:colcon.colcon_core.shell:Skip shell extension 'dsv' for command environment
[8.295s] INFO:colcon.colcon_ros.task.ament_cmake.build:Building ROS package in '/home/ubuntu/rj_training_container/training_ws/src/stsl/stsl_gazebo_plugins' with build type 'ament_cmake'
[8.295s] INFO:colcon.colcon_cmake.task.cmake.build:Building CMake package in '/home/ubuntu/rj_training_container/training_ws/src/stsl/stsl_gazebo_plugins'
[8.296s] INFO:colcon.colcon_core.shell:Skip shell extension 'powershell' for command environment: Not usable outside of PowerShell
[8.297s] DEBUG:colcon.colcon_core.shell:Skip shell extension 'dsv' for command environment
[8.767s] INFO:colcon.colcon_ros.task.ament_cmake.build:Building ROS package in '/home/ubuntu/rj_training_container/training_ws/src/stsl/traini_description' with build type 'ament_cmake'
[8.768s] INFO:colcon.colcon_cmake.task.cmake.build:Building CMake package in '/home/ubuntu/rj_training_container/training_ws/src/stsl/traini_description'
[8.769s] INFO:colcon.colcon_core.shell:Skip shell extension 'powershell' for command environment: Not usable outside of PowerShell
[8.769s] DEBUG:colcon.colcon_core.shell:Skip shell extension 'dsv' for command environment
[8.788s] INFO:colcon.colcon_ros.task.ament_cmake.build:Building ROS package in '/home/ubuntu/rj_training_container/training_ws/src/trainingv2/controller_project/joystick_msgs' with build type 'ament_cmake'
[8.789s] INFO:colcon.colcon_cmake.task.cmake.build:Building CMake package in '/home/ubuntu/rj_training_container/training_ws/src/trainingv2/controller_project/joystick_msgs'
[8.789s] INFO:colcon.colcon_core.shell:Skip shell extension 'powershell' for command environment: Not usable outside of PowerShell
[8.790s] DEBUG:colcon.colcon_core.shell:Skip shell extension 'dsv' for command environment
[9.365s] INFO:colcon.colcon_ros.task.ament_cmake.build:Building ROS package in '/home/ubuntu/rj_training_container/training_ws/src/stsl/stsl_nav_plugins' with build type 'ament_cmake'
[9.366s] INFO:colcon.colcon_cmake.task.cmake.build:Building CMake package in '/home/ubuntu/rj_training_container/training_ws/src/stsl/stsl_nav_plugins'
[9.367s] INFO:colcon.colcon_core.shell:Skip shell extension 'powershell' for command environment: Not usable outside of PowerShell
[9.368s] DEBUG:colcon.colcon_core.shell:Skip shell extension 'dsv' for command environment
[9.977s] INFO:colcon.colcon_ros.task.ament_cmake.build:Building ROS package in '/home/ubuntu/rj_training_container/training_ws/src/stsl/stsl_utils' with build type 'ament_cmake'
[9.978s] INFO:colcon.colcon_cmake.task.cmake.build:Building CMake package in '/home/ubuntu/rj_training_container/training_ws/src/stsl/stsl_utils'
[9.979s] INFO:colcon.colcon_core.shell:Skip shell extension 'powershell' for command environment: Not usable outside of PowerShell
[9.979s] DEBUG:colcon.colcon_core.shell:Skip shell extension 'dsv' for command environment
[10.598s] INFO:colcon.colcon_ros.task.ament_cmake.build:Building ROS package in '/home/ubuntu/rj_training_container/training_ws/src/software-training-old/astar_path_planner' with build type 'ament_cmake'
[10.599s] INFO:colcon.colcon_cmake.task.cmake.build:Building CMake package in '/home/ubuntu/rj_training_container/training_ws/src/software-training-old/astar_path_planner'
[10.600s] INFO:colcon.colcon_core.shell:Skip shell extension 'powershell' for command environment: Not usable outside of PowerShell
[10.601s] DEBUG:colcon.colcon_core.shell:Skip shell extension 'dsv' for command environment
[11.229s] INFO:colcon.colcon_ros.task.ament_cmake.build:Building ROS package in '/home/ubuntu/rj_training_container/training_ws/src/software-training-old/controllers' with build type 'ament_cmake'
[11.230s] INFO:colcon.colcon_cmake.task.cmake.build:Building CMake package in '/home/ubuntu/rj_training_container/training_ws/src/software-training-old/controllers'
[11.231s] INFO:colcon.colcon_core.shell:Skip shell extension 'powershell' for command environment: Not usable outside of PowerShell
[11.232s] DEBUG:colcon.colcon_core.shell:Skip shell extension 'dsv' for command environment
[11.845s] INFO:colcon.colcon_ros.task.ament_python.build:Building ROS package in '/home/ubuntu/rj_training_container/training_ws/src/trainingv2/turtlesim_project/src/keyboard' with build type 'ament_python'
[11.846s] Level 1:colcon.colcon_core.shell:create_environment_hook('keyboard', 'ament_prefix_path')
[11.847s] INFO:colcon.colcon_core.shell:Creating environment hook '/home/ubuntu/rj_training_container/training_ws/install/keyboard/share/keyboard/hook/ament_prefix_path.ps1'
[11.882s] INFO:colcon.colcon_core.shell:Creating environment descriptor '/home/ubuntu/rj_training_container/training_ws/install/keyboard/share/keyboard/hook/ament_prefix_path.dsv'
[11.921s] INFO:colcon.colcon_core.shell:Creating environment hook '/home/ubuntu/rj_training_container/training_ws/install/keyboard/share/keyboard/hook/ament_prefix_path.sh'
[11.954s] INFO:colcon.colcon_core.shell:Skip shell extension 'powershell' for command environment: Not usable outside of PowerShell
[11.955s] DEBUG:colcon.colcon_core.shell:Skip shell extension 'dsv' for command environment
[12.594s] INFO:colcon.colcon_ros.task.ament_cmake.build:Building ROS package in '/home/ubuntu/rj_training_container/training_ws/src/software-training-old/mapping' with build type 'ament_cmake'
[12.595s] INFO:colcon.colcon_cmake.task.cmake.build:Building CMake package in '/home/ubuntu/rj_training_container/training_ws/src/software-training-old/mapping'
[12.596s] INFO:colcon.colcon_core.shell:Skip shell extension 'powershell' for command environment: Not usable outside of PowerShell
[12.597s] DEBUG:colcon.colcon_core.shell:Skip shell extension 'dsv' for command environment
[13.217s] INFO:colcon.colcon_ros.task.ament_cmake.build:Building ROS package in '/home/ubuntu/rj_training_container/training_ws/src/software-training-old/obstacle_detector' with build type 'ament_cmake'
[13.217s] INFO:colcon.colcon_cmake.task.cmake.build:Building CMake package in '/home/ubuntu/rj_training_container/training_ws/src/software-training-old/obstacle_detector'
[13.219s] INFO:colcon.colcon_core.shell:Skip shell extension 'powershell' for command environment: Not usable outside of PowerShell
[13.219s] DEBUG:colcon.colcon_core.shell:Skip shell extension 'dsv' for command environment
[13.858s] INFO:colcon.colcon_ros.task.ament_cmake.build:Building ROS package in '/home/ubuntu/rj_training_container/training_ws/src/software-training-old/rj_training_bringup' with build type 'ament_cmake'
[13.859s] INFO:colcon.colcon_cmake.task.cmake.build:Building CMake package in '/home/ubuntu/rj_training_container/training_ws/src/software-training-old/rj_training_bringup'
[13.860s] INFO:colcon.colcon_core.shell:Skip shell extension 'powershell' for command environment: Not usable outside of PowerShell
[13.861s] DEBUG:colcon.colcon_core.shell:Skip shell extension 'dsv' for command environment
[13.987s] INFO:colcon.colcon_ros.task.ament_cmake.build:Building ROS package in '/home/ubuntu/rj_training_container/training_ws/src/trainingv2/turtlesim_project/src/teleop' with build type 'ament_cmake'
[13.988s] INFO:colcon.colcon_cmake.task.cmake.build:Building CMake package in '/home/ubuntu/rj_training_container/training_ws/src/trainingv2/turtlesim_project/src/teleop'
[13.989s] INFO:colcon.colcon_core.shell:Skip shell extension 'powershell' for command environment: Not usable outside of PowerShell
[13.989s] DEBUG:colcon.colcon_core.shell:Skip shell extension 'dsv' for command environment
[14.759s] DEBUG:colcon.colcon_core.event_handler.log_command:Invoking command in '/home/ubuntu/rj_training_container/training_ws/build/stsl_interfaces': CMAKE_PREFIX_PATH=${CMAKE_PREFIX_PATH}:/home/ubuntu/rj_training_container/training_ws/install/keyboard:/opt/ros/humble /usr/bin/cmake --build /home/ubuntu/rj_training_container/training_ws/build/stsl_interfaces -- -j16 -l16
[14.955s] DEBUG:colcon.colcon_core.event_handler.log_command:Invoking command in '/home/ubuntu/rj_training_container/training_ws/build/stsl_gazebo_plugins': CMAKE_PREFIX_PATH=${CMAKE_PREFIX_PATH}:/home/ubuntu/rj_training_container/training_ws/install/keyboard:/opt/ros/humble /usr/bin/cmake --build /home/ubuntu/rj_training_container/training_ws/build/stsl_gazebo_plugins -- -j16 -l16
[15.101s] DEBUG:colcon.colcon_core.event_handler.log_command:Invoking command in '/home/ubuntu/rj_training_container/training_ws/build/traini_description': CMAKE_PREFIX_PATH=${CMAKE_PREFIX_PATH}:/home/ubuntu/rj_training_container/training_ws/install/keyboard:/opt/ros/humble /usr/bin/cmake --build /home/ubuntu/rj_training_container/training_ws/build/traini_description -- -j16 -l16
[15.245s] DEBUG:colcon.colcon_core.event_handler.log_command:Invoking command in '/home/ubuntu/rj_training_container/training_ws/build/joystick_msgs': CMAKE_PREFIX_PATH=${CMAKE_PREFIX_PATH}:/home/ubuntu/rj_training_container/training_ws/install/keyboard:/opt/ros/humble /usr/bin/cmake --build /home/ubuntu/rj_training_container/training_ws/build/joystick_msgs -- -j16 -l16
[15.407s] DEBUG:colcon.colcon_core.event_handler.log_command:Invoking command in '/home/ubuntu/rj_training_container/training_ws/build/stsl_nav_plugins': CMAKE_PREFIX_PATH=${CMAKE_PREFIX_PATH}:/home/ubuntu/rj_training_container/training_ws/install/keyboard:/opt/ros/humble /usr/bin/cmake --build /home/ubuntu/rj_training_container/training_ws/build/stsl_nav_plugins -- -j16 -l16
[15.582s] DEBUG:colcon.colcon_core.event_handler.log_command:Invoking command in '/home/ubuntu/rj_training_container/training_ws/build/stsl_utils': CMAKE_PREFIX_PATH=${CMAKE_PREFIX_PATH}:/home/ubuntu/rj_training_container/training_ws/install/keyboard:/opt/ros/humble /usr/bin/cmake --build /home/ubuntu/rj_training_container/training_ws/build/stsl_utils -- -j16 -l16
[15.774s] DEBUG:colcon.colcon_core.event_handler.log_command:Invoking command in '/home/ubuntu/rj_training_container/training_ws/build/astar_path_planner': CMAKE_PREFIX_PATH=${CMAKE_PREFIX_PATH}:/home/ubuntu/rj_training_container/training_ws/install/keyboard:/opt/ros/humble /usr/bin/cmake --build /home/ubuntu/rj_training_container/training_ws/build/astar_path_planner -- -j16 -l16
[15.974s] DEBUG:colcon.colcon_core.event_handler.log_command:Invoking command in '/home/ubuntu/rj_training_container/training_ws/build/controllers': CMAKE_PREFIX_PATH=${CMAKE_PREFIX_PATH}:/home/ubuntu/rj_training_container/training_ws/install/keyboard:/opt/ros/humble /usr/bin/cmake --build /home/ubuntu/rj_training_container/training_ws/build/controllers -- -j16 -l16
[21.220s] INFO:colcon.colcon_core.task.python.build:Building Python package in '/home/ubuntu/rj_training_container/training_ws/src/trainingv2/turtlesim_project/src/keyboard'
[21.221s] INFO:colcon.colcon_core.shell:Skip shell extension 'powershell' for command environment: Not usable outside of PowerShell
[21.222s] DEBUG:colcon.colcon_core.shell:Skip shell extension 'dsv' for command environment
[22.253s] DEBUG:colcon.colcon_core.event_handler.log_command:Invoking command in '/home/ubuntu/rj_training_container/training_ws/build/mapping': CMAKE_PREFIX_PATH=${CMAKE_PREFIX_PATH}:/home/ubuntu/rj_training_container/training_ws/install/keyboard:/opt/ros/humble /usr/bin/cmake --build /home/ubuntu/rj_training_container/training_ws/build/mapping -- -j16 -l16
[22.422s] DEBUG:colcon.colcon_core.event_handler.log_command:Invoking command in '/home/ubuntu/rj_training_container/training_ws/build/obstacle_detector': CMAKE_PREFIX_PATH=${CMAKE_PREFIX_PATH}:/home/ubuntu/rj_training_container/training_ws/install/keyboard:/opt/ros/humble /usr/bin/cmake --build /home/ubuntu/rj_training_container/training_ws/build/obstacle_detector -- -j16 -l16
[22.599s] DEBUG:colcon.colcon_core.event_handler.log_command:Invoking command in '/home/ubuntu/rj_training_container/training_ws/build/rj_training_bringup': CMAKE_PREFIX_PATH=${CMAKE_PREFIX_PATH}:/home/ubuntu/rj_training_container/training_ws/install/keyboard:/opt/ros/humble /usr/bin/cmake --build /home/ubuntu/rj_training_container/training_ws/build/rj_training_bringup -- -j16 -l16
[22.786s] DEBUG:colcon.colcon_core.event_handler.log_command:Invoking command in '/home/ubuntu/rj_training_container/training_ws/build/teleop': CMAKE_PREFIX_PATH=${CMAKE_PREFIX_PATH}:/home/ubuntu/rj_training_container/training_ws/install/keyboard:/opt/ros/humble /usr/bin/cmake --build /home/ubuntu/rj_training_container/training_ws/build/teleop -- -j16 -l16
[34.219s] DEBUG:colcon.colcon_core.event_handler.log_command:Invoking command in '/home/ubuntu/rj_training_container/training_ws/src/trainingv2/turtlesim_project/src/keyboard': PYTHONPATH=/home/ubuntu/rj_training_container/training_ws/build/keyboard/prefix_override:/usr/lib/python3/dist-packages/colcon_core/task/python/colcon_distutils_commands:/home/ubuntu/rj_training_container/training_ws/install/keyboard/lib/python3.10/site-packages:${PYTHONPATH} /usr/bin/python3 -W ignore:setup.py install is deprecated -W ignore:easy_install command is deprecated setup.py egg_info --egg-base ../../../../../build/keyboard build --build-base /home/ubuntu/rj_training_container/training_ws/build/keyboard/build install --record /home/ubuntu/rj_training_container/training_ws/build/keyboard/install.log --single-version-externally-managed install_data
[57.789s] DEBUG:colcon.colcon_core.event_handler.log_command:Invoked command in '/home/ubuntu/rj_training_container/training_ws/build/traini_description' returned '0': CMAKE_PREFIX_PATH=${CMAKE_PREFIX_PATH}:/home/ubuntu/rj_training_container/training_ws/install/keyboard:/opt/ros/humble /usr/bin/cmake --build /home/ubuntu/rj_training_container/training_ws/build/traini_description -- -j16 -l16
[57.812s] DEBUG:colcon.colcon_core.event_handler.log_command:Invoked command in '/home/ubuntu/rj_training_container/training_ws/build/rj_training_bringup' returned '0': CMAKE_PREFIX_PATH=${CMAKE_PREFIX_PATH}:/home/ubuntu/rj_training_container/training_ws/install/keyboard:/opt/ros/humble /usr/bin/cmake --build /home/ubuntu/rj_training_container/training_ws/build/rj_training_bringup -- -j16 -l16
[77.310s] DEBUG:colcon.colcon_core.event_handler.log_command:Invoked command in '/home/ubuntu/rj_training_container/training_ws/build/mapping' returned '0': CMAKE_PREFIX_PATH=${CMAKE_PREFIX_PATH}:/home/ubuntu/rj_training_container/training_ws/install/keyboard:/opt/ros/humble /usr/bin/cmake --build /home/ubuntu/rj_training_container/training_ws/build/mapping -- -j16 -l16
[77.316s] DEBUG:colcon.colcon_core.event_handler.log_command:Invoked command in '/home/ubuntu/rj_training_container/training_ws/src/trainingv2/turtlesim_project/src/keyboard' returned '0': PYTHONPATH=/home/ubuntu/rj_training_container/training_ws/build/keyboard/prefix_override:/usr/lib/python3/dist-packages/colcon_core/task/python/colcon_distutils_commands:/home/ubuntu/rj_training_container/training_ws/install/keyboard/lib/python3.10/site-packages:${PYTHONPATH} /usr/bin/python3 -W ignore:setup.py install is deprecated -W ignore:easy_install command is deprecated setup.py egg_info --egg-base ../../../../../build/keyboard build --build-base /home/ubuntu/rj_training_container/training_ws/build/keyboard/build install --record /home/ubuntu/rj_training_container/training_ws/build/keyboard/install.log --single-version-externally-managed install_data
[77.375s] Level 1:colcon.colcon_core.environment:checking '/home/ubuntu/rj_training_container/training_ws/install/keyboard' for CMake module files
[77.639s] Level 1:colcon.colcon_core.environment:checking '/home/ubuntu/rj_training_container/training_ws/install/keyboard' for CMake config files
[78.112s] Level 1:colcon.colcon_core.environment:checking '/home/ubuntu/rj_training_container/training_ws/install/keyboard/lib'
[78.122s] Level 1:colcon.colcon_core.environment:checking '/home/ubuntu/rj_training_container/training_ws/install/keyboard/bin'
[78.127s] Level 1:colcon.colcon_core.environment:checking '/home/ubuntu/rj_training_container/training_ws/install/keyboard/lib/pkgconfig/keyboard.pc'
[78.133s] Level 1:colcon.colcon_core.environment:checking '/home/ubuntu/rj_training_container/training_ws/install/keyboard/lib/python3.10/site-packages'
[78.145s] Level 1:colcon.colcon_core.shell:create_environment_hook('keyboard', 'pythonpath')
[78.147s] INFO:colcon.colcon_core.shell:Creating environment hook '/home/ubuntu/rj_training_container/training_ws/install/keyboard/share/keyboard/hook/pythonpath.ps1'
[78.203s] INFO:colcon.colcon_core.shell:Creating environment descriptor '/home/ubuntu/rj_training_container/training_ws/install/keyboard/share/keyboard/hook/pythonpath.dsv'
[78.269s] INFO:colcon.colcon_core.shell:Creating environment hook '/home/ubuntu/rj_training_container/training_ws/install/keyboard/share/keyboard/hook/pythonpath.sh'
[78.334s] Level 1:colcon.colcon_core.environment:checking '/home/ubuntu/rj_training_container/training_ws/install/keyboard/bin'
[78.338s] Level 1:colcon.colcon_core.environment:create_environment_scripts_only(keyboard)
[78.340s] INFO:colcon.colcon_core.shell:Creating package script '/home/ubuntu/rj_training_container/training_ws/install/keyboard/share/keyboard/package.ps1'
[78.394s] INFO:colcon.colcon_core.shell:Creating package descriptor '/home/ubuntu/rj_training_container/training_ws/install/keyboard/share/keyboard/package.dsv'
[78.447s] INFO:colcon.colcon_core.shell:Creating package script '/home/ubuntu/rj_training_container/training_ws/install/keyboard/share/keyboard/package.sh'
[78.496s] INFO:colcon.colcon_core.shell:Creating package script '/home/ubuntu/rj_training_container/training_ws/install/keyboard/share/keyboard/package.bash'
[78.536s] INFO:colcon.colcon_core.shell:Creating package script '/home/ubuntu/rj_training_container/training_ws/install/keyboard/share/keyboard/package.zsh'
[78.574s] Level 1:colcon.colcon_core.environment:create_file_with_runtime_dependencies(/home/ubuntu/rj_training_container/training_ws/install/keyboard/share/colcon-core/packages/keyboard)
[79.028s] DEBUG:colcon.colcon_core.event_handler.log_command:Invoked command in '/home/ubuntu/rj_training_container/training_ws/build/teleop' returned '0': CMAKE_PREFIX_PATH=${CMAKE_PREFIX_PATH}:/home/ubuntu/rj_training_container/training_ws/install/keyboard:/opt/ros/humble /usr/bin/cmake --build /home/ubuntu/rj_training_container/training_ws/build/teleop -- -j16 -l16
[86.828s] DEBUG:colcon.colcon_core.event_handler.log_command:Invoked command in '/home/ubuntu/rj_training_container/training_ws/build/obstacle_detector' returned '2': CMAKE_PREFIX_PATH=${CMAKE_PREFIX_PATH}:/home/ubuntu/rj_training_container/training_ws/install/keyboard:/opt/ros/humble /usr/bin/cmake --build /home/ubuntu/rj_training_container/training_ws/build/obstacle_detector -- -j16 -l16
[98.165s] DEBUG:colcon.colcon_core.event_handler.log_command:Invoking command in '/home/ubuntu/rj_training_container/training_ws/build/rj_training_bringup': CMAKE_PREFIX_PATH=${CMAKE_PREFIX_PATH}:/home/ubuntu/rj_training_container/training_ws/install/keyboard:/opt/ros/humble /usr/bin/cmake --install /home/ubuntu/rj_training_container/training_ws/build/rj_training_bringup
[98.184s] DEBUG:colcon.colcon_core.event_handler.log_command:Invoking command in '/home/ubuntu/rj_training_container/training_ws/build/traini_description': CMAKE_PREFIX_PATH=${CMAKE_PREFIX_PATH}:/home/ubuntu/rj_training_container/training_ws/install/keyboard:/opt/ros/humble /usr/bin/cmake --install /home/ubuntu/rj_training_container/training_ws/build/traini_description
[106.433s] Level 1:colcon.colcon_core.environment:create_environment_scripts_only(traini_description)
[106.436s] Level 1:colcon.colcon_core.environment:checking '/home/ubuntu/rj_training_container/training_ws/install/traini_description' for CMake module files
[106.439s] DEBUG:colcon.colcon_core.event_handler.log_command:Invoked command in '/home/ubuntu/rj_training_container/training_ws/build/traini_description' returned '0': CMAKE_PREFIX_PATH=${CMAKE_PREFIX_PATH}:/home/ubuntu/rj_training_container/training_ws/install/keyboard:/opt/ros/humble /usr/bin/cmake --install /home/ubuntu/rj_training_container/training_ws/build/traini_description
[106.850s] Level 1:colcon.colcon_core.environment:checking '/home/ubuntu/rj_training_container/training_ws/install/traini_description' for CMake config files
[107.151s] Level 1:colcon.colcon_core.shell:create_environment_hook('traini_description', 'cmake_prefix_path')
[107.152s] INFO:colcon.colcon_core.shell:Creating environment hook '/home/ubuntu/rj_training_container/training_ws/install/traini_description/share/traini_description/hook/cmake_prefix_path.ps1'
[107.227s] INFO:colcon.colcon_core.shell:Creating environment descriptor '/home/ubuntu/rj_training_container/training_ws/install/traini_description/share/traini_description/hook/cmake_prefix_path.dsv'
[107.303s] INFO:colcon.colcon_core.shell:Creating environment hook '/home/ubuntu/rj_training_container/training_ws/install/traini_description/share/traini_description/hook/cmake_prefix_path.sh'
[107.390s] Level 1:colcon.colcon_core.environment:checking '/home/ubuntu/rj_training_container/training_ws/install/traini_description/bin'
[107.396s] Level 1:colcon.colcon_core.environment:checking '/home/ubuntu/rj_training_container/training_ws/install/traini_description/lib/pkgconfig/traini_description.pc'
[107.401s] Level 1:colcon.colcon_core.environment:checking '/home/ubuntu/rj_training_container/training_ws/install/traini_description/lib/python3.10/site-packages'
[107.406s] Level 1:colcon.colcon_core.environment:checking '/home/ubuntu/rj_training_container/training_ws/install/traini_description/bin'
[107.411s] INFO:colcon.colcon_core.shell:Creating package script '/home/ubuntu/rj_training_container/training_ws/install/traini_description/share/traini_description/package.ps1'
[107.470s] INFO:colcon.colcon_core.shell:Creating package descriptor '/home/ubuntu/rj_training_container/training_ws/install/traini_description/share/traini_description/package.dsv'
[107.528s] INFO:colcon.colcon_core.shell:Creating package script '/home/ubuntu/rj_training_container/training_ws/install/traini_description/share/traini_description/package.sh'
[107.579s] INFO:colcon.colcon_core.shell:Creating package script '/home/ubuntu/rj_training_container/training_ws/install/traini_description/share/traini_description/package.bash'
[107.636s] INFO:colcon.colcon_core.shell:Creating package script '/home/ubuntu/rj_training_container/training_ws/install/traini_description/share/traini_description/package.zsh'
[107.689s] Level 1:colcon.colcon_core.environment:create_file_with_runtime_dependencies(/home/ubuntu/rj_training_container/training_ws/install/traini_description/share/colcon-core/packages/traini_description)
[109.846s] Level 1:colcon.colcon_core.environment:create_environment_scripts_only(rj_training_bringup)
[109.847s] Level 1:colcon.colcon_core.environment:checking '/home/ubuntu/rj_training_container/training_ws/install/rj_training_bringup' for CMake module files
[109.850s] DEBUG:colcon.colcon_core.event_handler.log_command:Invoked command in '/home/ubuntu/rj_training_container/training_ws/build/rj_training_bringup' returned '0': CMAKE_PREFIX_PATH=${CMAKE_PREFIX_PATH}:/home/ubuntu/rj_training_container/training_ws/install/keyboard:/opt/ros/humble /usr/bin/cmake --install /home/ubuntu/rj_training_container/training_ws/build/rj_training_bringup
[110.198s] Level 1:colcon.colcon_core.environment:checking '/home/ubuntu/rj_training_container/training_ws/install/rj_training_bringup' for CMake config files
[110.468s] Level 1:colcon.colcon_core.shell:create_environment_hook('rj_training_bringup', 'cmake_prefix_path')
[110.469s] INFO:colcon.colcon_core.shell:Creating environment hook '/home/ubuntu/rj_training_container/training_ws/install/rj_training_bringup/share/rj_training_bringup/hook/cmake_prefix_path.ps1'
[110.527s] INFO:colcon.colcon_core.shell:Creating environment descriptor '/home/ubuntu/rj_training_container/training_ws/install/rj_training_bringup/share/rj_training_bringup/hook/cmake_prefix_path.dsv'
[110.584s] INFO:colcon.colcon_core.shell:Creating environment hook '/home/ubuntu/rj_training_container/training_ws/install/rj_training_bringup/share/rj_training_bringup/hook/cmake_prefix_path.sh'
[110.649s] Level 1:colcon.colcon_core.environment:checking '/home/ubuntu/rj_training_container/training_ws/install/rj_training_bringup/bin'
[110.652s] Level 1:colcon.colcon_core.environment:checking '/home/ubuntu/rj_training_container/training_ws/install/rj_training_bringup/lib/pkgconfig/rj_training_bringup.pc'
[110.656s] Level 1:colcon.colcon_core.environment:checking '/home/ubuntu/rj_training_container/training_ws/install/rj_training_bringup/lib/python3.10/site-packages'
[110.659s] Level 1:colcon.colcon_core.environment:checking '/home/ubuntu/rj_training_container/training_ws/install/rj_training_bringup/bin'
[110.664s] INFO:colcon.colcon_core.shell:Creating package script '/home/ubuntu/rj_training_container/training_ws/install/rj_training_bringup/share/rj_training_bringup/package.ps1'
[110.704s] INFO:colcon.colcon_core.shell:Creating package descriptor '/home/ubuntu/rj_training_container/training_ws/install/rj_training_bringup/share/rj_training_bringup/package.dsv'
[110.747s] INFO:colcon.colcon_core.shell:Creating package script '/home/ubuntu/rj_training_container/training_ws/install/rj_training_bringup/share/rj_training_bringup/package.sh'
[110.787s] INFO:colcon.colcon_core.shell:Creating package script '/home/ubuntu/rj_training_container/training_ws/install/rj_training_bringup/share/rj_training_bringup/package.bash'
[110.829s] INFO:colcon.colcon_core.shell:Creating package script '/home/ubuntu/rj_training_container/training_ws/install/rj_training_bringup/share/rj_training_bringup/package.zsh'
[110.871s] Level 1:colcon.colcon_core.environment:create_file_with_runtime_dependencies(/home/ubuntu/rj_training_container/training_ws/install/rj_training_bringup/share/colcon-core/packages/rj_training_bringup)
[110.928s] DEBUG:colcon.colcon_core.event_handler.log_command:Invoked command in '/home/ubuntu/rj_training_container/training_ws/build/stsl_utils' returned '0': CMAKE_PREFIX_PATH=${CMAKE_PREFIX_PATH}:/home/ubuntu/rj_training_container/training_ws/install/keyboard:/opt/ros/humble /usr/bin/cmake --build /home/ubuntu/rj_training_container/training_ws/build/stsl_utils -- -j16 -l16
[118.499s] DEBUG:colcon.colcon_core.event_handler.log_command:Invoking command in '/home/ubuntu/rj_training_container/training_ws/build/teleop': CMAKE_PREFIX_PATH=${CMAKE_PREFIX_PATH}:/home/ubuntu/rj_training_container/training_ws/install/keyboard:/opt/ros/humble /usr/bin/cmake --install /home/ubuntu/rj_training_container/training_ws/build/teleop
[118.749s] DEBUG:colcon.colcon_core.event_handler.log_command:Invoking command in '/home/ubuntu/rj_training_container/training_ws/build/mapping': CMAKE_PREFIX_PATH=${CMAKE_PREFIX_PATH}:/home/ubuntu/rj_training_container/training_ws/install/keyboard:/opt/ros/humble /usr/bin/cmake --install /home/ubuntu/rj_training_container/training_ws/build/mapping
[129.204s] Level 1:colcon.colcon_core.environment:create_environment_scripts_only(mapping)
[129.206s] Level 1:colcon.colcon_core.environment:checking '/home/ubuntu/rj_training_container/training_ws/install/mapping' for CMake module files
[129.209s] DEBUG:colcon.colcon_core.event_handler.log_command:Invoked command in '/home/ubuntu/rj_training_container/training_ws/build/mapping' returned '0': CMAKE_PREFIX_PATH=${CMAKE_PREFIX_PATH}:/home/ubuntu/rj_training_container/training_ws/install/keyboard:/opt/ros/humble /usr/bin/cmake --install /home/ubuntu/rj_training_container/training_ws/build/mapping
[129.014s] Level 1:colcon.colcon_core.environment:checking '/home/ubuntu/rj_training_container/training_ws/install/mapping' for CMake config files
[129.310s] Level 1:colcon.colcon_core.shell:create_environment_hook('mapping', 'cmake_prefix_path')
[129.312s] INFO:colcon.colcon_core.shell:Creating environment hook '/home/ubuntu/rj_training_container/training_ws/install/mapping/share/mapping/hook/cmake_prefix_path.ps1'
[129.363s] INFO:colcon.colcon_core.shell:Creating environment descriptor '/home/ubuntu/rj_training_container/training_ws/install/mapping/share/mapping/hook/cmake_prefix_path.dsv'
[129.422s] INFO:colcon.colcon_core.shell:Creating environment hook '/home/ubuntu/rj_training_container/training_ws/install/mapping/share/mapping/hook/cmake_prefix_path.sh'
[129.488s] Level 1:colcon.colcon_core.environment:checking '/home/ubuntu/rj_training_container/training_ws/install/mapping/lib'
[129.504s] Level 1:colcon.colcon_core.shell:create_environment_hook('mapping', 'ld_library_path_lib')
[129.506s] INFO:colcon.colcon_core.shell:Creating environment hook '/home/ubuntu/rj_training_container/training_ws/install/mapping/share/mapping/hook/ld_library_path_lib.ps1'
[129.566s] INFO:colcon.colcon_core.shell:Creating environment descriptor '/home/ubuntu/rj_training_container/training_ws/install/mapping/share/mapping/hook/ld_library_path_lib.dsv'
[129.622s] INFO:colcon.colcon_core.shell:Creating environment hook '/home/ubuntu/rj_training_container/training_ws/install/mapping/share/mapping/hook/ld_library_path_lib.sh'
[129.680s] Level 1:colcon.colcon_core.environment:checking '/home/ubuntu/rj_training_container/training_ws/install/mapping/bin'
[129.684s] Level 1:colcon.colcon_core.environment:checking '/home/ubuntu/rj_training_container/training_ws/install/mapping/lib/pkgconfig/mapping.pc'
[129.690s] Level 1:colcon.colcon_core.environment:checking '/home/ubuntu/rj_training_container/training_ws/install/mapping/lib/python3.10/site-packages'
[129.694s] Level 1:colcon.colcon_core.environment:checking '/home/ubuntu/rj_training_container/training_ws/install/mapping/bin'
[129.698s] INFO:colcon.colcon_core.shell:Creating package script '/home/ubuntu/rj_training_container/training_ws/install/mapping/share/mapping/package.ps1'
[129.745s] INFO:colcon.colcon_core.shell:Creating package descriptor '/home/ubuntu/rj_training_container/training_ws/install/mapping/share/mapping/package.dsv'
[129.792s] INFO:colcon.colcon_core.shell:Creating package script '/home/ubuntu/rj_training_container/training_ws/install/mapping/share/mapping/package.sh'
[129.830s] INFO:colcon.colcon_core.shell:Creating package script '/home/ubuntu/rj_training_container/training_ws/install/mapping/share/mapping/package.bash'
[129.867s] INFO:colcon.colcon_core.shell:Creating package script '/home/ubuntu/rj_training_container/training_ws/install/mapping/share/mapping/package.zsh'
[129.906s] Level 1:colcon.colcon_core.environment:create_file_with_runtime_dependencies(/home/ubuntu/rj_training_container/training_ws/install/mapping/share/colcon-core/packages/mapping)
[129.964s] Level 1:colcon.colcon_core.environment:create_environment_scripts_only(teleop)
[129.966s] Level 1:colcon.colcon_core.environment:checking '/home/ubuntu/rj_training_container/training_ws/install/teleop' for CMake module files
[129.968s] DEBUG:colcon.colcon_core.event_handler.log_command:Invoked command in '/home/ubuntu/rj_training_container/training_ws/build/teleop' returned '0': CMAKE_PREFIX_PATH=${CMAKE_PREFIX_PATH}:/home/ubuntu/rj_training_container/training_ws/install/keyboard:/opt/ros/humble /usr/bin/cmake --install /home/ubuntu/rj_training_container/training_ws/build/teleop
[130.329s] Level 1:colcon.colcon_core.environment:checking '/home/ubuntu/rj_training_container/training_ws/install/teleop' for CMake config files
[130.611s] Level 1:colcon.colcon_core.shell:create_environment_hook('teleop', 'cmake_prefix_path')
[130.613s] INFO:colcon.colcon_core.shell:Creating environment hook '/home/ubuntu/rj_training_container/training_ws/install/teleop/share/teleop/hook/cmake_prefix_path.ps1'
[130.671s] INFO:colcon.colcon_core.shell:Creating environment descriptor '/home/ubuntu/rj_training_container/training_ws/install/teleop/share/teleop/hook/cmake_prefix_path.dsv'
[130.729s] INFO:colcon.colcon_core.shell:Creating environment hook '/home/ubuntu/rj_training_container/training_ws/install/teleop/share/teleop/hook/cmake_prefix_path.sh'
[130.801s] Level 1:colcon.colcon_core.environment:checking '/home/ubuntu/rj_training_container/training_ws/install/teleop/lib'
[130.816s] Level 1:colcon.colcon_core.shell:create_environment_hook('teleop', 'ld_library_path_lib')
[130.817s] INFO:colcon.colcon_core.shell:Creating environment hook '/home/ubuntu/rj_training_container/training_ws/install/teleop/share/teleop/hook/ld_library_path_lib.ps1'
[130.865s] INFO:colcon.colcon_core.shell:Creating environment descriptor '/home/ubuntu/rj_training_container/training_ws/install/teleop/share/teleop/hook/ld_library_path_lib.dsv'
[130.924s] INFO:colcon.colcon_core.shell:Creating environment hook '/home/ubuntu/rj_training_container/training_ws/install/teleop/share/teleop/hook/ld_library_path_lib.sh'
[130.982s] Level 1:colcon.colcon_core.environment:checking '/home/ubuntu/rj_training_container/training_ws/install/teleop/bin'
[130.986s] Level 1:colcon.colcon_core.environment:checking '/home/ubuntu/rj_training_container/training_ws/install/teleop/lib/pkgconfig/teleop.pc'
[130.993s] Level 1:colcon.colcon_core.environment:checking '/home/ubuntu/rj_training_container/training_ws/install/teleop/lib/python3.10/site-packages'
[130.999s] Level 1:colcon.colcon_core.environment:checking '/home/ubuntu/rj_training_container/training_ws/install/teleop/bin'
[131.004s] INFO:colcon.colcon_core.shell:Creating package script '/home/ubuntu/rj_training_container/training_ws/install/teleop/share/teleop/package.ps1'
[131.047s] INFO:colcon.colcon_core.shell:Creating package descriptor '/home/ubuntu/rj_training_container/training_ws/install/teleop/share/teleop/package.dsv'
[131.084s] INFO:colcon.colcon_core.shell:Creating package script '/home/ubuntu/rj_training_container/training_ws/install/teleop/share/teleop/package.sh'
[131.130s] INFO:colcon.colcon_core.shell:Creating package script '/home/ubuntu/rj_training_container/training_ws/install/teleop/share/teleop/package.bash'
[131.180s] INFO:colcon.colcon_core.shell:Creating package script '/home/ubuntu/rj_training_container/training_ws/install/teleop/share/teleop/package.zsh'
[131.217s] Level 1:colcon.colcon_core.environment:create_file_with_runtime_dependencies(/home/ubuntu/rj_training_container/training_ws/install/teleop/share/colcon-core/packages/teleop)
[133.375s] Level 1:colcon.colcon_core.environment:create_environment_scripts_only(obstacle_detector)
[133.377s] Level 1:colcon.colcon_core.environment:checking '/home/ubuntu/rj_training_container/training_ws/install/obstacle_detector' for CMake module files
[133.723s] Level 1:colcon.colcon_core.environment:checking '/home/ubuntu/rj_training_container/training_ws/install/obstacle_detector' for CMake config files
[134.049s] Level 1:colcon.colcon_core.shell:create_environment_hook('obstacle_detector', 'cmake_prefix_path')
[134.050s] INFO:colcon.colcon_core.shell:Creating environment hook '/home/ubuntu/rj_training_container/training_ws/install/obstacle_detector/share/obstacle_detector/hook/cmake_prefix_path.ps1'
[134.114s] INFO:colcon.colcon_core.shell:Creating environment descriptor '/home/ubuntu/rj_training_container/training_ws/install/obstacle_detector/share/obstacle_detector/hook/cmake_prefix_path.dsv'
[134.176s] INFO:colcon.colcon_core.shell:Creating environment hook '/home/ubuntu/rj_training_container/training_ws/install/obstacle_detector/share/obstacle_detector/hook/cmake_prefix_path.sh'
[140.310s] Level 1:colcon.colcon_core.environment:checking '/home/ubuntu/rj_training_container/training_ws/install/obstacle_detector/lib'
[140.328s] Level 1:colcon.colcon_core.shell:create_environment_hook('obstacle_detector', 'ld_library_path_lib')
[140.330s] INFO:colcon.colcon_core.shell:Creating environment hook '/home/ubuntu/rj_training_container/training_ws/install/obstacle_detector/share/obstacle_detector/hook/ld_library_path_lib.ps1'
[140.396s] INFO:colcon.colcon_core.shell:Creating environment descriptor '/home/ubuntu/rj_training_container/training_ws/install/obstacle_detector/share/obstacle_detector/hook/ld_library_path_lib.dsv'
[133.902s] INFO:colcon.colcon_core.shell:Creating environment hook '/home/ubuntu/rj_training_container/training_ws/install/obstacle_detector/share/obstacle_detector/hook/ld_library_path_lib.sh'
[133.957s] Level 1:colcon.colcon_core.environment:checking '/home/ubuntu/rj_training_container/training_ws/install/obstacle_detector/bin'
[133.961s] Level 1:colcon.colcon_core.environment:checking '/home/ubuntu/rj_training_container/training_ws/install/obstacle_detector/lib/pkgconfig/obstacle_detector.pc'
[133.968s] Level 1:colcon.colcon_core.environment:checking '/home/ubuntu/rj_training_container/training_ws/install/obstacle_detector/lib/python3.10/site-packages'
[133.975s] Level 1:colcon.colcon_core.environment:checking '/home/ubuntu/rj_training_container/training_ws/install/obstacle_detector/bin'
[133.980s] INFO:colcon.colcon_core.shell:Creating package script '/home/ubuntu/rj_training_container/training_ws/install/obstacle_detector/share/obstacle_detector/package.ps1'
[134.025s] INFO:colcon.colcon_core.shell:Creating package descriptor '/home/ubuntu/rj_training_container/training_ws/install/obstacle_detector/share/obstacle_detector/package.dsv'
[134.074s] INFO:colcon.colcon_core.shell:Creating package script '/home/ubuntu/rj_training_container/training_ws/install/obstacle_detector/share/obstacle_detector/package.sh'
[134.126s] INFO:colcon.colcon_core.shell:Creating package script '/home/ubuntu/rj_training_container/training_ws/install/obstacle_detector/share/obstacle_detector/package.bash'
[134.169s] INFO:colcon.colcon_core.shell:Creating package script '/home/ubuntu/rj_training_container/training_ws/install/obstacle_detector/share/obstacle_detector/package.zsh'
[134.205s] Level 1:colcon.colcon_core.environment:create_file_with_runtime_dependencies(/home/ubuntu/rj_training_container/training_ws/install/obstacle_detector/share/colcon-core/packages/obstacle_detector)
[455.527s] DEBUG:colcon.colcon_parallel_executor.executor.parallel:closing loop
[455.531s] DEBUG:colcon.colcon_parallel_executor.executor.parallel:loop closed
[455.534s] DEBUG:colcon.colcon_parallel_executor.executor.parallel:run_until_complete finished with '2'
[455.535s] DEBUG:colcon.colcon_core.event_reactor:joining thread
[456.030s] INFO:colcon.colcon_core.plugin_system:Skipping extension 'colcon_notification.desktop_notification.terminal_notifier': Not used on non-Darwin systems
[456.031s] INFO:colcon.colcon_core.plugin_system:Skipping extension 'colcon_notification.desktop_notification.win32': Not used on non-Windows systems
[456.032s] INFO:colcon.colcon_notification.desktop_notification:Sending desktop notification using 'notify2'
[456.374s] DEBUG:colcon.colcon_core.event_reactor:joined thread
[456.376s] INFO:colcon.colcon_core.shell:Creating prefix script '/home/ubuntu/rj_training_container/training_ws/install/local_setup.ps1'
[456.387s] INFO:colcon.colcon_core.shell:Creating prefix util module '/home/ubuntu/rj_training_container/training_ws/install/_local_setup_util_ps1.py'
[456.400s] INFO:colcon.colcon_core.shell:Creating prefix chain script '/home/ubuntu/rj_training_container/training_ws/install/setup.ps1'
[456.762s] INFO:colcon.colcon_core.shell:Creating prefix script '/home/ubuntu/rj_training_container/training_ws/install/local_setup.sh'
[456.774s] INFO:colcon.colcon_core.shell:Creating prefix util module '/home/ubuntu/rj_training_container/training_ws/install/_local_setup_util_sh.py'
[456.787s] INFO:colcon.colcon_core.shell:Creating prefix chain script '/home/ubuntu/rj_training_container/training_ws/install/setup.sh'
[457.134s] INFO:colcon.colcon_core.shell:Creating prefix script '/home/ubuntu/rj_training_container/training_ws/install/local_setup.bash'
[457.145s] INFO:colcon.colcon_core.shell:Creating prefix chain script '/home/ubuntu/rj_training_container/training_ws/install/setup.bash'
[457.501s] INFO:colcon.colcon_core.shell:Creating prefix script '/home/ubuntu/rj_training_container/training_ws/install/local_setup.zsh'
[457.512s] INFO:colcon.colcon_core.shell:Creating prefix chain script '/home/ubuntu/rj_training_container/training_ws/install/setup.zsh'
