[0.584s] DEBUG:colcon:Command line arguments: ['/usr/bin/colcon', 'build']
[0.584s] DEBUG:colcon:Parsed command line arguments: Namespace(log_base=None, log_level=None, verb_name='build', build_base='build', install_base='install', merge_install=False, symlink_install=False, test_result_base=None, continue_on_error=False, executor='parallel', parallel_workers=16, event_handlers=None, ignore_user_meta=False, metas=['./colcon.meta'], base_paths=['.'], packages_ignore=None, packages_ignore_regex=None, paths=None, packages_up_to=None, packages_up_to_regex=None, packages_above=None, packages_above_and_dependencies=None, packages_above_depth=None, packages_select_by_dep=None, packages_skip_by_dep=None, packages_skip_up_to=None, packages_select_build_failed=False, packages_skip_build_finished=False, packages_select_test_failures=False, packages_skip_test_passed=False, packages_select=None, packages_skip=None, packages_select_regex=None, packages_skip_regex=None, packages_start=None, packages_end=None, allow_overriding=[], cmake_args=None, cmake_target=None, cmake_target_skip_unavailable=False, cmake_clean_cache=False, cmake_clean_first=False, cmake_force_configure=False, ament_cmake_args=None, catkin_cmake_args=None, catkin_skip_building_tests=False, verb_parser=<colcon_defaults.argument_parser.defaults.DefaultArgumentsDecorator object at 0x7f89fd2dbbe0>, verb_extension=<colcon_core.verb.build.BuildVerb object at 0x7f89fd410880>, main=<bound method BuildVerb.main of <colcon_core.verb.build.BuildVerb object at 0x7f89fd410880>>)
[1.064s] Level 1:colcon.colcon_core.package_discovery:discover_packages(colcon_meta) check parameters
[1.065s] Level 1:colcon.colcon_core.package_discovery:discover_packages(recursive) check parameters
[1.066s] Level 1:colcon.colcon_core.package_discovery:discover_packages(ignore) check parameters
[1.066s] Level 1:colcon.colcon_core.package_discovery:discover_packages(path) check parameters
[1.067s] Level 1:colcon.colcon_core.package_discovery:discover_packages(colcon_meta) discover
[1.067s] Level 1:colcon.colcon_core.package_discovery:discover_packages(recursive) discover
[1.067s] INFO:colcon.colcon_core.package_discovery:Crawling recursively for packages in '/home/ubuntu/rj_training_container/training_ws'
[1.070s] Level 1:colcon.colcon_core.package_identification:_identify(.) by extensions ['ignore', 'ignore_ament_install']
[1.070s] Level 1:colcon.colcon_core.package_identification:_identify(.) by extension 'ignore'
[1.071s] Level 1:colcon.colcon_core.package_identification:_identify(.) by extension 'ignore_ament_install'
[1.072s] Level 1:colcon.colcon_core.package_identification:_identify(.) by extensions ['colcon_pkg']
[1.072s] Level 1:colcon.colcon_core.package_identification:_identify(.) by extension 'colcon_pkg'
[1.073s] Level 1:colcon.colcon_core.package_identification:_identify(.) by extensions ['colcon_meta']
[1.073s] Level 1:colcon.colcon_core.package_identification:_identify(.) by extension 'colcon_meta'
[1.074s] Level 1:colcon.colcon_core.package_identification:_identify(.) by extensions ['ros']
[1.074s] Level 1:colcon.colcon_core.package_identification:_identify(.) by extension 'ros'
[1.101s] Level 1:colcon.colcon_core.package_identification:_identify(.) by extensions ['cmake', 'python']
[1.101s] Level 1:colcon.colcon_core.package_identification:_identify(.) by extension 'cmake'
[1.102s] Level 1:colcon.colcon_core.package_identification:_identify(.) by extension 'python'
[1.103s] Level 1:colcon.colcon_core.package_identification:_identify(.) by extensions ['python_setup_py']
[1.103s] Level 1:colcon.colcon_core.package_identification:_identify(.) by extension 'python_setup_py'
[1.117s] Level 1:colcon.colcon_core.package_identification:_identify(build) by extensions ['ignore', 'ignore_ament_install']
[1.117s] Level 1:colcon.colcon_core.package_identification:_identify(build) by extension 'ignore'
[1.120s] Level 1:colcon.colcon_core.package_identification:_identify(build) ignored
[1.124s] Level 1:colcon.colcon_core.package_identification:_identify(install) by extensions ['ignore', 'ignore_ament_install']
[1.124s] Level 1:colcon.colcon_core.package_identification:_identify(install) by extension 'ignore'
[1.127s] Level 1:colcon.colcon_core.package_identification:_identify(install) ignored
[1.135s] Level 1:colcon.colcon_core.package_identification:_identify(log) by extensions ['ignore', 'ignore_ament_install']
[1.135s] Level 1:colcon.colcon_core.package_identification:_identify(log) by extension 'ignore'
[1.136s] Level 1:colcon.colcon_core.package_identification:_identify(log) ignored
[1.140s] Level 1:colcon.colcon_core.package_identification:_identify(src) by extensions ['ignore', 'ignore_ament_install']
[1.141s] Level 1:colcon.colcon_core.package_identification:_identify(src) by extension 'ignore'
[1.145s] Level 1:colcon.colcon_core.package_identification:_identify(src) by extension 'ignore_ament_install'
[1.147s] Level 1:colcon.colcon_core.package_identification:_identify(src) by extensions ['colcon_pkg']
[1.147s] Level 1:colcon.colcon_core.package_identification:_identify(src) by extension 'colcon_pkg'
[1.149s] Level 1:colcon.colcon_core.package_identification:_identify(src) by extensions ['colcon_meta']
[1.149s] Level 1:colcon.colcon_core.package_identification:_identify(src) by extension 'colcon_meta'
[1.151s] Level 1:colcon.colcon_core.package_identification:_identify(src) by extensions ['ros']
[1.151s] Level 1:colcon.colcon_core.package_identification:_identify(src) by extension 'ros'
[1.155s] Level 1:colcon.colcon_core.package_identification:_identify(src) by extensions ['cmake', 'python']
[1.155s] Level 1:colcon.colcon_core.package_identification:_identify(src) by extension 'cmake'
[1.156s] Level 1:colcon.colcon_core.package_identification:_identify(src) by extension 'python'
[1.159s] Level 1:colcon.colcon_core.package_identification:_identify(src) by extensions ['python_setup_py']
[1.159s] Level 1:colcon.colcon_core.package_identification:_identify(src) by extension 'python_setup_py'
[1.166s] Level 1:colcon.colcon_core.package_identification:_identify(src/software-training-old) by extensions ['ignore', 'ignore_ament_install']
[1.166s] Level 1:colcon.colcon_core.package_identification:_identify(src/software-training-old) by extension 'ignore'
[1.169s] Level 1:colcon.colcon_core.package_identification:_identify(src/software-training-old) by extension 'ignore_ament_install'
[1.172s] Level 1:colcon.colcon_core.package_identification:_identify(src/software-training-old) by extensions ['colcon_pkg']
[1.173s] Level 1:colcon.colcon_core.package_identification:_identify(src/software-training-old) by extension 'colcon_pkg'
[1.175s] Level 1:colcon.colcon_core.package_identification:_identify(src/software-training-old) by extensions ['colcon_meta']
[1.175s] Level 1:colcon.colcon_core.package_identification:_identify(src/software-training-old) by extension 'colcon_meta'
[1.177s] Level 1:colcon.colcon_core.package_identification:_identify(src/software-training-old) by extensions ['ros']
[1.178s] Level 1:colcon.colcon_core.package_identification:_identify(src/software-training-old) by extension 'ros'
[1.185s] Level 1:colcon.colcon_core.package_identification:_identify(src/software-training-old) by extensions ['cmake', 'python']
[1.185s] Level 1:colcon.colcon_core.package_identification:_identify(src/software-training-old) by extension 'cmake'
[1.187s] Level 1:colcon.colcon_core.package_identification:_identify(src/software-training-old) by extension 'python'
[1.189s] Level 1:colcon.colcon_core.package_identification:_identify(src/software-training-old) by extensions ['python_setup_py']
[1.189s] Level 1:colcon.colcon_core.package_identification:_identify(src/software-training-old) by extension 'python_setup_py'
[1.198s] Level 1:colcon.colcon_core.package_identification:_identify(src/software-training-old/astar_path_planner) by extensions ['ignore', 'ignore_ament_install']
[1.198s] Level 1:colcon.colcon_core.package_identification:_identify(src/software-training-old/astar_path_planner) by extension 'ignore'
[1.201s] Level 1:colcon.colcon_core.package_identification:_identify(src/software-training-old/astar_path_planner) by extension 'ignore_ament_install'
[1.205s] Level 1:colcon.colcon_core.package_identification:_identify(src/software-training-old/astar_path_planner) by extensions ['colcon_pkg']
[1.205s] Level 1:colcon.colcon_core.package_identification:_identify(src/software-training-old/astar_path_planner) by extension 'colcon_pkg'
[1.207s] Level 1:colcon.colcon_core.package_identification:_identify(src/software-training-old/astar_path_planner) by extensions ['colcon_meta']
[1.207s] Level 1:colcon.colcon_core.package_identification:_identify(src/software-training-old/astar_path_planner) by extension 'colcon_meta'
[1.212s] Level 1:colcon.colcon_core.package_identification:_identify(src/software-training-old/astar_path_planner) by extensions ['ros']
[1.212s] Level 1:colcon.colcon_core.package_identification:_identify(src/software-training-old/astar_path_planner) by extension 'ros'
[1.260s] DEBUG:colcon.colcon_core.package_identification:Package 'src/software-training-old/astar_path_planner' with type 'ros.ament_cmake' and name 'astar_path_planner'
[1.270s] Level 1:colcon.colcon_core.package_identification:_identify(src/software-training-old/controllers) by extensions ['ignore', 'ignore_ament_install']
[1.270s] Level 1:colcon.colcon_core.package_identification:_identify(src/software-training-old/controllers) by extension 'ignore'
[1.273s] Level 1:colcon.colcon_core.package_identification:_identify(src/software-training-old/controllers) by extension 'ignore_ament_install'
[1.277s] Level 1:colcon.colcon_core.package_identification:_identify(src/software-training-old/controllers) by extensions ['colcon_pkg']
[1.277s] Level 1:colcon.colcon_core.package_identification:_identify(src/software-training-old/controllers) by extension 'colcon_pkg'
[1.280s] Level 1:colcon.colcon_core.package_identification:_identify(src/software-training-old/controllers) by extensions ['colcon_meta']
[1.280s] Level 1:colcon.colcon_core.package_identification:_identify(src/software-training-old/controllers) by extension 'colcon_meta'
[1.284s] Level 1:colcon.colcon_core.package_identification:_identify(src/software-training-old/controllers) by extensions ['ros']
[1.284s] Level 1:colcon.colcon_core.package_identification:_identify(src/software-training-old/controllers) by extension 'ros'
[1.319s] DEBUG:colcon.colcon_core.package_identification:Package 'src/software-training-old/controllers' with type 'ros.ament_cmake' and name 'controllers'
[1.328s] Level 1:colcon.colcon_core.package_identification:_identify(src/software-training-old/coordinate_transform) by extensions ['ignore', 'ignore_ament_install']
[1.329s] Level 1:colcon.colcon_core.package_identification:_identify(src/software-training-old/coordinate_transform) by extension 'ignore'
[1.331s] Level 1:colcon.colcon_core.package_identification:_identify(src/software-training-old/coordinate_transform) by extension 'ignore_ament_install'
[1.335s] Level 1:colcon.colcon_core.package_identification:_identify(src/software-training-old/coordinate_transform) by extensions ['colcon_pkg']
[1.335s] Level 1:colcon.colcon_core.package_identification:_identify(src/software-training-old/coordinate_transform) by extension 'colcon_pkg'
[1.337s] Level 1:colcon.colcon_core.package_identification:_identify(src/software-training-old/coordinate_transform) by extensions ['colcon_meta']
[1.338s] Level 1:colcon.colcon_core.package_identification:_identify(src/software-training-old/coordinate_transform) by extension 'colcon_meta'
[1.342s] Level 1:colcon.colcon_core.package_identification:_identify(src/software-training-old/coordinate_transform) by extensions ['ros']
[1.342s] Level 1:colcon.colcon_core.package_identification:_identify(src/software-training-old/coordinate_transform) by extension 'ros'
[1.374s] DEBUG:colcon.colcon_core.package_identification:Package 'src/software-training-old/coordinate_transform' with type 'ros.ament_cmake' and name 'coordinate_transform'
[1.383s] Level 1:colcon.colcon_core.package_identification:_identify(src/software-training-old/localization) by extensions ['ignore', 'ignore_ament_install']
[1.384s] Level 1:colcon.colcon_core.package_identification:_identify(src/software-training-old/localization) by extension 'ignore'
[1.386s] Level 1:colcon.colcon_core.package_identification:_identify(src/software-training-old/localization) by extension 'ignore_ament_install'
[1.390s] Level 1:colcon.colcon_core.package_identification:_identify(src/software-training-old/localization) by extensions ['colcon_pkg']
[1.390s] Level 1:colcon.colcon_core.package_identification:_identify(src/software-training-old/localization) by extension 'colcon_pkg'
[1.392s] Level 1:colcon.colcon_core.package_identification:_identify(src/software-training-old/localization) by extensions ['colcon_meta']
[1.393s] Level 1:colcon.colcon_core.package_identification:_identify(src/software-training-old/localization) by extension 'colcon_meta'
[1.397s] Level 1:colcon.colcon_core.package_identification:_identify(src/software-training-old/localization) by extensions ['ros']
[1.398s] Level 1:colcon.colcon_core.package_identification:_identify(src/software-training-old/localization) by extension 'ros'
[1.431s] DEBUG:colcon.colcon_core.package_identification:Package 'src/software-training-old/localization' with type 'ros.ament_cmake' and name 'localization'
[1.441s] Level 1:colcon.colcon_core.package_identification:_identify(src/software-training-old/mapping) by extensions ['ignore', 'ignore_ament_install']
[1.441s] Level 1:colcon.colcon_core.package_identification:_identify(src/software-training-old/mapping) by extension 'ignore'
[1.444s] Level 1:colcon.colcon_core.package_identification:_identify(src/software-training-old/mapping) by extension 'ignore_ament_install'
[1.448s] Level 1:colcon.colcon_core.package_identification:_identify(src/software-training-old/mapping) by extensions ['colcon_pkg']
[1.448s] Level 1:colcon.colcon_core.package_identification:_identify(src/software-training-old/mapping) by extension 'colcon_pkg'
[1.450s] Level 1:colcon.colcon_core.package_identification:_identify(src/software-training-old/mapping) by extensions ['colcon_meta']
[1.450s] Level 1:colcon.colcon_core.package_identification:_identify(src/software-training-old/mapping) by extension 'colcon_meta'
[1.455s] Level 1:colcon.colcon_core.package_identification:_identify(src/software-training-old/mapping) by extensions ['ros']
[1.455s] Level 1:colcon.colcon_core.package_identification:_identify(src/software-training-old/mapping) by extension 'ros'
[1.487s] DEBUG:colcon.colcon_core.package_identification:Package 'src/software-training-old/mapping' with type 'ros.ament_cmake' and name 'mapping'
[1.497s] Level 1:colcon.colcon_core.package_identification:_identify(src/software-training-old/mineral_deposit_tracking) by extensions ['ignore', 'ignore_ament_install']
[1.497s] Level 1:colcon.colcon_core.package_identification:_identify(src/software-training-old/mineral_deposit_tracking) by extension 'ignore'
[1.499s] Level 1:colcon.colcon_core.package_identification:_identify(src/software-training-old/mineral_deposit_tracking) by extension 'ignore_ament_install'
[1.503s] Level 1:colcon.colcon_core.package_identification:_identify(src/software-training-old/mineral_deposit_tracking) by extensions ['colcon_pkg']
[1.504s] Level 1:colcon.colcon_core.package_identification:_identify(src/software-training-old/mineral_deposit_tracking) by extension 'colcon_pkg'
[1.506s] Level 1:colcon.colcon_core.package_identification:_identify(src/software-training-old/mineral_deposit_tracking) by extensions ['colcon_meta']
[1.506s] Level 1:colcon.colcon_core.package_identification:_identify(src/software-training-old/mineral_deposit_tracking) by extension 'colcon_meta'
[1.510s] Level 1:colcon.colcon_core.package_identification:_identify(src/software-training-old/mineral_deposit_tracking) by extensions ['ros']
[1.511s] Level 1:colcon.colcon_core.package_identification:_identify(src/software-training-old/mineral_deposit_tracking) by extension 'ros'
[1.542s] DEBUG:colcon.colcon_core.package_identification:Package 'src/software-training-old/mineral_deposit_tracking' with type 'ros.ament_cmake' and name 'mineral_deposit_tracking'
[1.552s] Level 1:colcon.colcon_core.package_identification:_identify(src/software-training-old/obstacle_detector) by extensions ['ignore', 'ignore_ament_install']
[1.552s] Level 1:colcon.colcon_core.package_identification:_identify(src/software-training-old/obstacle_detector) by extension 'ignore'
[1.555s] Level 1:colcon.colcon_core.package_identification:_identify(src/software-training-old/obstacle_detector) by extension 'ignore_ament_install'
[1.559s] Level 1:colcon.colcon_core.package_identification:_identify(src/software-training-old/obstacle_detector) by extensions ['colcon_pkg']
[1.559s] Level 1:colcon.colcon_core.package_identification:_identify(src/software-training-old/obstacle_detector) by extension 'colcon_pkg'
[1.561s] Level 1:colcon.colcon_core.package_identification:_identify(src/software-training-old/obstacle_detector) by extensions ['colcon_meta']
[1.562s] Level 1:colcon.colcon_core.package_identification:_identify(src/software-training-old/obstacle_detector) by extension 'colcon_meta'
[1.566s] Level 1:colcon.colcon_core.package_identification:_identify(src/software-training-old/obstacle_detector) by extensions ['ros']
[1.566s] Level 1:colcon.colcon_core.package_identification:_identify(src/software-training-old/obstacle_detector) by extension 'ros'
[1.598s] DEBUG:colcon.colcon_core.package_identification:Package 'src/software-training-old/obstacle_detector' with type 'ros.ament_cmake' and name 'obstacle_detector'
[1.608s] Level 1:colcon.colcon_core.package_identification:_identify(src/software-training-old/peak_finder) by extensions ['ignore', 'ignore_ament_install']
[1.609s] Level 1:colcon.colcon_core.package_identification:_identify(src/software-training-old/peak_finder) by extension 'ignore'
[1.611s] Level 1:colcon.colcon_core.package_identification:_identify(src/software-training-old/peak_finder) by extension 'ignore_ament_install'
[1.615s] Level 1:colcon.colcon_core.package_identification:_identify(src/software-training-old/peak_finder) by extensions ['colcon_pkg']
[1.615s] Level 1:colcon.colcon_core.package_identification:_identify(src/software-training-old/peak_finder) by extension 'colcon_pkg'
[1.618s] Level 1:colcon.colcon_core.package_identification:_identify(src/software-training-old/peak_finder) by extensions ['colcon_meta']
[1.618s] Level 1:colcon.colcon_core.package_identification:_identify(src/software-training-old/peak_finder) by extension 'colcon_meta'
[1.622s] Level 1:colcon.colcon_core.package_identification:_identify(src/software-training-old/peak_finder) by extensions ['ros']
[1.623s] Level 1:colcon.colcon_core.package_identification:_identify(src/software-training-old/peak_finder) by extension 'ros'
[1.655s] DEBUG:colcon.colcon_core.package_identification:Package 'src/software-training-old/peak_finder' with type 'ros.ament_cmake' and name 'peak_finder'
[1.665s] Level 1:colcon.colcon_core.package_identification:_identify(src/software-training-old/projects) by extensions ['ignore', 'ignore_ament_install']
[1.665s] Level 1:colcon.colcon_core.package_identification:_identify(src/software-training-old/projects) by extension 'ignore'
[1.667s] Level 1:colcon.colcon_core.package_identification:_identify(src/software-training-old/projects) by extension 'ignore_ament_install'
[1.672s] Level 1:colcon.colcon_core.package_identification:_identify(src/software-training-old/projects) by extensions ['colcon_pkg']
[1.672s] Level 1:colcon.colcon_core.package_identification:_identify(src/software-training-old/projects) by extension 'colcon_pkg'
[1.674s] Level 1:colcon.colcon_core.package_identification:_identify(src/software-training-old/projects) by extensions ['colcon_meta']
[1.675s] Level 1:colcon.colcon_core.package_identification:_identify(src/software-training-old/projects) by extension 'colcon_meta'
[1.679s] Level 1:colcon.colcon_core.package_identification:_identify(src/software-training-old/projects) by extensions ['ros']
[1.679s] Level 1:colcon.colcon_core.package_identification:_identify(src/software-training-old/projects) by extension 'ros'
[1.689s] Level 1:colcon.colcon_core.package_identification:_identify(src/software-training-old/projects) by extensions ['cmake', 'python']
[1.690s] Level 1:colcon.colcon_core.package_identification:_identify(src/software-training-old/projects) by extension 'cmake'
[1.693s] Level 1:colcon.colcon_core.package_identification:_identify(src/software-training-old/projects) by extension 'python'
[1.695s] Level 1:colcon.colcon_core.package_identification:_identify(src/software-training-old/projects) by extensions ['python_setup_py']
[1.695s] Level 1:colcon.colcon_core.package_identification:_identify(src/software-training-old/projects) by extension 'python_setup_py'
[1.717s] Level 1:colcon.colcon_core.package_identification:_identify(src/software-training-old/projects/week_1) by extensions ['ignore', 'ignore_ament_install']
[1.718s] Level 1:colcon.colcon_core.package_identification:_identify(src/software-training-old/projects/week_1) by extension 'ignore'
[1.722s] Level 1:colcon.colcon_core.package_identification:_identify(src/software-training-old/projects/week_1) by extension 'ignore_ament_install'
[1.729s] Level 1:colcon.colcon_core.package_identification:_identify(src/software-training-old/projects/week_1) by extensions ['colcon_pkg']
[1.729s] Level 1:colcon.colcon_core.package_identification:_identify(src/software-training-old/projects/week_1) by extension 'colcon_pkg'
[1.732s] Level 1:colcon.colcon_core.package_identification:_identify(src/software-training-old/projects/week_1) by extensions ['colcon_meta']
[1.732s] Level 1:colcon.colcon_core.package_identification:_identify(src/software-training-old/projects/week_1) by extension 'colcon_meta'
[1.740s] Level 1:colcon.colcon_core.package_identification:_identify(src/software-training-old/projects/week_1) by extensions ['ros']
[1.741s] Level 1:colcon.colcon_core.package_identification:_identify(src/software-training-old/projects/week_1) by extension 'ros'
[1.753s] Level 1:colcon.colcon_core.package_identification:_identify(src/software-training-old/projects/week_1) by extensions ['cmake', 'python']
[1.754s] Level 1:colcon.colcon_core.package_identification:_identify(src/software-training-old/projects/week_1) by extension 'cmake'
[1.757s] Level 1:colcon.colcon_core.package_identification:_identify(src/software-training-old/projects/week_1) by extension 'python'
[1.759s] Level 1:colcon.colcon_core.package_identification:_identify(src/software-training-old/projects/week_1) by extensions ['python_setup_py']
[1.760s] Level 1:colcon.colcon_core.package_identification:_identify(src/software-training-old/projects/week_1) by extension 'python_setup_py'
[1.779s] Level 1:colcon.colcon_core.package_identification:_identify(src/software-training-old/projects/week_2) by extensions ['ignore', 'ignore_ament_install']
[1.779s] Level 1:colcon.colcon_core.package_identification:_identify(src/software-training-old/projects/week_2) by extension 'ignore'
[1.782s] Level 1:colcon.colcon_core.package_identification:_identify(src/software-training-old/projects/week_2) by extension 'ignore_ament_install'
[1.789s] Level 1:colcon.colcon_core.package_identification:_identify(src/software-training-old/projects/week_2) by extensions ['colcon_pkg']
[1.789s] Level 1:colcon.colcon_core.package_identification:_identify(src/software-training-old/projects/week_2) by extension 'colcon_pkg'
[1.791s] Level 1:colcon.colcon_core.package_identification:_identify(src/software-training-old/projects/week_2) by extensions ['colcon_meta']
[1.792s] Level 1:colcon.colcon_core.package_identification:_identify(src/software-training-old/projects/week_2) by extension 'colcon_meta'
[1.798s] Level 1:colcon.colcon_core.package_identification:_identify(src/software-training-old/projects/week_2) by extensions ['ros']
[1.799s] Level 1:colcon.colcon_core.package_identification:_identify(src/software-training-old/projects/week_2) by extension 'ros'
[1.811s] Level 1:colcon.colcon_core.package_identification:_identify(src/software-training-old/projects/week_2) by extensions ['cmake', 'python']
[1.812s] Level 1:colcon.colcon_core.package_identification:_identify(src/software-training-old/projects/week_2) by extension 'cmake'
[1.815s] Level 1:colcon.colcon_core.package_identification:_identify(src/software-training-old/projects/week_2) by extension 'python'
[1.817s] Level 1:colcon.colcon_core.package_identification:_identify(src/software-training-old/projects/week_2) by extensions ['python_setup_py']
[1.818s] Level 1:colcon.colcon_core.package_identification:_identify(src/software-training-old/projects/week_2) by extension 'python_setup_py'
[1.831s] Level 1:colcon.colcon_core.package_identification:_identify(src/software-training-old/projects/week_3) by extensions ['ignore', 'ignore_ament_install']
[1.831s] Level 1:colcon.colcon_core.package_identification:_identify(src/software-training-old/projects/week_3) by extension 'ignore'
[1.834s] Level 1:colcon.colcon_core.package_identification:_identify(src/software-training-old/projects/week_3) by extension 'ignore_ament_install'
[1.839s] Level 1:colcon.colcon_core.package_identification:_identify(src/software-training-old/projects/week_3) by extensions ['colcon_pkg']
[1.840s] Level 1:colcon.colcon_core.package_identification:_identify(src/software-training-old/projects/week_3) by extension 'colcon_pkg'
[1.842s] Level 1:colcon.colcon_core.package_identification:_identify(src/software-training-old/projects/week_3) by extensions ['colcon_meta']
[1.843s] Level 1:colcon.colcon_core.package_identification:_identify(src/software-training-old/projects/week_3) by extension 'colcon_meta'
[1.849s] Level 1:colcon.colcon_core.package_identification:_identify(src/software-training-old/projects/week_3) by extensions ['ros']
[1.849s] Level 1:colcon.colcon_core.package_identification:_identify(src/software-training-old/projects/week_3) by extension 'ros'
[1.862s] Level 1:colcon.colcon_core.package_identification:_identify(src/software-training-old/projects/week_3) by extensions ['cmake', 'python']
[1.862s] Level 1:colcon.colcon_core.package_identification:_identify(src/software-training-old/projects/week_3) by extension 'cmake'
[1.865s] Level 1:colcon.colcon_core.package_identification:_identify(src/software-training-old/projects/week_3) by extension 'python'
[1.867s] Level 1:colcon.colcon_core.package_identification:_identify(src/software-training-old/projects/week_3) by extensions ['python_setup_py']
[1.868s] Level 1:colcon.colcon_core.package_identification:_identify(src/software-training-old/projects/week_3) by extension 'python_setup_py'
[1.880s] Level 1:colcon.colcon_core.package_identification:_identify(src/software-training-old/projects/week_4) by extensions ['ignore', 'ignore_ament_install']
[1.880s] Level 1:colcon.colcon_core.package_identification:_identify(src/software-training-old/projects/week_4) by extension 'ignore'
[1.883s] Level 1:colcon.colcon_core.package_identification:_identify(src/software-training-old/projects/week_4) by extension 'ignore_ament_install'
[1.888s] Level 1:colcon.colcon_core.package_identification:_identify(src/software-training-old/projects/week_4) by extensions ['colcon_pkg']
[1.888s] Level 1:colcon.colcon_core.package_identification:_identify(src/software-training-old/projects/week_4) by extension 'colcon_pkg'
[1.891s] Level 1:colcon.colcon_core.package_identification:_identify(src/software-training-old/projects/week_4) by extensions ['colcon_meta']
[1.891s] Level 1:colcon.colcon_core.package_identification:_identify(src/software-training-old/projects/week_4) by extension 'colcon_meta'
[1.898s] Level 1:colcon.colcon_core.package_identification:_identify(src/software-training-old/projects/week_4) by extensions ['ros']
[1.898s] Level 1:colcon.colcon_core.package_identification:_identify(src/software-training-old/projects/week_4) by extension 'ros'
[1.911s] Level 1:colcon.colcon_core.package_identification:_identify(src/software-training-old/projects/week_4) by extensions ['cmake', 'python']
[1.911s] Level 1:colcon.colcon_core.package_identification:_identify(src/software-training-old/projects/week_4) by extension 'cmake'
[1.914s] Level 1:colcon.colcon_core.package_identification:_identify(src/software-training-old/projects/week_4) by extension 'python'
[1.916s] Level 1:colcon.colcon_core.package_identification:_identify(src/software-training-old/projects/week_4) by extensions ['python_setup_py']
[1.917s] Level 1:colcon.colcon_core.package_identification:_identify(src/software-training-old/projects/week_4) by extension 'python_setup_py'
[1.929s] Level 1:colcon.colcon_core.package_identification:_identify(src/software-training-old/projects/week_5) by extensions ['ignore', 'ignore_ament_install']
[1.929s] Level 1:colcon.colcon_core.package_identification:_identify(src/software-training-old/projects/week_5) by extension 'ignore'
[1.932s] Level 1:colcon.colcon_core.package_identification:_identify(src/software-training-old/projects/week_5) by extension 'ignore_ament_install'
[1.937s] Level 1:colcon.colcon_core.package_identification:_identify(src/software-training-old/projects/week_5) by extensions ['colcon_pkg']
[1.937s] Level 1:colcon.colcon_core.package_identification:_identify(src/software-training-old/projects/week_5) by extension 'colcon_pkg'
[1.940s] Level 1:colcon.colcon_core.package_identification:_identify(src/software-training-old/projects/week_5) by extensions ['colcon_meta']
[1.940s] Level 1:colcon.colcon_core.package_identification:_identify(src/software-training-old/projects/week_5) by extension 'colcon_meta'
[1.947s] Level 1:colcon.colcon_core.package_identification:_identify(src/software-training-old/projects/week_5) by extensions ['ros']
[1.947s] Level 1:colcon.colcon_core.package_identification:_identify(src/software-training-old/projects/week_5) by extension 'ros'
[1.959s] Level 1:colcon.colcon_core.package_identification:_identify(src/software-training-old/projects/week_5) by extensions ['cmake', 'python']
[1.959s] Level 1:colcon.colcon_core.package_identification:_identify(src/software-training-old/projects/week_5) by extension 'cmake'
[1.962s] Level 1:colcon.colcon_core.package_identification:_identify(src/software-training-old/projects/week_5) by extension 'python'
[1.965s] Level 1:colcon.colcon_core.package_identification:_identify(src/software-training-old/projects/week_5) by extensions ['python_setup_py']
[1.965s] Level 1:colcon.colcon_core.package_identification:_identify(src/software-training-old/projects/week_5) by extension 'python_setup_py'
[1.977s] Level 1:colcon.colcon_core.package_identification:_identify(src/software-training-old/projects/week_6) by extensions ['ignore', 'ignore_ament_install']
[1.978s] Level 1:colcon.colcon_core.package_identification:_identify(src/software-training-old/projects/week_6) by extension 'ignore'
[1.980s] Level 1:colcon.colcon_core.package_identification:_identify(src/software-training-old/projects/week_6) by extension 'ignore_ament_install'
[1.985s] Level 1:colcon.colcon_core.package_identification:_identify(src/software-training-old/projects/week_6) by extensions ['colcon_pkg']
[1.986s] Level 1:colcon.colcon_core.package_identification:_identify(src/software-training-old/projects/week_6) by extension 'colcon_pkg'
[1.988s] Level 1:colcon.colcon_core.package_identification:_identify(src/software-training-old/projects/week_6) by extensions ['colcon_meta']
[1.989s] Level 1:colcon.colcon_core.package_identification:_identify(src/software-training-old/projects/week_6) by extension 'colcon_meta'
[1.995s] Level 1:colcon.colcon_core.package_identification:_identify(src/software-training-old/projects/week_6) by extensions ['ros']
[1.996s] Level 1:colcon.colcon_core.package_identification:_identify(src/software-training-old/projects/week_6) by extension 'ros'
[2.008s] Level 1:colcon.colcon_core.package_identification:_identify(src/software-training-old/projects/week_6) by extensions ['cmake', 'python']
[2.008s] Level 1:colcon.colcon_core.package_identification:_identify(src/software-training-old/projects/week_6) by extension 'cmake'
[2.011s] Level 1:colcon.colcon_core.package_identification:_identify(src/software-training-old/projects/week_6) by extension 'python'
[2.013s] Level 1:colcon.colcon_core.package_identification:_identify(src/software-training-old/projects/week_6) by extensions ['python_setup_py']
[2.014s] Level 1:colcon.colcon_core.package_identification:_identify(src/software-training-old/projects/week_6) by extension 'python_setup_py'
[2.027s] Level 1:colcon.colcon_core.package_identification:_identify(src/software-training-old/projects/week_7) by extensions ['ignore', 'ignore_ament_install']
[2.027s] Level 1:colcon.colcon_core.package_identification:_identify(src/software-training-old/projects/week_7) by extension 'ignore'
[2.030s] Level 1:colcon.colcon_core.package_identification:_identify(src/software-training-old/projects/week_7) by extension 'ignore_ament_install'
[2.035s] Level 1:colcon.colcon_core.package_identification:_identify(src/software-training-old/projects/week_7) by extensions ['colcon_pkg']
[2.036s] Level 1:colcon.colcon_core.package_identification:_identify(src/software-training-old/projects/week_7) by extension 'colcon_pkg'
[2.038s] Level 1:colcon.colcon_core.package_identification:_identify(src/software-training-old/projects/week_7) by extensions ['colcon_meta']
[2.039s] Level 1:colcon.colcon_core.package_identification:_identify(src/software-training-old/projects/week_7) by extension 'colcon_meta'
[2.045s] Level 1:colcon.colcon_core.package_identification:_identify(src/software-training-old/projects/week_7) by extensions ['ros']
[2.046s] Level 1:colcon.colcon_core.package_identification:_identify(src/software-training-old/projects/week_7) by extension 'ros'
[2.058s] Level 1:colcon.colcon_core.package_identification:_identify(src/software-training-old/projects/week_7) by extensions ['cmake', 'python']
[2.059s] Level 1:colcon.colcon_core.package_identification:_identify(src/software-training-old/projects/week_7) by extension 'cmake'
[2.061s] Level 1:colcon.colcon_core.package_identification:_identify(src/software-training-old/projects/week_7) by extension 'python'
[2.064s] Level 1:colcon.colcon_core.package_identification:_identify(src/software-training-old/projects/week_7) by extensions ['python_setup_py']
[2.064s] Level 1:colcon.colcon_core.package_identification:_identify(src/software-training-old/projects/week_7) by extension 'python_setup_py'
[2.077s] Level 1:colcon.colcon_core.package_identification:_identify(src/software-training-old/projects/week_8) by extensions ['ignore', 'ignore_ament_install']
[2.078s] Level 1:colcon.colcon_core.package_identification:_identify(src/software-training-old/projects/week_8) by extension 'ignore'
[2.081s] Level 1:colcon.colcon_core.package_identification:_identify(src/software-training-old/projects/week_8) by extension 'ignore_ament_install'
[2.086s] Level 1:colcon.colcon_core.package_identification:_identify(src/software-training-old/projects/week_8) by extensions ['colcon_pkg']
[2.086s] Level 1:colcon.colcon_core.package_identification:_identify(src/software-training-old/projects/week_8) by extension 'colcon_pkg'
[2.089s] Level 1:colcon.colcon_core.package_identification:_identify(src/software-training-old/projects/week_8) by extensions ['colcon_meta']
[2.089s] Level 1:colcon.colcon_core.package_identification:_identify(src/software-training-old/projects/week_8) by extension 'colcon_meta'
[2.096s] Level 1:colcon.colcon_core.package_identification:_identify(src/software-training-old/projects/week_8) by extensions ['ros']
[2.096s] Level 1:colcon.colcon_core.package_identification:_identify(src/software-training-old/projects/week_8) by extension 'ros'
[2.109s] Level 1:colcon.colcon_core.package_identification:_identify(src/software-training-old/projects/week_8) by extensions ['cmake', 'python']
[2.109s] Level 1:colcon.colcon_core.package_identification:_identify(src/software-training-old/projects/week_8) by extension 'cmake'
[2.112s] Level 1:colcon.colcon_core.package_identification:_identify(src/software-training-old/projects/week_8) by extension 'python'
[2.115s] Level 1:colcon.colcon_core.package_identification:_identify(src/software-training-old/projects/week_8) by extensions ['python_setup_py']
[2.115s] Level 1:colcon.colcon_core.package_identification:_identify(src/software-training-old/projects/week_8) by extension 'python_setup_py'
[2.125s] Level 1:colcon.colcon_core.package_identification:_identify(src/software-training-old/reference_solutions) by extensions ['ignore', 'ignore_ament_install']
[2.125s] Level 1:colcon.colcon_core.package_identification:_identify(src/software-training-old/reference_solutions) by extension 'ignore'
[2.128s] Level 1:colcon.colcon_core.package_identification:_identify(src/software-training-old/reference_solutions) ignored
[2.135s] Level 1:colcon.colcon_core.package_identification:_identify(src/software-training-old/rj_training_bringup) by extensions ['ignore', 'ignore_ament_install']
[2.136s] Level 1:colcon.colcon_core.package_identification:_identify(src/software-training-old/rj_training_bringup) by extension 'ignore'
[2.138s] Level 1:colcon.colcon_core.package_identification:_identify(src/software-training-old/rj_training_bringup) by extension 'ignore_ament_install'
[2.142s] Level 1:colcon.colcon_core.package_identification:_identify(src/software-training-old/rj_training_bringup) by extensions ['colcon_pkg']
[2.142s] Level 1:colcon.colcon_core.package_identification:_identify(src/software-training-old/rj_training_bringup) by extension 'colcon_pkg'
[2.144s] Level 1:colcon.colcon_core.package_identification:_identify(src/software-training-old/rj_training_bringup) by extensions ['colcon_meta']
[2.144s] Level 1:colcon.colcon_core.package_identification:_identify(src/software-training-old/rj_training_bringup) by extension 'colcon_meta'
[2.149s] Level 1:colcon.colcon_core.package_identification:_identify(src/software-training-old/rj_training_bringup) by extensions ['ros']
[2.149s] Level 1:colcon.colcon_core.package_identification:_identify(src/software-training-old/rj_training_bringup) by extension 'ros'
[2.187s] DEBUG:colcon.colcon_core.package_identification:Package 'src/software-training-old/rj_training_bringup' with type 'ros.ament_cmake' and name 'rj_training_bringup'
[2.196s] Level 1:colcon.colcon_core.package_identification:_identify(src/software-training-old/setup_instructons) by extensions ['ignore', 'ignore_ament_install']
[2.197s] Level 1:colcon.colcon_core.package_identification:_identify(src/software-training-old/setup_instructons) by extension 'ignore'
[2.199s] Level 1:colcon.colcon_core.package_identification:_identify(src/software-training-old/setup_instructons) by extension 'ignore_ament_install'
[2.203s] Level 1:colcon.colcon_core.package_identification:_identify(src/software-training-old/setup_instructons) by extensions ['colcon_pkg']
[2.204s] Level 1:colcon.colcon_core.package_identification:_identify(src/software-training-old/setup_instructons) by extension 'colcon_pkg'
[2.206s] Level 1:colcon.colcon_core.package_identification:_identify(src/software-training-old/setup_instructons) by extensions ['colcon_meta']
[2.206s] Level 1:colcon.colcon_core.package_identification:_identify(src/software-training-old/setup_instructons) by extension 'colcon_meta'
[2.211s] Level 1:colcon.colcon_core.package_identification:_identify(src/software-training-old/setup_instructons) by extensions ['ros']
[2.211s] Level 1:colcon.colcon_core.package_identification:_identify(src/software-training-old/setup_instructons) by extension 'ros'
[2.220s] Level 1:colcon.colcon_core.package_identification:_identify(src/software-training-old/setup_instructons) by extensions ['cmake', 'python']
[2.221s] Level 1:colcon.colcon_core.package_identification:_identify(src/software-training-old/setup_instructons) by extension 'cmake'
[2.225s] Level 1:colcon.colcon_core.package_identification:_identify(src/software-training-old/setup_instructons) by extension 'python'
[2.227s] Level 1:colcon.colcon_core.package_identification:_identify(src/software-training-old/setup_instructons) by extensions ['python_setup_py']
[2.227s] Level 1:colcon.colcon_core.package_identification:_identify(src/software-training-old/setup_instructons) by extension 'python_setup_py'
[2.234s] Level 1:colcon.colcon_core.package_identification:_identify(src/stsl) by extensions ['ignore', 'ignore_ament_install']
[2.235s] Level 1:colcon.colcon_core.package_identification:_identify(src/stsl) by extension 'ignore'
[2.236s] Level 1:colcon.colcon_core.package_identification:_identify(src/stsl) by extension 'ignore_ament_install'
[2.240s] Level 1:colcon.colcon_core.package_identification:_identify(src/stsl) by extensions ['colcon_pkg']
[2.240s] Level 1:colcon.colcon_core.package_identification:_identify(src/stsl) by extension 'colcon_pkg'
[2.242s] Level 1:colcon.colcon_core.package_identification:_identify(src/stsl) by extensions ['colcon_meta']
[2.242s] Level 1:colcon.colcon_core.package_identification:_identify(src/stsl) by extension 'colcon_meta'
[2.245s] Level 1:colcon.colcon_core.package_identification:_identify(src/stsl) by extensions ['ros']
[2.245s] Level 1:colcon.colcon_core.package_identification:_identify(src/stsl) by extension 'ros'
[2.252s] Level 1:colcon.colcon_core.package_identification:_identify(src/stsl) by extensions ['cmake', 'python']
[2.252s] Level 1:colcon.colcon_core.package_identification:_identify(src/stsl) by extension 'cmake'
[2.254s] Level 1:colcon.colcon_core.package_identification:_identify(src/stsl) by extension 'python'
[2.256s] Level 1:colcon.colcon_core.package_identification:_identify(src/stsl) by extensions ['python_setup_py']
[2.256s] Level 1:colcon.colcon_core.package_identification:_identify(src/stsl) by extension 'python_setup_py'
[2.265s] Level 1:colcon.colcon_core.package_identification:_identify(src/stsl/deployment) by extensions ['ignore', 'ignore_ament_install']
[2.265s] Level 1:colcon.colcon_core.package_identification:_identify(src/stsl/deployment) by extension 'ignore'
[2.268s] Level 1:colcon.colcon_core.package_identification:_identify(src/stsl/deployment) by extension 'ignore_ament_install'
[2.272s] Level 1:colcon.colcon_core.package_identification:_identify(src/stsl/deployment) by extensions ['colcon_pkg']
[2.272s] Level 1:colcon.colcon_core.package_identification:_identify(src/stsl/deployment) by extension 'colcon_pkg'
[2.274s] Level 1:colcon.colcon_core.package_identification:_identify(src/stsl/deployment) by extensions ['colcon_meta']
[2.275s] Level 1:colcon.colcon_core.package_identification:_identify(src/stsl/deployment) by extension 'colcon_meta'
[2.279s] Level 1:colcon.colcon_core.package_identification:_identify(src/stsl/deployment) by extensions ['ros']
[2.279s] Level 1:colcon.colcon_core.package_identification:_identify(src/stsl/deployment) by extension 'ros'
[2.289s] Level 1:colcon.colcon_core.package_identification:_identify(src/stsl/deployment) by extensions ['cmake', 'python']
[2.289s] Level 1:colcon.colcon_core.package_identification:_identify(src/stsl/deployment) by extension 'cmake'
[2.291s] Level 1:colcon.colcon_core.package_identification:_identify(src/stsl/deployment) by extension 'python'
[2.293s] Level 1:colcon.colcon_core.package_identification:_identify(src/stsl/deployment) by extensions ['python_setup_py']
[2.294s] Level 1:colcon.colcon_core.package_identification:_identify(src/stsl/deployment) by extension 'python_setup_py'
[2.307s] Level 1:colcon.colcon_core.package_identification:_identify(src/stsl/deployment/package_generation) by extensions ['ignore', 'ignore_ament_install']
[2.307s] Level 1:colcon.colcon_core.package_identification:_identify(src/stsl/deployment/package_generation) by extension 'ignore'
[2.310s] Level 1:colcon.colcon_core.package_identification:_identify(src/stsl/deployment/package_generation) by extension 'ignore_ament_install'
[2.326s] Level 1:colcon.colcon_core.package_identification:_identify(src/stsl/deployment/package_generation) by extensions ['colcon_pkg']
[2.326s] Level 1:colcon.colcon_core.package_identification:_identify(src/stsl/deployment/package_generation) by extension 'colcon_pkg'
[2.332s] Level 1:colcon.colcon_core.package_identification:_identify(src/stsl/deployment/package_generation) by extensions ['colcon_meta']
[2.332s] Level 1:colcon.colcon_core.package_identification:_identify(src/stsl/deployment/package_generation) by extension 'colcon_meta'
[2.342s] Level 1:colcon.colcon_core.package_identification:_identify(src/stsl/deployment/package_generation) by extensions ['ros']
[2.342s] Level 1:colcon.colcon_core.package_identification:_identify(src/stsl/deployment/package_generation) by extension 'ros'
[2.356s] Level 1:colcon.colcon_core.package_identification:_identify(src/stsl/deployment/package_generation) by extensions ['cmake', 'python']
[2.356s] Level 1:colcon.colcon_core.package_identification:_identify(src/stsl/deployment/package_generation) by extension 'cmake'
[2.359s] Level 1:colcon.colcon_core.package_identification:_identify(src/stsl/deployment/package_generation) by extension 'python'
[2.361s] Level 1:colcon.colcon_core.package_identification:_identify(src/stsl/deployment/package_generation) by extensions ['python_setup_py']
[2.362s] Level 1:colcon.colcon_core.package_identification:_identify(src/stsl/deployment/package_generation) by extension 'python_setup_py'
[2.376s] Level 1:colcon.colcon_core.package_identification:_identify(src/stsl/deployment/package_hosting) by extensions ['ignore', 'ignore_ament_install']
[2.376s] Level 1:colcon.colcon_core.package_identification:_identify(src/stsl/deployment/package_hosting) by extension 'ignore'
[2.379s] Level 1:colcon.colcon_core.package_identification:_identify(src/stsl/deployment/package_hosting) by extension 'ignore_ament_install'
[2.384s] Level 1:colcon.colcon_core.package_identification:_identify(src/stsl/deployment/package_hosting) by extensions ['colcon_pkg']
[2.384s] Level 1:colcon.colcon_core.package_identification:_identify(src/stsl/deployment/package_hosting) by extension 'colcon_pkg'
[2.387s] Level 1:colcon.colcon_core.package_identification:_identify(src/stsl/deployment/package_hosting) by extensions ['colcon_meta']
[2.387s] Level 1:colcon.colcon_core.package_identification:_identify(src/stsl/deployment/package_hosting) by extension 'colcon_meta'
[2.394s] Level 1:colcon.colcon_core.package_identification:_identify(src/stsl/deployment/package_hosting) by extensions ['ros']
[2.394s] Level 1:colcon.colcon_core.package_identification:_identify(src/stsl/deployment/package_hosting) by extension 'ros'
[2.407s] Level 1:colcon.colcon_core.package_identification:_identify(src/stsl/deployment/package_hosting) by extensions ['cmake', 'python']
[2.407s] Level 1:colcon.colcon_core.package_identification:_identify(src/stsl/deployment/package_hosting) by extension 'cmake'
[2.410s] Level 1:colcon.colcon_core.package_identification:_identify(src/stsl/deployment/package_hosting) by extension 'python'
[2.413s] Level 1:colcon.colcon_core.package_identification:_identify(src/stsl/deployment/package_hosting) by extensions ['python_setup_py']
[2.413s] Level 1:colcon.colcon_core.package_identification:_identify(src/stsl/deployment/package_hosting) by extension 'python_setup_py'
[2.423s] Level 1:colcon.colcon_core.package_identification:_identify(src/stsl/elevation_server) by extensions ['ignore', 'ignore_ament_install']
[2.424s] Level 1:colcon.colcon_core.package_identification:_identify(src/stsl/elevation_server) by extension 'ignore'
[2.426s] Level 1:colcon.colcon_core.package_identification:_identify(src/stsl/elevation_server) by extension 'ignore_ament_install'
[2.430s] Level 1:colcon.colcon_core.package_identification:_identify(src/stsl/elevation_server) by extensions ['colcon_pkg']
[2.430s] Level 1:colcon.colcon_core.package_identification:_identify(src/stsl/elevation_server) by extension 'colcon_pkg'
[2.432s] Level 1:colcon.colcon_core.package_identification:_identify(src/stsl/elevation_server) by extensions ['colcon_meta']
[2.432s] Level 1:colcon.colcon_core.package_identification:_identify(src/stsl/elevation_server) by extension 'colcon_meta'
[2.437s] Level 1:colcon.colcon_core.package_identification:_identify(src/stsl/elevation_server) by extensions ['ros']
[2.437s] Level 1:colcon.colcon_core.package_identification:_identify(src/stsl/elevation_server) by extension 'ros'
[2.477s] DEBUG:colcon.colcon_core.package_identification:Package 'src/stsl/elevation_server' with type 'ros.ament_cmake' and name 'elevation_server'
[2.486s] Level 1:colcon.colcon_core.package_identification:_identify(src/stsl/mineral_deposit_detection) by extensions ['ignore', 'ignore_ament_install']
[2.486s] Level 1:colcon.colcon_core.package_identification:_identify(src/stsl/mineral_deposit_detection) by extension 'ignore'
[2.488s] Level 1:colcon.colcon_core.package_identification:_identify(src/stsl/mineral_deposit_detection) by extension 'ignore_ament_install'
[2.492s] Level 1:colcon.colcon_core.package_identification:_identify(src/stsl/mineral_deposit_detection) by extensions ['colcon_pkg']
[2.493s] Level 1:colcon.colcon_core.package_identification:_identify(src/stsl/mineral_deposit_detection) by extension 'colcon_pkg'
[2.495s] Level 1:colcon.colcon_core.package_identification:_identify(src/stsl/mineral_deposit_detection) by extensions ['colcon_meta']
[2.495s] Level 1:colcon.colcon_core.package_identification:_identify(src/stsl/mineral_deposit_detection) by extension 'colcon_meta'
[2.499s] Level 1:colcon.colcon_core.package_identification:_identify(src/stsl/mineral_deposit_detection) by extensions ['ros']
[2.499s] Level 1:colcon.colcon_core.package_identification:_identify(src/stsl/mineral_deposit_detection) by extension 'ros'
[2.533s] DEBUG:colcon.colcon_core.package_identification:Package 'src/stsl/mineral_deposit_detection' with type 'ros.ament_cmake' and name 'mineral_deposit_detection'
[2.544s] Level 1:colcon.colcon_core.package_identification:_identify(src/stsl/mission_orchestration) by extensions ['ignore', 'ignore_ament_install']
[2.544s] Level 1:colcon.colcon_core.package_identification:_identify(src/stsl/mission_orchestration) by extension 'ignore'
[2.546s] Level 1:colcon.colcon_core.package_identification:_identify(src/stsl/mission_orchestration) by extension 'ignore_ament_install'
[2.550s] Level 1:colcon.colcon_core.package_identification:_identify(src/stsl/mission_orchestration) by extensions ['colcon_pkg']
[2.550s] Level 1:colcon.colcon_core.package_identification:_identify(src/stsl/mission_orchestration) by extension 'colcon_pkg'
[2.552s] Level 1:colcon.colcon_core.package_identification:_identify(src/stsl/mission_orchestration) by extensions ['colcon_meta']
[2.552s] Level 1:colcon.colcon_core.package_identification:_identify(src/stsl/mission_orchestration) by extension 'colcon_meta'
[2.555s] Level 1:colcon.colcon_core.package_identification:_identify(src/stsl/mission_orchestration) by extensions ['ros']
[2.556s] Level 1:colcon.colcon_core.package_identification:_identify(src/stsl/mission_orchestration) by extension 'ros'
[2.584s] DEBUG:colcon.colcon_core.package_identification:Package 'src/stsl/mission_orchestration' with type 'ros.ament_cmake' and name 'mission_orchestration'
[2.594s] Level 1:colcon.colcon_core.package_identification:_identify(src/stsl/stsl_aruco_tags) by extensions ['ignore', 'ignore_ament_install']
[2.594s] Level 1:colcon.colcon_core.package_identification:_identify(src/stsl/stsl_aruco_tags) by extension 'ignore'
[2.596s] Level 1:colcon.colcon_core.package_identification:_identify(src/stsl/stsl_aruco_tags) by extension 'ignore_ament_install'
[2.600s] Level 1:colcon.colcon_core.package_identification:_identify(src/stsl/stsl_aruco_tags) by extensions ['colcon_pkg']
[2.600s] Level 1:colcon.colcon_core.package_identification:_identify(src/stsl/stsl_aruco_tags) by extension 'colcon_pkg'
[2.602s] Level 1:colcon.colcon_core.package_identification:_identify(src/stsl/stsl_aruco_tags) by extensions ['colcon_meta']
[2.603s] Level 1:colcon.colcon_core.package_identification:_identify(src/stsl/stsl_aruco_tags) by extension 'colcon_meta'
[2.607s] Level 1:colcon.colcon_core.package_identification:_identify(src/stsl/stsl_aruco_tags) by extensions ['ros']
[2.607s] Level 1:colcon.colcon_core.package_identification:_identify(src/stsl/stsl_aruco_tags) by extension 'ros'
[2.639s] DEBUG:colcon.colcon_core.package_identification:Package 'src/stsl/stsl_aruco_tags' with type 'ros.ament_cmake' and name 'stsl_aruco_tags'
[2.648s] Level 1:colcon.colcon_core.package_identification:_identify(src/stsl/stsl_bt_nodes) by extensions ['ignore', 'ignore_ament_install']
[2.648s] Level 1:colcon.colcon_core.package_identification:_identify(src/stsl/stsl_bt_nodes) by extension 'ignore'
[2.650s] Level 1:colcon.colcon_core.package_identification:_identify(src/stsl/stsl_bt_nodes) by extension 'ignore_ament_install'
[2.655s] Level 1:colcon.colcon_core.package_identification:_identify(src/stsl/stsl_bt_nodes) by extensions ['colcon_pkg']
[2.655s] Level 1:colcon.colcon_core.package_identification:_identify(src/stsl/stsl_bt_nodes) by extension 'colcon_pkg'
[2.657s] Level 1:colcon.colcon_core.package_identification:_identify(src/stsl/stsl_bt_nodes) by extensions ['colcon_meta']
[2.657s] Level 1:colcon.colcon_core.package_identification:_identify(src/stsl/stsl_bt_nodes) by extension 'colcon_meta'
[2.662s] Level 1:colcon.colcon_core.package_identification:_identify(src/stsl/stsl_bt_nodes) by extensions ['ros']
[2.662s] Level 1:colcon.colcon_core.package_identification:_identify(src/stsl/stsl_bt_nodes) by extension 'ros'
[2.694s] DEBUG:colcon.colcon_core.package_identification:Package 'src/stsl/stsl_bt_nodes' with type 'ros.ament_cmake' and name 'stsl_bt_nodes'
[2.704s] Level 1:colcon.colcon_core.package_identification:_identify(src/stsl/stsl_desktop) by extensions ['ignore', 'ignore_ament_install']
[2.704s] Level 1:colcon.colcon_core.package_identification:_identify(src/stsl/stsl_desktop) by extension 'ignore'
[2.706s] Level 1:colcon.colcon_core.package_identification:_identify(src/stsl/stsl_desktop) by extension 'ignore_ament_install'
[2.710s] Level 1:colcon.colcon_core.package_identification:_identify(src/stsl/stsl_desktop) by extensions ['colcon_pkg']
[2.711s] Level 1:colcon.colcon_core.package_identification:_identify(src/stsl/stsl_desktop) by extension 'colcon_pkg'
[2.713s] Level 1:colcon.colcon_core.package_identification:_identify(src/stsl/stsl_desktop) by extensions ['colcon_meta']
[2.713s] Level 1:colcon.colcon_core.package_identification:_identify(src/stsl/stsl_desktop) by extension 'colcon_meta'
[2.717s] Level 1:colcon.colcon_core.package_identification:_identify(src/stsl/stsl_desktop) by extensions ['ros']
[2.718s] Level 1:colcon.colcon_core.package_identification:_identify(src/stsl/stsl_desktop) by extension 'ros'
[2.750s] DEBUG:colcon.colcon_core.package_identification:Package 'src/stsl/stsl_desktop' with type 'ros.ament_cmake' and name 'stsl_desktop'
[2.759s] Level 1:colcon.colcon_core.package_identification:_identify(src/stsl/stsl_gazebo_plugins) by extensions ['ignore', 'ignore_ament_install']
[2.759s] Level 1:colcon.colcon_core.package_identification:_identify(src/stsl/stsl_gazebo_plugins) by extension 'ignore'
[2.761s] Level 1:colcon.colcon_core.package_identification:_identify(src/stsl/stsl_gazebo_plugins) by extension 'ignore_ament_install'
[2.765s] Level 1:colcon.colcon_core.package_identification:_identify(src/stsl/stsl_gazebo_plugins) by extensions ['colcon_pkg']
[2.765s] Level 1:colcon.colcon_core.package_identification:_identify(src/stsl/stsl_gazebo_plugins) by extension 'colcon_pkg'
[2.767s] Level 1:colcon.colcon_core.package_identification:_identify(src/stsl/stsl_gazebo_plugins) by extensions ['colcon_meta']
[2.768s] Level 1:colcon.colcon_core.package_identification:_identify(src/stsl/stsl_gazebo_plugins) by extension 'colcon_meta'
[2.772s] Level 1:colcon.colcon_core.package_identification:_identify(src/stsl/stsl_gazebo_plugins) by extensions ['ros']
[2.772s] Level 1:colcon.colcon_core.package_identification:_identify(src/stsl/stsl_gazebo_plugins) by extension 'ros'
[2.803s] DEBUG:colcon.colcon_core.package_identification:Package 'src/stsl/stsl_gazebo_plugins' with type 'ros.ament_cmake' and name 'stsl_gazebo_plugins'
[2.813s] Level 1:colcon.colcon_core.package_identification:_identify(src/stsl/stsl_interfaces) by extensions ['ignore', 'ignore_ament_install']
[2.813s] Level 1:colcon.colcon_core.package_identification:_identify(src/stsl/stsl_interfaces) by extension 'ignore'
[2.815s] Level 1:colcon.colcon_core.package_identification:_identify(src/stsl/stsl_interfaces) by extension 'ignore_ament_install'
[2.819s] Level 1:colcon.colcon_core.package_identification:_identify(src/stsl/stsl_interfaces) by extensions ['colcon_pkg']
[2.820s] Level 1:colcon.colcon_core.package_identification:_identify(src/stsl/stsl_interfaces) by extension 'colcon_pkg'
[2.822s] Level 1:colcon.colcon_core.package_identification:_identify(src/stsl/stsl_interfaces) by extensions ['colcon_meta']
[2.822s] Level 1:colcon.colcon_core.package_identification:_identify(src/stsl/stsl_interfaces) by extension 'colcon_meta'
[2.826s] Level 1:colcon.colcon_core.package_identification:_identify(src/stsl/stsl_interfaces) by extensions ['ros']
[2.827s] Level 1:colcon.colcon_core.package_identification:_identify(src/stsl/stsl_interfaces) by extension 'ros'
[2.857s] DEBUG:colcon.colcon_core.package_identification:Package 'src/stsl/stsl_interfaces' with type 'ros.ament_cmake' and name 'stsl_interfaces'
[2.866s] Level 1:colcon.colcon_core.package_identification:_identify(src/stsl/stsl_nav_plugins) by extensions ['ignore', 'ignore_ament_install']
[2.866s] Level 1:colcon.colcon_core.package_identification:_identify(src/stsl/stsl_nav_plugins) by extension 'ignore'
[2.868s] Level 1:colcon.colcon_core.package_identification:_identify(src/stsl/stsl_nav_plugins) by extension 'ignore_ament_install'
[2.872s] Level 1:colcon.colcon_core.package_identification:_identify(src/stsl/stsl_nav_plugins) by extensions ['colcon_pkg']
[2.872s] Level 1:colcon.colcon_core.package_identification:_identify(src/stsl/stsl_nav_plugins) by extension 'colcon_pkg'
[2.875s] Level 1:colcon.colcon_core.package_identification:_identify(src/stsl/stsl_nav_plugins) by extensions ['colcon_meta']
[2.875s] Level 1:colcon.colcon_core.package_identification:_identify(src/stsl/stsl_nav_plugins) by extension 'colcon_meta'
[2.879s] Level 1:colcon.colcon_core.package_identification:_identify(src/stsl/stsl_nav_plugins) by extensions ['ros']
[2.880s] Level 1:colcon.colcon_core.package_identification:_identify(src/stsl/stsl_nav_plugins) by extension 'ros'
[2.910s] DEBUG:colcon.colcon_core.package_identification:Package 'src/stsl/stsl_nav_plugins' with type 'ros.ament_cmake' and name 'stsl_nav_plugins'
[2.929s] Level 1:colcon.colcon_core.package_identification:_identify(src/stsl/stsl_rviz_plugins) by extensions ['ignore', 'ignore_ament_install']
[2.929s] Level 1:colcon.colcon_core.package_identification:_identify(src/stsl/stsl_rviz_plugins) by extension 'ignore'
[2.932s] Level 1:colcon.colcon_core.package_identification:_identify(src/stsl/stsl_rviz_plugins) by extension 'ignore_ament_install'
[2.937s] Level 1:colcon.colcon_core.package_identification:_identify(src/stsl/stsl_rviz_plugins) by extensions ['colcon_pkg']
[2.937s] Level 1:colcon.colcon_core.package_identification:_identify(src/stsl/stsl_rviz_plugins) by extension 'colcon_pkg'
[2.940s] Level 1:colcon.colcon_core.package_identification:_identify(src/stsl/stsl_rviz_plugins) by extensions ['colcon_meta']
[2.940s] Level 1:colcon.colcon_core.package_identification:_identify(src/stsl/stsl_rviz_plugins) by extension 'colcon_meta'
[2.945s] Level 1:colcon.colcon_core.package_identification:_identify(src/stsl/stsl_rviz_plugins) by extensions ['ros']
[2.945s] Level 1:colcon.colcon_core.package_identification:_identify(src/stsl/stsl_rviz_plugins) by extension 'ros'
[2.978s] DEBUG:colcon.colcon_core.package_identification:Package 'src/stsl/stsl_rviz_plugins' with type 'ros.ament_cmake' and name 'stsl_rviz_plugins'
[2.988s] Level 1:colcon.colcon_core.package_identification:_identify(src/stsl/stsl_utils) by extensions ['ignore', 'ignore_ament_install']
[2.988s] Level 1:colcon.colcon_core.package_identification:_identify(src/stsl/stsl_utils) by extension 'ignore'
[2.990s] Level 1:colcon.colcon_core.package_identification:_identify(src/stsl/stsl_utils) by extension 'ignore_ament_install'
[2.994s] Level 1:colcon.colcon_core.package_identification:_identify(src/stsl/stsl_utils) by extensions ['colcon_pkg']
[2.995s] Level 1:colcon.colcon_core.package_identification:_identify(src/stsl/stsl_utils) by extension 'colcon_pkg'
[2.997s] Level 1:colcon.colcon_core.package_identification:_identify(src/stsl/stsl_utils) by extensions ['colcon_meta']
[2.997s] Level 1:colcon.colcon_core.package_identification:_identify(src/stsl/stsl_utils) by extension 'colcon_meta'
[3.001s] Level 1:colcon.colcon_core.package_identification:_identify(src/stsl/stsl_utils) by extensions ['ros']
[3.002s] Level 1:colcon.colcon_core.package_identification:_identify(src/stsl/stsl_utils) by extension 'ros'
[3.033s] DEBUG:colcon.colcon_core.package_identification:Package 'src/stsl/stsl_utils' with type 'ros.ament_cmake' and name 'stsl_utils'
[3.042s] Level 1:colcon.colcon_core.package_identification:_identify(src/stsl/traini_bringup) by extensions ['ignore', 'ignore_ament_install']
[3.042s] Level 1:colcon.colcon_core.package_identification:_identify(src/stsl/traini_bringup) by extension 'ignore'
[3.044s] Level 1:colcon.colcon_core.package_identification:_identify(src/stsl/traini_bringup) by extension 'ignore_ament_install'
[3.048s] Level 1:colcon.colcon_core.package_identification:_identify(src/stsl/traini_bringup) by extensions ['colcon_pkg']
[3.049s] Level 1:colcon.colcon_core.package_identification:_identify(src/stsl/traini_bringup) by extension 'colcon_pkg'
[3.051s] Level 1:colcon.colcon_core.package_identification:_identify(src/stsl/traini_bringup) by extensions ['colcon_meta']
[3.051s] Level 1:colcon.colcon_core.package_identification:_identify(src/stsl/traini_bringup) by extension 'colcon_meta'
[3.055s] Level 1:colcon.colcon_core.package_identification:_identify(src/stsl/traini_bringup) by extensions ['ros']
[3.056s] Level 1:colcon.colcon_core.package_identification:_identify(src/stsl/traini_bringup) by extension 'ros'
[3.086s] DEBUG:colcon.colcon_core.package_identification:Package 'src/stsl/traini_bringup' with type 'ros.ament_cmake' and name 'traini_bringup'
[3.096s] Level 1:colcon.colcon_core.package_identification:_identify(src/stsl/traini_description) by extensions ['ignore', 'ignore_ament_install']
[3.096s] Level 1:colcon.colcon_core.package_identification:_identify(src/stsl/traini_description) by extension 'ignore'
[3.098s] Level 1:colcon.colcon_core.package_identification:_identify(src/stsl/traini_description) by extension 'ignore_ament_install'
[3.103s] Level 1:colcon.colcon_core.package_identification:_identify(src/stsl/traini_description) by extensions ['colcon_pkg']
[3.103s] Level 1:colcon.colcon_core.package_identification:_identify(src/stsl/traini_description) by extension 'colcon_pkg'
[3.105s] Level 1:colcon.colcon_core.package_identification:_identify(src/stsl/traini_description) by extensions ['colcon_meta']
[3.105s] Level 1:colcon.colcon_core.package_identification:_identify(src/stsl/traini_description) by extension 'colcon_meta'
[3.109s] Level 1:colcon.colcon_core.package_identification:_identify(src/stsl/traini_description) by extensions ['ros']
[3.109s] Level 1:colcon.colcon_core.package_identification:_identify(src/stsl/traini_description) by extension 'ros'
[3.136s] DEBUG:colcon.colcon_core.package_identification:Package 'src/stsl/traini_description' with type 'ros.ament_cmake' and name 'traini_description'
[3.144s] Level 1:colcon.colcon_core.package_identification:_identify(src/stsl/traini_gazebo) by extensions ['ignore', 'ignore_ament_install']
[3.144s] Level 1:colcon.colcon_core.package_identification:_identify(src/stsl/traini_gazebo) by extension 'ignore'
[3.146s] Level 1:colcon.colcon_core.package_identification:_identify(src/stsl/traini_gazebo) by extension 'ignore_ament_install'
[3.150s] Level 1:colcon.colcon_core.package_identification:_identify(src/stsl/traini_gazebo) by extensions ['colcon_pkg']
[3.150s] Level 1:colcon.colcon_core.package_identification:_identify(src/stsl/traini_gazebo) by extension 'colcon_pkg'
[3.153s] Level 1:colcon.colcon_core.package_identification:_identify(src/stsl/traini_gazebo) by extensions ['colcon_meta']
[3.153s] Level 1:colcon.colcon_core.package_identification:_identify(src/stsl/traini_gazebo) by extension 'colcon_meta'
[3.157s] Level 1:colcon.colcon_core.package_identification:_identify(src/stsl/traini_gazebo) by extensions ['ros']
[3.158s] Level 1:colcon.colcon_core.package_identification:_identify(src/stsl/traini_gazebo) by extension 'ros'
[3.189s] DEBUG:colcon.colcon_core.package_identification:Package 'src/stsl/traini_gazebo' with type 'ros.ament_cmake' and name 'traini_gazebo'
[3.197s] Level 1:colcon.colcon_core.package_identification:_identify(src/stsl/traini_onboard_interface) by extensions ['ignore', 'ignore_ament_install']
[3.197s] Level 1:colcon.colcon_core.package_identification:_identify(src/stsl/traini_onboard_interface) by extension 'ignore'
[3.200s] Level 1:colcon.colcon_core.package_identification:_identify(src/stsl/traini_onboard_interface) ignored
[3.205s] Level 1:colcon.colcon_core.package_identification:_identify(src/trainingv2) by extensions ['ignore', 'ignore_ament_install']
[3.205s] Level 1:colcon.colcon_core.package_identification:_identify(src/trainingv2) by extension 'ignore'
[3.207s] Level 1:colcon.colcon_core.package_identification:_identify(src/trainingv2) by extension 'ignore_ament_install'
[3.210s] Level 1:colcon.colcon_core.package_identification:_identify(src/trainingv2) by extensions ['colcon_pkg']
[3.210s] Level 1:colcon.colcon_core.package_identification:_identify(src/trainingv2) by extension 'colcon_pkg'
[3.212s] Level 1:colcon.colcon_core.package_identification:_identify(src/trainingv2) by extensions ['colcon_meta']
[3.212s] Level 1:colcon.colcon_core.package_identification:_identify(src/trainingv2) by extension 'colcon_meta'
[3.214s] Level 1:colcon.colcon_core.package_identification:_identify(src/trainingv2) by extensions ['ros']
[3.215s] Level 1:colcon.colcon_core.package_identification:_identify(src/trainingv2) by extension 'ros'
[3.222s] Level 1:colcon.colcon_core.package_identification:_identify(src/trainingv2) by extensions ['cmake', 'python']
[3.222s] Level 1:colcon.colcon_core.package_identification:_identify(src/trainingv2) by extension 'cmake'
[3.224s] Level 1:colcon.colcon_core.package_identification:_identify(src/trainingv2) by extension 'python'
[3.226s] Level 1:colcon.colcon_core.package_identification:_identify(src/trainingv2) by extensions ['python_setup_py']
[3.226s] Level 1:colcon.colcon_core.package_identification:_identify(src/trainingv2) by extension 'python_setup_py'
[3.235s] Level 1:colcon.colcon_core.package_identification:_identify(src/trainingv2/Week 1) by extensions ['ignore', 'ignore_ament_install']
[3.235s] Level 1:colcon.colcon_core.package_identification:_identify(src/trainingv2/Week 1) by extension 'ignore'
[3.238s] Level 1:colcon.colcon_core.package_identification:_identify(src/trainingv2/Week 1) by extension 'ignore_ament_install'
[3.242s] Level 1:colcon.colcon_core.package_identification:_identify(src/trainingv2/Week 1) by extensions ['colcon_pkg']
[3.242s] Level 1:colcon.colcon_core.package_identification:_identify(src/trainingv2/Week 1) by extension 'colcon_pkg'
[3.244s] Level 1:colcon.colcon_core.package_identification:_identify(src/trainingv2/Week 1) by extensions ['colcon_meta']
[3.244s] Level 1:colcon.colcon_core.package_identification:_identify(src/trainingv2/Week 1) by extension 'colcon_meta'
[3.249s] Level 1:colcon.colcon_core.package_identification:_identify(src/trainingv2/Week 1) by extensions ['ros']
[3.249s] Level 1:colcon.colcon_core.package_identification:_identify(src/trainingv2/Week 1) by extension 'ros'
[3.259s] Level 1:colcon.colcon_core.package_identification:_identify(src/trainingv2/Week 1) by extensions ['cmake', 'python']
[3.259s] Level 1:colcon.colcon_core.package_identification:_identify(src/trainingv2/Week 1) by extension 'cmake'
[3.261s] Level 1:colcon.colcon_core.package_identification:_identify(src/trainingv2/Week 1) by extension 'python'
[3.263s] Level 1:colcon.colcon_core.package_identification:_identify(src/trainingv2/Week 1) by extensions ['python_setup_py']
[3.263s] Level 1:colcon.colcon_core.package_identification:_identify(src/trainingv2/Week 1) by extension 'python_setup_py'
[3.276s] Level 1:colcon.colcon_core.package_identification:_identify(src/trainingv2/Week 1/lecture_material) by extensions ['ignore', 'ignore_ament_install']
[3.277s] Level 1:colcon.colcon_core.package_identification:_identify(src/trainingv2/Week 1/lecture_material) by extension 'ignore'
[3.279s] Level 1:colcon.colcon_core.package_identification:_identify(src/trainingv2/Week 1/lecture_material) by extension 'ignore_ament_install'
[3.284s] Level 1:colcon.colcon_core.package_identification:_identify(src/trainingv2/Week 1/lecture_material) by extensions ['colcon_pkg']
[3.285s] Level 1:colcon.colcon_core.package_identification:_identify(src/trainingv2/Week 1/lecture_material) by extension 'colcon_pkg'
[3.287s] Level 1:colcon.colcon_core.package_identification:_identify(src/trainingv2/Week 1/lecture_material) by extensions ['colcon_meta']
[3.288s] Level 1:colcon.colcon_core.package_identification:_identify(src/trainingv2/Week 1/lecture_material) by extension 'colcon_meta'
[3.294s] Level 1:colcon.colcon_core.package_identification:_identify(src/trainingv2/Week 1/lecture_material) by extensions ['ros']
[3.295s] Level 1:colcon.colcon_core.package_identification:_identify(src/trainingv2/Week 1/lecture_material) by extension 'ros'
[3.307s] Level 1:colcon.colcon_core.package_identification:_identify(src/trainingv2/Week 1/lecture_material) by extensions ['cmake', 'python']
[3.307s] Level 1:colcon.colcon_core.package_identification:_identify(src/trainingv2/Week 1/lecture_material) by extension 'cmake'
[3.310s] Level 1:colcon.colcon_core.package_identification:_identify(src/trainingv2/Week 1/lecture_material) by extension 'python'
[3.313s] Level 1:colcon.colcon_core.package_identification:_identify(src/trainingv2/Week 1/lecture_material) by extensions ['python_setup_py']
[3.313s] Level 1:colcon.colcon_core.package_identification:_identify(src/trainingv2/Week 1/lecture_material) by extension 'python_setup_py'
[3.323s] Level 1:colcon.colcon_core.package_identification:_identify(src/trainingv2/Week 2) by extensions ['ignore', 'ignore_ament_install']
[3.324s] Level 1:colcon.colcon_core.package_identification:_identify(src/trainingv2/Week 2) by extension 'ignore'
[3.326s] Level 1:colcon.colcon_core.package_identification:_identify(src/trainingv2/Week 2) by extension 'ignore_ament_install'
[3.330s] Level 1:colcon.colcon_core.package_identification:_identify(src/trainingv2/Week 2) by extensions ['colcon_pkg']
[3.330s] Level 1:colcon.colcon_core.package_identification:_identify(src/trainingv2/Week 2) by extension 'colcon_pkg'
[3.333s] Level 1:colcon.colcon_core.package_identification:_identify(src/trainingv2/Week 2) by extensions ['colcon_meta']
[3.334s] Level 1:colcon.colcon_core.package_identification:_identify(src/trainingv2/Week 2) by extension 'colcon_meta'
[3.338s] Level 1:colcon.colcon_core.package_identification:_identify(src/trainingv2/Week 2) by extensions ['ros']
[3.338s] Level 1:colcon.colcon_core.package_identification:_identify(src/trainingv2/Week 2) by extension 'ros'
[3.348s] Level 1:colcon.colcon_core.package_identification:_identify(src/trainingv2/Week 2) by extensions ['cmake', 'python']
[3.348s] Level 1:colcon.colcon_core.package_identification:_identify(src/trainingv2/Week 2) by extension 'cmake'
[3.350s] Level 1:colcon.colcon_core.package_identification:_identify(src/trainingv2/Week 2) by extension 'python'
[3.353s] Level 1:colcon.colcon_core.package_identification:_identify(src/trainingv2/Week 2) by extensions ['python_setup_py']
[3.353s] Level 1:colcon.colcon_core.package_identification:_identify(src/trainingv2/Week 2) by extension 'python_setup_py'
[3.366s] Level 1:colcon.colcon_core.package_identification:_identify(src/trainingv2/Week 2/code) by extensions ['ignore', 'ignore_ament_install']
[3.366s] Level 1:colcon.colcon_core.package_identification:_identify(src/trainingv2/Week 2/code) by extension 'ignore'
[3.369s] Level 1:colcon.colcon_core.package_identification:_identify(src/trainingv2/Week 2/code) by extension 'ignore_ament_install'
[3.374s] Level 1:colcon.colcon_core.package_identification:_identify(src/trainingv2/Week 2/code) by extensions ['colcon_pkg']
[3.375s] Level 1:colcon.colcon_core.package_identification:_identify(src/trainingv2/Week 2/code) by extension 'colcon_pkg'
[3.377s] Level 1:colcon.colcon_core.package_identification:_identify(src/trainingv2/Week 2/code) by extensions ['colcon_meta']
[3.378s] Level 1:colcon.colcon_core.package_identification:_identify(src/trainingv2/Week 2/code) by extension 'colcon_meta'
[3.384s] Level 1:colcon.colcon_core.package_identification:_identify(src/trainingv2/Week 2/code) by extensions ['ros']
[3.385s] Level 1:colcon.colcon_core.package_identification:_identify(src/trainingv2/Week 2/code) by extension 'ros'
[3.397s] Level 1:colcon.colcon_core.package_identification:_identify(src/trainingv2/Week 2/code) by extensions ['cmake', 'python']
[3.397s] Level 1:colcon.colcon_core.package_identification:_identify(src/trainingv2/Week 2/code) by extension 'cmake'
[3.400s] Level 1:colcon.colcon_core.package_identification:_identify(src/trainingv2/Week 2/code) by extension 'python'
[3.403s] Level 1:colcon.colcon_core.package_identification:_identify(src/trainingv2/Week 2/code) by extensions ['python_setup_py']
[3.403s] Level 1:colcon.colcon_core.package_identification:_identify(src/trainingv2/Week 2/code) by extension 'python_setup_py'
[3.420s] Level 1:colcon.colcon_core.package_identification:_identify(src/trainingv2/Week 2/code/include) by extensions ['ignore', 'ignore_ament_install']
[3.421s] Level 1:colcon.colcon_core.package_identification:_identify(src/trainingv2/Week 2/code/include) by extension 'ignore'
[3.424s] Level 1:colcon.colcon_core.package_identification:_identify(src/trainingv2/Week 2/code/include) by extension 'ignore_ament_install'
[3.430s] Level 1:colcon.colcon_core.package_identification:_identify(src/trainingv2/Week 2/code/include) by extensions ['colcon_pkg']
[3.431s] Level 1:colcon.colcon_core.package_identification:_identify(src/trainingv2/Week 2/code/include) by extension 'colcon_pkg'
[3.434s] Level 1:colcon.colcon_core.package_identification:_identify(src/trainingv2/Week 2/code/include) by extensions ['colcon_meta']
[3.435s] Level 1:colcon.colcon_core.package_identification:_identify(src/trainingv2/Week 2/code/include) by extension 'colcon_meta'
[3.445s] Level 1:colcon.colcon_core.package_identification:_identify(src/trainingv2/Week 2/code/include) by extensions ['ros']
[3.445s] Level 1:colcon.colcon_core.package_identification:_identify(src/trainingv2/Week 2/code/include) by extension 'ros'
[3.460s] Level 1:colcon.colcon_core.package_identification:_identify(src/trainingv2/Week 2/code/include) by extensions ['cmake', 'python']
[3.461s] Level 1:colcon.colcon_core.package_identification:_identify(src/trainingv2/Week 2/code/include) by extension 'cmake'
[3.464s] Level 1:colcon.colcon_core.package_identification:_identify(src/trainingv2/Week 2/code/include) by extension 'python'
[3.467s] Level 1:colcon.colcon_core.package_identification:_identify(src/trainingv2/Week 2/code/include) by extensions ['python_setup_py']
[3.467s] Level 1:colcon.colcon_core.package_identification:_identify(src/trainingv2/Week 2/code/include) by extension 'python_setup_py'
[3.491s] Level 1:colcon.colcon_core.package_identification:_identify(src/trainingv2/Week 2/code/src) by extensions ['ignore', 'ignore_ament_install']
[3.492s] Level 1:colcon.colcon_core.package_identification:_identify(src/trainingv2/Week 2/code/src) by extension 'ignore'
[3.495s] Level 1:colcon.colcon_core.package_identification:_identify(src/trainingv2/Week 2/code/src) by extension 'ignore_ament_install'
[3.501s] Level 1:colcon.colcon_core.package_identification:_identify(src/trainingv2/Week 2/code/src) by extensions ['colcon_pkg']
[3.501s] Level 1:colcon.colcon_core.package_identification:_identify(src/trainingv2/Week 2/code/src) by extension 'colcon_pkg'
[3.504s] Level 1:colcon.colcon_core.package_identification:_identify(src/trainingv2/Week 2/code/src) by extensions ['colcon_meta']
[3.505s] Level 1:colcon.colcon_core.package_identification:_identify(src/trainingv2/Week 2/code/src) by extension 'colcon_meta'
[3.524s] Level 1:colcon.colcon_core.package_identification:_identify(src/trainingv2/Week 2/code/src) by extensions ['ros']
[3.525s] Level 1:colcon.colcon_core.package_identification:_identify(src/trainingv2/Week 2/code/src) by extension 'ros'
[3.541s] Level 1:colcon.colcon_core.package_identification:_identify(src/trainingv2/Week 2/code/src) by extensions ['cmake', 'python']
[3.541s] Level 1:colcon.colcon_core.package_identification:_identify(src/trainingv2/Week 2/code/src) by extension 'cmake'
[3.545s] Level 1:colcon.colcon_core.package_identification:_identify(src/trainingv2/Week 2/code/src) by extension 'python'
[3.548s] Level 1:colcon.colcon_core.package_identification:_identify(src/trainingv2/Week 2/code/src) by extensions ['python_setup_py']
[3.548s] Level 1:colcon.colcon_core.package_identification:_identify(src/trainingv2/Week 2/code/src) by extension 'python_setup_py'
[3.562s] Level 1:colcon.colcon_core.package_identification:_identify(src/trainingv2/Week 2/lecture_material) by extensions ['ignore', 'ignore_ament_install']
[3.562s] Level 1:colcon.colcon_core.package_identification:_identify(src/trainingv2/Week 2/lecture_material) by extension 'ignore'
[3.565s] Level 1:colcon.colcon_core.package_identification:_identify(src/trainingv2/Week 2/lecture_material) by extension 'ignore_ament_install'
[3.570s] Level 1:colcon.colcon_core.package_identification:_identify(src/trainingv2/Week 2/lecture_material) by extensions ['colcon_pkg']
[3.571s] Level 1:colcon.colcon_core.package_identification:_identify(src/trainingv2/Week 2/lecture_material) by extension 'colcon_pkg'
[3.575s] Level 1:colcon.colcon_core.package_identification:_identify(src/trainingv2/Week 2/lecture_material) by extensions ['colcon_meta']
[3.575s] Level 1:colcon.colcon_core.package_identification:_identify(src/trainingv2/Week 2/lecture_material) by extension 'colcon_meta'
[3.581s] Level 1:colcon.colcon_core.package_identification:_identify(src/trainingv2/Week 2/lecture_material) by extensions ['ros']
[3.582s] Level 1:colcon.colcon_core.package_identification:_identify(src/trainingv2/Week 2/lecture_material) by extension 'ros'
[3.594s] Level 1:colcon.colcon_core.package_identification:_identify(src/trainingv2/Week 2/lecture_material) by extensions ['cmake', 'python']
[3.594s] Level 1:colcon.colcon_core.package_identification:_identify(src/trainingv2/Week 2/lecture_material) by extension 'cmake'
[3.597s] Level 1:colcon.colcon_core.package_identification:_identify(src/trainingv2/Week 2/lecture_material) by extension 'python'
[3.599s] Level 1:colcon.colcon_core.package_identification:_identify(src/trainingv2/Week 2/lecture_material) by extensions ['python_setup_py']
[3.599s] Level 1:colcon.colcon_core.package_identification:_identify(src/trainingv2/Week 2/lecture_material) by extension 'python_setup_py'
[3.608s] Level 1:colcon.colcon_core.package_identification:_identify(src/trainingv2/Week 3) by extensions ['ignore', 'ignore_ament_install']
[3.608s] Level 1:colcon.colcon_core.package_identification:_identify(src/trainingv2/Week 3) by extension 'ignore'
[3.610s] Level 1:colcon.colcon_core.package_identification:_identify(src/trainingv2/Week 3) by extension 'ignore_ament_install'
[3.614s] Level 1:colcon.colcon_core.package_identification:_identify(src/trainingv2/Week 3) by extensions ['colcon_pkg']
[3.614s] Level 1:colcon.colcon_core.package_identification:_identify(src/trainingv2/Week 3) by extension 'colcon_pkg'
[3.616s] Level 1:colcon.colcon_core.package_identification:_identify(src/trainingv2/Week 3) by extensions ['colcon_meta']
[3.616s] Level 1:colcon.colcon_core.package_identification:_identify(src/trainingv2/Week 3) by extension 'colcon_meta'
[3.621s] Level 1:colcon.colcon_core.package_identification:_identify(src/trainingv2/Week 3) by extensions ['ros']
[3.621s] Level 1:colcon.colcon_core.package_identification:_identify(src/trainingv2/Week 3) by extension 'ros'
[3.630s] Level 1:colcon.colcon_core.package_identification:_identify(src/trainingv2/Week 3) by extensions ['cmake', 'python']
[3.631s] Level 1:colcon.colcon_core.package_identification:_identify(src/trainingv2/Week 3) by extension 'cmake'
[3.633s] Level 1:colcon.colcon_core.package_identification:_identify(src/trainingv2/Week 3) by extension 'python'
[3.635s] Level 1:colcon.colcon_core.package_identification:_identify(src/trainingv2/Week 3) by extensions ['python_setup_py']
[3.635s] Level 1:colcon.colcon_core.package_identification:_identify(src/trainingv2/Week 3) by extension 'python_setup_py'
[3.645s] Level 1:colcon.colcon_core.package_identification:_identify(src/trainingv2/Week 3/lecture_material) by extensions ['ignore', 'ignore_ament_install']
[3.645s] Level 1:colcon.colcon_core.package_identification:_identify(src/trainingv2/Week 3/lecture_material) by extension 'ignore'
[3.647s] Level 1:colcon.colcon_core.package_identification:_identify(src/trainingv2/Week 3/lecture_material) by extension 'ignore_ament_install'
[3.652s] Level 1:colcon.colcon_core.package_identification:_identify(src/trainingv2/Week 3/lecture_material) by extensions ['colcon_pkg']
[3.653s] Level 1:colcon.colcon_core.package_identification:_identify(src/trainingv2/Week 3/lecture_material) by extension 'colcon_pkg'
[3.656s] Level 1:colcon.colcon_core.package_identification:_identify(src/trainingv2/Week 3/lecture_material) by extensions ['colcon_meta']
[3.656s] Level 1:colcon.colcon_core.package_identification:_identify(src/trainingv2/Week 3/lecture_material) by extension 'colcon_meta'
[3.662s] Level 1:colcon.colcon_core.package_identification:_identify(src/trainingv2/Week 3/lecture_material) by extensions ['ros']
[3.663s] Level 1:colcon.colcon_core.package_identification:_identify(src/trainingv2/Week 3/lecture_material) by extension 'ros'
[3.675s] Level 1:colcon.colcon_core.package_identification:_identify(src/trainingv2/Week 3/lecture_material) by extensions ['cmake', 'python']
[3.675s] Level 1:colcon.colcon_core.package_identification:_identify(src/trainingv2/Week 3/lecture_material) by extension 'cmake'
[3.678s] Level 1:colcon.colcon_core.package_identification:_identify(src/trainingv2/Week 3/lecture_material) by extension 'python'
[3.680s] Level 1:colcon.colcon_core.package_identification:_identify(src/trainingv2/Week 3/lecture_material) by extensions ['python_setup_py']
[3.680s] Level 1:colcon.colcon_core.package_identification:_identify(src/trainingv2/Week 3/lecture_material) by extension 'python_setup_py'
[3.689s] Level 1:colcon.colcon_core.package_identification:_identify(src/trainingv2/Week 4) by extensions ['ignore', 'ignore_ament_install']
[3.689s] Level 1:colcon.colcon_core.package_identification:_identify(src/trainingv2/Week 4) by extension 'ignore'
[3.691s] Level 1:colcon.colcon_core.package_identification:_identify(src/trainingv2/Week 4) by extension 'ignore_ament_install'
[3.697s] Level 1:colcon.colcon_core.package_identification:_identify(src/trainingv2/Week 4) by extensions ['colcon_pkg']
[3.697s] Level 1:colcon.colcon_core.package_identification:_identify(src/trainingv2/Week 4) by extension 'colcon_pkg'
[3.699s] Level 1:colcon.colcon_core.package_identification:_identify(src/trainingv2/Week 4) by extensions ['colcon_meta']
[3.699s] Level 1:colcon.colcon_core.package_identification:_identify(src/trainingv2/Week 4) by extension 'colcon_meta'
[3.702s] Level 1:colcon.colcon_core.package_identification:_identify(src/trainingv2/Week 4) by extensions ['ros']
[3.703s] Level 1:colcon.colcon_core.package_identification:_identify(src/trainingv2/Week 4) by extension 'ros'
[3.711s] Level 1:colcon.colcon_core.package_identification:_identify(src/trainingv2/Week 4) by extensions ['cmake', 'python']
[3.711s] Level 1:colcon.colcon_core.package_identification:_identify(src/trainingv2/Week 4) by extension 'cmake'
[3.713s] Level 1:colcon.colcon_core.package_identification:_identify(src/trainingv2/Week 4) by extension 'python'
[3.715s] Level 1:colcon.colcon_core.package_identification:_identify(src/trainingv2/Week 4) by extensions ['python_setup_py']
[3.715s] Level 1:colcon.colcon_core.package_identification:_identify(src/trainingv2/Week 4) by extension 'python_setup_py'
[3.727s] Level 1:colcon.colcon_core.package_identification:_identify(src/trainingv2/Week 4/lecture_material) by extensions ['ignore', 'ignore_ament_install']
[3.728s] Level 1:colcon.colcon_core.package_identification:_identify(src/trainingv2/Week 4/lecture_material) by extension 'ignore'
[3.731s] Level 1:colcon.colcon_core.package_identification:_identify(src/trainingv2/Week 4/lecture_material) by extension 'ignore_ament_install'
[3.737s] Level 1:colcon.colcon_core.package_identification:_identify(src/trainingv2/Week 4/lecture_material) by extensions ['colcon_pkg']
[3.737s] Level 1:colcon.colcon_core.package_identification:_identify(src/trainingv2/Week 4/lecture_material) by extension 'colcon_pkg'
[3.739s] Level 1:colcon.colcon_core.package_identification:_identify(src/trainingv2/Week 4/lecture_material) by extensions ['colcon_meta']
[3.739s] Level 1:colcon.colcon_core.package_identification:_identify(src/trainingv2/Week 4/lecture_material) by extension 'colcon_meta'
[3.745s] Level 1:colcon.colcon_core.package_identification:_identify(src/trainingv2/Week 4/lecture_material) by extensions ['ros']
[3.745s] Level 1:colcon.colcon_core.package_identification:_identify(src/trainingv2/Week 4/lecture_material) by extension 'ros'
[3.755s] Level 1:colcon.colcon_core.package_identification:_identify(src/trainingv2/Week 4/lecture_material) by extensions ['cmake', 'python']
[3.755s] Level 1:colcon.colcon_core.package_identification:_identify(src/trainingv2/Week 4/lecture_material) by extension 'cmake'
[3.757s] Level 1:colcon.colcon_core.package_identification:_identify(src/trainingv2/Week 4/lecture_material) by extension 'python'
[3.760s] Level 1:colcon.colcon_core.package_identification:_identify(src/trainingv2/Week 4/lecture_material) by extensions ['python_setup_py']
[3.760s] Level 1:colcon.colcon_core.package_identification:_identify(src/trainingv2/Week 4/lecture_material) by extension 'python_setup_py'
[3.771s] Level 1:colcon.colcon_core.package_identification:_identify(src/trainingv2/cmake) by extensions ['ignore', 'ignore_ament_install']
[3.771s] Level 1:colcon.colcon_core.package_identification:_identify(src/trainingv2/cmake) by extension 'ignore'
[3.773s] Level 1:colcon.colcon_core.package_identification:_identify(src/trainingv2/cmake) by extension 'ignore_ament_install'
[3.777s] Level 1:colcon.colcon_core.package_identification:_identify(src/trainingv2/cmake) by extensions ['colcon_pkg']
[3.777s] Level 1:colcon.colcon_core.package_identification:_identify(src/trainingv2/cmake) by extension 'colcon_pkg'
[3.779s] Level 1:colcon.colcon_core.package_identification:_identify(src/trainingv2/cmake) by extensions ['colcon_meta']
[3.779s] Level 1:colcon.colcon_core.package_identification:_identify(src/trainingv2/cmake) by extension 'colcon_meta'
[3.783s] Level 1:colcon.colcon_core.package_identification:_identify(src/trainingv2/cmake) by extensions ['ros']
[3.783s] Level 1:colcon.colcon_core.package_identification:_identify(src/trainingv2/cmake) by extension 'ros'
[3.791s] Level 1:colcon.colcon_core.package_identification:_identify(src/trainingv2/cmake) by extensions ['cmake', 'python']
[3.791s] Level 1:colcon.colcon_core.package_identification:_identify(src/trainingv2/cmake) by extension 'cmake'
[3.793s] Level 1:colcon.colcon_core.package_identification:_identify(src/trainingv2/cmake) by extension 'python'
[3.795s] Level 1:colcon.colcon_core.package_identification:_identify(src/trainingv2/cmake) by extensions ['python_setup_py']
[3.795s] Level 1:colcon.colcon_core.package_identification:_identify(src/trainingv2/cmake) by extension 'python_setup_py'
[3.805s] Level 1:colcon.colcon_core.package_identification:_identify(src/trainingv2/controller_project) by extensions ['ignore', 'ignore_ament_install']
[3.805s] Level 1:colcon.colcon_core.package_identification:_identify(src/trainingv2/controller_project) by extension 'ignore'
[3.808s] Level 1:colcon.colcon_core.package_identification:_identify(src/trainingv2/controller_project) by extension 'ignore_ament_install'
[3.813s] Level 1:colcon.colcon_core.package_identification:_identify(src/trainingv2/controller_project) by extensions ['colcon_pkg']
[3.813s] Level 1:colcon.colcon_core.package_identification:_identify(src/trainingv2/controller_project) by extension 'colcon_pkg'
[3.816s] Level 1:colcon.colcon_core.package_identification:_identify(src/trainingv2/controller_project) by extensions ['colcon_meta']
[3.816s] Level 1:colcon.colcon_core.package_identification:_identify(src/trainingv2/controller_project) by extension 'colcon_meta'
[3.820s] Level 1:colcon.colcon_core.package_identification:_identify(src/trainingv2/controller_project) by extensions ['ros']
[3.820s] Level 1:colcon.colcon_core.package_identification:_identify(src/trainingv2/controller_project) by extension 'ros'
[3.830s] Level 1:colcon.colcon_core.package_identification:_identify(src/trainingv2/controller_project) by extensions ['cmake', 'python']
[3.830s] Level 1:colcon.colcon_core.package_identification:_identify(src/trainingv2/controller_project) by extension 'cmake'
[3.833s] Level 1:colcon.colcon_core.package_identification:_identify(src/trainingv2/controller_project) by extension 'python'
[3.835s] Level 1:colcon.colcon_core.package_identification:_identify(src/trainingv2/controller_project) by extensions ['python_setup_py']
[3.835s] Level 1:colcon.colcon_core.package_identification:_identify(src/trainingv2/controller_project) by extension 'python_setup_py'
[3.848s] Level 1:colcon.colcon_core.package_identification:_identify(src/trainingv2/controller_project/joystick_msgs) by extensions ['ignore', 'ignore_ament_install']
[3.848s] Level 1:colcon.colcon_core.package_identification:_identify(src/trainingv2/controller_project/joystick_msgs) by extension 'ignore'
[3.851s] Level 1:colcon.colcon_core.package_identification:_identify(src/trainingv2/controller_project/joystick_msgs) by extension 'ignore_ament_install'
[3.856s] Level 1:colcon.colcon_core.package_identification:_identify(src/trainingv2/controller_project/joystick_msgs) by extensions ['colcon_pkg']
[3.857s] Level 1:colcon.colcon_core.package_identification:_identify(src/trainingv2/controller_project/joystick_msgs) by extension 'colcon_pkg'
[3.859s] Level 1:colcon.colcon_core.package_identification:_identify(src/trainingv2/controller_project/joystick_msgs) by extensions ['colcon_meta']
[3.860s] Level 1:colcon.colcon_core.package_identification:_identify(src/trainingv2/controller_project/joystick_msgs) by extension 'colcon_meta'
[3.866s] Level 1:colcon.colcon_core.package_identification:_identify(src/trainingv2/controller_project/joystick_msgs) by extensions ['ros']
[3.866s] Level 1:colcon.colcon_core.package_identification:_identify(src/trainingv2/controller_project/joystick_msgs) by extension 'ros'
[3.903s] DEBUG:colcon.colcon_core.package_identification:Package 'src/trainingv2/controller_project/joystick_msgs' with type 'ros.ament_cmake' and name 'joystick_msgs'
[3.914s] Level 1:colcon.colcon_core.package_identification:_identify(src/trainingv2/controller_project/joystick_package) by extensions ['ignore', 'ignore_ament_install']
[3.914s] Level 1:colcon.colcon_core.package_identification:_identify(src/trainingv2/controller_project/joystick_package) by extension 'ignore'
[3.917s] Level 1:colcon.colcon_core.package_identification:_identify(src/trainingv2/controller_project/joystick_package) by extension 'ignore_ament_install'
[3.922s] Level 1:colcon.colcon_core.package_identification:_identify(src/trainingv2/controller_project/joystick_package) by extensions ['colcon_pkg']
[3.922s] Level 1:colcon.colcon_core.package_identification:_identify(src/trainingv2/controller_project/joystick_package) by extension 'colcon_pkg'
[3.925s] Level 1:colcon.colcon_core.package_identification:_identify(src/trainingv2/controller_project/joystick_package) by extensions ['colcon_meta']
[3.925s] Level 1:colcon.colcon_core.package_identification:_identify(src/trainingv2/controller_project/joystick_package) by extension 'colcon_meta'
[3.932s] Level 1:colcon.colcon_core.package_identification:_identify(src/trainingv2/controller_project/joystick_package) by extensions ['ros']
[3.932s] Level 1:colcon.colcon_core.package_identification:_identify(src/trainingv2/controller_project/joystick_package) by extension 'ros'
[3.968s] DEBUG:colcon.colcon_core.package_identification:Package 'src/trainingv2/controller_project/joystick_package' with type 'ros.ament_cmake' and name 'joystick_package'
[3.975s] Level 1:colcon.colcon_core.package_identification:_identify(src/trainingv2/documents) by extensions ['ignore', 'ignore_ament_install']
[3.976s] Level 1:colcon.colcon_core.package_identification:_identify(src/trainingv2/documents) by extension 'ignore'
[3.978s] Level 1:colcon.colcon_core.package_identification:_identify(src/trainingv2/documents) by extension 'ignore_ament_install'
[3.982s] Level 1:colcon.colcon_core.package_identification:_identify(src/trainingv2/documents) by extensions ['colcon_pkg']
[3.982s] Level 1:colcon.colcon_core.package_identification:_identify(src/trainingv2/documents) by extension 'colcon_pkg'
[3.984s] Level 1:colcon.colcon_core.package_identification:_identify(src/trainingv2/documents) by extensions ['colcon_meta']
[3.985s] Level 1:colcon.colcon_core.package_identification:_identify(src/trainingv2/documents) by extension 'colcon_meta'
[3.989s] Level 1:colcon.colcon_core.package_identification:_identify(src/trainingv2/documents) by extensions ['ros']
[3.989s] Level 1:colcon.colcon_core.package_identification:_identify(src/trainingv2/documents) by extension 'ros'
[3.999s] Level 1:colcon.colcon_core.package_identification:_identify(src/trainingv2/documents) by extensions ['cmake', 'python']
[3.999s] Level 1:colcon.colcon_core.package_identification:_identify(src/trainingv2/documents) by extension 'cmake'
[4.001s] Level 1:colcon.colcon_core.package_identification:_identify(src/trainingv2/documents) by extension 'python'
[4.003s] Level 1:colcon.colcon_core.package_identification:_identify(src/trainingv2/documents) by extensions ['python_setup_py']
[4.003s] Level 1:colcon.colcon_core.package_identification:_identify(src/trainingv2/documents) by extension 'python_setup_py'
[4.015s] Level 1:colcon.colcon_core.package_identification:_identify(src/trainingv2/documents/installation) by extensions ['ignore', 'ignore_ament_install']
[4.016s] Level 1:colcon.colcon_core.package_identification:_identify(src/trainingv2/documents/installation) by extension 'ignore'
[4.019s] Level 1:colcon.colcon_core.package_identification:_identify(src/trainingv2/documents/installation) by extension 'ignore_ament_install'
[4.024s] Level 1:colcon.colcon_core.package_identification:_identify(src/trainingv2/documents/installation) by extensions ['colcon_pkg']
[4.024s] Level 1:colcon.colcon_core.package_identification:_identify(src/trainingv2/documents/installation) by extension 'colcon_pkg'
[4.027s] Level 1:colcon.colcon_core.package_identification:_identify(src/trainingv2/documents/installation) by extensions ['colcon_meta']
[4.027s] Level 1:colcon.colcon_core.package_identification:_identify(src/trainingv2/documents/installation) by extension 'colcon_meta'
[4.034s] Level 1:colcon.colcon_core.package_identification:_identify(src/trainingv2/documents/installation) by extensions ['ros']
[4.034s] Level 1:colcon.colcon_core.package_identification:_identify(src/trainingv2/documents/installation) by extension 'ros'
[4.046s] Level 1:colcon.colcon_core.package_identification:_identify(src/trainingv2/documents/installation) by extensions ['cmake', 'python']
[4.047s] Level 1:colcon.colcon_core.package_identification:_identify(src/trainingv2/documents/installation) by extension 'cmake'
[4.049s] Level 1:colcon.colcon_core.package_identification:_identify(src/trainingv2/documents/installation) by extension 'python'
[4.052s] Level 1:colcon.colcon_core.package_identification:_identify(src/trainingv2/documents/installation) by extensions ['python_setup_py']
[4.052s] Level 1:colcon.colcon_core.package_identification:_identify(src/trainingv2/documents/installation) by extension 'python_setup_py'
[4.065s] Level 1:colcon.colcon_core.package_identification:_identify(src/trainingv2/documents/pictures) by extensions ['ignore', 'ignore_ament_install']
[4.066s] Level 1:colcon.colcon_core.package_identification:_identify(src/trainingv2/documents/pictures) by extension 'ignore'
[4.068s] Level 1:colcon.colcon_core.package_identification:_identify(src/trainingv2/documents/pictures) by extension 'ignore_ament_install'
[4.073s] Level 1:colcon.colcon_core.package_identification:_identify(src/trainingv2/documents/pictures) by extensions ['colcon_pkg']
[4.074s] Level 1:colcon.colcon_core.package_identification:_identify(src/trainingv2/documents/pictures) by extension 'colcon_pkg'
[4.077s] Level 1:colcon.colcon_core.package_identification:_identify(src/trainingv2/documents/pictures) by extensions ['colcon_meta']
[4.077s] Level 1:colcon.colcon_core.package_identification:_identify(src/trainingv2/documents/pictures) by extension 'colcon_meta'
[4.084s] Level 1:colcon.colcon_core.package_identification:_identify(src/trainingv2/documents/pictures) by extensions ['ros']
[4.085s] Level 1:colcon.colcon_core.package_identification:_identify(src/trainingv2/documents/pictures) by extension 'ros'
[4.097s] Level 1:colcon.colcon_core.package_identification:_identify(src/trainingv2/documents/pictures) by extensions ['cmake', 'python']
[4.098s] Level 1:colcon.colcon_core.package_identification:_identify(src/trainingv2/documents/pictures) by extension 'cmake'
[4.100s] Level 1:colcon.colcon_core.package_identification:_identify(src/trainingv2/documents/pictures) by extension 'python'
[4.103s] Level 1:colcon.colcon_core.package_identification:_identify(src/trainingv2/documents/pictures) by extensions ['python_setup_py']
[4.103s] Level 1:colcon.colcon_core.package_identification:_identify(src/trainingv2/documents/pictures) by extension 'python_setup_py'
[4.114s] Level 1:colcon.colcon_core.package_identification:_identify(src/trainingv2/turtlesim_project) by extensions ['ignore', 'ignore_ament_install']
[4.114s] Level 1:colcon.colcon_core.package_identification:_identify(src/trainingv2/turtlesim_project) by extension 'ignore'
[4.117s] Level 1:colcon.colcon_core.package_identification:_identify(src/trainingv2/turtlesim_project) by extension 'ignore_ament_install'
[4.121s] Level 1:colcon.colcon_core.package_identification:_identify(src/trainingv2/turtlesim_project) by extensions ['colcon_pkg']
[4.121s] Level 1:colcon.colcon_core.package_identification:_identify(src/trainingv2/turtlesim_project) by extension 'colcon_pkg'
[4.132s] Level 1:colcon.colcon_core.package_identification:_identify(src/trainingv2/turtlesim_project) by extensions ['colcon_meta']
[4.133s] Level 1:colcon.colcon_core.package_identification:_identify(src/trainingv2/turtlesim_project) by extension 'colcon_meta'
[4.138s] Level 1:colcon.colcon_core.package_identification:_identify(src/trainingv2/turtlesim_project) by extensions ['ros']
[4.138s] Level 1:colcon.colcon_core.package_identification:_identify(src/trainingv2/turtlesim_project) by extension 'ros'
[4.146s] Level 1:colcon.colcon_core.package_identification:_identify(src/trainingv2/turtlesim_project) by extensions ['cmake', 'python']
[4.147s] Level 1:colcon.colcon_core.package_identification:_identify(src/trainingv2/turtlesim_project) by extension 'cmake'
[4.149s] Level 1:colcon.colcon_core.package_identification:_identify(src/trainingv2/turtlesim_project) by extension 'python'
[4.151s] Level 1:colcon.colcon_core.package_identification:_identify(src/trainingv2/turtlesim_project) by extensions ['python_setup_py']
[4.152s] Level 1:colcon.colcon_core.package_identification:_identify(src/trainingv2/turtlesim_project) by extension 'python_setup_py'
[4.164s] Level 1:colcon.colcon_core.package_identification:_identify(src/trainingv2/turtlesim_project/src) by extensions ['ignore', 'ignore_ament_install']
[4.165s] Level 1:colcon.colcon_core.package_identification:_identify(src/trainingv2/turtlesim_project/src) by extension 'ignore'
[4.167s] Level 1:colcon.colcon_core.package_identification:_identify(src/trainingv2/turtlesim_project/src) by extension 'ignore_ament_install'
[4.172s] Level 1:colcon.colcon_core.package_identification:_identify(src/trainingv2/turtlesim_project/src) by extensions ['colcon_pkg']
[4.173s] Level 1:colcon.colcon_core.package_identification:_identify(src/trainingv2/turtlesim_project/src) by extension 'colcon_pkg'
[4.177s] Level 1:colcon.colcon_core.package_identification:_identify(src/trainingv2/turtlesim_project/src) by extensions ['colcon_meta']
[4.177s] Level 1:colcon.colcon_core.package_identification:_identify(src/trainingv2/turtlesim_project/src) by extension 'colcon_meta'
[4.184s] Level 1:colcon.colcon_core.package_identification:_identify(src/trainingv2/turtlesim_project/src) by extensions ['ros']
[4.184s] Level 1:colcon.colcon_core.package_identification:_identify(src/trainingv2/turtlesim_project/src) by extension 'ros'
[4.196s] Level 1:colcon.colcon_core.package_identification:_identify(src/trainingv2/turtlesim_project/src) by extensions ['cmake', 'python']
[4.197s] Level 1:colcon.colcon_core.package_identification:_identify(src/trainingv2/turtlesim_project/src) by extension 'cmake'
[4.200s] Level 1:colcon.colcon_core.package_identification:_identify(src/trainingv2/turtlesim_project/src) by extension 'python'
[4.203s] Level 1:colcon.colcon_core.package_identification:_identify(src/trainingv2/turtlesim_project/src) by extensions ['python_setup_py']
[4.203s] Level 1:colcon.colcon_core.package_identification:_identify(src/trainingv2/turtlesim_project/src) by extension 'python_setup_py'
[4.224s] Level 1:colcon.colcon_core.package_identification:_identify(src/trainingv2/turtlesim_project/src/keyboard) by extensions ['ignore', 'ignore_ament_install']
[4.224s] Level 1:colcon.colcon_core.package_identification:_identify(src/trainingv2/turtlesim_project/src/keyboard) by extension 'ignore'
[4.228s] Level 1:colcon.colcon_core.package_identification:_identify(src/trainingv2/turtlesim_project/src/keyboard) by extension 'ignore_ament_install'
[4.235s] Level 1:colcon.colcon_core.package_identification:_identify(src/trainingv2/turtlesim_project/src/keyboard) by extensions ['colcon_pkg']
[4.235s] Level 1:colcon.colcon_core.package_identification:_identify(src/trainingv2/turtlesim_project/src/keyboard) by extension 'colcon_pkg'
[4.239s] Level 1:colcon.colcon_core.package_identification:_identify(src/trainingv2/turtlesim_project/src/keyboard) by extensions ['colcon_meta']
[4.239s] Level 1:colcon.colcon_core.package_identification:_identify(src/trainingv2/turtlesim_project/src/keyboard) by extension 'colcon_meta'
[4.250s] Level 1:colcon.colcon_core.package_identification:_identify(src/trainingv2/turtlesim_project/src/keyboard) by extensions ['ros']
[4.250s] Level 1:colcon.colcon_core.package_identification:_identify(src/trainingv2/turtlesim_project/src/keyboard) by extension 'ros'
[4.308s] DEBUG:colcon.colcon_core.package_identification:Package 'src/trainingv2/turtlesim_project/src/keyboard' with type 'ros.ament_python' and name 'keyboard'
[4.322s] Level 1:colcon.colcon_core.package_identification:_identify(src/trainingv2/turtlesim_project/src/teleop) by extensions ['ignore', 'ignore_ament_install']
[4.323s] Level 1:colcon.colcon_core.package_identification:_identify(src/trainingv2/turtlesim_project/src/teleop) by extension 'ignore'
[4.326s] Level 1:colcon.colcon_core.package_identification:_identify(src/trainingv2/turtlesim_project/src/teleop) by extension 'ignore_ament_install'
[4.331s] Level 1:colcon.colcon_core.package_identification:_identify(src/trainingv2/turtlesim_project/src/teleop) by extensions ['colcon_pkg']
[4.332s] Level 1:colcon.colcon_core.package_identification:_identify(src/trainingv2/turtlesim_project/src/teleop) by extension 'colcon_pkg'
[4.334s] Level 1:colcon.colcon_core.package_identification:_identify(src/trainingv2/turtlesim_project/src/teleop) by extensions ['colcon_meta']
[4.334s] Level 1:colcon.colcon_core.package_identification:_identify(src/trainingv2/turtlesim_project/src/teleop) by extension 'colcon_meta'
[4.342s] Level 1:colcon.colcon_core.package_identification:_identify(src/trainingv2/turtlesim_project/src/teleop) by extensions ['ros']
[4.342s] Level 1:colcon.colcon_core.package_identification:_identify(src/trainingv2/turtlesim_project/src/teleop) by extension 'ros'
[4.378s] DEBUG:colcon.colcon_core.package_identification:Package 'src/trainingv2/turtlesim_project/src/teleop' with type 'ros.ament_cmake' and name 'teleop'
[4.378s] Level 1:colcon.colcon_core.package_discovery:discover_packages(recursive) using defaults
[4.379s] Level 1:colcon.colcon_core.package_discovery:discover_packages(ignore) discover
[4.379s] Level 1:colcon.colcon_core.package_discovery:discover_packages(ignore) using defaults
[4.380s] Level 1:colcon.colcon_core.package_discovery:discover_packages(path) discover
[4.380s] Level 1:colcon.colcon_core.package_discovery:discover_packages(path) using defaults
[4.664s] Level 1:colcon.colcon_core.package_discovery:discover_packages(prefix_path) check parameters
[4.665s] Level 1:colcon.colcon_core.package_discovery:discover_packages(prefix_path) discover
[4.672s] DEBUG:colcon.colcon_installed_package_information.package_discovery:Found 339 installed packages in /opt/ros/humble
[4.677s] Level 1:colcon.colcon_core.package_discovery:discover_packages(prefix_path) using defaults
[4.762s] Level 5:colcon.colcon_core.verb:set package 'astar_path_planner' build argument 'cmake_args' from command line to 'None'
[4.763s] Level 5:colcon.colcon_core.verb:set package 'astar_path_planner' build argument 'cmake_target' from command line to 'None'
[4.763s] Level 5:colcon.colcon_core.verb:set package 'astar_path_planner' build argument 'cmake_target_skip_unavailable' from command line to 'False'
[4.764s] Level 5:colcon.colcon_core.verb:set package 'astar_path_planner' build argument 'cmake_clean_cache' from command line to 'False'
[4.764s] Level 5:colcon.colcon_core.verb:set package 'astar_path_planner' build argument 'cmake_clean_first' from command line to 'False'
[4.765s] Level 5:colcon.colcon_core.verb:set package 'astar_path_planner' build argument 'cmake_force_configure' from command line to 'False'
[4.765s] Level 5:colcon.colcon_core.verb:set package 'astar_path_planner' build argument 'ament_cmake_args' from command line to 'None'
[4.766s] Level 5:colcon.colcon_core.verb:set package 'astar_path_planner' build argument 'catkin_cmake_args' from command line to 'None'
[4.766s] Level 5:colcon.colcon_core.verb:set package 'astar_path_planner' build argument 'catkin_skip_building_tests' from command line to 'False'
[4.767s] DEBUG:colcon.colcon_core.verb:Building package 'astar_path_planner' with the following arguments: {'ament_cmake_args': None, 'build_base': '/home/ubuntu/rj_training_container/training_ws/build/astar_path_planner', 'catkin_cmake_args': None, 'catkin_skip_building_tests': False, 'cmake_args': None, 'cmake_clean_cache': False, 'cmake_clean_first': False, 'cmake_force_configure': False, 'cmake_target': None, 'cmake_target_skip_unavailable': False, 'install_base': '/home/ubuntu/rj_training_container/training_ws/install/astar_path_planner', 'merge_install': False, 'path': '/home/ubuntu/rj_training_container/training_ws/src/software-training-old/astar_path_planner', 'symlink_install': False, 'test_result_base': None}
[4.768s] Level 5:colcon.colcon_core.verb:set package 'controllers' build argument 'cmake_args' from command line to 'None'
[4.768s] Level 5:colcon.colcon_core.verb:set package 'controllers' build argument 'cmake_target' from command line to 'None'
[4.769s] Level 5:colcon.colcon_core.verb:set package 'controllers' build argument 'cmake_target_skip_unavailable' from command line to 'False'
[4.769s] Level 5:colcon.colcon_core.verb:set package 'controllers' build argument 'cmake_clean_cache' from command line to 'False'
[4.769s] Level 5:colcon.colcon_core.verb:set package 'controllers' build argument 'cmake_clean_first' from command line to 'False'
[4.770s] Level 5:colcon.colcon_core.verb:set package 'controllers' build argument 'cmake_force_configure' from command line to 'False'
[4.770s] Level 5:colcon.colcon_core.verb:set package 'controllers' build argument 'ament_cmake_args' from command line to 'None'
[4.770s] Level 5:colcon.colcon_core.verb:set package 'controllers' build argument 'catkin_cmake_args' from command line to 'None'
[4.771s] Level 5:colcon.colcon_core.verb:set package 'controllers' build argument 'catkin_skip_building_tests' from command line to 'False'
[4.771s] DEBUG:colcon.colcon_core.verb:Building package 'controllers' with the following arguments: {'ament_cmake_args': None, 'build_base': '/home/ubuntu/rj_training_container/training_ws/build/controllers', 'catkin_cmake_args': None, 'catkin_skip_building_tests': False, 'cmake_args': None, 'cmake_clean_cache': False, 'cmake_clean_first': False, 'cmake_force_configure': False, 'cmake_target': None, 'cmake_target_skip_unavailable': False, 'install_base': '/home/ubuntu/rj_training_container/training_ws/install/controllers', 'merge_install': False, 'path': '/home/ubuntu/rj_training_container/training_ws/src/software-training-old/controllers', 'symlink_install': False, 'test_result_base': None}
[4.772s] Level 5:colcon.colcon_core.verb:set package 'joystick_msgs' build argument 'cmake_args' from command line to 'None'
[4.772s] Level 5:colcon.colcon_core.verb:set package 'joystick_msgs' build argument 'cmake_target' from command line to 'None'
[4.772s] Level 5:colcon.colcon_core.verb:set package 'joystick_msgs' build argument 'cmake_target_skip_unavailable' from command line to 'False'
[4.773s] Level 5:colcon.colcon_core.verb:set package 'joystick_msgs' build argument 'cmake_clean_cache' from command line to 'False'
[4.773s] Level 5:colcon.colcon_core.verb:set package 'joystick_msgs' build argument 'cmake_clean_first' from command line to 'False'
[4.774s] Level 5:colcon.colcon_core.verb:set package 'joystick_msgs' build argument 'cmake_force_configure' from command line to 'False'
[4.775s] Level 5:colcon.colcon_core.verb:set package 'joystick_msgs' build argument 'ament_cmake_args' from command line to 'None'
[4.776s] Level 5:colcon.colcon_core.verb:set package 'joystick_msgs' build argument 'catkin_cmake_args' from command line to 'None'
[4.776s] Level 5:colcon.colcon_core.verb:set package 'joystick_msgs' build argument 'catkin_skip_building_tests' from command line to 'False'
[4.776s] DEBUG:colcon.colcon_core.verb:Building package 'joystick_msgs' with the following arguments: {'ament_cmake_args': None, 'build_base': '/home/ubuntu/rj_training_container/training_ws/build/joystick_msgs', 'catkin_cmake_args': None, 'catkin_skip_building_tests': False, 'cmake_args': None, 'cmake_clean_cache': False, 'cmake_clean_first': False, 'cmake_force_configure': False, 'cmake_target': None, 'cmake_target_skip_unavailable': False, 'install_base': '/home/ubuntu/rj_training_container/training_ws/install/joystick_msgs', 'merge_install': False, 'path': '/home/ubuntu/rj_training_container/training_ws/src/trainingv2/controller_project/joystick_msgs', 'symlink_install': False, 'test_result_base': None}
[4.777s] Level 5:colcon.colcon_core.verb:set package 'keyboard' build argument 'cmake_args' from command line to 'None'
[4.778s] Level 5:colcon.colcon_core.verb:set package 'keyboard' build argument 'cmake_target' from command line to 'None'
[4.778s] Level 5:colcon.colcon_core.verb:set package 'keyboard' build argument 'cmake_target_skip_unavailable' from command line to 'False'
[4.779s] Level 5:colcon.colcon_core.verb:set package 'keyboard' build argument 'cmake_clean_cache' from command line to 'False'
[4.779s] Level 5:colcon.colcon_core.verb:set package 'keyboard' build argument 'cmake_clean_first' from command line to 'False'
[4.779s] Level 5:colcon.colcon_core.verb:set package 'keyboard' build argument 'cmake_force_configure' from command line to 'False'
[4.780s] Level 5:colcon.colcon_core.verb:set package 'keyboard' build argument 'ament_cmake_args' from command line to 'None'
[4.780s] Level 5:colcon.colcon_core.verb:set package 'keyboard' build argument 'catkin_cmake_args' from command line to 'None'
[4.780s] Level 5:colcon.colcon_core.verb:set package 'keyboard' build argument 'catkin_skip_building_tests' from command line to 'False'
[4.781s] DEBUG:colcon.colcon_core.verb:Building package 'keyboard' with the following arguments: {'ament_cmake_args': None, 'build_base': '/home/ubuntu/rj_training_container/training_ws/build/keyboard', 'catkin_cmake_args': None, 'catkin_skip_building_tests': False, 'cmake_args': None, 'cmake_clean_cache': False, 'cmake_clean_first': False, 'cmake_force_configure': False, 'cmake_target': None, 'cmake_target_skip_unavailable': False, 'install_base': '/home/ubuntu/rj_training_container/training_ws/install/keyboard', 'merge_install': False, 'path': '/home/ubuntu/rj_training_container/training_ws/src/trainingv2/turtlesim_project/src/keyboard', 'symlink_install': False, 'test_result_base': None}
[4.782s] Level 5:colcon.colcon_core.verb:set package 'mapping' build argument 'cmake_args' from command line to 'None'
[4.782s] Level 5:colcon.colcon_core.verb:set package 'mapping' build argument 'cmake_target' from command line to 'None'
[4.782s] Level 5:colcon.colcon_core.verb:set package 'mapping' build argument 'cmake_target_skip_unavailable' from command line to 'False'
[4.783s] Level 5:colcon.colcon_core.verb:set package 'mapping' build argument 'cmake_clean_cache' from command line to 'False'
[4.783s] Level 5:colcon.colcon_core.verb:set package 'mapping' build argument 'cmake_clean_first' from command line to 'False'
[4.783s] Level 5:colcon.colcon_core.verb:set package 'mapping' build argument 'cmake_force_configure' from command line to 'False'
[4.784s] Level 5:colcon.colcon_core.verb:set package 'mapping' build argument 'ament_cmake_args' from command line to 'None'
[4.784s] Level 5:colcon.colcon_core.verb:set package 'mapping' build argument 'catkin_cmake_args' from command line to 'None'
[4.784s] Level 5:colcon.colcon_core.verb:set package 'mapping' build argument 'catkin_skip_building_tests' from command line to 'False'
[4.784s] DEBUG:colcon.colcon_core.verb:Building package 'mapping' with the following arguments: {'ament_cmake_args': None, 'build_base': '/home/ubuntu/rj_training_container/training_ws/build/mapping', 'catkin_cmake_args': None, 'catkin_skip_building_tests': False, 'cmake_args': None, 'cmake_clean_cache': False, 'cmake_clean_first': False, 'cmake_force_configure': False, 'cmake_target': None, 'cmake_target_skip_unavailable': False, 'install_base': '/home/ubuntu/rj_training_container/training_ws/install/mapping', 'merge_install': False, 'path': '/home/ubuntu/rj_training_container/training_ws/src/software-training-old/mapping', 'symlink_install': False, 'test_result_base': None}
[4.785s] Level 5:colcon.colcon_core.verb:set package 'obstacle_detector' build argument 'cmake_args' from command line to 'None'
[4.786s] Level 5:colcon.colcon_core.verb:set package 'obstacle_detector' build argument 'cmake_target' from command line to 'None'
[4.786s] Level 5:colcon.colcon_core.verb:set package 'obstacle_detector' build argument 'cmake_target_skip_unavailable' from command line to 'False'
[4.786s] Level 5:colcon.colcon_core.verb:set package 'obstacle_detector' build argument 'cmake_clean_cache' from command line to 'False'
[4.786s] Level 5:colcon.colcon_core.verb:set package 'obstacle_detector' build argument 'cmake_clean_first' from command line to 'False'
[4.787s] Level 5:colcon.colcon_core.verb:set package 'obstacle_detector' build argument 'cmake_force_configure' from command line to 'False'
[4.787s] Level 5:colcon.colcon_core.verb:set package 'obstacle_detector' build argument 'ament_cmake_args' from command line to 'None'
[4.787s] Level 5:colcon.colcon_core.verb:set package 'obstacle_detector' build argument 'catkin_cmake_args' from command line to 'None'
[4.787s] Level 5:colcon.colcon_core.verb:set package 'obstacle_detector' build argument 'catkin_skip_building_tests' from command line to 'False'
[4.788s] DEBUG:colcon.colcon_core.verb:Building package 'obstacle_detector' with the following arguments: {'ament_cmake_args': None, 'build_base': '/home/ubuntu/rj_training_container/training_ws/build/obstacle_detector', 'catkin_cmake_args': None, 'catkin_skip_building_tests': False, 'cmake_args': None, 'cmake_clean_cache': False, 'cmake_clean_first': False, 'cmake_force_configure': False, 'cmake_target': None, 'cmake_target_skip_unavailable': False, 'install_base': '/home/ubuntu/rj_training_container/training_ws/install/obstacle_detector', 'merge_install': False, 'path': '/home/ubuntu/rj_training_container/training_ws/src/software-training-old/obstacle_detector', 'symlink_install': False, 'test_result_base': None}
[4.789s] Level 5:colcon.colcon_core.verb:set package 'rj_training_bringup' build argument 'cmake_args' from command line to 'None'
[4.789s] Level 5:colcon.colcon_core.verb:set package 'rj_training_bringup' build argument 'cmake_target' from command line to 'None'
[4.789s] Level 5:colcon.colcon_core.verb:set package 'rj_training_bringup' build argument 'cmake_target_skip_unavailable' from command line to 'False'
[4.789s] Level 5:colcon.colcon_core.verb:set package 'rj_training_bringup' build argument 'cmake_clean_cache' from command line to 'False'
[4.790s] Level 5:colcon.colcon_core.verb:set package 'rj_training_bringup' build argument 'cmake_clean_first' from command line to 'False'
[4.790s] Level 5:colcon.colcon_core.verb:set package 'rj_training_bringup' build argument 'cmake_force_configure' from command line to 'False'
[4.790s] Level 5:colcon.colcon_core.verb:set package 'rj_training_bringup' build argument 'ament_cmake_args' from command line to 'None'
[4.790s] Level 5:colcon.colcon_core.verb:set package 'rj_training_bringup' build argument 'catkin_cmake_args' from command line to 'None'
[4.791s] Level 5:colcon.colcon_core.verb:set package 'rj_training_bringup' build argument 'catkin_skip_building_tests' from command line to 'False'
[4.791s] DEBUG:colcon.colcon_core.verb:Building package 'rj_training_bringup' with the following arguments: {'ament_cmake_args': None, 'build_base': '/home/ubuntu/rj_training_container/training_ws/build/rj_training_bringup', 'catkin_cmake_args': None, 'catkin_skip_building_tests': False, 'cmake_args': None, 'cmake_clean_cache': False, 'cmake_clean_first': False, 'cmake_force_configure': False, 'cmake_target': None, 'cmake_target_skip_unavailable': False, 'install_base': '/home/ubuntu/rj_training_container/training_ws/install/rj_training_bringup', 'merge_install': False, 'path': '/home/ubuntu/rj_training_container/training_ws/src/software-training-old/rj_training_bringup', 'symlink_install': False, 'test_result_base': None}
[4.792s] Level 5:colcon.colcon_core.verb:set package 'stsl_gazebo_plugins' build argument 'cmake_args' from command line to 'None'
[4.792s] Level 5:colcon.colcon_core.verb:set package 'stsl_gazebo_plugins' build argument 'cmake_target' from command line to 'None'
[4.792s] Level 5:colcon.colcon_core.verb:set package 'stsl_gazebo_plugins' build argument 'cmake_target_skip_unavailable' from command line to 'False'
[4.793s] Level 5:colcon.colcon_core.verb:set package 'stsl_gazebo_plugins' build argument 'cmake_clean_cache' from command line to 'False'
[4.793s] Level 5:colcon.colcon_core.verb:set package 'stsl_gazebo_plugins' build argument 'cmake_clean_first' from command line to 'False'
[4.793s] Level 5:colcon.colcon_core.verb:set package 'stsl_gazebo_plugins' build argument 'cmake_force_configure' from command line to 'False'
[4.794s] Level 5:colcon.colcon_core.verb:set package 'stsl_gazebo_plugins' build argument 'ament_cmake_args' from command line to 'None'
[4.794s] Level 5:colcon.colcon_core.verb:set package 'stsl_gazebo_plugins' build argument 'catkin_cmake_args' from command line to 'None'
[4.794s] Level 5:colcon.colcon_core.verb:set package 'stsl_gazebo_plugins' build argument 'catkin_skip_building_tests' from command line to 'False'
[4.794s] DEBUG:colcon.colcon_core.verb:Building package 'stsl_gazebo_plugins' with the following arguments: {'ament_cmake_args': None, 'build_base': '/home/ubuntu/rj_training_container/training_ws/build/stsl_gazebo_plugins', 'catkin_cmake_args': None, 'catkin_skip_building_tests': False, 'cmake_args': None, 'cmake_clean_cache': False, 'cmake_clean_first': False, 'cmake_force_configure': False, 'cmake_target': None, 'cmake_target_skip_unavailable': False, 'install_base': '/home/ubuntu/rj_training_container/training_ws/install/stsl_gazebo_plugins', 'merge_install': False, 'path': '/home/ubuntu/rj_training_container/training_ws/src/stsl/stsl_gazebo_plugins', 'symlink_install': False, 'test_result_base': None}
[4.795s] Level 5:colcon.colcon_core.verb:set package 'stsl_interfaces' build argument 'cmake_args' from command line to 'None'
[4.795s] Level 5:colcon.colcon_core.verb:set package 'stsl_interfaces' build argument 'cmake_target' from command line to 'None'
[4.796s] Level 5:colcon.colcon_core.verb:set package 'stsl_interfaces' build argument 'cmake_target_skip_unavailable' from command line to 'False'
[4.796s] Level 5:colcon.colcon_core.verb:set package 'stsl_interfaces' build argument 'cmake_clean_cache' from command line to 'False'
[4.796s] Level 5:colcon.colcon_core.verb:set package 'stsl_interfaces' build argument 'cmake_clean_first' from command line to 'False'
[4.796s] Level 5:colcon.colcon_core.verb:set package 'stsl_interfaces' build argument 'cmake_force_configure' from command line to 'False'
[4.797s] Level 5:colcon.colcon_core.verb:set package 'stsl_interfaces' build argument 'ament_cmake_args' from command line to 'None'
[4.797s] Level 5:colcon.colcon_core.verb:set package 'stsl_interfaces' build argument 'catkin_cmake_args' from command line to 'None'
[4.797s] Level 5:colcon.colcon_core.verb:set package 'stsl_interfaces' build argument 'catkin_skip_building_tests' from command line to 'False'
[4.798s] DEBUG:colcon.colcon_core.verb:Building package 'stsl_interfaces' with the following arguments: {'ament_cmake_args': None, 'build_base': '/home/ubuntu/rj_training_container/training_ws/build/stsl_interfaces', 'catkin_cmake_args': None, 'catkin_skip_building_tests': False, 'cmake_args': None, 'cmake_clean_cache': False, 'cmake_clean_first': False, 'cmake_force_configure': False, 'cmake_target': None, 'cmake_target_skip_unavailable': False, 'install_base': '/home/ubuntu/rj_training_container/training_ws/install/stsl_interfaces', 'merge_install': False, 'path': '/home/ubuntu/rj_training_container/training_ws/src/stsl/stsl_interfaces', 'symlink_install': False, 'test_result_base': None}
[4.798s] Level 5:colcon.colcon_core.verb:set package 'stsl_nav_plugins' build argument 'cmake_args' from command line to 'None'
[4.799s] Level 5:colcon.colcon_core.verb:set package 'stsl_nav_plugins' build argument 'cmake_target' from command line to 'None'
[4.799s] Level 5:colcon.colcon_core.verb:set package 'stsl_nav_plugins' build argument 'cmake_target_skip_unavailable' from command line to 'False'
[4.799s] Level 5:colcon.colcon_core.verb:set package 'stsl_nav_plugins' build argument 'cmake_clean_cache' from command line to 'False'
[4.800s] Level 5:colcon.colcon_core.verb:set package 'stsl_nav_plugins' build argument 'cmake_clean_first' from command line to 'False'
[4.800s] Level 5:colcon.colcon_core.verb:set package 'stsl_nav_plugins' build argument 'cmake_force_configure' from command line to 'False'
[4.800s] Level 5:colcon.colcon_core.verb:set package 'stsl_nav_plugins' build argument 'ament_cmake_args' from command line to 'None'
[4.800s] Level 5:colcon.colcon_core.verb:set package 'stsl_nav_plugins' build argument 'catkin_cmake_args' from command line to 'None'
[4.801s] Level 5:colcon.colcon_core.verb:set package 'stsl_nav_plugins' build argument 'catkin_skip_building_tests' from command line to 'False'
[4.801s] DEBUG:colcon.colcon_core.verb:Building package 'stsl_nav_plugins' with the following arguments: {'ament_cmake_args': None, 'build_base': '/home/ubuntu/rj_training_container/training_ws/build/stsl_nav_plugins', 'catkin_cmake_args': None, 'catkin_skip_building_tests': False, 'cmake_args': None, 'cmake_clean_cache': False, 'cmake_clean_first': False, 'cmake_force_configure': False, 'cmake_target': None, 'cmake_target_skip_unavailable': False, 'install_base': '/home/ubuntu/rj_training_container/training_ws/install/stsl_nav_plugins', 'merge_install': False, 'path': '/home/ubuntu/rj_training_container/training_ws/src/stsl/stsl_nav_plugins', 'symlink_install': False, 'test_result_base': None}
[4.802s] Level 5:colcon.colcon_core.verb:set package 'stsl_utils' build argument 'cmake_args' from command line to 'None'
[4.802s] Level 5:colcon.colcon_core.verb:set package 'stsl_utils' build argument 'cmake_target' from command line to 'None'
[4.802s] Level 5:colcon.colcon_core.verb:set package 'stsl_utils' build argument 'cmake_target_skip_unavailable' from command line to 'False'
[4.803s] Level 5:colcon.colcon_core.verb:set package 'stsl_utils' build argument 'cmake_clean_cache' from command line to 'False'
[4.803s] Level 5:colcon.colcon_core.verb:set package 'stsl_utils' build argument 'cmake_clean_first' from command line to 'False'
[4.803s] Level 5:colcon.colcon_core.verb:set package 'stsl_utils' build argument 'cmake_force_configure' from command line to 'False'
[4.803s] Level 5:colcon.colcon_core.verb:set package 'stsl_utils' build argument 'ament_cmake_args' from command line to 'None'
[4.804s] Level 5:colcon.colcon_core.verb:set package 'stsl_utils' build argument 'catkin_cmake_args' from command line to 'None'
[4.804s] Level 5:colcon.colcon_core.verb:set package 'stsl_utils' build argument 'catkin_skip_building_tests' from command line to 'False'
[4.804s] DEBUG:colcon.colcon_core.verb:Building package 'stsl_utils' with the following arguments: {'ament_cmake_args': None, 'build_base': '/home/ubuntu/rj_training_container/training_ws/build/stsl_utils', 'catkin_cmake_args': None, 'catkin_skip_building_tests': False, 'cmake_args': None, 'cmake_clean_cache': False, 'cmake_clean_first': False, 'cmake_force_configure': False, 'cmake_target': None, 'cmake_target_skip_unavailable': False, 'install_base': '/home/ubuntu/rj_training_container/training_ws/install/stsl_utils', 'merge_install': False, 'path': '/home/ubuntu/rj_training_container/training_ws/src/stsl/stsl_utils', 'symlink_install': False, 'test_result_base': None}
[4.805s] Level 5:colcon.colcon_core.verb:set package 'teleop' build argument 'cmake_args' from command line to 'None'
[4.805s] Level 5:colcon.colcon_core.verb:set package 'teleop' build argument 'cmake_target' from command line to 'None'
[4.805s] Level 5:colcon.colcon_core.verb:set package 'teleop' build argument 'cmake_target_skip_unavailable' from command line to 'False'
[4.806s] Level 5:colcon.colcon_core.verb:set package 'teleop' build argument 'cmake_clean_cache' from command line to 'False'
[4.806s] Level 5:colcon.colcon_core.verb:set package 'teleop' build argument 'cmake_clean_first' from command line to 'False'
[4.806s] Level 5:colcon.colcon_core.verb:set package 'teleop' build argument 'cmake_force_configure' from command line to 'False'
[4.807s] Level 5:colcon.colcon_core.verb:set package 'teleop' build argument 'ament_cmake_args' from command line to 'None'
[4.807s] Level 5:colcon.colcon_core.verb:set package 'teleop' build argument 'catkin_cmake_args' from command line to 'None'
[4.807s] Level 5:colcon.colcon_core.verb:set package 'teleop' build argument 'catkin_skip_building_tests' from command line to 'False'
[4.807s] DEBUG:colcon.colcon_core.verb:Building package 'teleop' with the following arguments: {'ament_cmake_args': None, 'build_base': '/home/ubuntu/rj_training_container/training_ws/build/teleop', 'catkin_cmake_args': None, 'catkin_skip_building_tests': False, 'cmake_args': None, 'cmake_clean_cache': False, 'cmake_clean_first': False, 'cmake_force_configure': False, 'cmake_target': None, 'cmake_target_skip_unavailable': False, 'install_base': '/home/ubuntu/rj_training_container/training_ws/install/teleop', 'merge_install': False, 'path': '/home/ubuntu/rj_training_container/training_ws/src/trainingv2/turtlesim_project/src/teleop', 'symlink_install': False, 'test_result_base': None}
[4.808s] Level 5:colcon.colcon_core.verb:set package 'traini_description' build argument 'cmake_args' from command line to 'None'
[4.809s] Level 5:colcon.colcon_core.verb:set package 'traini_description' build argument 'cmake_target' from command line to 'None'
[4.809s] Level 5:colcon.colcon_core.verb:set package 'traini_description' build argument 'cmake_target_skip_unavailable' from command line to 'False'
[4.809s] Level 5:colcon.colcon_core.verb:set package 'traini_description' build argument 'cmake_clean_cache' from command line to 'False'
[4.810s] Level 5:colcon.colcon_core.verb:set package 'traini_description' build argument 'cmake_clean_first' from command line to 'False'
[4.810s] Level 5:colcon.colcon_core.verb:set package 'traini_description' build argument 'cmake_force_configure' from command line to 'False'
[4.810s] Level 5:colcon.colcon_core.verb:set package 'traini_description' build argument 'ament_cmake_args' from command line to 'None'
[4.810s] Level 5:colcon.colcon_core.verb:set package 'traini_description' build argument 'catkin_cmake_args' from command line to 'None'
[4.811s] Level 5:colcon.colcon_core.verb:set package 'traini_description' build argument 'catkin_skip_building_tests' from command line to 'False'
[4.811s] DEBUG:colcon.colcon_core.verb:Building package 'traini_description' with the following arguments: {'ament_cmake_args': None, 'build_base': '/home/ubuntu/rj_training_container/training_ws/build/traini_description', 'catkin_cmake_args': None, 'catkin_skip_building_tests': False, 'cmake_args': None, 'cmake_clean_cache': False, 'cmake_clean_first': False, 'cmake_force_configure': False, 'cmake_target': None, 'cmake_target_skip_unavailable': False, 'install_base': '/home/ubuntu/rj_training_container/training_ws/install/traini_description', 'merge_install': False, 'path': '/home/ubuntu/rj_training_container/training_ws/src/stsl/traini_description', 'symlink_install': False, 'test_result_base': None}
[4.812s] Level 5:colcon.colcon_core.verb:set package 'coordinate_transform' build argument 'cmake_args' from command line to 'None'
[4.812s] Level 5:colcon.colcon_core.verb:set package 'coordinate_transform' build argument 'cmake_target' from command line to 'None'
[4.812s] Level 5:colcon.colcon_core.verb:set package 'coordinate_transform' build argument 'cmake_target_skip_unavailable' from command line to 'False'
[4.813s] Level 5:colcon.colcon_core.verb:set package 'coordinate_transform' build argument 'cmake_clean_cache' from command line to 'False'
[4.813s] Level 5:colcon.colcon_core.verb:set package 'coordinate_transform' build argument 'cmake_clean_first' from command line to 'False'
[4.813s] Level 5:colcon.colcon_core.verb:set package 'coordinate_transform' build argument 'cmake_force_configure' from command line to 'False'
[4.813s] Level 5:colcon.colcon_core.verb:set package 'coordinate_transform' build argument 'ament_cmake_args' from command line to 'None'
[4.814s] Level 5:colcon.colcon_core.verb:set package 'coordinate_transform' build argument 'catkin_cmake_args' from command line to 'None'
[4.814s] Level 5:colcon.colcon_core.verb:set package 'coordinate_transform' build argument 'catkin_skip_building_tests' from command line to 'False'
[4.814s] DEBUG:colcon.colcon_core.verb:Building package 'coordinate_transform' with the following arguments: {'ament_cmake_args': None, 'build_base': '/home/ubuntu/rj_training_container/training_ws/build/coordinate_transform', 'catkin_cmake_args': None, 'catkin_skip_building_tests': False, 'cmake_args': None, 'cmake_clean_cache': False, 'cmake_clean_first': False, 'cmake_force_configure': False, 'cmake_target': None, 'cmake_target_skip_unavailable': False, 'install_base': '/home/ubuntu/rj_training_container/training_ws/install/coordinate_transform', 'merge_install': False, 'path': '/home/ubuntu/rj_training_container/training_ws/src/software-training-old/coordinate_transform', 'symlink_install': False, 'test_result_base': None}
[4.815s] Level 5:colcon.colcon_core.verb:set package 'elevation_server' build argument 'cmake_args' from command line to 'None'
[4.815s] Level 5:colcon.colcon_core.verb:set package 'elevation_server' build argument 'cmake_target' from command line to 'None'
[4.816s] Level 5:colcon.colcon_core.verb:set package 'elevation_server' build argument 'cmake_target_skip_unavailable' from command line to 'False'
[4.816s] Level 5:colcon.colcon_core.verb:set package 'elevation_server' build argument 'cmake_clean_cache' from command line to 'False'
[4.816s] Level 5:colcon.colcon_core.verb:set package 'elevation_server' build argument 'cmake_clean_first' from command line to 'False'
[4.816s] Level 5:colcon.colcon_core.verb:set package 'elevation_server' build argument 'cmake_force_configure' from command line to 'False'
[4.817s] Level 5:colcon.colcon_core.verb:set package 'elevation_server' build argument 'ament_cmake_args' from command line to 'None'
[4.817s] Level 5:colcon.colcon_core.verb:set package 'elevation_server' build argument 'catkin_cmake_args' from command line to 'None'
[4.817s] Level 5:colcon.colcon_core.verb:set package 'elevation_server' build argument 'catkin_skip_building_tests' from command line to 'False'
[4.818s] DEBUG:colcon.colcon_core.verb:Building package 'elevation_server' with the following arguments: {'ament_cmake_args': None, 'build_base': '/home/ubuntu/rj_training_container/training_ws/build/elevation_server', 'catkin_cmake_args': None, 'catkin_skip_building_tests': False, 'cmake_args': None, 'cmake_clean_cache': False, 'cmake_clean_first': False, 'cmake_force_configure': False, 'cmake_target': None, 'cmake_target_skip_unavailable': False, 'install_base': '/home/ubuntu/rj_training_container/training_ws/install/elevation_server', 'merge_install': False, 'path': '/home/ubuntu/rj_training_container/training_ws/src/stsl/elevation_server', 'symlink_install': False, 'test_result_base': None}
[4.818s] Level 5:colcon.colcon_core.verb:set package 'joystick_package' build argument 'cmake_args' from command line to 'None'
[4.819s] Level 5:colcon.colcon_core.verb:set package 'joystick_package' build argument 'cmake_target' from command line to 'None'
[4.819s] Level 5:colcon.colcon_core.verb:set package 'joystick_package' build argument 'cmake_target_skip_unavailable' from command line to 'False'
[4.819s] Level 5:colcon.colcon_core.verb:set package 'joystick_package' build argument 'cmake_clean_cache' from command line to 'False'
[4.819s] Level 5:colcon.colcon_core.verb:set package 'joystick_package' build argument 'cmake_clean_first' from command line to 'False'
[4.820s] Level 5:colcon.colcon_core.verb:set package 'joystick_package' build argument 'cmake_force_configure' from command line to 'False'
[4.820s] Level 5:colcon.colcon_core.verb:set package 'joystick_package' build argument 'ament_cmake_args' from command line to 'None'
[4.820s] Level 5:colcon.colcon_core.verb:set package 'joystick_package' build argument 'catkin_cmake_args' from command line to 'None'
[4.821s] Level 5:colcon.colcon_core.verb:set package 'joystick_package' build argument 'catkin_skip_building_tests' from command line to 'False'
[4.821s] DEBUG:colcon.colcon_core.verb:Building package 'joystick_package' with the following arguments: {'ament_cmake_args': None, 'build_base': '/home/ubuntu/rj_training_container/training_ws/build/joystick_package', 'catkin_cmake_args': None, 'catkin_skip_building_tests': False, 'cmake_args': None, 'cmake_clean_cache': False, 'cmake_clean_first': False, 'cmake_force_configure': False, 'cmake_target': None, 'cmake_target_skip_unavailable': False, 'install_base': '/home/ubuntu/rj_training_container/training_ws/install/joystick_package', 'merge_install': False, 'path': '/home/ubuntu/rj_training_container/training_ws/src/trainingv2/controller_project/joystick_package', 'symlink_install': False, 'test_result_base': None}
[4.822s] Level 5:colcon.colcon_core.verb:set package 'localization' build argument 'cmake_args' from command line to 'None'
[4.822s] Level 5:colcon.colcon_core.verb:set package 'localization' build argument 'cmake_target' from command line to 'None'
[4.822s] Level 5:colcon.colcon_core.verb:set package 'localization' build argument 'cmake_target_skip_unavailable' from command line to 'False'
[4.822s] Level 5:colcon.colcon_core.verb:set package 'localization' build argument 'cmake_clean_cache' from command line to 'False'
[4.823s] Level 5:colcon.colcon_core.verb:set package 'localization' build argument 'cmake_clean_first' from command line to 'False'
[4.823s] Level 5:colcon.colcon_core.verb:set package 'localization' build argument 'cmake_force_configure' from command line to 'False'
[4.823s] Level 5:colcon.colcon_core.verb:set package 'localization' build argument 'ament_cmake_args' from command line to 'None'
[4.824s] Level 5:colcon.colcon_core.verb:set package 'localization' build argument 'catkin_cmake_args' from command line to 'None'
[4.824s] Level 5:colcon.colcon_core.verb:set package 'localization' build argument 'catkin_skip_building_tests' from command line to 'False'
[4.824s] DEBUG:colcon.colcon_core.verb:Building package 'localization' with the following arguments: {'ament_cmake_args': None, 'build_base': '/home/ubuntu/rj_training_container/training_ws/build/localization', 'catkin_cmake_args': None, 'catkin_skip_building_tests': False, 'cmake_args': None, 'cmake_clean_cache': False, 'cmake_clean_first': False, 'cmake_force_configure': False, 'cmake_target': None, 'cmake_target_skip_unavailable': False, 'install_base': '/home/ubuntu/rj_training_container/training_ws/install/localization', 'merge_install': False, 'path': '/home/ubuntu/rj_training_container/training_ws/src/software-training-old/localization', 'symlink_install': False, 'test_result_base': None}
[4.825s] Level 5:colcon.colcon_core.verb:set package 'mineral_deposit_detection' build argument 'cmake_args' from command line to 'None'
[4.825s] Level 5:colcon.colcon_core.verb:set package 'mineral_deposit_detection' build argument 'cmake_target' from command line to 'None'
[4.825s] Level 5:colcon.colcon_core.verb:set package 'mineral_deposit_detection' build argument 'cmake_target_skip_unavailable' from command line to 'False'
[4.826s] Level 5:colcon.colcon_core.verb:set package 'mineral_deposit_detection' build argument 'cmake_clean_cache' from command line to 'False'
[4.826s] Level 5:colcon.colcon_core.verb:set package 'mineral_deposit_detection' build argument 'cmake_clean_first' from command line to 'False'
[4.826s] Level 5:colcon.colcon_core.verb:set package 'mineral_deposit_detection' build argument 'cmake_force_configure' from command line to 'False'
[4.827s] Level 5:colcon.colcon_core.verb:set package 'mineral_deposit_detection' build argument 'ament_cmake_args' from command line to 'None'
[4.827s] Level 5:colcon.colcon_core.verb:set package 'mineral_deposit_detection' build argument 'catkin_cmake_args' from command line to 'None'
[4.827s] Level 5:colcon.colcon_core.verb:set package 'mineral_deposit_detection' build argument 'catkin_skip_building_tests' from command line to 'False'
[4.827s] DEBUG:colcon.colcon_core.verb:Building package 'mineral_deposit_detection' with the following arguments: {'ament_cmake_args': None, 'build_base': '/home/ubuntu/rj_training_container/training_ws/build/mineral_deposit_detection', 'catkin_cmake_args': None, 'catkin_skip_building_tests': False, 'cmake_args': None, 'cmake_clean_cache': False, 'cmake_clean_first': False, 'cmake_force_configure': False, 'cmake_target': None, 'cmake_target_skip_unavailable': False, 'install_base': '/home/ubuntu/rj_training_container/training_ws/install/mineral_deposit_detection', 'merge_install': False, 'path': '/home/ubuntu/rj_training_container/training_ws/src/stsl/mineral_deposit_detection', 'symlink_install': False, 'test_result_base': None}
[4.828s] Level 5:colcon.colcon_core.verb:set package 'mineral_deposit_tracking' build argument 'cmake_args' from command line to 'None'
[4.828s] Level 5:colcon.colcon_core.verb:set package 'mineral_deposit_tracking' build argument 'cmake_target' from command line to 'None'
[4.829s] Level 5:colcon.colcon_core.verb:set package 'mineral_deposit_tracking' build argument 'cmake_target_skip_unavailable' from command line to 'False'
[4.829s] Level 5:colcon.colcon_core.verb:set package 'mineral_deposit_tracking' build argument 'cmake_clean_cache' from command line to 'False'
[4.829s] Level 5:colcon.colcon_core.verb:set package 'mineral_deposit_tracking' build argument 'cmake_clean_first' from command line to 'False'
[4.830s] Level 5:colcon.colcon_core.verb:set package 'mineral_deposit_tracking' build argument 'cmake_force_configure' from command line to 'False'
[4.830s] Level 5:colcon.colcon_core.verb:set package 'mineral_deposit_tracking' build argument 'ament_cmake_args' from command line to 'None'
[4.830s] Level 5:colcon.colcon_core.verb:set package 'mineral_deposit_tracking' build argument 'catkin_cmake_args' from command line to 'None'
[4.830s] Level 5:colcon.colcon_core.verb:set package 'mineral_deposit_tracking' build argument 'catkin_skip_building_tests' from command line to 'False'
[4.831s] DEBUG:colcon.colcon_core.verb:Building package 'mineral_deposit_tracking' with the following arguments: {'ament_cmake_args': None, 'build_base': '/home/ubuntu/rj_training_container/training_ws/build/mineral_deposit_tracking', 'catkin_cmake_args': None, 'catkin_skip_building_tests': False, 'cmake_args': None, 'cmake_clean_cache': False, 'cmake_clean_first': False, 'cmake_force_configure': False, 'cmake_target': None, 'cmake_target_skip_unavailable': False, 'install_base': '/home/ubuntu/rj_training_container/training_ws/install/mineral_deposit_tracking', 'merge_install': False, 'path': '/home/ubuntu/rj_training_container/training_ws/src/software-training-old/mineral_deposit_tracking', 'symlink_install': False, 'test_result_base': None}
[4.831s] Level 5:colcon.colcon_core.verb:set package 'peak_finder' build argument 'cmake_args' from command line to 'None'
[4.832s] Level 5:colcon.colcon_core.verb:set package 'peak_finder' build argument 'cmake_target' from command line to 'None'
[4.832s] Level 5:colcon.colcon_core.verb:set package 'peak_finder' build argument 'cmake_target_skip_unavailable' from command line to 'False'
[4.832s] Level 5:colcon.colcon_core.verb:set package 'peak_finder' build argument 'cmake_clean_cache' from command line to 'False'
[4.833s] Level 5:colcon.colcon_core.verb:set package 'peak_finder' build argument 'cmake_clean_first' from command line to 'False'
[4.833s] Level 5:colcon.colcon_core.verb:set package 'peak_finder' build argument 'cmake_force_configure' from command line to 'False'
[4.833s] Level 5:colcon.colcon_core.verb:set package 'peak_finder' build argument 'ament_cmake_args' from command line to 'None'
[4.834s] Level 5:colcon.colcon_core.verb:set package 'peak_finder' build argument 'catkin_cmake_args' from command line to 'None'
[4.834s] Level 5:colcon.colcon_core.verb:set package 'peak_finder' build argument 'catkin_skip_building_tests' from command line to 'False'
[4.834s] DEBUG:colcon.colcon_core.verb:Building package 'peak_finder' with the following arguments: {'ament_cmake_args': None, 'build_base': '/home/ubuntu/rj_training_container/training_ws/build/peak_finder', 'catkin_cmake_args': None, 'catkin_skip_building_tests': False, 'cmake_args': None, 'cmake_clean_cache': False, 'cmake_clean_first': False, 'cmake_force_configure': False, 'cmake_target': None, 'cmake_target_skip_unavailable': False, 'install_base': '/home/ubuntu/rj_training_container/training_ws/install/peak_finder', 'merge_install': False, 'path': '/home/ubuntu/rj_training_container/training_ws/src/software-training-old/peak_finder', 'symlink_install': False, 'test_result_base': None}
[4.835s] Level 5:colcon.colcon_core.verb:set package 'stsl_aruco_tags' build argument 'cmake_args' from command line to 'None'
[4.835s] Level 5:colcon.colcon_core.verb:set package 'stsl_aruco_tags' build argument 'cmake_target' from command line to 'None'
[4.835s] Level 5:colcon.colcon_core.verb:set package 'stsl_aruco_tags' build argument 'cmake_target_skip_unavailable' from command line to 'False'
[4.836s] Level 5:colcon.colcon_core.verb:set package 'stsl_aruco_tags' build argument 'cmake_clean_cache' from command line to 'False'
[4.836s] Level 5:colcon.colcon_core.verb:set package 'stsl_aruco_tags' build argument 'cmake_clean_first' from command line to 'False'
[4.836s] Level 5:colcon.colcon_core.verb:set package 'stsl_aruco_tags' build argument 'cmake_force_configure' from command line to 'False'
[4.836s] Level 5:colcon.colcon_core.verb:set package 'stsl_aruco_tags' build argument 'ament_cmake_args' from command line to 'None'
[4.837s] Level 5:colcon.colcon_core.verb:set package 'stsl_aruco_tags' build argument 'catkin_cmake_args' from command line to 'None'
[4.837s] Level 5:colcon.colcon_core.verb:set package 'stsl_aruco_tags' build argument 'catkin_skip_building_tests' from command line to 'False'
[4.837s] DEBUG:colcon.colcon_core.verb:Building package 'stsl_aruco_tags' with the following arguments: {'ament_cmake_args': None, 'build_base': '/home/ubuntu/rj_training_container/training_ws/build/stsl_aruco_tags', 'catkin_cmake_args': None, 'catkin_skip_building_tests': False, 'cmake_args': None, 'cmake_clean_cache': False, 'cmake_clean_first': False, 'cmake_force_configure': False, 'cmake_target': None, 'cmake_target_skip_unavailable': False, 'install_base': '/home/ubuntu/rj_training_container/training_ws/install/stsl_aruco_tags', 'merge_install': False, 'path': '/home/ubuntu/rj_training_container/training_ws/src/stsl/stsl_aruco_tags', 'symlink_install': False, 'test_result_base': None}
[4.838s] Level 5:colcon.colcon_core.verb:set package 'stsl_bt_nodes' build argument 'cmake_args' from command line to 'None'
[4.838s] Level 5:colcon.colcon_core.verb:set package 'stsl_bt_nodes' build argument 'cmake_target' from command line to 'None'
[4.839s] Level 5:colcon.colcon_core.verb:set package 'stsl_bt_nodes' build argument 'cmake_target_skip_unavailable' from command line to 'False'
[4.839s] Level 5:colcon.colcon_core.verb:set package 'stsl_bt_nodes' build argument 'cmake_clean_cache' from command line to 'False'
[4.839s] Level 5:colcon.colcon_core.verb:set package 'stsl_bt_nodes' build argument 'cmake_clean_first' from command line to 'False'
[4.839s] Level 5:colcon.colcon_core.verb:set package 'stsl_bt_nodes' build argument 'cmake_force_configure' from command line to 'False'
[4.840s] Level 5:colcon.colcon_core.verb:set package 'stsl_bt_nodes' build argument 'ament_cmake_args' from command line to 'None'
[4.840s] Level 5:colcon.colcon_core.verb:set package 'stsl_bt_nodes' build argument 'catkin_cmake_args' from command line to 'None'
[4.840s] Level 5:colcon.colcon_core.verb:set package 'stsl_bt_nodes' build argument 'catkin_skip_building_tests' from command line to 'False'
[4.841s] DEBUG:colcon.colcon_core.verb:Building package 'stsl_bt_nodes' with the following arguments: {'ament_cmake_args': None, 'build_base': '/home/ubuntu/rj_training_container/training_ws/build/stsl_bt_nodes', 'catkin_cmake_args': None, 'catkin_skip_building_tests': False, 'cmake_args': None, 'cmake_clean_cache': False, 'cmake_clean_first': False, 'cmake_force_configure': False, 'cmake_target': None, 'cmake_target_skip_unavailable': False, 'install_base': '/home/ubuntu/rj_training_container/training_ws/install/stsl_bt_nodes', 'merge_install': False, 'path': '/home/ubuntu/rj_training_container/training_ws/src/stsl/stsl_bt_nodes', 'symlink_install': False, 'test_result_base': None}
[4.842s] Level 5:colcon.colcon_core.verb:set package 'stsl_rviz_plugins' build argument 'cmake_args' from command line to 'None'
[4.842s] Level 5:colcon.colcon_core.verb:set package 'stsl_rviz_plugins' build argument 'cmake_target' from command line to 'None'
[4.842s] Level 5:colcon.colcon_core.verb:set package 'stsl_rviz_plugins' build argument 'cmake_target_skip_unavailable' from command line to 'False'
[4.842s] Level 5:colcon.colcon_core.verb:set package 'stsl_rviz_plugins' build argument 'cmake_clean_cache' from command line to 'False'
[4.843s] Level 5:colcon.colcon_core.verb:set package 'stsl_rviz_plugins' build argument 'cmake_clean_first' from command line to 'False'
[4.843s] Level 5:colcon.colcon_core.verb:set package 'stsl_rviz_plugins' build argument 'cmake_force_configure' from command line to 'False'
[4.843s] Level 5:colcon.colcon_core.verb:set package 'stsl_rviz_plugins' build argument 'ament_cmake_args' from command line to 'None'
[4.843s] Level 5:colcon.colcon_core.verb:set package 'stsl_rviz_plugins' build argument 'catkin_cmake_args' from command line to 'None'
[4.844s] Level 5:colcon.colcon_core.verb:set package 'stsl_rviz_plugins' build argument 'catkin_skip_building_tests' from command line to 'False'
[4.844s] DEBUG:colcon.colcon_core.verb:Building package 'stsl_rviz_plugins' with the following arguments: {'ament_cmake_args': None, 'build_base': '/home/ubuntu/rj_training_container/training_ws/build/stsl_rviz_plugins', 'catkin_cmake_args': None, 'catkin_skip_building_tests': False, 'cmake_args': None, 'cmake_clean_cache': False, 'cmake_clean_first': False, 'cmake_force_configure': False, 'cmake_target': None, 'cmake_target_skip_unavailable': False, 'install_base': '/home/ubuntu/rj_training_container/training_ws/install/stsl_rviz_plugins', 'merge_install': False, 'path': '/home/ubuntu/rj_training_container/training_ws/src/stsl/stsl_rviz_plugins', 'symlink_install': False, 'test_result_base': None}
[4.845s] Level 5:colcon.colcon_core.verb:set package 'mission_orchestration' build argument 'cmake_args' from command line to 'None'
[4.845s] Level 5:colcon.colcon_core.verb:set package 'mission_orchestration' build argument 'cmake_target' from command line to 'None'
[4.845s] Level 5:colcon.colcon_core.verb:set package 'mission_orchestration' build argument 'cmake_target_skip_unavailable' from command line to 'False'
[4.846s] Level 5:colcon.colcon_core.verb:set package 'mission_orchestration' build argument 'cmake_clean_cache' from command line to 'False'
[4.846s] Level 5:colcon.colcon_core.verb:set package 'mission_orchestration' build argument 'cmake_clean_first' from command line to 'False'
[4.846s] Level 5:colcon.colcon_core.verb:set package 'mission_orchestration' build argument 'cmake_force_configure' from command line to 'False'
[4.847s] Level 5:colcon.colcon_core.verb:set package 'mission_orchestration' build argument 'ament_cmake_args' from command line to 'None'
[4.847s] Level 5:colcon.colcon_core.verb:set package 'mission_orchestration' build argument 'catkin_cmake_args' from command line to 'None'
[4.847s] Level 5:colcon.colcon_core.verb:set package 'mission_orchestration' build argument 'catkin_skip_building_tests' from command line to 'False'
[4.847s] DEBUG:colcon.colcon_core.verb:Building package 'mission_orchestration' with the following arguments: {'ament_cmake_args': None, 'build_base': '/home/ubuntu/rj_training_container/training_ws/build/mission_orchestration', 'catkin_cmake_args': None, 'catkin_skip_building_tests': False, 'cmake_args': None, 'cmake_clean_cache': False, 'cmake_clean_first': False, 'cmake_force_configure': False, 'cmake_target': None, 'cmake_target_skip_unavailable': False, 'install_base': '/home/ubuntu/rj_training_container/training_ws/install/mission_orchestration', 'merge_install': False, 'path': '/home/ubuntu/rj_training_container/training_ws/src/stsl/mission_orchestration', 'symlink_install': False, 'test_result_base': None}
[4.848s] Level 5:colcon.colcon_core.verb:set package 'traini_gazebo' build argument 'cmake_args' from command line to 'None'
[4.848s] Level 5:colcon.colcon_core.verb:set package 'traini_gazebo' build argument 'cmake_target' from command line to 'None'
[4.849s] Level 5:colcon.colcon_core.verb:set package 'traini_gazebo' build argument 'cmake_target_skip_unavailable' from command line to 'False'
[4.849s] Level 5:colcon.colcon_core.verb:set package 'traini_gazebo' build argument 'cmake_clean_cache' from command line to 'False'
[4.849s] Level 5:colcon.colcon_core.verb:set package 'traini_gazebo' build argument 'cmake_clean_first' from command line to 'False'
[4.850s] Level 5:colcon.colcon_core.verb:set package 'traini_gazebo' build argument 'cmake_force_configure' from command line to 'False'
[4.850s] Level 5:colcon.colcon_core.verb:set package 'traini_gazebo' build argument 'ament_cmake_args' from command line to 'None'
[4.850s] Level 5:colcon.colcon_core.verb:set package 'traini_gazebo' build argument 'catkin_cmake_args' from command line to 'None'
[4.850s] Level 5:colcon.colcon_core.verb:set package 'traini_gazebo' build argument 'catkin_skip_building_tests' from command line to 'False'
[4.851s] DEBUG:colcon.colcon_core.verb:Building package 'traini_gazebo' with the following arguments: {'ament_cmake_args': None, 'build_base': '/home/ubuntu/rj_training_container/training_ws/build/traini_gazebo', 'catkin_cmake_args': None, 'catkin_skip_building_tests': False, 'cmake_args': None, 'cmake_clean_cache': False, 'cmake_clean_first': False, 'cmake_force_configure': False, 'cmake_target': None, 'cmake_target_skip_unavailable': False, 'install_base': '/home/ubuntu/rj_training_container/training_ws/install/traini_gazebo', 'merge_install': False, 'path': '/home/ubuntu/rj_training_container/training_ws/src/stsl/traini_gazebo', 'symlink_install': False, 'test_result_base': None}
[4.851s] Level 5:colcon.colcon_core.verb:set package 'traini_bringup' build argument 'cmake_args' from command line to 'None'
[4.852s] Level 5:colcon.colcon_core.verb:set package 'traini_bringup' build argument 'cmake_target' from command line to 'None'
[4.852s] Level 5:colcon.colcon_core.verb:set package 'traini_bringup' build argument 'cmake_target_skip_unavailable' from command line to 'False'
[4.852s] Level 5:colcon.colcon_core.verb:set package 'traini_bringup' build argument 'cmake_clean_cache' from command line to 'False'
[4.852s] Level 5:colcon.colcon_core.verb:set package 'traini_bringup' build argument 'cmake_clean_first' from command line to 'False'
[4.853s] Level 5:colcon.colcon_core.verb:set package 'traini_bringup' build argument 'cmake_force_configure' from command line to 'False'
[4.853s] Level 5:colcon.colcon_core.verb:set package 'traini_bringup' build argument 'ament_cmake_args' from command line to 'None'
[4.853s] Level 5:colcon.colcon_core.verb:set package 'traini_bringup' build argument 'catkin_cmake_args' from command line to 'None'
[4.854s] Level 5:colcon.colcon_core.verb:set package 'traini_bringup' build argument 'catkin_skip_building_tests' from command line to 'False'
[4.854s] DEBUG:colcon.colcon_core.verb:Building package 'traini_bringup' with the following arguments: {'ament_cmake_args': None, 'build_base': '/home/ubuntu/rj_training_container/training_ws/build/traini_bringup', 'catkin_cmake_args': None, 'catkin_skip_building_tests': False, 'cmake_args': None, 'cmake_clean_cache': False, 'cmake_clean_first': False, 'cmake_force_configure': False, 'cmake_target': None, 'cmake_target_skip_unavailable': False, 'install_base': '/home/ubuntu/rj_training_container/training_ws/install/traini_bringup', 'merge_install': False, 'path': '/home/ubuntu/rj_training_container/training_ws/src/stsl/traini_bringup', 'symlink_install': False, 'test_result_base': None}
[4.855s] Level 5:colcon.colcon_core.verb:set package 'stsl_desktop' build argument 'cmake_args' from command line to 'None'
[4.855s] Level 5:colcon.colcon_core.verb:set package 'stsl_desktop' build argument 'cmake_target' from command line to 'None'
[4.855s] Level 5:colcon.colcon_core.verb:set package 'stsl_desktop' build argument 'cmake_target_skip_unavailable' from command line to 'False'
[4.855s] Level 5:colcon.colcon_core.verb:set package 'stsl_desktop' build argument 'cmake_clean_cache' from command line to 'False'
[4.856s] Level 5:colcon.colcon_core.verb:set package 'stsl_desktop' build argument 'cmake_clean_first' from command line to 'False'
[4.856s] Level 5:colcon.colcon_core.verb:set package 'stsl_desktop' build argument 'cmake_force_configure' from command line to 'False'
[4.856s] Level 5:colcon.colcon_core.verb:set package 'stsl_desktop' build argument 'ament_cmake_args' from command line to 'None'
[4.857s] Level 5:colcon.colcon_core.verb:set package 'stsl_desktop' build argument 'catkin_cmake_args' from command line to 'None'
[4.857s] Level 5:colcon.colcon_core.verb:set package 'stsl_desktop' build argument 'catkin_skip_building_tests' from command line to 'False'
[4.857s] DEBUG:colcon.colcon_core.verb:Building package 'stsl_desktop' with the following arguments: {'ament_cmake_args': None, 'build_base': '/home/ubuntu/rj_training_container/training_ws/build/stsl_desktop', 'catkin_cmake_args': None, 'catkin_skip_building_tests': False, 'cmake_args': None, 'cmake_clean_cache': False, 'cmake_clean_first': False, 'cmake_force_configure': False, 'cmake_target': None, 'cmake_target_skip_unavailable': False, 'install_base': '/home/ubuntu/rj_training_container/training_ws/install/stsl_desktop', 'merge_install': False, 'path': '/home/ubuntu/rj_training_container/training_ws/src/stsl/stsl_desktop', 'symlink_install': False, 'test_result_base': None}
[4.858s] INFO:colcon.colcon_core.executor:Executing jobs using 'parallel' executor
[4.859s] DEBUG:colcon.colcon_parallel_executor.executor.parallel:run_until_complete
[4.860s] INFO:colcon.colcon_ros.task.ament_cmake.build:Building ROS package in '/home/ubuntu/rj_training_container/training_ws/src/stsl/stsl_interfaces' with build type 'ament_cmake'
[4.861s] INFO:colcon.colcon_cmake.task.cmake.build:Building CMake package in '/home/ubuntu/rj_training_container/training_ws/src/stsl/stsl_interfaces'
[4.878s] INFO:colcon.colcon_core.plugin_system:Skipping extension 'colcon_core.shell.bat': Not used on non-Windows systems
[4.879s] INFO:colcon.colcon_core.shell:Skip shell extension 'powershell' for command environment: Not usable outside of PowerShell
[4.879s] DEBUG:colcon.colcon_core.shell:Skip shell extension 'dsv' for command environment
[4.896s] INFO:colcon.colcon_ros.task.ament_cmake.build:Building ROS package in '/home/ubuntu/rj_training_container/training_ws/src/stsl/stsl_gazebo_plugins' with build type 'ament_cmake'
[4.897s] INFO:colcon.colcon_cmake.task.cmake.build:Building CMake package in '/home/ubuntu/rj_training_container/training_ws/src/stsl/stsl_gazebo_plugins'
[4.898s] INFO:colcon.colcon_core.shell:Skip shell extension 'powershell' for command environment: Not usable outside of PowerShell
[4.899s] DEBUG:colcon.colcon_core.shell:Skip shell extension 'dsv' for command environment
[4.911s] INFO:colcon.colcon_ros.task.ament_cmake.build:Building ROS package in '/home/ubuntu/rj_training_container/training_ws/src/stsl/traini_description' with build type 'ament_cmake'
[4.912s] INFO:colcon.colcon_cmake.task.cmake.build:Building CMake package in '/home/ubuntu/rj_training_container/training_ws/src/stsl/traini_description'
[4.912s] INFO:colcon.colcon_core.shell:Skip shell extension 'powershell' for command environment: Not usable outside of PowerShell
[4.913s] DEBUG:colcon.colcon_core.shell:Skip shell extension 'dsv' for command environment
[4.929s] INFO:colcon.colcon_ros.task.ament_cmake.build:Building ROS package in '/home/ubuntu/rj_training_container/training_ws/src/trainingv2/controller_project/joystick_msgs' with build type 'ament_cmake'
[4.930s] INFO:colcon.colcon_cmake.task.cmake.build:Building CMake package in '/home/ubuntu/rj_training_container/training_ws/src/trainingv2/controller_project/joystick_msgs'
[4.931s] INFO:colcon.colcon_core.shell:Skip shell extension 'powershell' for command environment: Not usable outside of PowerShell
[4.932s] DEBUG:colcon.colcon_core.shell:Skip shell extension 'dsv' for command environment
[4.950s] INFO:colcon.colcon_ros.task.ament_cmake.build:Building ROS package in '/home/ubuntu/rj_training_container/training_ws/src/stsl/stsl_nav_plugins' with build type 'ament_cmake'
[4.950s] INFO:colcon.colcon_cmake.task.cmake.build:Building CMake package in '/home/ubuntu/rj_training_container/training_ws/src/stsl/stsl_nav_plugins'
[4.951s] INFO:colcon.colcon_core.shell:Skip shell extension 'powershell' for command environment: Not usable outside of PowerShell
[4.951s] DEBUG:colcon.colcon_core.shell:Skip shell extension 'dsv' for command environment
[4.968s] INFO:colcon.colcon_ros.task.ament_cmake.build:Building ROS package in '/home/ubuntu/rj_training_container/training_ws/src/stsl/stsl_utils' with build type 'ament_cmake'
[4.969s] INFO:colcon.colcon_cmake.task.cmake.build:Building CMake package in '/home/ubuntu/rj_training_container/training_ws/src/stsl/stsl_utils'
[4.970s] INFO:colcon.colcon_core.shell:Skip shell extension 'powershell' for command environment: Not usable outside of PowerShell
[4.970s] DEBUG:colcon.colcon_core.shell:Skip shell extension 'dsv' for command environment
[4.986s] INFO:colcon.colcon_ros.task.ament_cmake.build:Building ROS package in '/home/ubuntu/rj_training_container/training_ws/src/software-training-old/astar_path_planner' with build type 'ament_cmake'
[4.987s] INFO:colcon.colcon_cmake.task.cmake.build:Building CMake package in '/home/ubuntu/rj_training_container/training_ws/src/software-training-old/astar_path_planner'
[4.988s] INFO:colcon.colcon_core.shell:Skip shell extension 'powershell' for command environment: Not usable outside of PowerShell
[4.988s] DEBUG:colcon.colcon_core.shell:Skip shell extension 'dsv' for command environment
[5.008s] INFO:colcon.colcon_ros.task.ament_cmake.build:Building ROS package in '/home/ubuntu/rj_training_container/training_ws/src/software-training-old/controllers' with build type 'ament_cmake'
[5.009s] INFO:colcon.colcon_cmake.task.cmake.build:Building CMake package in '/home/ubuntu/rj_training_container/training_ws/src/software-training-old/controllers'
[5.009s] INFO:colcon.colcon_core.shell:Skip shell extension 'powershell' for command environment: Not usable outside of PowerShell
[5.010s] DEBUG:colcon.colcon_core.shell:Skip shell extension 'dsv' for command environment
[5.028s] INFO:colcon.colcon_ros.task.ament_python.build:Building ROS package in '/home/ubuntu/rj_training_container/training_ws/src/trainingv2/turtlesim_project/src/keyboard' with build type 'ament_python'
[5.028s] Level 1:colcon.colcon_core.shell:create_environment_hook('keyboard', 'ament_prefix_path')
[5.029s] INFO:colcon.colcon_core.shell:Creating environment hook '/home/ubuntu/rj_training_container/training_ws/install/keyboard/share/keyboard/hook/ament_prefix_path.ps1'
[5.051s] INFO:colcon.colcon_core.shell:Creating environment descriptor '/home/ubuntu/rj_training_container/training_ws/install/keyboard/share/keyboard/hook/ament_prefix_path.dsv'
[5.073s] INFO:colcon.colcon_core.shell:Creating environment hook '/home/ubuntu/rj_training_container/training_ws/install/keyboard/share/keyboard/hook/ament_prefix_path.sh'
[5.095s] INFO:colcon.colcon_core.shell:Skip shell extension 'powershell' for command environment: Not usable outside of PowerShell
[5.096s] DEBUG:colcon.colcon_core.shell:Skip shell extension 'dsv' for command environment
[5.112s] INFO:colcon.colcon_ros.task.ament_cmake.build:Building ROS package in '/home/ubuntu/rj_training_container/training_ws/src/software-training-old/mapping' with build type 'ament_cmake'
[5.113s] INFO:colcon.colcon_cmake.task.cmake.build:Building CMake package in '/home/ubuntu/rj_training_container/training_ws/src/software-training-old/mapping'
[5.113s] INFO:colcon.colcon_core.shell:Skip shell extension 'powershell' for command environment: Not usable outside of PowerShell
[5.114s] DEBUG:colcon.colcon_core.shell:Skip shell extension 'dsv' for command environment
[5.133s] INFO:colcon.colcon_ros.task.ament_cmake.build:Building ROS package in '/home/ubuntu/rj_training_container/training_ws/src/software-training-old/obstacle_detector' with build type 'ament_cmake'
[5.134s] INFO:colcon.colcon_cmake.task.cmake.build:Building CMake package in '/home/ubuntu/rj_training_container/training_ws/src/software-training-old/obstacle_detector'
[5.134s] INFO:colcon.colcon_core.shell:Skip shell extension 'powershell' for command environment: Not usable outside of PowerShell
[5.135s] DEBUG:colcon.colcon_core.shell:Skip shell extension 'dsv' for command environment
[5.153s] INFO:colcon.colcon_ros.task.ament_cmake.build:Building ROS package in '/home/ubuntu/rj_training_container/training_ws/src/software-training-old/rj_training_bringup' with build type 'ament_cmake'
[5.153s] INFO:colcon.colcon_cmake.task.cmake.build:Building CMake package in '/home/ubuntu/rj_training_container/training_ws/src/software-training-old/rj_training_bringup'
[5.154s] INFO:colcon.colcon_core.shell:Skip shell extension 'powershell' for command environment: Not usable outside of PowerShell
[5.154s] DEBUG:colcon.colcon_core.shell:Skip shell extension 'dsv' for command environment
[5.172s] INFO:colcon.colcon_ros.task.ament_cmake.build:Building ROS package in '/home/ubuntu/rj_training_container/training_ws/src/trainingv2/turtlesim_project/src/teleop' with build type 'ament_cmake'
[5.173s] INFO:colcon.colcon_cmake.task.cmake.build:Building CMake package in '/home/ubuntu/rj_training_container/training_ws/src/trainingv2/turtlesim_project/src/teleop'
[5.174s] INFO:colcon.colcon_core.shell:Skip shell extension 'powershell' for command environment: Not usable outside of PowerShell
[5.174s] DEBUG:colcon.colcon_core.shell:Skip shell extension 'dsv' for command environment
[5.279s] DEBUG:colcon.colcon_core.event_handler.log_command:Invoking command in '/home/ubuntu/rj_training_container/training_ws/build/stsl_interfaces': CMAKE_PREFIX_PATH=/opt/ros/humble /usr/bin/cmake --build /home/ubuntu/rj_training_container/training_ws/build/stsl_interfaces -- -j16 -l16
[5.350s] DEBUG:colcon.colcon_core.event_handler.log_command:Invoking command in '/home/ubuntu/rj_training_container/training_ws/build/stsl_gazebo_plugins': CMAKE_PREFIX_PATH=/opt/ros/humble /usr/bin/cmake --build /home/ubuntu/rj_training_container/training_ws/build/stsl_gazebo_plugins -- -j16 -l16
[5.402s] DEBUG:colcon.colcon_core.event_handler.log_command:Invoking command in '/home/ubuntu/rj_training_container/training_ws/build/traini_description': CMAKE_PREFIX_PATH=/opt/ros/humble /usr/bin/cmake --build /home/ubuntu/rj_training_container/training_ws/build/traini_description -- -j16 -l16
[5.461s] DEBUG:colcon.colcon_core.event_handler.log_command:Invoking command in '/home/ubuntu/rj_training_container/training_ws/build/joystick_msgs': CMAKE_PREFIX_PATH=/opt/ros/humble /usr/bin/cmake --build /home/ubuntu/rj_training_container/training_ws/build/joystick_msgs -- -j16 -l16
[5.524s] DEBUG:colcon.colcon_core.event_handler.log_command:Invoking command in '/home/ubuntu/rj_training_container/training_ws/build/stsl_nav_plugins': CMAKE_PREFIX_PATH=/opt/ros/humble /usr/bin/cmake --build /home/ubuntu/rj_training_container/training_ws/build/stsl_nav_plugins -- -j16 -l16
[5.583s] DEBUG:colcon.colcon_core.event_handler.log_command:Invoking command in '/home/ubuntu/rj_training_container/training_ws/build/stsl_utils': CMAKE_PREFIX_PATH=/opt/ros/humble /usr/bin/cmake --build /home/ubuntu/rj_training_container/training_ws/build/stsl_utils -- -j16 -l16
[5.653s] DEBUG:colcon.colcon_core.event_handler.log_command:Invoking command in '/home/ubuntu/rj_training_container/training_ws/build/astar_path_planner': CMAKE_PREFIX_PATH=/opt/ros/humble /usr/bin/cmake --build /home/ubuntu/rj_training_container/training_ws/build/astar_path_planner -- -j16 -l16
[5.738s] DEBUG:colcon.colcon_core.event_handler.log_command:Invoking command in '/home/ubuntu/rj_training_container/training_ws/build/controllers': CMAKE_PREFIX_PATH=/opt/ros/humble /usr/bin/cmake --build /home/ubuntu/rj_training_container/training_ws/build/controllers -- -j16 -l16
[6.393s] INFO:colcon.colcon_core.task.python.build:Building Python package in '/home/ubuntu/rj_training_container/training_ws/src/trainingv2/turtlesim_project/src/keyboard'
[6.396s] INFO:colcon.colcon_core.shell:Skip shell extension 'powershell' for command environment: Not usable outside of PowerShell
[6.397s] DEBUG:colcon.colcon_core.shell:Skip shell extension 'dsv' for command environment
[6.647s] DEBUG:colcon.colcon_core.event_handler.log_command:Invoking command in '/home/ubuntu/rj_training_container/training_ws/build/mapping': CMAKE_PREFIX_PATH=/opt/ros/humble /usr/bin/cmake --build /home/ubuntu/rj_training_container/training_ws/build/mapping -- -j16 -l16
[6.832s] DEBUG:colcon.colcon_core.event_handler.log_command:Invoking command in '/home/ubuntu/rj_training_container/training_ws/build/obstacle_detector': CMAKE_PREFIX_PATH=/opt/ros/humble /usr/bin/cmake --build /home/ubuntu/rj_training_container/training_ws/build/obstacle_detector -- -j16 -l16
[7.010s] DEBUG:colcon.colcon_core.event_handler.log_command:Invoking command in '/home/ubuntu/rj_training_container/training_ws/build/rj_training_bringup': CMAKE_PREFIX_PATH=/opt/ros/humble /usr/bin/cmake --build /home/ubuntu/rj_training_container/training_ws/build/rj_training_bringup -- -j16 -l16
[7.209s] DEBUG:colcon.colcon_core.event_handler.log_command:Invoking command in '/home/ubuntu/rj_training_container/training_ws/build/teleop': CMAKE_PREFIX_PATH=/opt/ros/humble /usr/bin/cmake --build /home/ubuntu/rj_training_container/training_ws/build/teleop -- -j16 -l16
[7.217s] DEBUG:colcon.colcon_core.event_handler.log_command:Invoked command in '/home/ubuntu/rj_training_container/training_ws/build/traini_description' returned '0': CMAKE_PREFIX_PATH=/opt/ros/humble /usr/bin/cmake --build /home/ubuntu/rj_training_container/training_ws/build/traini_description -- -j16 -l16
[7.399s] DEBUG:colcon.colcon_core.event_handler.log_command:Invoking command in '/home/ubuntu/rj_training_container/training_ws/build/traini_description': CMAKE_PREFIX_PATH=/opt/ros/humble /usr/bin/cmake --install /home/ubuntu/rj_training_container/training_ws/build/traini_description
[7.405s] DEBUG:colcon.colcon_core.event_handler.log_command:Invoked command in '/home/ubuntu/rj_training_container/training_ws/build/astar_path_planner' returned '0': CMAKE_PREFIX_PATH=/opt/ros/humble /usr/bin/cmake --build /home/ubuntu/rj_training_container/training_ws/build/astar_path_planner -- -j16 -l16
[7.437s] DEBUG:colcon.colcon_core.event_handler.log_command:Invoked command in '/home/ubuntu/rj_training_container/training_ws/build/controllers' returned '0': CMAKE_PREFIX_PATH=/opt/ros/humble /usr/bin/cmake --build /home/ubuntu/rj_training_container/training_ws/build/controllers -- -j16 -l16
[7.629s] DEBUG:colcon.colcon_core.event_handler.log_command:Invoking command in '/home/ubuntu/rj_training_container/training_ws/build/astar_path_planner': CMAKE_PREFIX_PATH=/opt/ros/humble /usr/bin/cmake --install /home/ubuntu/rj_training_container/training_ws/build/astar_path_planner
[7.664s] DEBUG:colcon.colcon_core.event_handler.log_command:Invoking command in '/home/ubuntu/rj_training_container/training_ws/build/controllers': CMAKE_PREFIX_PATH=/opt/ros/humble /usr/bin/cmake --install /home/ubuntu/rj_training_container/training_ws/build/controllers
[7.671s] DEBUG:colcon.colcon_core.event_handler.log_command:Invoked command in '/home/ubuntu/rj_training_container/training_ws/build/rj_training_bringup' returned '0': CMAKE_PREFIX_PATH=/opt/ros/humble /usr/bin/cmake --build /home/ubuntu/rj_training_container/training_ws/build/rj_training_bringup -- -j16 -l16
[7.859s] DEBUG:colcon.colcon_core.event_handler.log_command:Invoking command in '/home/ubuntu/rj_training_container/training_ws/build/rj_training_bringup': CMAKE_PREFIX_PATH=/opt/ros/humble /usr/bin/cmake --install /home/ubuntu/rj_training_container/training_ws/build/rj_training_bringup
[8.206s] DEBUG:colcon.colcon_core.event_handler.log_command:Invoked command in '/home/ubuntu/rj_training_container/training_ws/build/mapping' returned '0': CMAKE_PREFIX_PATH=/opt/ros/humble /usr/bin/cmake --build /home/ubuntu/rj_training_container/training_ws/build/mapping -- -j16 -l16
[8.448s] DEBUG:colcon.colcon_core.event_handler.log_command:Invoking command in '/home/ubuntu/rj_training_container/training_ws/build/mapping': CMAKE_PREFIX_PATH=/opt/ros/humble /usr/bin/cmake --install /home/ubuntu/rj_training_container/training_ws/build/mapping
[8.493s] DEBUG:colcon.colcon_core.event_handler.log_command:Invoked command in '/home/ubuntu/rj_training_container/training_ws/build/obstacle_detector' returned '0': CMAKE_PREFIX_PATH=/opt/ros/humble /usr/bin/cmake --build /home/ubuntu/rj_training_container/training_ws/build/obstacle_detector -- -j16 -l16
[8.702s] DEBUG:colcon.colcon_core.event_handler.log_command:Invoking command in '/home/ubuntu/rj_training_container/training_ws/build/obstacle_detector': CMAKE_PREFIX_PATH=/opt/ros/humble /usr/bin/cmake --install /home/ubuntu/rj_training_container/training_ws/build/obstacle_detector
[8.890s] DEBUG:colcon.colcon_core.event_handler.log_command:Invoked command in '/home/ubuntu/rj_training_container/training_ws/build/teleop' returned '0': CMAKE_PREFIX_PATH=/opt/ros/humble /usr/bin/cmake --build /home/ubuntu/rj_training_container/training_ws/build/teleop -- -j16 -l16
[9.121s] DEBUG:colcon.colcon_core.event_handler.log_command:Invoking command in '/home/ubuntu/rj_training_container/training_ws/build/teleop': CMAKE_PREFIX_PATH=/opt/ros/humble /usr/bin/cmake --install /home/ubuntu/rj_training_container/training_ws/build/teleop
[10.600s] DEBUG:colcon.colcon_core.event_handler.log_command:Invoked command in '/home/ubuntu/rj_training_container/training_ws/build/stsl_utils' returned '0': CMAKE_PREFIX_PATH=/opt/ros/humble /usr/bin/cmake --build /home/ubuntu/rj_training_container/training_ws/build/stsl_utils -- -j16 -l16
[10.799s] DEBUG:colcon.colcon_core.event_handler.log_command:Invoking command in '/home/ubuntu/rj_training_container/training_ws/build/stsl_utils': CMAKE_PREFIX_PATH=/opt/ros/humble /usr/bin/cmake --install /home/ubuntu/rj_training_container/training_ws/build/stsl_utils
[11.315s] Level 1:colcon.colcon_core.environment:create_environment_scripts_only(controllers)
[11.329s] Level 1:colcon.colcon_core.environment:checking '/home/ubuntu/rj_training_container/training_ws/install/controllers' for CMake module files
[11.377s] DEBUG:colcon.colcon_core.event_handler.log_command:Invoked command in '/home/ubuntu/rj_training_container/training_ws/build/controllers' returned '0': CMAKE_PREFIX_PATH=/opt/ros/humble /usr/bin/cmake --install /home/ubuntu/rj_training_container/training_ws/build/controllers
[11.812s] Level 1:colcon.colcon_core.environment:checking '/home/ubuntu/rj_training_container/training_ws/install/controllers' for CMake config files
[12.223s] Level 1:colcon.colcon_core.shell:create_environment_hook('controllers', 'cmake_prefix_path')
[12.225s] INFO:colcon.colcon_core.shell:Creating environment hook '/home/ubuntu/rj_training_container/training_ws/install/controllers/share/controllers/hook/cmake_prefix_path.ps1'
[12.306s] INFO:colcon.colcon_core.shell:Creating environment descriptor '/home/ubuntu/rj_training_container/training_ws/install/controllers/share/controllers/hook/cmake_prefix_path.dsv'
[12.389s] INFO:colcon.colcon_core.shell:Creating environment hook '/home/ubuntu/rj_training_container/training_ws/install/controllers/share/controllers/hook/cmake_prefix_path.sh'
[12.484s] Level 1:colcon.colcon_core.environment:checking '/home/ubuntu/rj_training_container/training_ws/install/controllers/lib'
[12.507s] Level 1:colcon.colcon_core.shell:create_environment_hook('controllers', 'ld_library_path_lib')
[12.509s] INFO:colcon.colcon_core.shell:Creating environment hook '/home/ubuntu/rj_training_container/training_ws/install/controllers/share/controllers/hook/ld_library_path_lib.ps1'
[12.589s] INFO:colcon.colcon_core.shell:Creating environment descriptor '/home/ubuntu/rj_training_container/training_ws/install/controllers/share/controllers/hook/ld_library_path_lib.dsv'
[12.664s] INFO:colcon.colcon_core.shell:Creating environment hook '/home/ubuntu/rj_training_container/training_ws/install/controllers/share/controllers/hook/ld_library_path_lib.sh'
[12.732s] Level 1:colcon.colcon_core.environment:checking '/home/ubuntu/rj_training_container/training_ws/install/controllers/bin'
[12.737s] Level 1:colcon.colcon_core.environment:checking '/home/ubuntu/rj_training_container/training_ws/install/controllers/lib/pkgconfig/controllers.pc'
[12.745s] Level 1:colcon.colcon_core.environment:checking '/home/ubuntu/rj_training_container/training_ws/install/controllers/lib/python3.10/site-packages'
[12.753s] Level 1:colcon.colcon_core.environment:checking '/home/ubuntu/rj_training_container/training_ws/install/controllers/bin'
[12.760s] INFO:colcon.colcon_core.shell:Creating package script '/home/ubuntu/rj_training_container/training_ws/install/controllers/share/controllers/package.ps1'
[12.810s] INFO:colcon.colcon_core.shell:Creating package descriptor '/home/ubuntu/rj_training_container/training_ws/install/controllers/share/controllers/package.dsv'
[12.868s] INFO:colcon.colcon_core.shell:Creating package script '/home/ubuntu/rj_training_container/training_ws/install/controllers/share/controllers/package.sh'
[12.923s] INFO:colcon.colcon_core.shell:Creating package script '/home/ubuntu/rj_training_container/training_ws/install/controllers/share/controllers/package.bash'
[12.975s] INFO:colcon.colcon_core.shell:Creating package script '/home/ubuntu/rj_training_container/training_ws/install/controllers/share/controllers/package.zsh'
[13.025s] Level 1:colcon.colcon_core.environment:create_file_with_runtime_dependencies(/home/ubuntu/rj_training_container/training_ws/install/controllers/share/colcon-core/packages/controllers)
[13.096s] Level 1:colcon.colcon_core.environment:create_environment_scripts_only(astar_path_planner)
[13.098s] Level 1:colcon.colcon_core.environment:checking '/home/ubuntu/rj_training_container/training_ws/install/astar_path_planner' for CMake module files
[13.134s] DEBUG:colcon.colcon_core.event_handler.log_command:Invoked command in '/home/ubuntu/rj_training_container/training_ws/build/astar_path_planner' returned '0': CMAKE_PREFIX_PATH=/opt/ros/humble /usr/bin/cmake --install /home/ubuntu/rj_training_container/training_ws/build/astar_path_planner
[13.488s] Level 1:colcon.colcon_core.environment:checking '/home/ubuntu/rj_training_container/training_ws/install/astar_path_planner' for CMake config files
[13.723s] Level 1:colcon.colcon_core.shell:create_environment_hook('astar_path_planner', 'cmake_prefix_path')
[13.724s] INFO:colcon.colcon_core.shell:Creating environment hook '/home/ubuntu/rj_training_container/training_ws/install/astar_path_planner/share/astar_path_planner/hook/cmake_prefix_path.ps1'
[13.779s] INFO:colcon.colcon_core.shell:Creating environment descriptor '/home/ubuntu/rj_training_container/training_ws/install/astar_path_planner/share/astar_path_planner/hook/cmake_prefix_path.dsv'
[13.830s] INFO:colcon.colcon_core.shell:Creating environment hook '/home/ubuntu/rj_training_container/training_ws/install/astar_path_planner/share/astar_path_planner/hook/cmake_prefix_path.sh'
[13.891s] Level 1:colcon.colcon_core.environment:checking '/home/ubuntu/rj_training_container/training_ws/install/astar_path_planner/lib'
[13.904s] Level 1:colcon.colcon_core.shell:create_environment_hook('astar_path_planner', 'ld_library_path_lib')
[13.906s] INFO:colcon.colcon_core.shell:Creating environment hook '/home/ubuntu/rj_training_container/training_ws/install/astar_path_planner/share/astar_path_planner/hook/ld_library_path_lib.ps1'
[13.956s] INFO:colcon.colcon_core.shell:Creating environment descriptor '/home/ubuntu/rj_training_container/training_ws/install/astar_path_planner/share/astar_path_planner/hook/ld_library_path_lib.dsv'
[14.000s] INFO:colcon.colcon_core.shell:Creating environment hook '/home/ubuntu/rj_training_container/training_ws/install/astar_path_planner/share/astar_path_planner/hook/ld_library_path_lib.sh'
[14.049s] Level 1:colcon.colcon_core.environment:checking '/home/ubuntu/rj_training_container/training_ws/install/astar_path_planner/bin'
[14.052s] Level 1:colcon.colcon_core.environment:checking '/home/ubuntu/rj_training_container/training_ws/install/astar_path_planner/lib/pkgconfig/astar_path_planner.pc'
[14.059s] Level 1:colcon.colcon_core.environment:checking '/home/ubuntu/rj_training_container/training_ws/install/astar_path_planner/lib/python3.10/site-packages'
[14.065s] Level 1:colcon.colcon_core.environment:checking '/home/ubuntu/rj_training_container/training_ws/install/astar_path_planner/bin'
[14.069s] INFO:colcon.colcon_core.shell:Creating package script '/home/ubuntu/rj_training_container/training_ws/install/astar_path_planner/share/astar_path_planner/package.ps1'
[14.102s] INFO:colcon.colcon_core.shell:Creating package descriptor '/home/ubuntu/rj_training_container/training_ws/install/astar_path_planner/share/astar_path_planner/package.dsv'
[14.139s] INFO:colcon.colcon_core.shell:Creating package script '/home/ubuntu/rj_training_container/training_ws/install/astar_path_planner/share/astar_path_planner/package.sh'
[14.175s] INFO:colcon.colcon_core.shell:Creating package script '/home/ubuntu/rj_training_container/training_ws/install/astar_path_planner/share/astar_path_planner/package.bash'
[14.217s] INFO:colcon.colcon_core.shell:Creating package script '/home/ubuntu/rj_training_container/training_ws/install/astar_path_planner/share/astar_path_planner/package.zsh'
[14.260s] Level 1:colcon.colcon_core.environment:create_file_with_runtime_dependencies(/home/ubuntu/rj_training_container/training_ws/install/astar_path_planner/share/colcon-core/packages/astar_path_planner)
[14.316s] DEBUG:colcon.colcon_core.event_handler.log_command:Invoked command in '/home/ubuntu/rj_training_container/training_ws/build/joystick_msgs' returned '0': CMAKE_PREFIX_PATH=/opt/ros/humble /usr/bin/cmake --build /home/ubuntu/rj_training_container/training_ws/build/joystick_msgs -- -j16 -l16
[14.329s] Level 1:colcon.colcon_core.environment:create_environment_scripts_only(traini_description)
[14.330s] Level 1:colcon.colcon_core.environment:checking '/home/ubuntu/rj_training_container/training_ws/install/traini_description' for CMake module files
[14.333s] DEBUG:colcon.colcon_core.event_handler.log_command:Invoked command in '/home/ubuntu/rj_training_container/training_ws/build/traini_description' returned '0': CMAKE_PREFIX_PATH=/opt/ros/humble /usr/bin/cmake --install /home/ubuntu/rj_training_container/training_ws/build/traini_description
[14.590s] Level 1:colcon.colcon_core.environment:checking '/home/ubuntu/rj_training_container/training_ws/install/traini_description' for CMake config files
[14.724s] Level 1:colcon.colcon_core.shell:create_environment_hook('traini_description', 'cmake_prefix_path')
[14.725s] INFO:colcon.colcon_core.shell:Creating environment hook '/home/ubuntu/rj_training_container/training_ws/install/traini_description/share/traini_description/hook/cmake_prefix_path.ps1'
[14.755s] INFO:colcon.colcon_core.shell:Creating environment descriptor '/home/ubuntu/rj_training_container/training_ws/install/traini_description/share/traini_description/hook/cmake_prefix_path.dsv'
[14.787s] INFO:colcon.colcon_core.shell:Creating environment hook '/home/ubuntu/rj_training_container/training_ws/install/traini_description/share/traini_description/hook/cmake_prefix_path.sh'
[14.823s] Level 1:colcon.colcon_core.environment:checking '/home/ubuntu/rj_training_container/training_ws/install/traini_description/bin'
[14.825s] Level 1:colcon.colcon_core.environment:checking '/home/ubuntu/rj_training_container/training_ws/install/traini_description/lib/pkgconfig/traini_description.pc'
[14.828s] Level 1:colcon.colcon_core.environment:checking '/home/ubuntu/rj_training_container/training_ws/install/traini_description/lib/python3.10/site-packages'
[14.831s] Level 1:colcon.colcon_core.environment:checking '/home/ubuntu/rj_training_container/training_ws/install/traini_description/bin'
[14.835s] INFO:colcon.colcon_core.shell:Creating package script '/home/ubuntu/rj_training_container/training_ws/install/traini_description/share/traini_description/package.ps1'
[14.863s] INFO:colcon.colcon_core.shell:Creating package descriptor '/home/ubuntu/rj_training_container/training_ws/install/traini_description/share/traini_description/package.dsv'
[14.891s] INFO:colcon.colcon_core.shell:Creating package script '/home/ubuntu/rj_training_container/training_ws/install/traini_description/share/traini_description/package.sh'
[14.917s] INFO:colcon.colcon_core.shell:Creating package script '/home/ubuntu/rj_training_container/training_ws/install/traini_description/share/traini_description/package.bash'
[14.945s] INFO:colcon.colcon_core.shell:Creating package script '/home/ubuntu/rj_training_container/training_ws/install/traini_description/share/traini_description/package.zsh'
[14.975s] Level 1:colcon.colcon_core.environment:create_file_with_runtime_dependencies(/home/ubuntu/rj_training_container/training_ws/install/traini_description/share/colcon-core/packages/traini_description)
[15.007s] Level 1:colcon.colcon_core.environment:create_environment_scripts_only(mapping)
[15.008s] Level 1:colcon.colcon_core.environment:checking '/home/ubuntu/rj_training_container/training_ws/install/mapping' for CMake module files
[15.009s] DEBUG:colcon.colcon_core.event_handler.log_command:Invoked command in '/home/ubuntu/rj_training_container/training_ws/build/mapping' returned '0': CMAKE_PREFIX_PATH=/opt/ros/humble /usr/bin/cmake --install /home/ubuntu/rj_training_container/training_ws/build/mapping
[15.197s] Level 1:colcon.colcon_core.environment:checking '/home/ubuntu/rj_training_container/training_ws/install/mapping' for CMake config files
[15.317s] Level 1:colcon.colcon_core.shell:create_environment_hook('mapping', 'cmake_prefix_path')
[15.318s] INFO:colcon.colcon_core.shell:Creating environment hook '/home/ubuntu/rj_training_container/training_ws/install/mapping/share/mapping/hook/cmake_prefix_path.ps1'
[15.340s] INFO:colcon.colcon_core.shell:Creating environment descriptor '/home/ubuntu/rj_training_container/training_ws/install/mapping/share/mapping/hook/cmake_prefix_path.dsv'
[15.362s] INFO:colcon.colcon_core.shell:Creating environment hook '/home/ubuntu/rj_training_container/training_ws/install/mapping/share/mapping/hook/cmake_prefix_path.sh'
[15.389s] Level 1:colcon.colcon_core.environment:checking '/home/ubuntu/rj_training_container/training_ws/install/mapping/lib'
[15.395s] Level 1:colcon.colcon_core.shell:create_environment_hook('mapping', 'ld_library_path_lib')
[15.396s] INFO:colcon.colcon_core.shell:Creating environment hook '/home/ubuntu/rj_training_container/training_ws/install/mapping/share/mapping/hook/ld_library_path_lib.ps1'
[15.413s] INFO:colcon.colcon_core.shell:Creating environment descriptor '/home/ubuntu/rj_training_container/training_ws/install/mapping/share/mapping/hook/ld_library_path_lib.dsv'
[15.430s] INFO:colcon.colcon_core.shell:Creating environment hook '/home/ubuntu/rj_training_container/training_ws/install/mapping/share/mapping/hook/ld_library_path_lib.sh'
[15.450s] Level 1:colcon.colcon_core.environment:checking '/home/ubuntu/rj_training_container/training_ws/install/mapping/bin'
[15.452s] Level 1:colcon.colcon_core.environment:checking '/home/ubuntu/rj_training_container/training_ws/install/mapping/lib/pkgconfig/mapping.pc'
[15.454s] Level 1:colcon.colcon_core.environment:checking '/home/ubuntu/rj_training_container/training_ws/install/mapping/lib/python3.10/site-packages'
[15.457s] Level 1:colcon.colcon_core.environment:checking '/home/ubuntu/rj_training_container/training_ws/install/mapping/bin'
[15.460s] INFO:colcon.colcon_core.shell:Creating package script '/home/ubuntu/rj_training_container/training_ws/install/mapping/share/mapping/package.ps1'
[15.475s] INFO:colcon.colcon_core.shell:Creating package descriptor '/home/ubuntu/rj_training_container/training_ws/install/mapping/share/mapping/package.dsv'
[15.492s] INFO:colcon.colcon_core.shell:Creating package script '/home/ubuntu/rj_training_container/training_ws/install/mapping/share/mapping/package.sh'
[15.508s] INFO:colcon.colcon_core.shell:Creating package script '/home/ubuntu/rj_training_container/training_ws/install/mapping/share/mapping/package.bash'
[15.525s] INFO:colcon.colcon_core.shell:Creating package script '/home/ubuntu/rj_training_container/training_ws/install/mapping/share/mapping/package.zsh'
[15.542s] Level 1:colcon.colcon_core.environment:create_file_with_runtime_dependencies(/home/ubuntu/rj_training_container/training_ws/install/mapping/share/colcon-core/packages/mapping)
[15.563s] DEBUG:colcon.colcon_core.event_handler.log_command:Invoked command in '/home/ubuntu/rj_training_container/training_ws/build/stsl_nav_plugins' returned '0': CMAKE_PREFIX_PATH=/opt/ros/humble /usr/bin/cmake --build /home/ubuntu/rj_training_container/training_ws/build/stsl_nav_plugins -- -j16 -l16
[15.605s] Level 1:colcon.colcon_core.environment:create_environment_scripts_only(obstacle_detector)
[15.606s] Level 1:colcon.colcon_core.environment:checking '/home/ubuntu/rj_training_container/training_ws/install/obstacle_detector' for CMake module files
[15.619s] DEBUG:colcon.colcon_core.event_handler.log_command:Invoking command in '/home/ubuntu/rj_training_container/training_ws/src/trainingv2/turtlesim_project/src/keyboard': PYTHONPATH=/home/ubuntu/rj_training_container/training_ws/build/keyboard/prefix_override:/usr/lib/python3/dist-packages/colcon_core/task/python/colcon_distutils_commands:/home/ubuntu/rj_training_container/training_ws/install/keyboard/lib/python3.10/site-packages:${PYTHONPATH} /usr/bin/python3 -W ignore:setup.py install is deprecated setup.py egg_info --egg-base ../../../../../build/keyboard build --build-base /home/ubuntu/rj_training_container/training_ws/build/keyboard/build install --record /home/ubuntu/rj_training_container/training_ws/build/keyboard/install.log --single-version-externally-managed install_data
[15.621s] DEBUG:colcon.colcon_core.event_handler.log_command:Invoked command in '/home/ubuntu/rj_training_container/training_ws/build/obstacle_detector' returned '0': CMAKE_PREFIX_PATH=/opt/ros/humble /usr/bin/cmake --install /home/ubuntu/rj_training_container/training_ws/build/obstacle_detector
[15.736s] Level 1:colcon.colcon_core.environment:checking '/home/ubuntu/rj_training_container/training_ws/install/obstacle_detector' for CMake config files
[15.844s] Level 1:colcon.colcon_core.shell:create_environment_hook('obstacle_detector', 'cmake_prefix_path')
[15.845s] INFO:colcon.colcon_core.shell:Creating environment hook '/home/ubuntu/rj_training_container/training_ws/install/obstacle_detector/share/obstacle_detector/hook/cmake_prefix_path.ps1'
[15.864s] INFO:colcon.colcon_core.shell:Creating environment descriptor '/home/ubuntu/rj_training_container/training_ws/install/obstacle_detector/share/obstacle_detector/hook/cmake_prefix_path.dsv'
[15.891s] INFO:colcon.colcon_core.shell:Creating environment hook '/home/ubuntu/rj_training_container/training_ws/install/obstacle_detector/share/obstacle_detector/hook/cmake_prefix_path.sh'
[15.914s] Level 1:colcon.colcon_core.environment:checking '/home/ubuntu/rj_training_container/training_ws/install/obstacle_detector/lib'
[15.920s] Level 1:colcon.colcon_core.shell:create_environment_hook('obstacle_detector', 'ld_library_path_lib')
[15.921s] INFO:colcon.colcon_core.shell:Creating environment hook '/home/ubuntu/rj_training_container/training_ws/install/obstacle_detector/share/obstacle_detector/hook/ld_library_path_lib.ps1'
[15.942s] INFO:colcon.colcon_core.shell:Creating environment descriptor '/home/ubuntu/rj_training_container/training_ws/install/obstacle_detector/share/obstacle_detector/hook/ld_library_path_lib.dsv'
[15.964s] INFO:colcon.colcon_core.shell:Creating environment hook '/home/ubuntu/rj_training_container/training_ws/install/obstacle_detector/share/obstacle_detector/hook/ld_library_path_lib.sh'
[15.984s] Level 1:colcon.colcon_core.environment:checking '/home/ubuntu/rj_training_container/training_ws/install/obstacle_detector/bin'
[15.986s] Level 1:colcon.colcon_core.environment:checking '/home/ubuntu/rj_training_container/training_ws/install/obstacle_detector/lib/pkgconfig/obstacle_detector.pc'
[15.988s] Level 1:colcon.colcon_core.environment:checking '/home/ubuntu/rj_training_container/training_ws/install/obstacle_detector/lib/python3.10/site-packages'
[15.991s] Level 1:colcon.colcon_core.environment:checking '/home/ubuntu/rj_training_container/training_ws/install/obstacle_detector/bin'
[15.993s] INFO:colcon.colcon_core.shell:Creating package script '/home/ubuntu/rj_training_container/training_ws/install/obstacle_detector/share/obstacle_detector/package.ps1'
[16.009s] INFO:colcon.colcon_core.shell:Creating package descriptor '/home/ubuntu/rj_training_container/training_ws/install/obstacle_detector/share/obstacle_detector/package.dsv'
[16.026s] INFO:colcon.colcon_core.shell:Creating package script '/home/ubuntu/rj_training_container/training_ws/install/obstacle_detector/share/obstacle_detector/package.sh'
[16.042s] INFO:colcon.colcon_core.shell:Creating package script '/home/ubuntu/rj_training_container/training_ws/install/obstacle_detector/share/obstacle_detector/package.bash'
[16.057s] INFO:colcon.colcon_core.shell:Creating package script '/home/ubuntu/rj_training_container/training_ws/install/obstacle_detector/share/obstacle_detector/package.zsh'
[16.074s] Level 1:colcon.colcon_core.environment:create_file_with_runtime_dependencies(/home/ubuntu/rj_training_container/training_ws/install/obstacle_detector/share/colcon-core/packages/obstacle_detector)
[16.099s] Level 1:colcon.colcon_core.environment:create_environment_scripts_only(stsl_utils)
[16.099s] Level 1:colcon.colcon_core.environment:checking '/home/ubuntu/rj_training_container/training_ws/install/stsl_utils' for CMake module files
[16.101s] DEBUG:colcon.colcon_core.event_handler.log_command:Invoked command in '/home/ubuntu/rj_training_container/training_ws/build/stsl_utils' returned '0': CMAKE_PREFIX_PATH=/opt/ros/humble /usr/bin/cmake --install /home/ubuntu/rj_training_container/training_ws/build/stsl_utils
[16.233s] Level 1:colcon.colcon_core.environment:checking '/home/ubuntu/rj_training_container/training_ws/install/stsl_utils' for CMake config files
[16.350s] Level 1:colcon.colcon_core.shell:create_environment_hook('stsl_utils', 'cmake_prefix_path')
[16.351s] INFO:colcon.colcon_core.shell:Creating environment hook '/home/ubuntu/rj_training_container/training_ws/install/stsl_utils/share/stsl_utils/hook/cmake_prefix_path.ps1'
[16.372s] INFO:colcon.colcon_core.shell:Creating environment descriptor '/home/ubuntu/rj_training_container/training_ws/install/stsl_utils/share/stsl_utils/hook/cmake_prefix_path.dsv'
[16.393s] INFO:colcon.colcon_core.shell:Creating environment hook '/home/ubuntu/rj_training_container/training_ws/install/stsl_utils/share/stsl_utils/hook/cmake_prefix_path.sh'
[16.418s] Level 1:colcon.colcon_core.environment:checking '/home/ubuntu/rj_training_container/training_ws/install/stsl_utils/lib'
[16.424s] Level 1:colcon.colcon_core.shell:create_environment_hook('stsl_utils', 'ld_library_path_lib')
[16.425s] INFO:colcon.colcon_core.shell:Creating environment hook '/home/ubuntu/rj_training_container/training_ws/install/stsl_utils/share/stsl_utils/hook/ld_library_path_lib.ps1'
[16.446s] INFO:colcon.colcon_core.shell:Creating environment descriptor '/home/ubuntu/rj_training_container/training_ws/install/stsl_utils/share/stsl_utils/hook/ld_library_path_lib.dsv'
[16.465s] INFO:colcon.colcon_core.shell:Creating environment hook '/home/ubuntu/rj_training_container/training_ws/install/stsl_utils/share/stsl_utils/hook/ld_library_path_lib.sh'
[16.487s] Level 1:colcon.colcon_core.environment:checking '/home/ubuntu/rj_training_container/training_ws/install/stsl_utils/bin'
[16.489s] Level 1:colcon.colcon_core.environment:checking '/home/ubuntu/rj_training_container/training_ws/install/stsl_utils/lib/pkgconfig/stsl_utils.pc'
[16.492s] Level 1:colcon.colcon_core.environment:checking '/home/ubuntu/rj_training_container/training_ws/install/stsl_utils/lib/python3.10/site-packages'
[16.495s] Level 1:colcon.colcon_core.environment:checking '/home/ubuntu/rj_training_container/training_ws/install/stsl_utils/bin'
[16.497s] INFO:colcon.colcon_core.shell:Creating package script '/home/ubuntu/rj_training_container/training_ws/install/stsl_utils/share/stsl_utils/package.ps1'
[16.515s] INFO:colcon.colcon_core.shell:Creating package descriptor '/home/ubuntu/rj_training_container/training_ws/install/stsl_utils/share/stsl_utils/package.dsv'
[16.534s] INFO:colcon.colcon_core.shell:Creating package script '/home/ubuntu/rj_training_container/training_ws/install/stsl_utils/share/stsl_utils/package.sh'
[16.552s] INFO:colcon.colcon_core.shell:Creating package script '/home/ubuntu/rj_training_container/training_ws/install/stsl_utils/share/stsl_utils/package.bash'
[16.572s] INFO:colcon.colcon_core.shell:Creating package script '/home/ubuntu/rj_training_container/training_ws/install/stsl_utils/share/stsl_utils/package.zsh'
[16.589s] Level 1:colcon.colcon_core.environment:create_file_with_runtime_dependencies(/home/ubuntu/rj_training_container/training_ws/install/stsl_utils/share/colcon-core/packages/stsl_utils)
[16.610s] Level 1:colcon.colcon_core.environment:create_environment_scripts_only(teleop)
[16.611s] Level 1:colcon.colcon_core.environment:checking '/home/ubuntu/rj_training_container/training_ws/install/teleop' for CMake module files
[16.612s] DEBUG:colcon.colcon_core.event_handler.log_command:Invoked command in '/home/ubuntu/rj_training_container/training_ws/build/teleop' returned '0': CMAKE_PREFIX_PATH=/opt/ros/humble /usr/bin/cmake --install /home/ubuntu/rj_training_container/training_ws/build/teleop
[16.783s] Level 1:colcon.colcon_core.environment:checking '/home/ubuntu/rj_training_container/training_ws/install/teleop' for CMake config files
[16.921s] Level 1:colcon.colcon_core.shell:create_environment_hook('teleop', 'cmake_prefix_path')
[16.922s] INFO:colcon.colcon_core.shell:Creating environment hook '/home/ubuntu/rj_training_container/training_ws/install/teleop/share/teleop/hook/cmake_prefix_path.ps1'
[16.951s] INFO:colcon.colcon_core.shell:Creating environment descriptor '/home/ubuntu/rj_training_container/training_ws/install/teleop/share/teleop/hook/cmake_prefix_path.dsv'
[16.974s] INFO:colcon.colcon_core.shell:Creating environment hook '/home/ubuntu/rj_training_container/training_ws/install/teleop/share/teleop/hook/cmake_prefix_path.sh'
[17.003s] Level 1:colcon.colcon_core.environment:checking '/home/ubuntu/rj_training_container/training_ws/install/teleop/lib'
[17.009s] Level 1:colcon.colcon_core.shell:create_environment_hook('teleop', 'ld_library_path_lib')
[17.010s] INFO:colcon.colcon_core.shell:Creating environment hook '/home/ubuntu/rj_training_container/training_ws/install/teleop/share/teleop/hook/ld_library_path_lib.ps1'
[17.031s] INFO:colcon.colcon_core.shell:Creating environment descriptor '/home/ubuntu/rj_training_container/training_ws/install/teleop/share/teleop/hook/ld_library_path_lib.dsv'
[17.052s] INFO:colcon.colcon_core.shell:Creating environment hook '/home/ubuntu/rj_training_container/training_ws/install/teleop/share/teleop/hook/ld_library_path_lib.sh'
[17.075s] Level 1:colcon.colcon_core.environment:checking '/home/ubuntu/rj_training_container/training_ws/install/teleop/bin'
[17.076s] Level 1:colcon.colcon_core.environment:checking '/home/ubuntu/rj_training_container/training_ws/install/teleop/lib/pkgconfig/teleop.pc'
[17.079s] Level 1:colcon.colcon_core.environment:checking '/home/ubuntu/rj_training_container/training_ws/install/teleop/lib/python3.10/site-packages'
[17.081s] Level 1:colcon.colcon_core.environment:checking '/home/ubuntu/rj_training_container/training_ws/install/teleop/bin'
[17.083s] INFO:colcon.colcon_core.shell:Creating package script '/home/ubuntu/rj_training_container/training_ws/install/teleop/share/teleop/package.ps1'
[17.098s] INFO:colcon.colcon_core.shell:Creating package descriptor '/home/ubuntu/rj_training_container/training_ws/install/teleop/share/teleop/package.dsv'
[17.113s] INFO:colcon.colcon_core.shell:Creating package script '/home/ubuntu/rj_training_container/training_ws/install/teleop/share/teleop/package.sh'
[17.129s] INFO:colcon.colcon_core.shell:Creating package script '/home/ubuntu/rj_training_container/training_ws/install/teleop/share/teleop/package.bash'
[17.148s] INFO:colcon.colcon_core.shell:Creating package script '/home/ubuntu/rj_training_container/training_ws/install/teleop/share/teleop/package.zsh'
[17.164s] Level 1:colcon.colcon_core.environment:create_file_with_runtime_dependencies(/home/ubuntu/rj_training_container/training_ws/install/teleop/share/colcon-core/packages/teleop)
[17.186s] Level 1:colcon.colcon_core.environment:create_environment_scripts_only(rj_training_bringup)
[17.187s] Level 1:colcon.colcon_core.environment:checking '/home/ubuntu/rj_training_container/training_ws/install/rj_training_bringup' for CMake module files
[17.190s] DEBUG:colcon.colcon_core.event_handler.log_command:Invoked command in '/home/ubuntu/rj_training_container/training_ws/build/rj_training_bringup' returned '0': CMAKE_PREFIX_PATH=/opt/ros/humble /usr/bin/cmake --install /home/ubuntu/rj_training_container/training_ws/build/rj_training_bringup
[17.319s] Level 1:colcon.colcon_core.environment:checking '/home/ubuntu/rj_training_container/training_ws/install/rj_training_bringup' for CMake config files
[17.439s] Level 1:colcon.colcon_core.shell:create_environment_hook('rj_training_bringup', 'cmake_prefix_path')
[17.440s] INFO:colcon.colcon_core.shell:Creating environment hook '/home/ubuntu/rj_training_container/training_ws/install/rj_training_bringup/share/rj_training_bringup/hook/cmake_prefix_path.ps1'
[17.471s] INFO:colcon.colcon_core.shell:Creating environment descriptor '/home/ubuntu/rj_training_container/training_ws/install/rj_training_bringup/share/rj_training_bringup/hook/cmake_prefix_path.dsv'
[17.497s] INFO:colcon.colcon_core.shell:Creating environment hook '/home/ubuntu/rj_training_container/training_ws/install/rj_training_bringup/share/rj_training_bringup/hook/cmake_prefix_path.sh'
[17.527s] Level 1:colcon.colcon_core.environment:checking '/home/ubuntu/rj_training_container/training_ws/install/rj_training_bringup/bin'
[17.529s] Level 1:colcon.colcon_core.environment:checking '/home/ubuntu/rj_training_container/training_ws/install/rj_training_bringup/lib/pkgconfig/rj_training_bringup.pc'
[17.531s] Level 1:colcon.colcon_core.environment:checking '/home/ubuntu/rj_training_container/training_ws/install/rj_training_bringup/lib/python3.10/site-packages'
[17.533s] Level 1:colcon.colcon_core.environment:checking '/home/ubuntu/rj_training_container/training_ws/install/rj_training_bringup/bin'
[17.536s] INFO:colcon.colcon_core.shell:Creating package script '/home/ubuntu/rj_training_container/training_ws/install/rj_training_bringup/share/rj_training_bringup/package.ps1'
[17.556s] INFO:colcon.colcon_core.shell:Creating package descriptor '/home/ubuntu/rj_training_container/training_ws/install/rj_training_bringup/share/rj_training_bringup/package.dsv'
[17.579s] INFO:colcon.colcon_core.shell:Creating package script '/home/ubuntu/rj_training_container/training_ws/install/rj_training_bringup/share/rj_training_bringup/package.sh'
[17.600s] INFO:colcon.colcon_core.shell:Creating package script '/home/ubuntu/rj_training_container/training_ws/install/rj_training_bringup/share/rj_training_bringup/package.bash'
[17.620s] INFO:colcon.colcon_core.shell:Creating package script '/home/ubuntu/rj_training_container/training_ws/install/rj_training_bringup/share/rj_training_bringup/package.zsh'
[17.637s] Level 1:colcon.colcon_core.environment:create_file_with_runtime_dependencies(/home/ubuntu/rj_training_container/training_ws/install/rj_training_bringup/share/colcon-core/packages/rj_training_bringup)
[17.664s] Level 1:colcon.colcon_core.environment:create_environment_scripts_only(controllers)
[17.665s] Level 1:colcon.colcon_core.environment:checking '/home/ubuntu/rj_training_container/training_ws/install/controllers' for CMake module files
[17.818s] Level 1:colcon.colcon_core.environment:checking '/home/ubuntu/rj_training_container/training_ws/install/controllers' for CMake config files
[17.927s] Level 1:colcon.colcon_core.shell:create_environment_hook('controllers', 'cmake_prefix_path')
[17.928s] INFO:colcon.colcon_core.shell:Creating environment hook '/home/ubuntu/rj_training_container/training_ws/install/controllers/share/controllers/hook/cmake_prefix_path.ps1'
[17.950s] INFO:colcon.colcon_core.shell:Creating environment descriptor '/home/ubuntu/rj_training_container/training_ws/install/controllers/share/controllers/hook/cmake_prefix_path.dsv'
[17.971s] INFO:colcon.colcon_core.shell:Creating environment hook '/home/ubuntu/rj_training_container/training_ws/install/controllers/share/controllers/hook/cmake_prefix_path.sh'
[17.998s] Level 1:colcon.colcon_core.environment:checking '/home/ubuntu/rj_training_container/training_ws/install/controllers/lib'
[18.006s] Level 1:colcon.colcon_core.shell:create_environment_hook('controllers', 'ld_library_path_lib')
[18.007s] INFO:colcon.colcon_core.shell:Creating environment hook '/home/ubuntu/rj_training_container/training_ws/install/controllers/share/controllers/hook/ld_library_path_lib.ps1'
[18.027s] INFO:colcon.colcon_core.shell:Creating environment descriptor '/home/ubuntu/rj_training_container/training_ws/install/controllers/share/controllers/hook/ld_library_path_lib.dsv'
[18.048s] INFO:colcon.colcon_core.shell:Creating environment hook '/home/ubuntu/rj_training_container/training_ws/install/controllers/share/controllers/hook/ld_library_path_lib.sh'
[18.070s] Level 1:colcon.colcon_core.environment:checking '/home/ubuntu/rj_training_container/training_ws/install/controllers/bin'
[18.072s] Level 1:colcon.colcon_core.environment:checking '/home/ubuntu/rj_training_container/training_ws/install/controllers/lib/pkgconfig/controllers.pc'
[18.075s] Level 1:colcon.colcon_core.environment:checking '/home/ubuntu/rj_training_container/training_ws/install/controllers/lib/python3.10/site-packages'
[18.077s] Level 1:colcon.colcon_core.environment:checking '/home/ubuntu/rj_training_container/training_ws/install/controllers/bin'
[18.080s] INFO:colcon.colcon_core.shell:Creating package script '/home/ubuntu/rj_training_container/training_ws/install/controllers/share/controllers/package.ps1'
[18.101s] INFO:colcon.colcon_core.shell:Creating package descriptor '/home/ubuntu/rj_training_container/training_ws/install/controllers/share/controllers/package.dsv'
[18.128s] INFO:colcon.colcon_core.shell:Creating package script '/home/ubuntu/rj_training_container/training_ws/install/controllers/share/controllers/package.sh'
[18.149s] INFO:colcon.colcon_core.shell:Creating package script '/home/ubuntu/rj_training_container/training_ws/install/controllers/share/controllers/package.bash'
[18.166s] INFO:colcon.colcon_core.shell:Creating package script '/home/ubuntu/rj_training_container/training_ws/install/controllers/share/controllers/package.zsh'
[18.184s] Level 1:colcon.colcon_core.environment:create_file_with_runtime_dependencies(/home/ubuntu/rj_training_container/training_ws/install/controllers/share/colcon-core/packages/controllers)
[18.207s] Level 1:colcon.colcon_core.environment:create_environment_scripts_only(astar_path_planner)
[18.208s] Level 1:colcon.colcon_core.environment:checking '/home/ubuntu/rj_training_container/training_ws/install/astar_path_planner' for CMake module files
[18.214s] DEBUG:colcon.colcon_core.event_handler.log_command:Invoked command in '/home/ubuntu/rj_training_container/training_ws/build/stsl_gazebo_plugins' returned '0': CMAKE_PREFIX_PATH=/opt/ros/humble /usr/bin/cmake --build /home/ubuntu/rj_training_container/training_ws/build/stsl_gazebo_plugins -- -j16 -l16
[18.335s] Level 1:colcon.colcon_core.environment:checking '/home/ubuntu/rj_training_container/training_ws/install/astar_path_planner' for CMake config files
[18.407s] Level 1:colcon.colcon_core.shell:create_environment_hook('astar_path_planner', 'cmake_prefix_path')
[18.408s] INFO:colcon.colcon_core.shell:Creating environment hook '/home/ubuntu/rj_training_container/training_ws/install/astar_path_planner/share/astar_path_planner/hook/cmake_prefix_path.ps1'
[18.424s] INFO:colcon.colcon_core.shell:Creating environment descriptor '/home/ubuntu/rj_training_container/training_ws/install/astar_path_planner/share/astar_path_planner/hook/cmake_prefix_path.dsv'
[18.439s] INFO:colcon.colcon_core.shell:Creating environment hook '/home/ubuntu/rj_training_container/training_ws/install/astar_path_planner/share/astar_path_planner/hook/cmake_prefix_path.sh'
[18.463s] Level 1:colcon.colcon_core.environment:checking '/home/ubuntu/rj_training_container/training_ws/install/astar_path_planner/lib'
[18.468s] Level 1:colcon.colcon_core.shell:create_environment_hook('astar_path_planner', 'ld_library_path_lib')
[18.469s] INFO:colcon.colcon_core.shell:Creating environment hook '/home/ubuntu/rj_training_container/training_ws/install/astar_path_planner/share/astar_path_planner/hook/ld_library_path_lib.ps1'
[18.490s] INFO:colcon.colcon_core.shell:Creating environment descriptor '/home/ubuntu/rj_training_container/training_ws/install/astar_path_planner/share/astar_path_planner/hook/ld_library_path_lib.dsv'
[18.507s] INFO:colcon.colcon_core.shell:Creating environment hook '/home/ubuntu/rj_training_container/training_ws/install/astar_path_planner/share/astar_path_planner/hook/ld_library_path_lib.sh'
[18.522s] Level 1:colcon.colcon_core.environment:checking '/home/ubuntu/rj_training_container/training_ws/install/astar_path_planner/bin'
[18.523s] Level 1:colcon.colcon_core.environment:checking '/home/ubuntu/rj_training_container/training_ws/install/astar_path_planner/lib/pkgconfig/astar_path_planner.pc'
[18.525s] Level 1:colcon.colcon_core.environment:checking '/home/ubuntu/rj_training_container/training_ws/install/astar_path_planner/lib/python3.10/site-packages'
[18.528s] Level 1:colcon.colcon_core.environment:checking '/home/ubuntu/rj_training_container/training_ws/install/astar_path_planner/bin'
[18.530s] INFO:colcon.colcon_core.shell:Creating package script '/home/ubuntu/rj_training_container/training_ws/install/astar_path_planner/share/astar_path_planner/package.ps1'
[18.545s] INFO:colcon.colcon_core.shell:Creating package descriptor '/home/ubuntu/rj_training_container/training_ws/install/astar_path_planner/share/astar_path_planner/package.dsv'
[18.560s] INFO:colcon.colcon_core.shell:Creating package script '/home/ubuntu/rj_training_container/training_ws/install/astar_path_planner/share/astar_path_planner/package.sh'
[18.574s] INFO:colcon.colcon_core.shell:Creating package script '/home/ubuntu/rj_training_container/training_ws/install/astar_path_planner/share/astar_path_planner/package.bash'
[18.589s] INFO:colcon.colcon_core.shell:Creating package script '/home/ubuntu/rj_training_container/training_ws/install/astar_path_planner/share/astar_path_planner/package.zsh'
[18.605s] Level 1:colcon.colcon_core.environment:create_file_with_runtime_dependencies(/home/ubuntu/rj_training_container/training_ws/install/astar_path_planner/share/colcon-core/packages/astar_path_planner)
[18.628s] Level 1:colcon.colcon_core.environment:create_environment_scripts_only(traini_description)
[18.630s] Level 1:colcon.colcon_core.environment:checking '/home/ubuntu/rj_training_container/training_ws/install/traini_description' for CMake module files
[18.633s] DEBUG:colcon.colcon_core.event_handler.log_command:Invoking command in '/home/ubuntu/rj_training_container/training_ws/build/joystick_msgs': CMAKE_PREFIX_PATH=/opt/ros/humble /usr/bin/cmake --install /home/ubuntu/rj_training_container/training_ws/build/joystick_msgs
[18.745s] Level 1:colcon.colcon_core.environment:checking '/home/ubuntu/rj_training_container/training_ws/install/traini_description' for CMake config files
[18.825s] Level 1:colcon.colcon_core.shell:create_environment_hook('traini_description', 'cmake_prefix_path')
[18.826s] INFO:colcon.colcon_core.shell:Creating environment hook '/home/ubuntu/rj_training_container/training_ws/install/traini_description/share/traini_description/hook/cmake_prefix_path.ps1'
[18.847s] INFO:colcon.colcon_core.shell:Creating environment descriptor '/home/ubuntu/rj_training_container/training_ws/install/traini_description/share/traini_description/hook/cmake_prefix_path.dsv'
[18.871s] INFO:colcon.colcon_core.shell:Creating environment hook '/home/ubuntu/rj_training_container/training_ws/install/traini_description/share/traini_description/hook/cmake_prefix_path.sh'
[18.895s] Level 1:colcon.colcon_core.environment:checking '/home/ubuntu/rj_training_container/training_ws/install/traini_description/bin'
[18.897s] Level 1:colcon.colcon_core.environment:checking '/home/ubuntu/rj_training_container/training_ws/install/traini_description/lib/pkgconfig/traini_description.pc'
[18.899s] Level 1:colcon.colcon_core.environment:checking '/home/ubuntu/rj_training_container/training_ws/install/traini_description/lib/python3.10/site-packages'
[18.902s] Level 1:colcon.colcon_core.environment:checking '/home/ubuntu/rj_training_container/training_ws/install/traini_description/bin'
[18.905s] INFO:colcon.colcon_core.shell:Creating package script '/home/ubuntu/rj_training_container/training_ws/install/traini_description/share/traini_description/package.ps1'
[18.922s] INFO:colcon.colcon_core.shell:Creating package descriptor '/home/ubuntu/rj_training_container/training_ws/install/traini_description/share/traini_description/package.dsv'
[18.941s] INFO:colcon.colcon_core.shell:Creating package script '/home/ubuntu/rj_training_container/training_ws/install/traini_description/share/traini_description/package.sh'
[18.957s] INFO:colcon.colcon_core.shell:Creating package script '/home/ubuntu/rj_training_container/training_ws/install/traini_description/share/traini_description/package.bash'
[18.973s] INFO:colcon.colcon_core.shell:Creating package script '/home/ubuntu/rj_training_container/training_ws/install/traini_description/share/traini_description/package.zsh'
[18.989s] Level 1:colcon.colcon_core.environment:create_file_with_runtime_dependencies(/home/ubuntu/rj_training_container/training_ws/install/traini_description/share/colcon-core/packages/traini_description)
[19.003s] Level 1:colcon.colcon_core.environment:create_environment_scripts_only(mapping)
[19.004s] Level 1:colcon.colcon_core.environment:checking '/home/ubuntu/rj_training_container/training_ws/install/mapping' for CMake module files
[19.113s] Level 1:colcon.colcon_core.environment:checking '/home/ubuntu/rj_training_container/training_ws/install/mapping' for CMake config files
[19.208s] Level 1:colcon.colcon_core.shell:create_environment_hook('mapping', 'cmake_prefix_path')
[19.209s] INFO:colcon.colcon_core.shell:Creating environment hook '/home/ubuntu/rj_training_container/training_ws/install/mapping/share/mapping/hook/cmake_prefix_path.ps1'
[19.228s] INFO:colcon.colcon_core.shell:Creating environment descriptor '/home/ubuntu/rj_training_container/training_ws/install/mapping/share/mapping/hook/cmake_prefix_path.dsv'
[19.245s] INFO:colcon.colcon_core.shell:Creating environment hook '/home/ubuntu/rj_training_container/training_ws/install/mapping/share/mapping/hook/cmake_prefix_path.sh'
[19.272s] Level 1:colcon.colcon_core.environment:checking '/home/ubuntu/rj_training_container/training_ws/install/mapping/lib'
[19.278s] Level 1:colcon.colcon_core.shell:create_environment_hook('mapping', 'ld_library_path_lib')
[19.279s] INFO:colcon.colcon_core.shell:Creating environment hook '/home/ubuntu/rj_training_container/training_ws/install/mapping/share/mapping/hook/ld_library_path_lib.ps1'
[19.299s] INFO:colcon.colcon_core.shell:Creating environment descriptor '/home/ubuntu/rj_training_container/training_ws/install/mapping/share/mapping/hook/ld_library_path_lib.dsv'
[19.319s] INFO:colcon.colcon_core.shell:Creating environment hook '/home/ubuntu/rj_training_container/training_ws/install/mapping/share/mapping/hook/ld_library_path_lib.sh'
[19.336s] Level 1:colcon.colcon_core.environment:checking '/home/ubuntu/rj_training_container/training_ws/install/mapping/bin'
[19.338s] Level 1:colcon.colcon_core.environment:checking '/home/ubuntu/rj_training_container/training_ws/install/mapping/lib/pkgconfig/mapping.pc'
[19.341s] Level 1:colcon.colcon_core.environment:checking '/home/ubuntu/rj_training_container/training_ws/install/mapping/lib/python3.10/site-packages'
[19.344s] Level 1:colcon.colcon_core.environment:checking '/home/ubuntu/rj_training_container/training_ws/install/mapping/bin'
[19.346s] INFO:colcon.colcon_core.shell:Creating package script '/home/ubuntu/rj_training_container/training_ws/install/mapping/share/mapping/package.ps1'
[19.360s] INFO:colcon.colcon_core.shell:Creating package descriptor '/home/ubuntu/rj_training_container/training_ws/install/mapping/share/mapping/package.dsv'
[19.374s] INFO:colcon.colcon_core.shell:Creating package script '/home/ubuntu/rj_training_container/training_ws/install/mapping/share/mapping/package.sh'
[19.388s] INFO:colcon.colcon_core.shell:Creating package script '/home/ubuntu/rj_training_container/training_ws/install/mapping/share/mapping/package.bash'
[19.401s] INFO:colcon.colcon_core.shell:Creating package script '/home/ubuntu/rj_training_container/training_ws/install/mapping/share/mapping/package.zsh'
[19.415s] Level 1:colcon.colcon_core.environment:create_file_with_runtime_dependencies(/home/ubuntu/rj_training_container/training_ws/install/mapping/share/colcon-core/packages/mapping)
[19.439s] Level 1:colcon.colcon_core.environment:checking '/home/ubuntu/rj_training_container/training_ws/install/keyboard' for CMake module files
[19.449s] DEBUG:colcon.colcon_core.event_handler.log_command:Invoking command in '/home/ubuntu/rj_training_container/training_ws/build/stsl_nav_plugins': CMAKE_PREFIX_PATH=/opt/ros/humble /usr/bin/cmake --install /home/ubuntu/rj_training_container/training_ws/build/stsl_nav_plugins
[19.451s] DEBUG:colcon.colcon_core.event_handler.log_command:Invoked command in '/home/ubuntu/rj_training_container/training_ws/src/trainingv2/turtlesim_project/src/keyboard' returned '0': PYTHONPATH=/home/ubuntu/rj_training_container/training_ws/build/keyboard/prefix_override:/usr/lib/python3/dist-packages/colcon_core/task/python/colcon_distutils_commands:/home/ubuntu/rj_training_container/training_ws/install/keyboard/lib/python3.10/site-packages:${PYTHONPATH} /usr/bin/python3 -W ignore:setup.py install is deprecated setup.py egg_info --egg-base ../../../../../build/keyboard build --build-base /home/ubuntu/rj_training_container/training_ws/build/keyboard/build install --record /home/ubuntu/rj_training_container/training_ws/build/keyboard/install.log --single-version-externally-managed install_data
[19.518s] Level 1:colcon.colcon_core.environment:checking '/home/ubuntu/rj_training_container/training_ws/install/keyboard' for CMake config files
[19.642s] Level 1:colcon.colcon_core.environment:checking '/home/ubuntu/rj_training_container/training_ws/install/keyboard/lib'
[19.648s] Level 1:colcon.colcon_core.environment:checking '/home/ubuntu/rj_training_container/training_ws/install/keyboard/bin'
[19.650s] Level 1:colcon.colcon_core.environment:checking '/home/ubuntu/rj_training_container/training_ws/install/keyboard/lib/pkgconfig/keyboard.pc'
[19.653s] Level 1:colcon.colcon_core.environment:checking '/home/ubuntu/rj_training_container/training_ws/install/keyboard/lib/python3.10/site-packages'
[19.657s] Level 1:colcon.colcon_core.shell:create_environment_hook('keyboard', 'pythonpath')
[19.657s] INFO:colcon.colcon_core.shell:Creating environment hook '/home/ubuntu/rj_training_container/training_ws/install/keyboard/share/keyboard/hook/pythonpath.ps1'
[19.676s] INFO:colcon.colcon_core.shell:Creating environment descriptor '/home/ubuntu/rj_training_container/training_ws/install/keyboard/share/keyboard/hook/pythonpath.dsv'
[19.694s] INFO:colcon.colcon_core.shell:Creating environment hook '/home/ubuntu/rj_training_container/training_ws/install/keyboard/share/keyboard/hook/pythonpath.sh'
[19.713s] Level 1:colcon.colcon_core.environment:checking '/home/ubuntu/rj_training_container/training_ws/install/keyboard/bin'
[19.715s] Level 1:colcon.colcon_core.environment:create_environment_scripts_only(keyboard)
[19.716s] INFO:colcon.colcon_core.shell:Creating package script '/home/ubuntu/rj_training_container/training_ws/install/keyboard/share/keyboard/package.ps1'
[19.732s] INFO:colcon.colcon_core.shell:Creating package descriptor '/home/ubuntu/rj_training_container/training_ws/install/keyboard/share/keyboard/package.dsv'
[19.749s] INFO:colcon.colcon_core.shell:Creating package script '/home/ubuntu/rj_training_container/training_ws/install/keyboard/share/keyboard/package.sh'
[19.764s] INFO:colcon.colcon_core.shell:Creating package script '/home/ubuntu/rj_training_container/training_ws/install/keyboard/share/keyboard/package.bash'
[19.779s] INFO:colcon.colcon_core.shell:Creating package script '/home/ubuntu/rj_training_container/training_ws/install/keyboard/share/keyboard/package.zsh'
[19.795s] Level 1:colcon.colcon_core.environment:create_file_with_runtime_dependencies(/home/ubuntu/rj_training_container/training_ws/install/keyboard/share/colcon-core/packages/keyboard)
[19.808s] Level 1:colcon.colcon_core.environment:create_environment_scripts_only(obstacle_detector)
[19.809s] Level 1:colcon.colcon_core.environment:checking '/home/ubuntu/rj_training_container/training_ws/install/obstacle_detector' for CMake module files
[19.924s] Level 1:colcon.colcon_core.environment:checking '/home/ubuntu/rj_training_container/training_ws/install/obstacle_detector' for CMake config files
[20.022s] Level 1:colcon.colcon_core.shell:create_environment_hook('obstacle_detector', 'cmake_prefix_path')
[20.023s] INFO:colcon.colcon_core.shell:Creating environment hook '/home/ubuntu/rj_training_container/training_ws/install/obstacle_detector/share/obstacle_detector/hook/cmake_prefix_path.ps1'
[20.043s] INFO:colcon.colcon_core.shell:Creating environment descriptor '/home/ubuntu/rj_training_container/training_ws/install/obstacle_detector/share/obstacle_detector/hook/cmake_prefix_path.dsv'
[20.061s] INFO:colcon.colcon_core.shell:Creating environment hook '/home/ubuntu/rj_training_container/training_ws/install/obstacle_detector/share/obstacle_detector/hook/cmake_prefix_path.sh'
[20.085s] Level 1:colcon.colcon_core.environment:checking '/home/ubuntu/rj_training_container/training_ws/install/obstacle_detector/lib'
[20.091s] Level 1:colcon.colcon_core.shell:create_environment_hook('obstacle_detector', 'ld_library_path_lib')
[20.092s] INFO:colcon.colcon_core.shell:Creating environment hook '/home/ubuntu/rj_training_container/training_ws/install/obstacle_detector/share/obstacle_detector/hook/ld_library_path_lib.ps1'
[20.113s] INFO:colcon.colcon_core.shell:Creating environment descriptor '/home/ubuntu/rj_training_container/training_ws/install/obstacle_detector/share/obstacle_detector/hook/ld_library_path_lib.dsv'
[20.133s] INFO:colcon.colcon_core.shell:Creating environment hook '/home/ubuntu/rj_training_container/training_ws/install/obstacle_detector/share/obstacle_detector/hook/ld_library_path_lib.sh'
[20.152s] Level 1:colcon.colcon_core.environment:checking '/home/ubuntu/rj_training_container/training_ws/install/obstacle_detector/bin'
[20.155s] Level 1:colcon.colcon_core.environment:checking '/home/ubuntu/rj_training_container/training_ws/install/obstacle_detector/lib/pkgconfig/obstacle_detector.pc'
[20.157s] Level 1:colcon.colcon_core.environment:checking '/home/ubuntu/rj_training_container/training_ws/install/obstacle_detector/lib/python3.10/site-packages'
[20.160s] Level 1:colcon.colcon_core.environment:checking '/home/ubuntu/rj_training_container/training_ws/install/obstacle_detector/bin'
[20.162s] INFO:colcon.colcon_core.shell:Creating package script '/home/ubuntu/rj_training_container/training_ws/install/obstacle_detector/share/obstacle_detector/package.ps1'
[20.178s] INFO:colcon.colcon_core.shell:Creating package descriptor '/home/ubuntu/rj_training_container/training_ws/install/obstacle_detector/share/obstacle_detector/package.dsv'
[20.194s] INFO:colcon.colcon_core.shell:Creating package script '/home/ubuntu/rj_training_container/training_ws/install/obstacle_detector/share/obstacle_detector/package.sh'
[20.213s] INFO:colcon.colcon_core.shell:Creating package script '/home/ubuntu/rj_training_container/training_ws/install/obstacle_detector/share/obstacle_detector/package.bash'
[20.229s] INFO:colcon.colcon_core.shell:Creating package script '/home/ubuntu/rj_training_container/training_ws/install/obstacle_detector/share/obstacle_detector/package.zsh'
[20.247s] Level 1:colcon.colcon_core.environment:create_file_with_runtime_dependencies(/home/ubuntu/rj_training_container/training_ws/install/obstacle_detector/share/colcon-core/packages/obstacle_detector)
[20.267s] Level 1:colcon.colcon_core.environment:create_environment_scripts_only(stsl_utils)
[20.269s] Level 1:colcon.colcon_core.environment:checking '/home/ubuntu/rj_training_container/training_ws/install/stsl_utils' for CMake module files
[20.406s] Level 1:colcon.colcon_core.environment:checking '/home/ubuntu/rj_training_container/training_ws/install/stsl_utils' for CMake config files
[20.501s] Level 1:colcon.colcon_core.shell:create_environment_hook('stsl_utils', 'cmake_prefix_path')
[20.502s] INFO:colcon.colcon_core.shell:Creating environment hook '/home/ubuntu/rj_training_container/training_ws/install/stsl_utils/share/stsl_utils/hook/cmake_prefix_path.ps1'
[20.519s] INFO:colcon.colcon_core.shell:Creating environment descriptor '/home/ubuntu/rj_training_container/training_ws/install/stsl_utils/share/stsl_utils/hook/cmake_prefix_path.dsv'
[20.536s] INFO:colcon.colcon_core.shell:Creating environment hook '/home/ubuntu/rj_training_container/training_ws/install/stsl_utils/share/stsl_utils/hook/cmake_prefix_path.sh'
[20.557s] Level 1:colcon.colcon_core.environment:checking '/home/ubuntu/rj_training_container/training_ws/install/stsl_utils/lib'
[20.562s] Level 1:colcon.colcon_core.shell:create_environment_hook('stsl_utils', 'ld_library_path_lib')
[20.563s] INFO:colcon.colcon_core.shell:Creating environment hook '/home/ubuntu/rj_training_container/training_ws/install/stsl_utils/share/stsl_utils/hook/ld_library_path_lib.ps1'
[20.580s] INFO:colcon.colcon_core.shell:Creating environment descriptor '/home/ubuntu/rj_training_container/training_ws/install/stsl_utils/share/stsl_utils/hook/ld_library_path_lib.dsv'
[20.599s] INFO:colcon.colcon_core.shell:Creating environment hook '/home/ubuntu/rj_training_container/training_ws/install/stsl_utils/share/stsl_utils/hook/ld_library_path_lib.sh'
[20.615s] Level 1:colcon.colcon_core.environment:checking '/home/ubuntu/rj_training_container/training_ws/install/stsl_utils/bin'
[20.617s] Level 1:colcon.colcon_core.environment:checking '/home/ubuntu/rj_training_container/training_ws/install/stsl_utils/lib/pkgconfig/stsl_utils.pc'
[20.619s] Level 1:colcon.colcon_core.environment:checking '/home/ubuntu/rj_training_container/training_ws/install/stsl_utils/lib/python3.10/site-packages'
[20.622s] Level 1:colcon.colcon_core.environment:checking '/home/ubuntu/rj_training_container/training_ws/install/stsl_utils/bin'
[20.624s] INFO:colcon.colcon_core.shell:Creating package script '/home/ubuntu/rj_training_container/training_ws/install/stsl_utils/share/stsl_utils/package.ps1'
[20.645s] INFO:colcon.colcon_core.shell:Creating package descriptor '/home/ubuntu/rj_training_container/training_ws/install/stsl_utils/share/stsl_utils/package.dsv'
[20.658s] INFO:colcon.colcon_core.shell:Creating package script '/home/ubuntu/rj_training_container/training_ws/install/stsl_utils/share/stsl_utils/package.sh'
[20.674s] INFO:colcon.colcon_core.shell:Creating package script '/home/ubuntu/rj_training_container/training_ws/install/stsl_utils/share/stsl_utils/package.bash'
[20.689s] INFO:colcon.colcon_core.shell:Creating package script '/home/ubuntu/rj_training_container/training_ws/install/stsl_utils/share/stsl_utils/package.zsh'
[20.704s] Level 1:colcon.colcon_core.environment:create_file_with_runtime_dependencies(/home/ubuntu/rj_training_container/training_ws/install/stsl_utils/share/colcon-core/packages/stsl_utils)
[20.717s] Level 1:colcon.colcon_core.environment:create_environment_scripts_only(teleop)
[20.718s] Level 1:colcon.colcon_core.environment:checking '/home/ubuntu/rj_training_container/training_ws/install/teleop' for CMake module files
[20.843s] Level 1:colcon.colcon_core.environment:checking '/home/ubuntu/rj_training_container/training_ws/install/teleop' for CMake config files
[20.937s] Level 1:colcon.colcon_core.shell:create_environment_hook('teleop', 'cmake_prefix_path')
[20.937s] INFO:colcon.colcon_core.shell:Creating environment hook '/home/ubuntu/rj_training_container/training_ws/install/teleop/share/teleop/hook/cmake_prefix_path.ps1'
[20.956s] INFO:colcon.colcon_core.shell:Creating environment descriptor '/home/ubuntu/rj_training_container/training_ws/install/teleop/share/teleop/hook/cmake_prefix_path.dsv'
[20.974s] INFO:colcon.colcon_core.shell:Creating environment hook '/home/ubuntu/rj_training_container/training_ws/install/teleop/share/teleop/hook/cmake_prefix_path.sh'
[20.995s] Level 1:colcon.colcon_core.environment:checking '/home/ubuntu/rj_training_container/training_ws/install/teleop/lib'
[21.002s] Level 1:colcon.colcon_core.shell:create_environment_hook('teleop', 'ld_library_path_lib')
[21.002s] INFO:colcon.colcon_core.shell:Creating environment hook '/home/ubuntu/rj_training_container/training_ws/install/teleop/share/teleop/hook/ld_library_path_lib.ps1'
[21.021s] INFO:colcon.colcon_core.shell:Creating environment descriptor '/home/ubuntu/rj_training_container/training_ws/install/teleop/share/teleop/hook/ld_library_path_lib.dsv'
[21.039s] INFO:colcon.colcon_core.shell:Creating environment hook '/home/ubuntu/rj_training_container/training_ws/install/teleop/share/teleop/hook/ld_library_path_lib.sh'
[21.059s] Level 1:colcon.colcon_core.environment:checking '/home/ubuntu/rj_training_container/training_ws/install/teleop/bin'
[21.060s] Level 1:colcon.colcon_core.environment:checking '/home/ubuntu/rj_training_container/training_ws/install/teleop/lib/pkgconfig/teleop.pc'
[21.062s] Level 1:colcon.colcon_core.environment:checking '/home/ubuntu/rj_training_container/training_ws/install/teleop/lib/python3.10/site-packages'
[21.064s] Level 1:colcon.colcon_core.environment:checking '/home/ubuntu/rj_training_container/training_ws/install/teleop/bin'
[21.066s] INFO:colcon.colcon_core.shell:Creating package script '/home/ubuntu/rj_training_container/training_ws/install/teleop/share/teleop/package.ps1'
[21.080s] INFO:colcon.colcon_core.shell:Creating package descriptor '/home/ubuntu/rj_training_container/training_ws/install/teleop/share/teleop/package.dsv'
[21.095s] INFO:colcon.colcon_core.shell:Creating package script '/home/ubuntu/rj_training_container/training_ws/install/teleop/share/teleop/package.sh'
[21.109s] INFO:colcon.colcon_core.shell:Creating package script '/home/ubuntu/rj_training_container/training_ws/install/teleop/share/teleop/package.bash'
[21.123s] INFO:colcon.colcon_core.shell:Creating package script '/home/ubuntu/rj_training_container/training_ws/install/teleop/share/teleop/package.zsh'
[21.136s] Level 1:colcon.colcon_core.environment:create_file_with_runtime_dependencies(/home/ubuntu/rj_training_container/training_ws/install/teleop/share/colcon-core/packages/teleop)
[21.148s] Level 1:colcon.colcon_core.environment:create_environment_scripts_only(rj_training_bringup)
[21.149s] Level 1:colcon.colcon_core.environment:checking '/home/ubuntu/rj_training_container/training_ws/install/rj_training_bringup' for CMake module files
[21.261s] Level 1:colcon.colcon_core.environment:checking '/home/ubuntu/rj_training_container/training_ws/install/rj_training_bringup' for CMake config files
[21.350s] Level 1:colcon.colcon_core.shell:create_environment_hook('rj_training_bringup', 'cmake_prefix_path')
[21.350s] INFO:colcon.colcon_core.shell:Creating environment hook '/home/ubuntu/rj_training_container/training_ws/install/rj_training_bringup/share/rj_training_bringup/hook/cmake_prefix_path.ps1'
[21.370s] INFO:colcon.colcon_core.shell:Creating environment descriptor '/home/ubuntu/rj_training_container/training_ws/install/rj_training_bringup/share/rj_training_bringup/hook/cmake_prefix_path.dsv'
[21.393s] INFO:colcon.colcon_core.shell:Creating environment hook '/home/ubuntu/rj_training_container/training_ws/install/rj_training_bringup/share/rj_training_bringup/hook/cmake_prefix_path.sh'
[21.416s] Level 1:colcon.colcon_core.environment:checking '/home/ubuntu/rj_training_container/training_ws/install/rj_training_bringup/bin'
[21.419s] Level 1:colcon.colcon_core.environment:checking '/home/ubuntu/rj_training_container/training_ws/install/rj_training_bringup/lib/pkgconfig/rj_training_bringup.pc'
[21.421s] Level 1:colcon.colcon_core.environment:checking '/home/ubuntu/rj_training_container/training_ws/install/rj_training_bringup/lib/python3.10/site-packages'
[21.424s] Level 1:colcon.colcon_core.environment:checking '/home/ubuntu/rj_training_container/training_ws/install/rj_training_bringup/bin'
[21.427s] INFO:colcon.colcon_core.shell:Creating package script '/home/ubuntu/rj_training_container/training_ws/install/rj_training_bringup/share/rj_training_bringup/package.ps1'
[21.445s] INFO:colcon.colcon_core.shell:Creating package descriptor '/home/ubuntu/rj_training_container/training_ws/install/rj_training_bringup/share/rj_training_bringup/package.dsv'
[21.460s] INFO:colcon.colcon_core.shell:Creating package script '/home/ubuntu/rj_training_container/training_ws/install/rj_training_bringup/share/rj_training_bringup/package.sh'
[21.476s] INFO:colcon.colcon_core.shell:Creating package script '/home/ubuntu/rj_training_container/training_ws/install/rj_training_bringup/share/rj_training_bringup/package.bash'
[21.492s] INFO:colcon.colcon_core.shell:Creating package script '/home/ubuntu/rj_training_container/training_ws/install/rj_training_bringup/share/rj_training_bringup/package.zsh'
[21.509s] Level 1:colcon.colcon_core.environment:create_file_with_runtime_dependencies(/home/ubuntu/rj_training_container/training_ws/install/rj_training_bringup/share/colcon-core/packages/rj_training_bringup)
[21.544s] DEBUG:colcon.colcon_core.event_handler.log_command:Invoking command in '/home/ubuntu/rj_training_container/training_ws/build/stsl_gazebo_plugins': CMAKE_PREFIX_PATH=/opt/ros/humble /usr/bin/cmake --install /home/ubuntu/rj_training_container/training_ws/build/stsl_gazebo_plugins
[21.546s] Level 1:colcon.colcon_core.environment:create_environment_scripts_only(stsl_nav_plugins)
[21.547s] Level 1:colcon.colcon_core.environment:checking '/home/ubuntu/rj_training_container/training_ws/install/stsl_nav_plugins' for CMake module files
[21.547s] DEBUG:colcon.colcon_core.event_handler.log_command:Invoked command in '/home/ubuntu/rj_training_container/training_ws/build/stsl_interfaces' returned '0': CMAKE_PREFIX_PATH=/opt/ros/humble /usr/bin/cmake --build /home/ubuntu/rj_training_container/training_ws/build/stsl_interfaces -- -j16 -l16
[21.550s] DEBUG:colcon.colcon_core.event_handler.log_command:Invoked command in '/home/ubuntu/rj_training_container/training_ws/build/stsl_nav_plugins' returned '0': CMAKE_PREFIX_PATH=/opt/ros/humble /usr/bin/cmake --install /home/ubuntu/rj_training_container/training_ws/build/stsl_nav_plugins
[21.681s] Level 1:colcon.colcon_core.environment:checking '/home/ubuntu/rj_training_container/training_ws/install/stsl_nav_plugins' for CMake config files
[21.797s] Level 1:colcon.colcon_core.shell:create_environment_hook('stsl_nav_plugins', 'cmake_prefix_path')
[21.798s] INFO:colcon.colcon_core.shell:Creating environment hook '/home/ubuntu/rj_training_container/training_ws/install/stsl_nav_plugins/share/stsl_nav_plugins/hook/cmake_prefix_path.ps1'
[21.819s] INFO:colcon.colcon_core.shell:Creating environment descriptor '/home/ubuntu/rj_training_container/training_ws/install/stsl_nav_plugins/share/stsl_nav_plugins/hook/cmake_prefix_path.dsv'
[21.840s] INFO:colcon.colcon_core.shell:Creating environment hook '/home/ubuntu/rj_training_container/training_ws/install/stsl_nav_plugins/share/stsl_nav_plugins/hook/cmake_prefix_path.sh'
[21.866s] Level 1:colcon.colcon_core.environment:checking '/home/ubuntu/rj_training_container/training_ws/install/stsl_nav_plugins/lib'
[21.873s] Level 1:colcon.colcon_core.shell:create_environment_hook('stsl_nav_plugins', 'ld_library_path_lib')
[21.873s] INFO:colcon.colcon_core.shell:Creating environment hook '/home/ubuntu/rj_training_container/training_ws/install/stsl_nav_plugins/share/stsl_nav_plugins/hook/ld_library_path_lib.ps1'
[21.892s] INFO:colcon.colcon_core.shell:Creating environment descriptor '/home/ubuntu/rj_training_container/training_ws/install/stsl_nav_plugins/share/stsl_nav_plugins/hook/ld_library_path_lib.dsv'
[21.915s] INFO:colcon.colcon_core.shell:Creating environment hook '/home/ubuntu/rj_training_container/training_ws/install/stsl_nav_plugins/share/stsl_nav_plugins/hook/ld_library_path_lib.sh'
[21.935s] Level 1:colcon.colcon_core.environment:checking '/home/ubuntu/rj_training_container/training_ws/install/stsl_nav_plugins/bin'
[21.936s] Level 1:colcon.colcon_core.environment:checking '/home/ubuntu/rj_training_container/training_ws/install/stsl_nav_plugins/lib/pkgconfig/stsl_nav_plugins.pc'
[21.939s] Level 1:colcon.colcon_core.environment:checking '/home/ubuntu/rj_training_container/training_ws/install/stsl_nav_plugins/lib/python3.10/site-packages'
[21.942s] Level 1:colcon.colcon_core.environment:checking '/home/ubuntu/rj_training_container/training_ws/install/stsl_nav_plugins/bin'
[21.944s] INFO:colcon.colcon_core.shell:Creating package script '/home/ubuntu/rj_training_container/training_ws/install/stsl_nav_plugins/share/stsl_nav_plugins/package.ps1'
[21.960s] INFO:colcon.colcon_core.shell:Creating package descriptor '/home/ubuntu/rj_training_container/training_ws/install/stsl_nav_plugins/share/stsl_nav_plugins/package.dsv'
[21.980s] INFO:colcon.colcon_core.shell:Creating package script '/home/ubuntu/rj_training_container/training_ws/install/stsl_nav_plugins/share/stsl_nav_plugins/package.sh'
[21.999s] INFO:colcon.colcon_core.shell:Creating package script '/home/ubuntu/rj_training_container/training_ws/install/stsl_nav_plugins/share/stsl_nav_plugins/package.bash'
[22.016s] INFO:colcon.colcon_core.shell:Creating package script '/home/ubuntu/rj_training_container/training_ws/install/stsl_nav_plugins/share/stsl_nav_plugins/package.zsh'
[22.034s] Level 1:colcon.colcon_core.environment:create_file_with_runtime_dependencies(/home/ubuntu/rj_training_container/training_ws/install/stsl_nav_plugins/share/colcon-core/packages/stsl_nav_plugins)
[22.086s] DEBUG:colcon.colcon_core.event_handler.log_command:Invoking command in '/home/ubuntu/rj_training_container/training_ws/build/stsl_interfaces': CMAKE_PREFIX_PATH=/opt/ros/humble /usr/bin/cmake --install /home/ubuntu/rj_training_container/training_ws/build/stsl_interfaces
[22.131s] Level 1:colcon.colcon_core.environment:create_environment_scripts_only(stsl_nav_plugins)
[22.132s] Level 1:colcon.colcon_core.environment:checking '/home/ubuntu/rj_training_container/training_ws/install/stsl_nav_plugins' for CMake module files
[22.275s] Level 1:colcon.colcon_core.environment:checking '/home/ubuntu/rj_training_container/training_ws/install/stsl_nav_plugins' for CMake config files
[22.400s] Level 1:colcon.colcon_core.shell:create_environment_hook('stsl_nav_plugins', 'cmake_prefix_path')
[22.401s] INFO:colcon.colcon_core.shell:Creating environment hook '/home/ubuntu/rj_training_container/training_ws/install/stsl_nav_plugins/share/stsl_nav_plugins/hook/cmake_prefix_path.ps1'
[22.424s] INFO:colcon.colcon_core.shell:Creating environment descriptor '/home/ubuntu/rj_training_container/training_ws/install/stsl_nav_plugins/share/stsl_nav_plugins/hook/cmake_prefix_path.dsv'
[22.448s] INFO:colcon.colcon_core.shell:Creating environment hook '/home/ubuntu/rj_training_container/training_ws/install/stsl_nav_plugins/share/stsl_nav_plugins/hook/cmake_prefix_path.sh'
[22.483s] Level 1:colcon.colcon_core.environment:checking '/home/ubuntu/rj_training_container/training_ws/install/stsl_nav_plugins/lib'
[22.490s] Level 1:colcon.colcon_core.shell:create_environment_hook('stsl_nav_plugins', 'ld_library_path_lib')
[22.491s] INFO:colcon.colcon_core.shell:Creating environment hook '/home/ubuntu/rj_training_container/training_ws/install/stsl_nav_plugins/share/stsl_nav_plugins/hook/ld_library_path_lib.ps1'
[22.513s] INFO:colcon.colcon_core.shell:Creating environment descriptor '/home/ubuntu/rj_training_container/training_ws/install/stsl_nav_plugins/share/stsl_nav_plugins/hook/ld_library_path_lib.dsv'
[22.534s] INFO:colcon.colcon_core.shell:Creating environment hook '/home/ubuntu/rj_training_container/training_ws/install/stsl_nav_plugins/share/stsl_nav_plugins/hook/ld_library_path_lib.sh'
[22.556s] Level 1:colcon.colcon_core.environment:checking '/home/ubuntu/rj_training_container/training_ws/install/stsl_nav_plugins/bin'
[22.558s] Level 1:colcon.colcon_core.environment:checking '/home/ubuntu/rj_training_container/training_ws/install/stsl_nav_plugins/lib/pkgconfig/stsl_nav_plugins.pc'
[22.561s] Level 1:colcon.colcon_core.environment:checking '/home/ubuntu/rj_training_container/training_ws/install/stsl_nav_plugins/lib/python3.10/site-packages'
[22.564s] Level 1:colcon.colcon_core.environment:checking '/home/ubuntu/rj_training_container/training_ws/install/stsl_nav_plugins/bin'
[22.566s] INFO:colcon.colcon_core.shell:Creating package script '/home/ubuntu/rj_training_container/training_ws/install/stsl_nav_plugins/share/stsl_nav_plugins/package.ps1'
[22.584s] INFO:colcon.colcon_core.shell:Creating package descriptor '/home/ubuntu/rj_training_container/training_ws/install/stsl_nav_plugins/share/stsl_nav_plugins/package.dsv'
[22.602s] INFO:colcon.colcon_core.shell:Creating package script '/home/ubuntu/rj_training_container/training_ws/install/stsl_nav_plugins/share/stsl_nav_plugins/package.sh'
[22.620s] INFO:colcon.colcon_core.shell:Creating package script '/home/ubuntu/rj_training_container/training_ws/install/stsl_nav_plugins/share/stsl_nav_plugins/package.bash'
[22.639s] INFO:colcon.colcon_core.shell:Creating package script '/home/ubuntu/rj_training_container/training_ws/install/stsl_nav_plugins/share/stsl_nav_plugins/package.zsh'
[22.654s] Level 1:colcon.colcon_core.environment:create_file_with_runtime_dependencies(/home/ubuntu/rj_training_container/training_ws/install/stsl_nav_plugins/share/colcon-core/packages/stsl_nav_plugins)
[22.739s] Level 1:colcon.colcon_core.environment:create_environment_scripts_only(stsl_gazebo_plugins)
[22.740s] Level 1:colcon.colcon_core.environment:checking '/home/ubuntu/rj_training_container/training_ws/install/stsl_gazebo_plugins' for CMake module files
[22.742s] DEBUG:colcon.colcon_core.event_handler.log_command:Invoked command in '/home/ubuntu/rj_training_container/training_ws/build/stsl_gazebo_plugins' returned '0': CMAKE_PREFIX_PATH=/opt/ros/humble /usr/bin/cmake --install /home/ubuntu/rj_training_container/training_ws/build/stsl_gazebo_plugins
[22.855s] Level 1:colcon.colcon_core.environment:checking '/home/ubuntu/rj_training_container/training_ws/install/stsl_gazebo_plugins' for CMake config files
[22.946s] Level 1:colcon.colcon_core.shell:create_environment_hook('stsl_gazebo_plugins', 'cmake_prefix_path')
[22.947s] INFO:colcon.colcon_core.shell:Creating environment hook '/home/ubuntu/rj_training_container/training_ws/install/stsl_gazebo_plugins/share/stsl_gazebo_plugins/hook/cmake_prefix_path.ps1'
[22.966s] INFO:colcon.colcon_core.shell:Creating environment descriptor '/home/ubuntu/rj_training_container/training_ws/install/stsl_gazebo_plugins/share/stsl_gazebo_plugins/hook/cmake_prefix_path.dsv'
[22.985s] INFO:colcon.colcon_core.shell:Creating environment hook '/home/ubuntu/rj_training_container/training_ws/install/stsl_gazebo_plugins/share/stsl_gazebo_plugins/hook/cmake_prefix_path.sh'
[23.010s] Level 1:colcon.colcon_core.environment:checking '/home/ubuntu/rj_training_container/training_ws/install/stsl_gazebo_plugins/lib'
[23.016s] Level 1:colcon.colcon_core.shell:create_environment_hook('stsl_gazebo_plugins', 'ld_library_path_lib')
[23.017s] INFO:colcon.colcon_core.shell:Creating environment hook '/home/ubuntu/rj_training_container/training_ws/install/stsl_gazebo_plugins/share/stsl_gazebo_plugins/hook/ld_library_path_lib.ps1'
[23.036s] INFO:colcon.colcon_core.shell:Creating environment descriptor '/home/ubuntu/rj_training_container/training_ws/install/stsl_gazebo_plugins/share/stsl_gazebo_plugins/hook/ld_library_path_lib.dsv'
[23.057s] INFO:colcon.colcon_core.shell:Creating environment hook '/home/ubuntu/rj_training_container/training_ws/install/stsl_gazebo_plugins/share/stsl_gazebo_plugins/hook/ld_library_path_lib.sh'
[23.078s] Level 1:colcon.colcon_core.environment:checking '/home/ubuntu/rj_training_container/training_ws/install/stsl_gazebo_plugins/bin'
[23.081s] Level 1:colcon.colcon_core.environment:checking '/home/ubuntu/rj_training_container/training_ws/install/stsl_gazebo_plugins/lib/pkgconfig/stsl_gazebo_plugins.pc'
[23.084s] Level 1:colcon.colcon_core.environment:checking '/home/ubuntu/rj_training_container/training_ws/install/stsl_gazebo_plugins/lib/python3.10/site-packages'
[23.087s] Level 1:colcon.colcon_core.environment:checking '/home/ubuntu/rj_training_container/training_ws/install/stsl_gazebo_plugins/bin'
[23.089s] INFO:colcon.colcon_core.shell:Creating package script '/home/ubuntu/rj_training_container/training_ws/install/stsl_gazebo_plugins/share/stsl_gazebo_plugins/package.ps1'
[23.104s] INFO:colcon.colcon_core.shell:Creating package descriptor '/home/ubuntu/rj_training_container/training_ws/install/stsl_gazebo_plugins/share/stsl_gazebo_plugins/package.dsv'
[23.119s] INFO:colcon.colcon_core.shell:Creating package script '/home/ubuntu/rj_training_container/training_ws/install/stsl_gazebo_plugins/share/stsl_gazebo_plugins/package.sh'
[23.135s] INFO:colcon.colcon_core.shell:Creating package script '/home/ubuntu/rj_training_container/training_ws/install/stsl_gazebo_plugins/share/stsl_gazebo_plugins/package.bash'
[23.152s] INFO:colcon.colcon_core.shell:Creating package script '/home/ubuntu/rj_training_container/training_ws/install/stsl_gazebo_plugins/share/stsl_gazebo_plugins/package.zsh'
[23.170s] Level 1:colcon.colcon_core.environment:create_file_with_runtime_dependencies(/home/ubuntu/rj_training_container/training_ws/install/stsl_gazebo_plugins/share/colcon-core/packages/stsl_gazebo_plugins)
[23.260s] Level 1:colcon.colcon_core.environment:create_environment_scripts_only(stsl_gazebo_plugins)
[23.261s] Level 1:colcon.colcon_core.environment:checking '/home/ubuntu/rj_training_container/training_ws/install/stsl_gazebo_plugins' for CMake module files
[23.371s] Level 1:colcon.colcon_core.environment:checking '/home/ubuntu/rj_training_container/training_ws/install/stsl_gazebo_plugins' for CMake config files
[23.461s] Level 1:colcon.colcon_core.shell:create_environment_hook('stsl_gazebo_plugins', 'cmake_prefix_path')
[23.462s] INFO:colcon.colcon_core.shell:Creating environment hook '/home/ubuntu/rj_training_container/training_ws/install/stsl_gazebo_plugins/share/stsl_gazebo_plugins/hook/cmake_prefix_path.ps1'
[23.483s] INFO:colcon.colcon_core.shell:Creating environment descriptor '/home/ubuntu/rj_training_container/training_ws/install/stsl_gazebo_plugins/share/stsl_gazebo_plugins/hook/cmake_prefix_path.dsv'
[23.503s] INFO:colcon.colcon_core.shell:Creating environment hook '/home/ubuntu/rj_training_container/training_ws/install/stsl_gazebo_plugins/share/stsl_gazebo_plugins/hook/cmake_prefix_path.sh'
[23.527s] Level 1:colcon.colcon_core.environment:checking '/home/ubuntu/rj_training_container/training_ws/install/stsl_gazebo_plugins/lib'
[23.533s] Level 1:colcon.colcon_core.shell:create_environment_hook('stsl_gazebo_plugins', 'ld_library_path_lib')
[23.533s] INFO:colcon.colcon_core.shell:Creating environment hook '/home/ubuntu/rj_training_container/training_ws/install/stsl_gazebo_plugins/share/stsl_gazebo_plugins/hook/ld_library_path_lib.ps1'
[23.553s] INFO:colcon.colcon_core.shell:Creating environment descriptor '/home/ubuntu/rj_training_container/training_ws/install/stsl_gazebo_plugins/share/stsl_gazebo_plugins/hook/ld_library_path_lib.dsv'
[23.574s] INFO:colcon.colcon_core.shell:Creating environment hook '/home/ubuntu/rj_training_container/training_ws/install/stsl_gazebo_plugins/share/stsl_gazebo_plugins/hook/ld_library_path_lib.sh'
[23.594s] Level 1:colcon.colcon_core.environment:checking '/home/ubuntu/rj_training_container/training_ws/install/stsl_gazebo_plugins/bin'
[23.595s] Level 1:colcon.colcon_core.environment:checking '/home/ubuntu/rj_training_container/training_ws/install/stsl_gazebo_plugins/lib/pkgconfig/stsl_gazebo_plugins.pc'
[23.598s] Level 1:colcon.colcon_core.environment:checking '/home/ubuntu/rj_training_container/training_ws/install/stsl_gazebo_plugins/lib/python3.10/site-packages'
[23.601s] Level 1:colcon.colcon_core.environment:checking '/home/ubuntu/rj_training_container/training_ws/install/stsl_gazebo_plugins/bin'
[23.602s] INFO:colcon.colcon_core.shell:Creating package script '/home/ubuntu/rj_training_container/training_ws/install/stsl_gazebo_plugins/share/stsl_gazebo_plugins/package.ps1'
[23.619s] INFO:colcon.colcon_core.shell:Creating package descriptor '/home/ubuntu/rj_training_container/training_ws/install/stsl_gazebo_plugins/share/stsl_gazebo_plugins/package.dsv'
[23.635s] INFO:colcon.colcon_core.shell:Creating package script '/home/ubuntu/rj_training_container/training_ws/install/stsl_gazebo_plugins/share/stsl_gazebo_plugins/package.sh'
[23.653s] INFO:colcon.colcon_core.shell:Creating package script '/home/ubuntu/rj_training_container/training_ws/install/stsl_gazebo_plugins/share/stsl_gazebo_plugins/package.bash'
[23.671s] INFO:colcon.colcon_core.shell:Creating package script '/home/ubuntu/rj_training_container/training_ws/install/stsl_gazebo_plugins/share/stsl_gazebo_plugins/package.zsh'
[23.687s] Level 1:colcon.colcon_core.environment:create_file_with_runtime_dependencies(/home/ubuntu/rj_training_container/training_ws/install/stsl_gazebo_plugins/share/colcon-core/packages/stsl_gazebo_plugins)
[25.044s] Level 1:colcon.colcon_core.environment:create_environment_scripts_only(joystick_msgs)
[25.044s] Level 1:colcon.colcon_core.environment:checking '/home/ubuntu/rj_training_container/training_ws/install/joystick_msgs' for CMake module files
[25.046s] DEBUG:colcon.colcon_core.event_handler.log_command:Invoked command in '/home/ubuntu/rj_training_container/training_ws/build/joystick_msgs' returned '0': CMAKE_PREFIX_PATH=/opt/ros/humble /usr/bin/cmake --install /home/ubuntu/rj_training_container/training_ws/build/joystick_msgs
[25.327s] Level 1:colcon.colcon_core.environment:checking '/home/ubuntu/rj_training_container/training_ws/install/joystick_msgs' for CMake config files
[25.559s] Level 1:colcon.colcon_core.shell:create_environment_hook('joystick_msgs', 'cmake_prefix_path')
[25.560s] INFO:colcon.colcon_core.shell:Creating environment hook '/home/ubuntu/rj_training_container/training_ws/install/joystick_msgs/share/joystick_msgs/hook/cmake_prefix_path.ps1'
[25.577s] INFO:colcon.colcon_core.shell:Creating environment descriptor '/home/ubuntu/rj_training_container/training_ws/install/joystick_msgs/share/joystick_msgs/hook/cmake_prefix_path.dsv'
[25.597s] INFO:colcon.colcon_core.shell:Creating environment hook '/home/ubuntu/rj_training_container/training_ws/install/joystick_msgs/share/joystick_msgs/hook/cmake_prefix_path.sh'
[25.619s] Level 1:colcon.colcon_core.environment:checking '/home/ubuntu/rj_training_container/training_ws/install/joystick_msgs/lib'
[25.624s] Level 1:colcon.colcon_core.shell:create_environment_hook('joystick_msgs', 'ld_library_path_lib')
[25.624s] INFO:colcon.colcon_core.shell:Creating environment hook '/home/ubuntu/rj_training_container/training_ws/install/joystick_msgs/share/joystick_msgs/hook/ld_library_path_lib.ps1'
[25.644s] INFO:colcon.colcon_core.shell:Creating environment descriptor '/home/ubuntu/rj_training_container/training_ws/install/joystick_msgs/share/joystick_msgs/hook/ld_library_path_lib.dsv'
[25.662s] INFO:colcon.colcon_core.shell:Creating environment hook '/home/ubuntu/rj_training_container/training_ws/install/joystick_msgs/share/joystick_msgs/hook/ld_library_path_lib.sh'
[25.681s] Level 1:colcon.colcon_core.environment:checking '/home/ubuntu/rj_training_container/training_ws/install/joystick_msgs/bin'
[25.683s] Level 1:colcon.colcon_core.environment:checking '/home/ubuntu/rj_training_container/training_ws/install/joystick_msgs/lib/pkgconfig/joystick_msgs.pc'
[25.685s] Level 1:colcon.colcon_core.environment:checking '/home/ubuntu/rj_training_container/training_ws/install/joystick_msgs/lib/python3.10/site-packages'
[25.687s] Level 1:colcon.colcon_core.environment:checking '/home/ubuntu/rj_training_container/training_ws/install/joystick_msgs/bin'
[25.688s] INFO:colcon.colcon_core.shell:Creating package script '/home/ubuntu/rj_training_container/training_ws/install/joystick_msgs/share/joystick_msgs/package.ps1'
[25.704s] INFO:colcon.colcon_core.shell:Creating package descriptor '/home/ubuntu/rj_training_container/training_ws/install/joystick_msgs/share/joystick_msgs/package.dsv'
[25.721s] INFO:colcon.colcon_core.shell:Creating package script '/home/ubuntu/rj_training_container/training_ws/install/joystick_msgs/share/joystick_msgs/package.sh'
[25.736s] INFO:colcon.colcon_core.shell:Creating package script '/home/ubuntu/rj_training_container/training_ws/install/joystick_msgs/share/joystick_msgs/package.bash'
[25.754s] INFO:colcon.colcon_core.shell:Creating package script '/home/ubuntu/rj_training_container/training_ws/install/joystick_msgs/share/joystick_msgs/package.zsh'
[25.768s] Level 1:colcon.colcon_core.environment:create_file_with_runtime_dependencies(/home/ubuntu/rj_training_container/training_ws/install/joystick_msgs/share/colcon-core/packages/joystick_msgs)
[25.930s] Level 1:colcon.colcon_core.environment:create_environment_scripts_only(joystick_msgs)
[25.931s] Level 1:colcon.colcon_core.environment:checking '/home/ubuntu/rj_training_container/training_ws/install/joystick_msgs' for CMake module files
[26.198s] Level 1:colcon.colcon_core.environment:checking '/home/ubuntu/rj_training_container/training_ws/install/joystick_msgs' for CMake config files
[26.414s] Level 1:colcon.colcon_core.shell:create_environment_hook('joystick_msgs', 'cmake_prefix_path')
[26.415s] INFO:colcon.colcon_core.shell:Creating environment hook '/home/ubuntu/rj_training_container/training_ws/install/joystick_msgs/share/joystick_msgs/hook/cmake_prefix_path.ps1'
[26.433s] INFO:colcon.colcon_core.shell:Creating environment descriptor '/home/ubuntu/rj_training_container/training_ws/install/joystick_msgs/share/joystick_msgs/hook/cmake_prefix_path.dsv'
[26.453s] INFO:colcon.colcon_core.shell:Creating environment hook '/home/ubuntu/rj_training_container/training_ws/install/joystick_msgs/share/joystick_msgs/hook/cmake_prefix_path.sh'
[26.476s] Level 1:colcon.colcon_core.environment:checking '/home/ubuntu/rj_training_container/training_ws/install/joystick_msgs/lib'
[26.481s] Level 1:colcon.colcon_core.shell:create_environment_hook('joystick_msgs', 'ld_library_path_lib')
[26.482s] INFO:colcon.colcon_core.shell:Creating environment hook '/home/ubuntu/rj_training_container/training_ws/install/joystick_msgs/share/joystick_msgs/hook/ld_library_path_lib.ps1'
[26.500s] INFO:colcon.colcon_core.shell:Creating environment descriptor '/home/ubuntu/rj_training_container/training_ws/install/joystick_msgs/share/joystick_msgs/hook/ld_library_path_lib.dsv'
[26.519s] INFO:colcon.colcon_core.shell:Creating environment hook '/home/ubuntu/rj_training_container/training_ws/install/joystick_msgs/share/joystick_msgs/hook/ld_library_path_lib.sh'
[26.537s] Level 1:colcon.colcon_core.environment:checking '/home/ubuntu/rj_training_container/training_ws/install/joystick_msgs/bin'
[26.539s] Level 1:colcon.colcon_core.environment:checking '/home/ubuntu/rj_training_container/training_ws/install/joystick_msgs/lib/pkgconfig/joystick_msgs.pc'
[26.542s] Level 1:colcon.colcon_core.environment:checking '/home/ubuntu/rj_training_container/training_ws/install/joystick_msgs/lib/python3.10/site-packages'
[26.545s] Level 1:colcon.colcon_core.environment:checking '/home/ubuntu/rj_training_container/training_ws/install/joystick_msgs/bin'
[26.548s] INFO:colcon.colcon_core.shell:Creating package script '/home/ubuntu/rj_training_container/training_ws/install/joystick_msgs/share/joystick_msgs/package.ps1'
[26.563s] INFO:colcon.colcon_core.shell:Creating package descriptor '/home/ubuntu/rj_training_container/training_ws/install/joystick_msgs/share/joystick_msgs/package.dsv'
[26.578s] INFO:colcon.colcon_core.shell:Creating package script '/home/ubuntu/rj_training_container/training_ws/install/joystick_msgs/share/joystick_msgs/package.sh'
[26.594s] INFO:colcon.colcon_core.shell:Creating package script '/home/ubuntu/rj_training_container/training_ws/install/joystick_msgs/share/joystick_msgs/package.bash'
[26.609s] INFO:colcon.colcon_core.shell:Creating package script '/home/ubuntu/rj_training_container/training_ws/install/joystick_msgs/share/joystick_msgs/package.zsh'
[26.627s] Level 1:colcon.colcon_core.environment:create_file_with_runtime_dependencies(/home/ubuntu/rj_training_container/training_ws/install/joystick_msgs/share/colcon-core/packages/joystick_msgs)
[26.639s] INFO:colcon.colcon_ros.task.ament_cmake.build:Building ROS package in '/home/ubuntu/rj_training_container/training_ws/src/trainingv2/controller_project/joystick_package' with build type 'ament_cmake'
[26.639s] INFO:colcon.colcon_cmake.task.cmake.build:Building CMake package in '/home/ubuntu/rj_training_container/training_ws/src/trainingv2/controller_project/joystick_package'
[26.640s] INFO:colcon.colcon_core.shell:Skip shell extension 'powershell' for command environment: Not usable outside of PowerShell
[26.640s] DEBUG:colcon.colcon_core.shell:Skip shell extension 'dsv' for command environment
[26.882s] DEBUG:colcon.colcon_core.event_handler.log_command:Invoking command in '/home/ubuntu/rj_training_container/training_ws/build/joystick_package': AMENT_PREFIX_PATH=/home/ubuntu/rj_training_container/training_ws/install/joystick_msgs:${AMENT_PREFIX_PATH} CMAKE_PREFIX_PATH=/home/ubuntu/rj_training_container/training_ws/install/joystick_msgs:/opt/ros/humble LD_LIBRARY_PATH=/home/ubuntu/rj_training_container/training_ws/install/joystick_msgs/lib:${LD_LIBRARY_PATH} PYTHONPATH=/home/ubuntu/rj_training_container/training_ws/install/joystick_msgs/local/lib/python3.10/dist-packages:${PYTHONPATH} /usr/bin/cmake --build /home/ubuntu/rj_training_container/training_ws/build/joystick_package -- -j16 -l16
[28.915s] DEBUG:colcon.colcon_core.event_handler.log_command:Invoked command in '/home/ubuntu/rj_training_container/training_ws/build/joystick_package' returned '0': AMENT_PREFIX_PATH=/home/ubuntu/rj_training_container/training_ws/install/joystick_msgs:${AMENT_PREFIX_PATH} CMAKE_PREFIX_PATH=/home/ubuntu/rj_training_container/training_ws/install/joystick_msgs:/opt/ros/humble LD_LIBRARY_PATH=/home/ubuntu/rj_training_container/training_ws/install/joystick_msgs/lib:${LD_LIBRARY_PATH} PYTHONPATH=/home/ubuntu/rj_training_container/training_ws/install/joystick_msgs/local/lib/python3.10/dist-packages:${PYTHONPATH} /usr/bin/cmake --build /home/ubuntu/rj_training_container/training_ws/build/joystick_package -- -j16 -l16
[28.993s] DEBUG:colcon.colcon_core.event_handler.log_command:Invoking command in '/home/ubuntu/rj_training_container/training_ws/build/joystick_package': AMENT_PREFIX_PATH=/home/ubuntu/rj_training_container/training_ws/install/joystick_msgs:${AMENT_PREFIX_PATH} CMAKE_PREFIX_PATH=/home/ubuntu/rj_training_container/training_ws/install/joystick_msgs:/opt/ros/humble LD_LIBRARY_PATH=/home/ubuntu/rj_training_container/training_ws/install/joystick_msgs/lib:${LD_LIBRARY_PATH} PYTHONPATH=/home/ubuntu/rj_training_container/training_ws/install/joystick_msgs/local/lib/python3.10/dist-packages:${PYTHONPATH} /usr/bin/cmake --install /home/ubuntu/rj_training_container/training_ws/build/joystick_package
[30.404s] Level 1:colcon.colcon_core.environment:create_environment_scripts_only(joystick_package)
[30.404s] Level 1:colcon.colcon_core.environment:checking '/home/ubuntu/rj_training_container/training_ws/install/joystick_package' for CMake module files
[30.406s] DEBUG:colcon.colcon_core.event_handler.log_command:Invoked command in '/home/ubuntu/rj_training_container/training_ws/build/joystick_package' returned '0': AMENT_PREFIX_PATH=/home/ubuntu/rj_training_container/training_ws/install/joystick_msgs:${AMENT_PREFIX_PATH} CMAKE_PREFIX_PATH=/home/ubuntu/rj_training_container/training_ws/install/joystick_msgs:/opt/ros/humble LD_LIBRARY_PATH=/home/ubuntu/rj_training_container/training_ws/install/joystick_msgs/lib:${LD_LIBRARY_PATH} PYTHONPATH=/home/ubuntu/rj_training_container/training_ws/install/joystick_msgs/local/lib/python3.10/dist-packages:${PYTHONPATH} /usr/bin/cmake --install /home/ubuntu/rj_training_container/training_ws/build/joystick_package
[30.541s] Level 1:colcon.colcon_core.environment:checking '/home/ubuntu/rj_training_container/training_ws/install/joystick_package' for CMake config files
[30.643s] Level 1:colcon.colcon_core.shell:create_environment_hook('joystick_package', 'cmake_prefix_path')
[30.643s] INFO:colcon.colcon_core.shell:Creating environment hook '/home/ubuntu/rj_training_container/training_ws/install/joystick_package/share/joystick_package/hook/cmake_prefix_path.ps1'
[30.661s] INFO:colcon.colcon_core.shell:Creating environment descriptor '/home/ubuntu/rj_training_container/training_ws/install/joystick_package/share/joystick_package/hook/cmake_prefix_path.dsv'
[30.680s] INFO:colcon.colcon_core.shell:Creating environment hook '/home/ubuntu/rj_training_container/training_ws/install/joystick_package/share/joystick_package/hook/cmake_prefix_path.sh'
[30.703s] Level 1:colcon.colcon_core.environment:checking '/home/ubuntu/rj_training_container/training_ws/install/joystick_package/lib'
[30.709s] Level 1:colcon.colcon_core.shell:create_environment_hook('joystick_package', 'ld_library_path_lib')
[30.710s] INFO:colcon.colcon_core.shell:Creating environment hook '/home/ubuntu/rj_training_container/training_ws/install/joystick_package/share/joystick_package/hook/ld_library_path_lib.ps1'
[30.728s] INFO:colcon.colcon_core.shell:Creating environment descriptor '/home/ubuntu/rj_training_container/training_ws/install/joystick_package/share/joystick_package/hook/ld_library_path_lib.dsv'
[30.747s] INFO:colcon.colcon_core.shell:Creating environment hook '/home/ubuntu/rj_training_container/training_ws/install/joystick_package/share/joystick_package/hook/ld_library_path_lib.sh'
[30.765s] Level 1:colcon.colcon_core.environment:checking '/home/ubuntu/rj_training_container/training_ws/install/joystick_package/bin'
[30.768s] Level 1:colcon.colcon_core.environment:checking '/home/ubuntu/rj_training_container/training_ws/install/joystick_package/lib/pkgconfig/joystick_package.pc'
[30.770s] Level 1:colcon.colcon_core.environment:checking '/home/ubuntu/rj_training_container/training_ws/install/joystick_package/lib/python3.10/site-packages'
[30.772s] Level 1:colcon.colcon_core.environment:checking '/home/ubuntu/rj_training_container/training_ws/install/joystick_package/bin'
[30.774s] INFO:colcon.colcon_core.shell:Creating package script '/home/ubuntu/rj_training_container/training_ws/install/joystick_package/share/joystick_package/package.ps1'
[30.805s] INFO:colcon.colcon_core.shell:Creating package descriptor '/home/ubuntu/rj_training_container/training_ws/install/joystick_package/share/joystick_package/package.dsv'
[30.831s] INFO:colcon.colcon_core.shell:Creating package script '/home/ubuntu/rj_training_container/training_ws/install/joystick_package/share/joystick_package/package.sh'
[30.851s] INFO:colcon.colcon_core.shell:Creating package script '/home/ubuntu/rj_training_container/training_ws/install/joystick_package/share/joystick_package/package.bash'
[30.868s] INFO:colcon.colcon_core.shell:Creating package script '/home/ubuntu/rj_training_container/training_ws/install/joystick_package/share/joystick_package/package.zsh'
[30.884s] Level 1:colcon.colcon_core.environment:create_file_with_runtime_dependencies(/home/ubuntu/rj_training_container/training_ws/install/joystick_package/share/colcon-core/packages/joystick_package)
[30.966s] Level 1:colcon.colcon_core.environment:create_environment_scripts_only(joystick_package)
[30.967s] Level 1:colcon.colcon_core.environment:checking '/home/ubuntu/rj_training_container/training_ws/install/joystick_package' for CMake module files
[31.095s] Level 1:colcon.colcon_core.environment:checking '/home/ubuntu/rj_training_container/training_ws/install/joystick_package' for CMake config files
[31.188s] Level 1:colcon.colcon_core.shell:create_environment_hook('joystick_package', 'cmake_prefix_path')
[31.189s] INFO:colcon.colcon_core.shell:Creating environment hook '/home/ubuntu/rj_training_container/training_ws/install/joystick_package/share/joystick_package/hook/cmake_prefix_path.ps1'
[31.205s] INFO:colcon.colcon_core.shell:Creating environment descriptor '/home/ubuntu/rj_training_container/training_ws/install/joystick_package/share/joystick_package/hook/cmake_prefix_path.dsv'
[31.224s] INFO:colcon.colcon_core.shell:Creating environment hook '/home/ubuntu/rj_training_container/training_ws/install/joystick_package/share/joystick_package/hook/cmake_prefix_path.sh'
[31.244s] Level 1:colcon.colcon_core.environment:checking '/home/ubuntu/rj_training_container/training_ws/install/joystick_package/lib'
[31.249s] Level 1:colcon.colcon_core.shell:create_environment_hook('joystick_package', 'ld_library_path_lib')
[31.250s] INFO:colcon.colcon_core.shell:Creating environment hook '/home/ubuntu/rj_training_container/training_ws/install/joystick_package/share/joystick_package/hook/ld_library_path_lib.ps1'
[31.271s] INFO:colcon.colcon_core.shell:Creating environment descriptor '/home/ubuntu/rj_training_container/training_ws/install/joystick_package/share/joystick_package/hook/ld_library_path_lib.dsv'
[31.294s] INFO:colcon.colcon_core.shell:Creating environment hook '/home/ubuntu/rj_training_container/training_ws/install/joystick_package/share/joystick_package/hook/ld_library_path_lib.sh'
[31.315s] Level 1:colcon.colcon_core.environment:checking '/home/ubuntu/rj_training_container/training_ws/install/joystick_package/bin'
[31.317s] Level 1:colcon.colcon_core.environment:checking '/home/ubuntu/rj_training_container/training_ws/install/joystick_package/lib/pkgconfig/joystick_package.pc'
[31.319s] Level 1:colcon.colcon_core.environment:checking '/home/ubuntu/rj_training_container/training_ws/install/joystick_package/lib/python3.10/site-packages'
[31.321s] Level 1:colcon.colcon_core.environment:checking '/home/ubuntu/rj_training_container/training_ws/install/joystick_package/bin'
[31.325s] INFO:colcon.colcon_core.shell:Creating package script '/home/ubuntu/rj_training_container/training_ws/install/joystick_package/share/joystick_package/package.ps1'
[31.341s] INFO:colcon.colcon_core.shell:Creating package descriptor '/home/ubuntu/rj_training_container/training_ws/install/joystick_package/share/joystick_package/package.dsv'
[31.355s] INFO:colcon.colcon_core.shell:Creating package script '/home/ubuntu/rj_training_container/training_ws/install/joystick_package/share/joystick_package/package.sh'
[31.371s] INFO:colcon.colcon_core.shell:Creating package script '/home/ubuntu/rj_training_container/training_ws/install/joystick_package/share/joystick_package/package.bash'
[31.388s] INFO:colcon.colcon_core.shell:Creating package script '/home/ubuntu/rj_training_container/training_ws/install/joystick_package/share/joystick_package/package.zsh'
[31.401s] Level 1:colcon.colcon_core.environment:create_file_with_runtime_dependencies(/home/ubuntu/rj_training_container/training_ws/install/joystick_package/share/colcon-core/packages/joystick_package)
[35.769s] Level 1:colcon.colcon_core.environment:create_environment_scripts_only(stsl_interfaces)
[35.770s] Level 1:colcon.colcon_core.environment:checking '/home/ubuntu/rj_training_container/training_ws/install/stsl_interfaces' for CMake module files
[35.771s] DEBUG:colcon.colcon_core.event_handler.log_command:Invoked command in '/home/ubuntu/rj_training_container/training_ws/build/stsl_interfaces' returned '0': CMAKE_PREFIX_PATH=/opt/ros/humble /usr/bin/cmake --install /home/ubuntu/rj_training_container/training_ws/build/stsl_interfaces
[36.083s] Level 1:colcon.colcon_core.environment:checking '/home/ubuntu/rj_training_container/training_ws/install/stsl_interfaces' for CMake config files
[36.404s] Level 1:colcon.colcon_core.shell:create_environment_hook('stsl_interfaces', 'cmake_prefix_path')
[36.405s] INFO:colcon.colcon_core.shell:Creating environment hook '/home/ubuntu/rj_training_container/training_ws/install/stsl_interfaces/share/stsl_interfaces/hook/cmake_prefix_path.ps1'
[36.424s] INFO:colcon.colcon_core.shell:Creating environment descriptor '/home/ubuntu/rj_training_container/training_ws/install/stsl_interfaces/share/stsl_interfaces/hook/cmake_prefix_path.dsv'
[36.441s] INFO:colcon.colcon_core.shell:Creating environment hook '/home/ubuntu/rj_training_container/training_ws/install/stsl_interfaces/share/stsl_interfaces/hook/cmake_prefix_path.sh'
[36.465s] Level 1:colcon.colcon_core.environment:checking '/home/ubuntu/rj_training_container/training_ws/install/stsl_interfaces/lib'
[36.470s] Level 1:colcon.colcon_core.shell:create_environment_hook('stsl_interfaces', 'ld_library_path_lib')
[36.471s] INFO:colcon.colcon_core.shell:Creating environment hook '/home/ubuntu/rj_training_container/training_ws/install/stsl_interfaces/share/stsl_interfaces/hook/ld_library_path_lib.ps1'
[36.490s] INFO:colcon.colcon_core.shell:Creating environment descriptor '/home/ubuntu/rj_training_container/training_ws/install/stsl_interfaces/share/stsl_interfaces/hook/ld_library_path_lib.dsv'
[36.511s] INFO:colcon.colcon_core.shell:Creating environment hook '/home/ubuntu/rj_training_container/training_ws/install/stsl_interfaces/share/stsl_interfaces/hook/ld_library_path_lib.sh'
[36.528s] Level 1:colcon.colcon_core.environment:checking '/home/ubuntu/rj_training_container/training_ws/install/stsl_interfaces/bin'
[36.530s] Level 1:colcon.colcon_core.environment:checking '/home/ubuntu/rj_training_container/training_ws/install/stsl_interfaces/lib/pkgconfig/stsl_interfaces.pc'
[36.532s] Level 1:colcon.colcon_core.environment:checking '/home/ubuntu/rj_training_container/training_ws/install/stsl_interfaces/lib/python3.10/site-packages'
[36.537s] Level 1:colcon.colcon_core.environment:checking '/home/ubuntu/rj_training_container/training_ws/install/stsl_interfaces/bin'
[36.539s] INFO:colcon.colcon_core.shell:Creating package script '/home/ubuntu/rj_training_container/training_ws/install/stsl_interfaces/share/stsl_interfaces/package.ps1'
[36.555s] INFO:colcon.colcon_core.shell:Creating package descriptor '/home/ubuntu/rj_training_container/training_ws/install/stsl_interfaces/share/stsl_interfaces/package.dsv'
[36.571s] INFO:colcon.colcon_core.shell:Creating package script '/home/ubuntu/rj_training_container/training_ws/install/stsl_interfaces/share/stsl_interfaces/package.sh'
[36.589s] INFO:colcon.colcon_core.shell:Creating package script '/home/ubuntu/rj_training_container/training_ws/install/stsl_interfaces/share/stsl_interfaces/package.bash'
[36.605s] INFO:colcon.colcon_core.shell:Creating package script '/home/ubuntu/rj_training_container/training_ws/install/stsl_interfaces/share/stsl_interfaces/package.zsh'
[36.621s] Level 1:colcon.colcon_core.environment:create_file_with_runtime_dependencies(/home/ubuntu/rj_training_container/training_ws/install/stsl_interfaces/share/colcon-core/packages/stsl_interfaces)
[37.157s] Level 1:colcon.colcon_core.environment:create_environment_scripts_only(stsl_interfaces)
[37.157s] Level 1:colcon.colcon_core.environment:checking '/home/ubuntu/rj_training_container/training_ws/install/stsl_interfaces' for CMake module files
[37.458s] Level 1:colcon.colcon_core.environment:checking '/home/ubuntu/rj_training_container/training_ws/install/stsl_interfaces' for CMake config files
[37.761s] Level 1:colcon.colcon_core.shell:create_environment_hook('stsl_interfaces', 'cmake_prefix_path')
[37.762s] INFO:colcon.colcon_core.shell:Creating environment hook '/home/ubuntu/rj_training_container/training_ws/install/stsl_interfaces/share/stsl_interfaces/hook/cmake_prefix_path.ps1'
[37.780s] INFO:colcon.colcon_core.shell:Creating environment descriptor '/home/ubuntu/rj_training_container/training_ws/install/stsl_interfaces/share/stsl_interfaces/hook/cmake_prefix_path.dsv'
[37.798s] INFO:colcon.colcon_core.shell:Creating environment hook '/home/ubuntu/rj_training_container/training_ws/install/stsl_interfaces/share/stsl_interfaces/hook/cmake_prefix_path.sh'
[37.819s] Level 1:colcon.colcon_core.environment:checking '/home/ubuntu/rj_training_container/training_ws/install/stsl_interfaces/lib'
[37.825s] Level 1:colcon.colcon_core.shell:create_environment_hook('stsl_interfaces', 'ld_library_path_lib')
[37.825s] INFO:colcon.colcon_core.shell:Creating environment hook '/home/ubuntu/rj_training_container/training_ws/install/stsl_interfaces/share/stsl_interfaces/hook/ld_library_path_lib.ps1'
[37.842s] INFO:colcon.colcon_core.shell:Creating environment descriptor '/home/ubuntu/rj_training_container/training_ws/install/stsl_interfaces/share/stsl_interfaces/hook/ld_library_path_lib.dsv'
[37.861s] INFO:colcon.colcon_core.shell:Creating environment hook '/home/ubuntu/rj_training_container/training_ws/install/stsl_interfaces/share/stsl_interfaces/hook/ld_library_path_lib.sh'
[37.878s] Level 1:colcon.colcon_core.environment:checking '/home/ubuntu/rj_training_container/training_ws/install/stsl_interfaces/bin'
[37.880s] Level 1:colcon.colcon_core.environment:checking '/home/ubuntu/rj_training_container/training_ws/install/stsl_interfaces/lib/pkgconfig/stsl_interfaces.pc'
[37.882s] Level 1:colcon.colcon_core.environment:checking '/home/ubuntu/rj_training_container/training_ws/install/stsl_interfaces/lib/python3.10/site-packages'
[37.884s] Level 1:colcon.colcon_core.environment:checking '/home/ubuntu/rj_training_container/training_ws/install/stsl_interfaces/bin'
[37.886s] INFO:colcon.colcon_core.shell:Creating package script '/home/ubuntu/rj_training_container/training_ws/install/stsl_interfaces/share/stsl_interfaces/package.ps1'
[37.899s] INFO:colcon.colcon_core.shell:Creating package descriptor '/home/ubuntu/rj_training_container/training_ws/install/stsl_interfaces/share/stsl_interfaces/package.dsv'
[37.916s] INFO:colcon.colcon_core.shell:Creating package script '/home/ubuntu/rj_training_container/training_ws/install/stsl_interfaces/share/stsl_interfaces/package.sh'
[37.931s] INFO:colcon.colcon_core.shell:Creating package script '/home/ubuntu/rj_training_container/training_ws/install/stsl_interfaces/share/stsl_interfaces/package.bash'
[37.946s] INFO:colcon.colcon_core.shell:Creating package script '/home/ubuntu/rj_training_container/training_ws/install/stsl_interfaces/share/stsl_interfaces/package.zsh'
[37.960s] Level 1:colcon.colcon_core.environment:create_file_with_runtime_dependencies(/home/ubuntu/rj_training_container/training_ws/install/stsl_interfaces/share/colcon-core/packages/stsl_interfaces)
[37.973s] INFO:colcon.colcon_ros.task.ament_cmake.build:Building ROS package in '/home/ubuntu/rj_training_container/training_ws/src/stsl/stsl_aruco_tags' with build type 'ament_cmake'
[37.974s] INFO:colcon.colcon_cmake.task.cmake.build:Building CMake package in '/home/ubuntu/rj_training_container/training_ws/src/stsl/stsl_aruco_tags'
[37.974s] INFO:colcon.colcon_core.shell:Skip shell extension 'powershell' for command environment: Not usable outside of PowerShell
[37.975s] DEBUG:colcon.colcon_core.shell:Skip shell extension 'dsv' for command environment
[37.992s] INFO:colcon.colcon_ros.task.ament_cmake.build:Building ROS package in '/home/ubuntu/rj_training_container/training_ws/src/stsl/stsl_bt_nodes' with build type 'ament_cmake'
[37.992s] INFO:colcon.colcon_cmake.task.cmake.build:Building CMake package in '/home/ubuntu/rj_training_container/training_ws/src/stsl/stsl_bt_nodes'
[37.993s] INFO:colcon.colcon_core.shell:Skip shell extension 'powershell' for command environment: Not usable outside of PowerShell
[37.993s] DEBUG:colcon.colcon_core.shell:Skip shell extension 'dsv' for command environment
[38.009s] INFO:colcon.colcon_ros.task.ament_cmake.build:Building ROS package in '/home/ubuntu/rj_training_container/training_ws/src/stsl/elevation_server' with build type 'ament_cmake'
[38.010s] INFO:colcon.colcon_cmake.task.cmake.build:Building CMake package in '/home/ubuntu/rj_training_container/training_ws/src/stsl/elevation_server'
[38.011s] INFO:colcon.colcon_core.shell:Skip shell extension 'powershell' for command environment: Not usable outside of PowerShell
[38.011s] DEBUG:colcon.colcon_core.shell:Skip shell extension 'dsv' for command environment
[38.025s] INFO:colcon.colcon_ros.task.ament_cmake.build:Building ROS package in '/home/ubuntu/rj_training_container/training_ws/src/stsl/mineral_deposit_detection' with build type 'ament_cmake'
[38.025s] INFO:colcon.colcon_cmake.task.cmake.build:Building CMake package in '/home/ubuntu/rj_training_container/training_ws/src/stsl/mineral_deposit_detection'
[38.026s] INFO:colcon.colcon_core.shell:Skip shell extension 'powershell' for command environment: Not usable outside of PowerShell
[38.026s] DEBUG:colcon.colcon_core.shell:Skip shell extension 'dsv' for command environment
[38.041s] INFO:colcon.colcon_ros.task.ament_cmake.build:Building ROS package in '/home/ubuntu/rj_training_container/training_ws/src/stsl/stsl_rviz_plugins' with build type 'ament_cmake'
[38.042s] INFO:colcon.colcon_cmake.task.cmake.build:Building CMake package in '/home/ubuntu/rj_training_container/training_ws/src/stsl/stsl_rviz_plugins'
[38.043s] INFO:colcon.colcon_core.shell:Skip shell extension 'powershell' for command environment: Not usable outside of PowerShell
[38.043s] DEBUG:colcon.colcon_core.shell:Skip shell extension 'dsv' for command environment
[38.065s] INFO:colcon.colcon_ros.task.ament_cmake.build:Building ROS package in '/home/ubuntu/rj_training_container/training_ws/src/software-training-old/coordinate_transform' with build type 'ament_cmake'
[38.067s] INFO:colcon.colcon_cmake.task.cmake.build:Building CMake package in '/home/ubuntu/rj_training_container/training_ws/src/software-training-old/coordinate_transform'
[38.068s] INFO:colcon.colcon_core.shell:Skip shell extension 'powershell' for command environment: Not usable outside of PowerShell
[38.068s] DEBUG:colcon.colcon_core.shell:Skip shell extension 'dsv' for command environment
[38.086s] INFO:colcon.colcon_ros.task.ament_cmake.build:Building ROS package in '/home/ubuntu/rj_training_container/training_ws/src/software-training-old/localization' with build type 'ament_cmake'
[38.088s] INFO:colcon.colcon_cmake.task.cmake.build:Building CMake package in '/home/ubuntu/rj_training_container/training_ws/src/software-training-old/localization'
[38.089s] INFO:colcon.colcon_core.shell:Skip shell extension 'powershell' for command environment: Not usable outside of PowerShell
[38.090s] DEBUG:colcon.colcon_core.shell:Skip shell extension 'dsv' for command environment
[38.107s] INFO:colcon.colcon_ros.task.ament_cmake.build:Building ROS package in '/home/ubuntu/rj_training_container/training_ws/src/software-training-old/mineral_deposit_tracking' with build type 'ament_cmake'
[38.107s] INFO:colcon.colcon_cmake.task.cmake.build:Building CMake package in '/home/ubuntu/rj_training_container/training_ws/src/software-training-old/mineral_deposit_tracking'
[38.108s] INFO:colcon.colcon_core.shell:Skip shell extension 'powershell' for command environment: Not usable outside of PowerShell
[38.109s] DEBUG:colcon.colcon_core.shell:Skip shell extension 'dsv' for command environment
[38.127s] INFO:colcon.colcon_ros.task.ament_cmake.build:Building ROS package in '/home/ubuntu/rj_training_container/training_ws/src/software-training-old/peak_finder' with build type 'ament_cmake'
[38.127s] INFO:colcon.colcon_cmake.task.cmake.build:Building CMake package in '/home/ubuntu/rj_training_container/training_ws/src/software-training-old/peak_finder'
[38.129s] INFO:colcon.colcon_core.shell:Skip shell extension 'powershell' for command environment: Not usable outside of PowerShell
[38.129s] DEBUG:colcon.colcon_core.shell:Skip shell extension 'dsv' for command environment
[38.227s] DEBUG:colcon.colcon_core.event_handler.log_command:Invoking command in '/home/ubuntu/rj_training_container/training_ws/build/stsl_aruco_tags': AMENT_PREFIX_PATH=/home/ubuntu/rj_training_container/training_ws/install/stsl_interfaces:${AMENT_PREFIX_PATH} CMAKE_PREFIX_PATH=/home/ubuntu/rj_training_container/training_ws/install/stsl_interfaces:/opt/ros/humble LD_LIBRARY_PATH=/home/ubuntu/rj_training_container/training_ws/install/stsl_interfaces/lib:${LD_LIBRARY_PATH} PYTHONPATH=/home/ubuntu/rj_training_container/training_ws/install/stsl_interfaces/local/lib/python3.10/dist-packages:${PYTHONPATH} /usr/bin/cmake --build /home/ubuntu/rj_training_container/training_ws/build/stsl_aruco_tags -- -j16 -l16
[38.280s] DEBUG:colcon.colcon_core.event_handler.log_command:Invoking command in '/home/ubuntu/rj_training_container/training_ws/build/stsl_bt_nodes': AMENT_PREFIX_PATH=/home/ubuntu/rj_training_container/training_ws/install/stsl_interfaces:${AMENT_PREFIX_PATH} CMAKE_PREFIX_PATH=/home/ubuntu/rj_training_container/training_ws/install/stsl_interfaces:/opt/ros/humble LD_LIBRARY_PATH=/home/ubuntu/rj_training_container/training_ws/install/stsl_interfaces/lib:${LD_LIBRARY_PATH} PYTHONPATH=/home/ubuntu/rj_training_container/training_ws/install/stsl_interfaces/local/lib/python3.10/dist-packages:${PYTHONPATH} /usr/bin/cmake --build /home/ubuntu/rj_training_container/training_ws/build/stsl_bt_nodes -- -j16 -l16
[38.331s] DEBUG:colcon.colcon_core.event_handler.log_command:Invoking command in '/home/ubuntu/rj_training_container/training_ws/build/elevation_server': AMENT_PREFIX_PATH=/home/ubuntu/rj_training_container/training_ws/install/stsl_interfaces:${AMENT_PREFIX_PATH} CMAKE_PREFIX_PATH=/home/ubuntu/rj_training_container/training_ws/install/stsl_interfaces:/opt/ros/humble LD_LIBRARY_PATH=/home/ubuntu/rj_training_container/training_ws/install/stsl_interfaces/lib:${LD_LIBRARY_PATH} PYTHONPATH=/home/ubuntu/rj_training_container/training_ws/install/stsl_interfaces/local/lib/python3.10/dist-packages:${PYTHONPATH} /usr/bin/cmake --build /home/ubuntu/rj_training_container/training_ws/build/elevation_server -- -j16 -l16
[38.384s] DEBUG:colcon.colcon_core.event_handler.log_command:Invoking command in '/home/ubuntu/rj_training_container/training_ws/build/mineral_deposit_detection': AMENT_PREFIX_PATH=/home/ubuntu/rj_training_container/training_ws/install/stsl_interfaces:${AMENT_PREFIX_PATH} CMAKE_PREFIX_PATH=/home/ubuntu/rj_training_container/training_ws/install/stsl_interfaces:/opt/ros/humble LD_LIBRARY_PATH=/home/ubuntu/rj_training_container/training_ws/install/stsl_interfaces/lib:${LD_LIBRARY_PATH} PYTHONPATH=/home/ubuntu/rj_training_container/training_ws/install/stsl_interfaces/local/lib/python3.10/dist-packages:${PYTHONPATH} /usr/bin/cmake --build /home/ubuntu/rj_training_container/training_ws/build/mineral_deposit_detection -- -j16 -l16
[38.446s] DEBUG:colcon.colcon_core.event_handler.log_command:Invoking command in '/home/ubuntu/rj_training_container/training_ws/build/stsl_rviz_plugins': AMENT_PREFIX_PATH=/home/ubuntu/rj_training_container/training_ws/install/stsl_interfaces:${AMENT_PREFIX_PATH} CMAKE_PREFIX_PATH=/home/ubuntu/rj_training_container/training_ws/install/stsl_interfaces:/opt/ros/humble LD_LIBRARY_PATH=/home/ubuntu/rj_training_container/training_ws/install/stsl_interfaces/lib:${LD_LIBRARY_PATH} PYTHONPATH=/home/ubuntu/rj_training_container/training_ws/install/stsl_interfaces/local/lib/python3.10/dist-packages:${PYTHONPATH} /usr/bin/cmake --build /home/ubuntu/rj_training_container/training_ws/build/stsl_rviz_plugins -- -j16 -l16
[38.518s] DEBUG:colcon.colcon_core.event_handler.log_command:Invoking command in '/home/ubuntu/rj_training_container/training_ws/build/coordinate_transform': AMENT_PREFIX_PATH=/home/ubuntu/rj_training_container/training_ws/install/stsl_interfaces:${AMENT_PREFIX_PATH} CMAKE_PREFIX_PATH=/home/ubuntu/rj_training_container/training_ws/install/stsl_interfaces:/opt/ros/humble LD_LIBRARY_PATH=/home/ubuntu/rj_training_container/training_ws/install/stsl_interfaces/lib:${LD_LIBRARY_PATH} PYTHONPATH=/home/ubuntu/rj_training_container/training_ws/install/stsl_interfaces/local/lib/python3.10/dist-packages:${PYTHONPATH} /usr/bin/cmake --build /home/ubuntu/rj_training_container/training_ws/build/coordinate_transform -- -j16 -l16
[38.595s] DEBUG:colcon.colcon_core.event_handler.log_command:Invoking command in '/home/ubuntu/rj_training_container/training_ws/build/localization': AMENT_PREFIX_PATH=/home/ubuntu/rj_training_container/training_ws/install/stsl_interfaces:${AMENT_PREFIX_PATH} CMAKE_PREFIX_PATH=/home/ubuntu/rj_training_container/training_ws/install/stsl_interfaces:/opt/ros/humble LD_LIBRARY_PATH=/home/ubuntu/rj_training_container/training_ws/install/stsl_interfaces/lib:${LD_LIBRARY_PATH} PYTHONPATH=/home/ubuntu/rj_training_container/training_ws/install/stsl_interfaces/local/lib/python3.10/dist-packages:${PYTHONPATH} /usr/bin/cmake --build /home/ubuntu/rj_training_container/training_ws/build/localization -- -j16 -l16
[38.682s] DEBUG:colcon.colcon_core.event_handler.log_command:Invoking command in '/home/ubuntu/rj_training_container/training_ws/build/mineral_deposit_tracking': AMENT_PREFIX_PATH=/home/ubuntu/rj_training_container/training_ws/install/stsl_interfaces:${AMENT_PREFIX_PATH} CMAKE_PREFIX_PATH=/home/ubuntu/rj_training_container/training_ws/install/stsl_interfaces:/opt/ros/humble LD_LIBRARY_PATH=/home/ubuntu/rj_training_container/training_ws/install/stsl_interfaces/lib:${LD_LIBRARY_PATH} PYTHONPATH=/home/ubuntu/rj_training_container/training_ws/install/stsl_interfaces/local/lib/python3.10/dist-packages:${PYTHONPATH} /usr/bin/cmake --build /home/ubuntu/rj_training_container/training_ws/build/mineral_deposit_tracking -- -j16 -l16
[38.773s] DEBUG:colcon.colcon_core.event_handler.log_command:Invoking command in '/home/ubuntu/rj_training_container/training_ws/build/peak_finder': AMENT_PREFIX_PATH=/home/ubuntu/rj_training_container/training_ws/install/stsl_interfaces:${AMENT_PREFIX_PATH} CMAKE_PREFIX_PATH=/home/ubuntu/rj_training_container/training_ws/install/stsl_interfaces:/opt/ros/humble LD_LIBRARY_PATH=/home/ubuntu/rj_training_container/training_ws/install/stsl_interfaces/lib:${LD_LIBRARY_PATH} PYTHONPATH=/home/ubuntu/rj_training_container/training_ws/install/stsl_interfaces/local/lib/python3.10/dist-packages:${PYTHONPATH} /usr/bin/cmake --build /home/ubuntu/rj_training_container/training_ws/build/peak_finder -- -j16 -l16
[42.221s] DEBUG:colcon.colcon_core.event_handler.log_command:Invoked command in '/home/ubuntu/rj_training_container/training_ws/build/elevation_server' returned '0': AMENT_PREFIX_PATH=/home/ubuntu/rj_training_container/training_ws/install/stsl_interfaces:${AMENT_PREFIX_PATH} CMAKE_PREFIX_PATH=/home/ubuntu/rj_training_container/training_ws/install/stsl_interfaces:/opt/ros/humble LD_LIBRARY_PATH=/home/ubuntu/rj_training_container/training_ws/install/stsl_interfaces/lib:${LD_LIBRARY_PATH} PYTHONPATH=/home/ubuntu/rj_training_container/training_ws/install/stsl_interfaces/local/lib/python3.10/dist-packages:${PYTHONPATH} /usr/bin/cmake --build /home/ubuntu/rj_training_container/training_ws/build/elevation_server -- -j16 -l16
[42.346s] DEBUG:colcon.colcon_core.event_handler.log_command:Invoking command in '/home/ubuntu/rj_training_container/training_ws/build/elevation_server': AMENT_PREFIX_PATH=/home/ubuntu/rj_training_container/training_ws/install/stsl_interfaces:${AMENT_PREFIX_PATH} CMAKE_PREFIX_PATH=/home/ubuntu/rj_training_container/training_ws/install/stsl_interfaces:/opt/ros/humble LD_LIBRARY_PATH=/home/ubuntu/rj_training_container/training_ws/install/stsl_interfaces/lib:${LD_LIBRARY_PATH} PYTHONPATH=/home/ubuntu/rj_training_container/training_ws/install/stsl_interfaces/local/lib/python3.10/dist-packages:${PYTHONPATH} /usr/bin/cmake --install /home/ubuntu/rj_training_container/training_ws/build/elevation_server
[42.502s] DEBUG:colcon.colcon_core.event_handler.log_command:Invoked command in '/home/ubuntu/rj_training_container/training_ws/build/mineral_deposit_detection' returned '0': AMENT_PREFIX_PATH=/home/ubuntu/rj_training_container/training_ws/install/stsl_interfaces:${AMENT_PREFIX_PATH} CMAKE_PREFIX_PATH=/home/ubuntu/rj_training_container/training_ws/install/stsl_interfaces:/opt/ros/humble LD_LIBRARY_PATH=/home/ubuntu/rj_training_container/training_ws/install/stsl_interfaces/lib:${LD_LIBRARY_PATH} PYTHONPATH=/home/ubuntu/rj_training_container/training_ws/install/stsl_interfaces/local/lib/python3.10/dist-packages:${PYTHONPATH} /usr/bin/cmake --build /home/ubuntu/rj_training_container/training_ws/build/mineral_deposit_detection -- -j16 -l16
[42.658s] DEBUG:colcon.colcon_core.event_handler.log_command:Invoking command in '/home/ubuntu/rj_training_container/training_ws/build/mineral_deposit_detection': AMENT_PREFIX_PATH=/home/ubuntu/rj_training_container/training_ws/install/stsl_interfaces:${AMENT_PREFIX_PATH} CMAKE_PREFIX_PATH=/home/ubuntu/rj_training_container/training_ws/install/stsl_interfaces:/opt/ros/humble LD_LIBRARY_PATH=/home/ubuntu/rj_training_container/training_ws/install/stsl_interfaces/lib:${LD_LIBRARY_PATH} PYTHONPATH=/home/ubuntu/rj_training_container/training_ws/install/stsl_interfaces/local/lib/python3.10/dist-packages:${PYTHONPATH} /usr/bin/cmake --install /home/ubuntu/rj_training_container/training_ws/build/mineral_deposit_detection
[42.884s] DEBUG:colcon.colcon_core.event_handler.log_command:Invoked command in '/home/ubuntu/rj_training_container/training_ws/build/coordinate_transform' returned '0': AMENT_PREFIX_PATH=/home/ubuntu/rj_training_container/training_ws/install/stsl_interfaces:${AMENT_PREFIX_PATH} CMAKE_PREFIX_PATH=/home/ubuntu/rj_training_container/training_ws/install/stsl_interfaces:/opt/ros/humble LD_LIBRARY_PATH=/home/ubuntu/rj_training_container/training_ws/install/stsl_interfaces/lib:${LD_LIBRARY_PATH} PYTHONPATH=/home/ubuntu/rj_training_container/training_ws/install/stsl_interfaces/local/lib/python3.10/dist-packages:${PYTHONPATH} /usr/bin/cmake --build /home/ubuntu/rj_training_container/training_ws/build/coordinate_transform -- -j16 -l16
[43.045s] DEBUG:colcon.colcon_core.event_handler.log_command:Invoking command in '/home/ubuntu/rj_training_container/training_ws/build/coordinate_transform': AMENT_PREFIX_PATH=/home/ubuntu/rj_training_container/training_ws/install/stsl_interfaces:${AMENT_PREFIX_PATH} CMAKE_PREFIX_PATH=/home/ubuntu/rj_training_container/training_ws/install/stsl_interfaces:/opt/ros/humble LD_LIBRARY_PATH=/home/ubuntu/rj_training_container/training_ws/install/stsl_interfaces/lib:${LD_LIBRARY_PATH} PYTHONPATH=/home/ubuntu/rj_training_container/training_ws/install/stsl_interfaces/local/lib/python3.10/dist-packages:${PYTHONPATH} /usr/bin/cmake --install /home/ubuntu/rj_training_container/training_ws/build/coordinate_transform
[43.087s] DEBUG:colcon.colcon_core.event_handler.log_command:Invoked command in '/home/ubuntu/rj_training_container/training_ws/build/stsl_aruco_tags' returned '0': AMENT_PREFIX_PATH=/home/ubuntu/rj_training_container/training_ws/install/stsl_interfaces:${AMENT_PREFIX_PATH} CMAKE_PREFIX_PATH=/home/ubuntu/rj_training_container/training_ws/install/stsl_interfaces:/opt/ros/humble LD_LIBRARY_PATH=/home/ubuntu/rj_training_container/training_ws/install/stsl_interfaces/lib:${LD_LIBRARY_PATH} PYTHONPATH=/home/ubuntu/rj_training_container/training_ws/install/stsl_interfaces/local/lib/python3.10/dist-packages:${PYTHONPATH} /usr/bin/cmake --build /home/ubuntu/rj_training_container/training_ws/build/stsl_aruco_tags -- -j16 -l16
[43.166s] DEBUG:colcon.colcon_core.event_handler.log_command:Invoked command in '/home/ubuntu/rj_training_container/training_ws/build/mineral_deposit_tracking' returned '0': AMENT_PREFIX_PATH=/home/ubuntu/rj_training_container/training_ws/install/stsl_interfaces:${AMENT_PREFIX_PATH} CMAKE_PREFIX_PATH=/home/ubuntu/rj_training_container/training_ws/install/stsl_interfaces:/opt/ros/humble LD_LIBRARY_PATH=/home/ubuntu/rj_training_container/training_ws/install/stsl_interfaces/lib:${LD_LIBRARY_PATH} PYTHONPATH=/home/ubuntu/rj_training_container/training_ws/install/stsl_interfaces/local/lib/python3.10/dist-packages:${PYTHONPATH} /usr/bin/cmake --build /home/ubuntu/rj_training_container/training_ws/build/mineral_deposit_tracking -- -j16 -l16
[43.236s] DEBUG:colcon.colcon_core.event_handler.log_command:Invoking command in '/home/ubuntu/rj_training_container/training_ws/build/stsl_aruco_tags': AMENT_PREFIX_PATH=/home/ubuntu/rj_training_container/training_ws/install/stsl_interfaces:${AMENT_PREFIX_PATH} CMAKE_PREFIX_PATH=/home/ubuntu/rj_training_container/training_ws/install/stsl_interfaces:/opt/ros/humble LD_LIBRARY_PATH=/home/ubuntu/rj_training_container/training_ws/install/stsl_interfaces/lib:${LD_LIBRARY_PATH} PYTHONPATH=/home/ubuntu/rj_training_container/training_ws/install/stsl_interfaces/local/lib/python3.10/dist-packages:${PYTHONPATH} /usr/bin/cmake --install /home/ubuntu/rj_training_container/training_ws/build/stsl_aruco_tags
[43.288s] DEBUG:colcon.colcon_core.event_handler.log_command:Invoking command in '/home/ubuntu/rj_training_container/training_ws/build/mineral_deposit_tracking': AMENT_PREFIX_PATH=/home/ubuntu/rj_training_container/training_ws/install/stsl_interfaces:${AMENT_PREFIX_PATH} CMAKE_PREFIX_PATH=/home/ubuntu/rj_training_container/training_ws/install/stsl_interfaces:/opt/ros/humble LD_LIBRARY_PATH=/home/ubuntu/rj_training_container/training_ws/install/stsl_interfaces/lib:${LD_LIBRARY_PATH} PYTHONPATH=/home/ubuntu/rj_training_container/training_ws/install/stsl_interfaces/local/lib/python3.10/dist-packages:${PYTHONPATH} /usr/bin/cmake --install /home/ubuntu/rj_training_container/training_ws/build/mineral_deposit_tracking
[43.935s] DEBUG:colcon.colcon_core.event_handler.log_command:Invoked command in '/home/ubuntu/rj_training_container/training_ws/build/peak_finder' returned '0': AMENT_PREFIX_PATH=/home/ubuntu/rj_training_container/training_ws/install/stsl_interfaces:${AMENT_PREFIX_PATH} CMAKE_PREFIX_PATH=/home/ubuntu/rj_training_container/training_ws/install/stsl_interfaces:/opt/ros/humble LD_LIBRARY_PATH=/home/ubuntu/rj_training_container/training_ws/install/stsl_interfaces/lib:${LD_LIBRARY_PATH} PYTHONPATH=/home/ubuntu/rj_training_container/training_ws/install/stsl_interfaces/local/lib/python3.10/dist-packages:${PYTHONPATH} /usr/bin/cmake --build /home/ubuntu/rj_training_container/training_ws/build/peak_finder -- -j16 -l16
[44.061s] DEBUG:colcon.colcon_core.event_handler.log_command:Invoking command in '/home/ubuntu/rj_training_container/training_ws/build/peak_finder': AMENT_PREFIX_PATH=/home/ubuntu/rj_training_container/training_ws/install/stsl_interfaces:${AMENT_PREFIX_PATH} CMAKE_PREFIX_PATH=/home/ubuntu/rj_training_container/training_ws/install/stsl_interfaces:/opt/ros/humble LD_LIBRARY_PATH=/home/ubuntu/rj_training_container/training_ws/install/stsl_interfaces/lib:${LD_LIBRARY_PATH} PYTHONPATH=/home/ubuntu/rj_training_container/training_ws/install/stsl_interfaces/local/lib/python3.10/dist-packages:${PYTHONPATH} /usr/bin/cmake --install /home/ubuntu/rj_training_container/training_ws/build/peak_finder
[44.110s] DEBUG:colcon.colcon_core.event_handler.log_command:Invoked command in '/home/ubuntu/rj_training_container/training_ws/build/localization' returned '0': AMENT_PREFIX_PATH=/home/ubuntu/rj_training_container/training_ws/install/stsl_interfaces:${AMENT_PREFIX_PATH} CMAKE_PREFIX_PATH=/home/ubuntu/rj_training_container/training_ws/install/stsl_interfaces:/opt/ros/humble LD_LIBRARY_PATH=/home/ubuntu/rj_training_container/training_ws/install/stsl_interfaces/lib:${LD_LIBRARY_PATH} PYTHONPATH=/home/ubuntu/rj_training_container/training_ws/install/stsl_interfaces/local/lib/python3.10/dist-packages:${PYTHONPATH} /usr/bin/cmake --build /home/ubuntu/rj_training_container/training_ws/build/localization -- -j16 -l16
[44.269s] DEBUG:colcon.colcon_core.event_handler.log_command:Invoking command in '/home/ubuntu/rj_training_container/training_ws/build/localization': AMENT_PREFIX_PATH=/home/ubuntu/rj_training_container/training_ws/install/stsl_interfaces:${AMENT_PREFIX_PATH} CMAKE_PREFIX_PATH=/home/ubuntu/rj_training_container/training_ws/install/stsl_interfaces:/opt/ros/humble LD_LIBRARY_PATH=/home/ubuntu/rj_training_container/training_ws/install/stsl_interfaces/lib:${LD_LIBRARY_PATH} PYTHONPATH=/home/ubuntu/rj_training_container/training_ws/install/stsl_interfaces/local/lib/python3.10/dist-packages:${PYTHONPATH} /usr/bin/cmake --install /home/ubuntu/rj_training_container/training_ws/build/localization
[44.650s] Level 1:colcon.colcon_core.environment:create_environment_scripts_only(mineral_deposit_detection)
[44.651s] Level 1:colcon.colcon_core.environment:checking '/home/ubuntu/rj_training_container/training_ws/install/mineral_deposit_detection' for CMake module files
[44.653s] DEBUG:colcon.colcon_core.event_handler.log_command:Invoked command in '/home/ubuntu/rj_training_container/training_ws/build/mineral_deposit_detection' returned '0': AMENT_PREFIX_PATH=/home/ubuntu/rj_training_container/training_ws/install/stsl_interfaces:${AMENT_PREFIX_PATH} CMAKE_PREFIX_PATH=/home/ubuntu/rj_training_container/training_ws/install/stsl_interfaces:/opt/ros/humble LD_LIBRARY_PATH=/home/ubuntu/rj_training_container/training_ws/install/stsl_interfaces/lib:${LD_LIBRARY_PATH} PYTHONPATH=/home/ubuntu/rj_training_container/training_ws/install/stsl_interfaces/local/lib/python3.10/dist-packages:${PYTHONPATH} /usr/bin/cmake --install /home/ubuntu/rj_training_container/training_ws/build/mineral_deposit_detection
[44.872s] Level 1:colcon.colcon_core.environment:checking '/home/ubuntu/rj_training_container/training_ws/install/mineral_deposit_detection' for CMake config files
[45.057s] Level 1:colcon.colcon_core.shell:create_environment_hook('mineral_deposit_detection', 'cmake_prefix_path')
[45.058s] INFO:colcon.colcon_core.shell:Creating environment hook '/home/ubuntu/rj_training_container/training_ws/install/mineral_deposit_detection/share/mineral_deposit_detection/hook/cmake_prefix_path.ps1'
[45.092s] INFO:colcon.colcon_core.shell:Creating environment descriptor '/home/ubuntu/rj_training_container/training_ws/install/mineral_deposit_detection/share/mineral_deposit_detection/hook/cmake_prefix_path.dsv'
[45.122s] INFO:colcon.colcon_core.shell:Creating environment hook '/home/ubuntu/rj_training_container/training_ws/install/mineral_deposit_detection/share/mineral_deposit_detection/hook/cmake_prefix_path.sh'
[45.156s] Level 1:colcon.colcon_core.environment:checking '/home/ubuntu/rj_training_container/training_ws/install/mineral_deposit_detection/lib'
[45.165s] Level 1:colcon.colcon_core.shell:create_environment_hook('mineral_deposit_detection', 'ld_library_path_lib')
[45.166s] INFO:colcon.colcon_core.shell:Creating environment hook '/home/ubuntu/rj_training_container/training_ws/install/mineral_deposit_detection/share/mineral_deposit_detection/hook/ld_library_path_lib.ps1'
[45.196s] INFO:colcon.colcon_core.shell:Creating environment descriptor '/home/ubuntu/rj_training_container/training_ws/install/mineral_deposit_detection/share/mineral_deposit_detection/hook/ld_library_path_lib.dsv'
[45.221s] INFO:colcon.colcon_core.shell:Creating environment hook '/home/ubuntu/rj_training_container/training_ws/install/mineral_deposit_detection/share/mineral_deposit_detection/hook/ld_library_path_lib.sh'
[45.244s] Level 1:colcon.colcon_core.environment:checking '/home/ubuntu/rj_training_container/training_ws/install/mineral_deposit_detection/bin'
[45.246s] Level 1:colcon.colcon_core.environment:checking '/home/ubuntu/rj_training_container/training_ws/install/mineral_deposit_detection/lib/pkgconfig/mineral_deposit_detection.pc'
[45.248s] Level 1:colcon.colcon_core.environment:checking '/home/ubuntu/rj_training_container/training_ws/install/mineral_deposit_detection/lib/python3.10/site-packages'
[45.251s] Level 1:colcon.colcon_core.environment:checking '/home/ubuntu/rj_training_container/training_ws/install/mineral_deposit_detection/bin'
[45.253s] INFO:colcon.colcon_core.shell:Creating package script '/home/ubuntu/rj_training_container/training_ws/install/mineral_deposit_detection/share/mineral_deposit_detection/package.ps1'
[45.271s] INFO:colcon.colcon_core.shell:Creating package descriptor '/home/ubuntu/rj_training_container/training_ws/install/mineral_deposit_detection/share/mineral_deposit_detection/package.dsv'
[45.287s] INFO:colcon.colcon_core.shell:Creating package script '/home/ubuntu/rj_training_container/training_ws/install/mineral_deposit_detection/share/mineral_deposit_detection/package.sh'
[45.304s] INFO:colcon.colcon_core.shell:Creating package script '/home/ubuntu/rj_training_container/training_ws/install/mineral_deposit_detection/share/mineral_deposit_detection/package.bash'
[45.322s] INFO:colcon.colcon_core.shell:Creating package script '/home/ubuntu/rj_training_container/training_ws/install/mineral_deposit_detection/share/mineral_deposit_detection/package.zsh'
[45.342s] Level 1:colcon.colcon_core.environment:create_file_with_runtime_dependencies(/home/ubuntu/rj_training_container/training_ws/install/mineral_deposit_detection/share/colcon-core/packages/mineral_deposit_detection)
[45.370s] DEBUG:colcon.colcon_core.event_handler.log_command:Invoked command in '/home/ubuntu/rj_training_container/training_ws/build/stsl_bt_nodes' returned '0': AMENT_PREFIX_PATH=/home/ubuntu/rj_training_container/training_ws/install/stsl_interfaces:${AMENT_PREFIX_PATH} CMAKE_PREFIX_PATH=/home/ubuntu/rj_training_container/training_ws/install/stsl_interfaces:/opt/ros/humble LD_LIBRARY_PATH=/home/ubuntu/rj_training_container/training_ws/install/stsl_interfaces/lib:${LD_LIBRARY_PATH} PYTHONPATH=/home/ubuntu/rj_training_container/training_ws/install/stsl_interfaces/local/lib/python3.10/dist-packages:${PYTHONPATH} /usr/bin/cmake --build /home/ubuntu/rj_training_container/training_ws/build/stsl_bt_nodes -- -j16 -l16
[45.378s] Level 1:colcon.colcon_core.environment:create_environment_scripts_only(coordinate_transform)
[45.379s] Level 1:colcon.colcon_core.environment:checking '/home/ubuntu/rj_training_container/training_ws/install/coordinate_transform' for CMake module files
[45.380s] DEBUG:colcon.colcon_core.event_handler.log_command:Invoked command in '/home/ubuntu/rj_training_container/training_ws/build/coordinate_transform' returned '0': AMENT_PREFIX_PATH=/home/ubuntu/rj_training_container/training_ws/install/stsl_interfaces:${AMENT_PREFIX_PATH} CMAKE_PREFIX_PATH=/home/ubuntu/rj_training_container/training_ws/install/stsl_interfaces:/opt/ros/humble LD_LIBRARY_PATH=/home/ubuntu/rj_training_container/training_ws/install/stsl_interfaces/lib:${LD_LIBRARY_PATH} PYTHONPATH=/home/ubuntu/rj_training_container/training_ws/install/stsl_interfaces/local/lib/python3.10/dist-packages:${PYTHONPATH} /usr/bin/cmake --install /home/ubuntu/rj_training_container/training_ws/build/coordinate_transform
[45.523s] Level 1:colcon.colcon_core.environment:checking '/home/ubuntu/rj_training_container/training_ws/install/coordinate_transform' for CMake config files
[45.643s] Level 1:colcon.colcon_core.shell:create_environment_hook('coordinate_transform', 'cmake_prefix_path')
[45.644s] INFO:colcon.colcon_core.shell:Creating environment hook '/home/ubuntu/rj_training_container/training_ws/install/coordinate_transform/share/coordinate_transform/hook/cmake_prefix_path.ps1'
[45.662s] INFO:colcon.colcon_core.shell:Creating environment descriptor '/home/ubuntu/rj_training_container/training_ws/install/coordinate_transform/share/coordinate_transform/hook/cmake_prefix_path.dsv'
[45.682s] INFO:colcon.colcon_core.shell:Creating environment hook '/home/ubuntu/rj_training_container/training_ws/install/coordinate_transform/share/coordinate_transform/hook/cmake_prefix_path.sh'
[45.702s] Level 1:colcon.colcon_core.environment:checking '/home/ubuntu/rj_training_container/training_ws/install/coordinate_transform/lib'
[45.708s] Level 1:colcon.colcon_core.shell:create_environment_hook('coordinate_transform', 'ld_library_path_lib')
[45.708s] INFO:colcon.colcon_core.shell:Creating environment hook '/home/ubuntu/rj_training_container/training_ws/install/coordinate_transform/share/coordinate_transform/hook/ld_library_path_lib.ps1'
[45.726s] INFO:colcon.colcon_core.shell:Creating environment descriptor '/home/ubuntu/rj_training_container/training_ws/install/coordinate_transform/share/coordinate_transform/hook/ld_library_path_lib.dsv'
[45.744s] INFO:colcon.colcon_core.shell:Creating environment hook '/home/ubuntu/rj_training_container/training_ws/install/coordinate_transform/share/coordinate_transform/hook/ld_library_path_lib.sh'
[45.760s] Level 1:colcon.colcon_core.environment:checking '/home/ubuntu/rj_training_container/training_ws/install/coordinate_transform/bin'
[45.762s] Level 1:colcon.colcon_core.environment:checking '/home/ubuntu/rj_training_container/training_ws/install/coordinate_transform/lib/pkgconfig/coordinate_transform.pc'
[45.764s] Level 1:colcon.colcon_core.environment:checking '/home/ubuntu/rj_training_container/training_ws/install/coordinate_transform/lib/python3.10/site-packages'
[45.766s] Level 1:colcon.colcon_core.environment:checking '/home/ubuntu/rj_training_container/training_ws/install/coordinate_transform/bin'
[45.768s] INFO:colcon.colcon_core.shell:Creating package script '/home/ubuntu/rj_training_container/training_ws/install/coordinate_transform/share/coordinate_transform/package.ps1'
[45.782s] INFO:colcon.colcon_core.shell:Creating package descriptor '/home/ubuntu/rj_training_container/training_ws/install/coordinate_transform/share/coordinate_transform/package.dsv'
[45.798s] INFO:colcon.colcon_core.shell:Creating package script '/home/ubuntu/rj_training_container/training_ws/install/coordinate_transform/share/coordinate_transform/package.sh'
[45.813s] INFO:colcon.colcon_core.shell:Creating package script '/home/ubuntu/rj_training_container/training_ws/install/coordinate_transform/share/coordinate_transform/package.bash'
[45.829s] INFO:colcon.colcon_core.shell:Creating package script '/home/ubuntu/rj_training_container/training_ws/install/coordinate_transform/share/coordinate_transform/package.zsh'
[45.842s] Level 1:colcon.colcon_core.environment:create_file_with_runtime_dependencies(/home/ubuntu/rj_training_container/training_ws/install/coordinate_transform/share/colcon-core/packages/coordinate_transform)
[45.863s] Level 1:colcon.colcon_core.environment:create_environment_scripts_only(elevation_server)
[45.864s] Level 1:colcon.colcon_core.environment:checking '/home/ubuntu/rj_training_container/training_ws/install/elevation_server' for CMake module files
[45.866s] DEBUG:colcon.colcon_core.event_handler.log_command:Invoked command in '/home/ubuntu/rj_training_container/training_ws/build/elevation_server' returned '0': AMENT_PREFIX_PATH=/home/ubuntu/rj_training_container/training_ws/install/stsl_interfaces:${AMENT_PREFIX_PATH} CMAKE_PREFIX_PATH=/home/ubuntu/rj_training_container/training_ws/install/stsl_interfaces:/opt/ros/humble LD_LIBRARY_PATH=/home/ubuntu/rj_training_container/training_ws/install/stsl_interfaces/lib:${LD_LIBRARY_PATH} PYTHONPATH=/home/ubuntu/rj_training_container/training_ws/install/stsl_interfaces/local/lib/python3.10/dist-packages:${PYTHONPATH} /usr/bin/cmake --install /home/ubuntu/rj_training_container/training_ws/build/elevation_server
[45.992s] Level 1:colcon.colcon_core.environment:checking '/home/ubuntu/rj_training_container/training_ws/install/elevation_server' for CMake config files
[46.081s] Level 1:colcon.colcon_core.shell:create_environment_hook('elevation_server', 'cmake_prefix_path')
[46.082s] INFO:colcon.colcon_core.shell:Creating environment hook '/home/ubuntu/rj_training_container/training_ws/install/elevation_server/share/elevation_server/hook/cmake_prefix_path.ps1'
[46.099s] INFO:colcon.colcon_core.shell:Creating environment descriptor '/home/ubuntu/rj_training_container/training_ws/install/elevation_server/share/elevation_server/hook/cmake_prefix_path.dsv'
[46.118s] INFO:colcon.colcon_core.shell:Creating environment hook '/home/ubuntu/rj_training_container/training_ws/install/elevation_server/share/elevation_server/hook/cmake_prefix_path.sh'
[46.137s] Level 1:colcon.colcon_core.environment:checking '/home/ubuntu/rj_training_container/training_ws/install/elevation_server/lib'
[46.142s] Level 1:colcon.colcon_core.shell:create_environment_hook('elevation_server', 'ld_library_path_lib')
[46.142s] INFO:colcon.colcon_core.shell:Creating environment hook '/home/ubuntu/rj_training_container/training_ws/install/elevation_server/share/elevation_server/hook/ld_library_path_lib.ps1'
[46.157s] INFO:colcon.colcon_core.shell:Creating environment descriptor '/home/ubuntu/rj_training_container/training_ws/install/elevation_server/share/elevation_server/hook/ld_library_path_lib.dsv'
[46.171s] INFO:colcon.colcon_core.shell:Creating environment hook '/home/ubuntu/rj_training_container/training_ws/install/elevation_server/share/elevation_server/hook/ld_library_path_lib.sh'
[46.189s] Level 1:colcon.colcon_core.environment:checking '/home/ubuntu/rj_training_container/training_ws/install/elevation_server/bin'
[46.191s] Level 1:colcon.colcon_core.environment:checking '/home/ubuntu/rj_training_container/training_ws/install/elevation_server/lib/pkgconfig/elevation_server.pc'
[46.193s] Level 1:colcon.colcon_core.environment:checking '/home/ubuntu/rj_training_container/training_ws/install/elevation_server/lib/python3.10/site-packages'
[46.195s] Level 1:colcon.colcon_core.environment:checking '/home/ubuntu/rj_training_container/training_ws/install/elevation_server/bin'
[46.197s] INFO:colcon.colcon_core.shell:Creating package script '/home/ubuntu/rj_training_container/training_ws/install/elevation_server/share/elevation_server/package.ps1'
[46.213s] INFO:colcon.colcon_core.shell:Creating package descriptor '/home/ubuntu/rj_training_container/training_ws/install/elevation_server/share/elevation_server/package.dsv'
[46.228s] INFO:colcon.colcon_core.shell:Creating package script '/home/ubuntu/rj_training_container/training_ws/install/elevation_server/share/elevation_server/package.sh'
[46.242s] INFO:colcon.colcon_core.shell:Creating package script '/home/ubuntu/rj_training_container/training_ws/install/elevation_server/share/elevation_server/package.bash'
[46.257s] INFO:colcon.colcon_core.shell:Creating package script '/home/ubuntu/rj_training_container/training_ws/install/elevation_server/share/elevation_server/package.zsh'
[46.270s] Level 1:colcon.colcon_core.environment:create_file_with_runtime_dependencies(/home/ubuntu/rj_training_container/training_ws/install/elevation_server/share/colcon-core/packages/elevation_server)
[46.293s] DEBUG:colcon.colcon_core.event_handler.log_command:Invoked command in '/home/ubuntu/rj_training_container/training_ws/build/stsl_rviz_plugins' returned '0': AMENT_PREFIX_PATH=/home/ubuntu/rj_training_container/training_ws/install/stsl_interfaces:${AMENT_PREFIX_PATH} CMAKE_PREFIX_PATH=/home/ubuntu/rj_training_container/training_ws/install/stsl_interfaces:/opt/ros/humble LD_LIBRARY_PATH=/home/ubuntu/rj_training_container/training_ws/install/stsl_interfaces/lib:${LD_LIBRARY_PATH} PYTHONPATH=/home/ubuntu/rj_training_container/training_ws/install/stsl_interfaces/local/lib/python3.10/dist-packages:${PYTHONPATH} /usr/bin/cmake --build /home/ubuntu/rj_training_container/training_ws/build/stsl_rviz_plugins -- -j16 -l16
[46.300s] Level 1:colcon.colcon_core.environment:create_environment_scripts_only(mineral_deposit_tracking)
[46.301s] Level 1:colcon.colcon_core.environment:checking '/home/ubuntu/rj_training_container/training_ws/install/mineral_deposit_tracking' for CMake module files
[46.302s] DEBUG:colcon.colcon_core.event_handler.log_command:Invoked command in '/home/ubuntu/rj_training_container/training_ws/build/mineral_deposit_tracking' returned '0': AMENT_PREFIX_PATH=/home/ubuntu/rj_training_container/training_ws/install/stsl_interfaces:${AMENT_PREFIX_PATH} CMAKE_PREFIX_PATH=/home/ubuntu/rj_training_container/training_ws/install/stsl_interfaces:/opt/ros/humble LD_LIBRARY_PATH=/home/ubuntu/rj_training_container/training_ws/install/stsl_interfaces/lib:${LD_LIBRARY_PATH} PYTHONPATH=/home/ubuntu/rj_training_container/training_ws/install/stsl_interfaces/local/lib/python3.10/dist-packages:${PYTHONPATH} /usr/bin/cmake --install /home/ubuntu/rj_training_container/training_ws/build/mineral_deposit_tracking
[46.428s] Level 1:colcon.colcon_core.environment:checking '/home/ubuntu/rj_training_container/training_ws/install/mineral_deposit_tracking' for CMake config files
[46.528s] Level 1:colcon.colcon_core.shell:create_environment_hook('mineral_deposit_tracking', 'cmake_prefix_path')
[46.529s] INFO:colcon.colcon_core.shell:Creating environment hook '/home/ubuntu/rj_training_container/training_ws/install/mineral_deposit_tracking/share/mineral_deposit_tracking/hook/cmake_prefix_path.ps1'
[46.548s] INFO:colcon.colcon_core.shell:Creating environment descriptor '/home/ubuntu/rj_training_container/training_ws/install/mineral_deposit_tracking/share/mineral_deposit_tracking/hook/cmake_prefix_path.dsv'
[46.567s] INFO:colcon.colcon_core.shell:Creating environment hook '/home/ubuntu/rj_training_container/training_ws/install/mineral_deposit_tracking/share/mineral_deposit_tracking/hook/cmake_prefix_path.sh'
[46.592s] Level 1:colcon.colcon_core.environment:checking '/home/ubuntu/rj_training_container/training_ws/install/mineral_deposit_tracking/lib'
[46.597s] Level 1:colcon.colcon_core.shell:create_environment_hook('mineral_deposit_tracking', 'ld_library_path_lib')
[46.598s] INFO:colcon.colcon_core.shell:Creating environment hook '/home/ubuntu/rj_training_container/training_ws/install/mineral_deposit_tracking/share/mineral_deposit_tracking/hook/ld_library_path_lib.ps1'
[46.616s] INFO:colcon.colcon_core.shell:Creating environment descriptor '/home/ubuntu/rj_training_container/training_ws/install/mineral_deposit_tracking/share/mineral_deposit_tracking/hook/ld_library_path_lib.dsv'
[46.637s] INFO:colcon.colcon_core.shell:Creating environment hook '/home/ubuntu/rj_training_container/training_ws/install/mineral_deposit_tracking/share/mineral_deposit_tracking/hook/ld_library_path_lib.sh'
[46.654s] Level 1:colcon.colcon_core.environment:checking '/home/ubuntu/rj_training_container/training_ws/install/mineral_deposit_tracking/bin'
[46.655s] Level 1:colcon.colcon_core.environment:checking '/home/ubuntu/rj_training_container/training_ws/install/mineral_deposit_tracking/lib/pkgconfig/mineral_deposit_tracking.pc'
[46.658s] Level 1:colcon.colcon_core.environment:checking '/home/ubuntu/rj_training_container/training_ws/install/mineral_deposit_tracking/lib/python3.10/site-packages'
[46.660s] Level 1:colcon.colcon_core.environment:checking '/home/ubuntu/rj_training_container/training_ws/install/mineral_deposit_tracking/bin'
[46.662s] INFO:colcon.colcon_core.shell:Creating package script '/home/ubuntu/rj_training_container/training_ws/install/mineral_deposit_tracking/share/mineral_deposit_tracking/package.ps1'
[46.673s] INFO:colcon.colcon_core.shell:Creating package descriptor '/home/ubuntu/rj_training_container/training_ws/install/mineral_deposit_tracking/share/mineral_deposit_tracking/package.dsv'
[46.703s] INFO:colcon.colcon_core.shell:Creating package script '/home/ubuntu/rj_training_container/training_ws/install/mineral_deposit_tracking/share/mineral_deposit_tracking/package.sh'
[46.719s] INFO:colcon.colcon_core.shell:Creating package script '/home/ubuntu/rj_training_container/training_ws/install/mineral_deposit_tracking/share/mineral_deposit_tracking/package.bash'
[46.739s] INFO:colcon.colcon_core.shell:Creating package script '/home/ubuntu/rj_training_container/training_ws/install/mineral_deposit_tracking/share/mineral_deposit_tracking/package.zsh'
[46.762s] Level 1:colcon.colcon_core.environment:create_file_with_runtime_dependencies(/home/ubuntu/rj_training_container/training_ws/install/mineral_deposit_tracking/share/colcon-core/packages/mineral_deposit_tracking)
[46.789s] Level 1:colcon.colcon_core.environment:create_environment_scripts_only(stsl_aruco_tags)
[46.790s] Level 1:colcon.colcon_core.environment:checking '/home/ubuntu/rj_training_container/training_ws/install/stsl_aruco_tags' for CMake module files
[46.791s] DEBUG:colcon.colcon_core.event_handler.log_command:Invoked command in '/home/ubuntu/rj_training_container/training_ws/build/stsl_aruco_tags' returned '0': AMENT_PREFIX_PATH=/home/ubuntu/rj_training_container/training_ws/install/stsl_interfaces:${AMENT_PREFIX_PATH} CMAKE_PREFIX_PATH=/home/ubuntu/rj_training_container/training_ws/install/stsl_interfaces:/opt/ros/humble LD_LIBRARY_PATH=/home/ubuntu/rj_training_container/training_ws/install/stsl_interfaces/lib:${LD_LIBRARY_PATH} PYTHONPATH=/home/ubuntu/rj_training_container/training_ws/install/stsl_interfaces/local/lib/python3.10/dist-packages:${PYTHONPATH} /usr/bin/cmake --install /home/ubuntu/rj_training_container/training_ws/build/stsl_aruco_tags
[46.956s] Level 1:colcon.colcon_core.environment:checking '/home/ubuntu/rj_training_container/training_ws/install/stsl_aruco_tags' for CMake config files
[47.054s] Level 1:colcon.colcon_core.shell:create_environment_hook('stsl_aruco_tags', 'cmake_prefix_path')
[47.054s] INFO:colcon.colcon_core.shell:Creating environment hook '/home/ubuntu/rj_training_container/training_ws/install/stsl_aruco_tags/share/stsl_aruco_tags/hook/cmake_prefix_path.ps1'
[47.074s] INFO:colcon.colcon_core.shell:Creating environment descriptor '/home/ubuntu/rj_training_container/training_ws/install/stsl_aruco_tags/share/stsl_aruco_tags/hook/cmake_prefix_path.dsv'
[47.092s] INFO:colcon.colcon_core.shell:Creating environment hook '/home/ubuntu/rj_training_container/training_ws/install/stsl_aruco_tags/share/stsl_aruco_tags/hook/cmake_prefix_path.sh'
[47.112s] Level 1:colcon.colcon_core.environment:checking '/home/ubuntu/rj_training_container/training_ws/install/stsl_aruco_tags/lib'
[47.117s] Level 1:colcon.colcon_core.shell:create_environment_hook('stsl_aruco_tags', 'ld_library_path_lib')
[47.118s] INFO:colcon.colcon_core.shell:Creating environment hook '/home/ubuntu/rj_training_container/training_ws/install/stsl_aruco_tags/share/stsl_aruco_tags/hook/ld_library_path_lib.ps1'
[47.134s] INFO:colcon.colcon_core.shell:Creating environment descriptor '/home/ubuntu/rj_training_container/training_ws/install/stsl_aruco_tags/share/stsl_aruco_tags/hook/ld_library_path_lib.dsv'
[47.149s] INFO:colcon.colcon_core.shell:Creating environment hook '/home/ubuntu/rj_training_container/training_ws/install/stsl_aruco_tags/share/stsl_aruco_tags/hook/ld_library_path_lib.sh'
[47.164s] Level 1:colcon.colcon_core.environment:checking '/home/ubuntu/rj_training_container/training_ws/install/stsl_aruco_tags/bin'
[47.166s] Level 1:colcon.colcon_core.environment:checking '/home/ubuntu/rj_training_container/training_ws/install/stsl_aruco_tags/lib/pkgconfig/stsl_aruco_tags.pc'
[47.168s] Level 1:colcon.colcon_core.environment:checking '/home/ubuntu/rj_training_container/training_ws/install/stsl_aruco_tags/lib/python3.10/site-packages'
[47.170s] Level 1:colcon.colcon_core.environment:checking '/home/ubuntu/rj_training_container/training_ws/install/stsl_aruco_tags/bin'
[47.172s] INFO:colcon.colcon_core.shell:Creating package script '/home/ubuntu/rj_training_container/training_ws/install/stsl_aruco_tags/share/stsl_aruco_tags/package.ps1'
[47.184s] INFO:colcon.colcon_core.shell:Creating package descriptor '/home/ubuntu/rj_training_container/training_ws/install/stsl_aruco_tags/share/stsl_aruco_tags/package.dsv'
[47.198s] INFO:colcon.colcon_core.shell:Creating package script '/home/ubuntu/rj_training_container/training_ws/install/stsl_aruco_tags/share/stsl_aruco_tags/package.sh'
[47.211s] INFO:colcon.colcon_core.shell:Creating package script '/home/ubuntu/rj_training_container/training_ws/install/stsl_aruco_tags/share/stsl_aruco_tags/package.bash'
[47.227s] INFO:colcon.colcon_core.shell:Creating package script '/home/ubuntu/rj_training_container/training_ws/install/stsl_aruco_tags/share/stsl_aruco_tags/package.zsh'
[47.242s] Level 1:colcon.colcon_core.environment:create_file_with_runtime_dependencies(/home/ubuntu/rj_training_container/training_ws/install/stsl_aruco_tags/share/colcon-core/packages/stsl_aruco_tags)
[47.261s] Level 1:colcon.colcon_core.environment:create_environment_scripts_only(peak_finder)
[47.262s] Level 1:colcon.colcon_core.environment:checking '/home/ubuntu/rj_training_container/training_ws/install/peak_finder' for CMake module files
[47.263s] DEBUG:colcon.colcon_core.event_handler.log_command:Invoked command in '/home/ubuntu/rj_training_container/training_ws/build/peak_finder' returned '0': AMENT_PREFIX_PATH=/home/ubuntu/rj_training_container/training_ws/install/stsl_interfaces:${AMENT_PREFIX_PATH} CMAKE_PREFIX_PATH=/home/ubuntu/rj_training_container/training_ws/install/stsl_interfaces:/opt/ros/humble LD_LIBRARY_PATH=/home/ubuntu/rj_training_container/training_ws/install/stsl_interfaces/lib:${LD_LIBRARY_PATH} PYTHONPATH=/home/ubuntu/rj_training_container/training_ws/install/stsl_interfaces/local/lib/python3.10/dist-packages:${PYTHONPATH} /usr/bin/cmake --install /home/ubuntu/rj_training_container/training_ws/build/peak_finder
[47.374s] Level 1:colcon.colcon_core.environment:checking '/home/ubuntu/rj_training_container/training_ws/install/peak_finder' for CMake config files
[47.463s] Level 1:colcon.colcon_core.shell:create_environment_hook('peak_finder', 'cmake_prefix_path')
[47.464s] INFO:colcon.colcon_core.shell:Creating environment hook '/home/ubuntu/rj_training_container/training_ws/install/peak_finder/share/peak_finder/hook/cmake_prefix_path.ps1'
[47.479s] INFO:colcon.colcon_core.shell:Creating environment descriptor '/home/ubuntu/rj_training_container/training_ws/install/peak_finder/share/peak_finder/hook/cmake_prefix_path.dsv'
[47.495s] INFO:colcon.colcon_core.shell:Creating environment hook '/home/ubuntu/rj_training_container/training_ws/install/peak_finder/share/peak_finder/hook/cmake_prefix_path.sh'
[47.516s] Level 1:colcon.colcon_core.environment:checking '/home/ubuntu/rj_training_container/training_ws/install/peak_finder/lib'
[47.521s] Level 1:colcon.colcon_core.shell:create_environment_hook('peak_finder', 'ld_library_path_lib')
[47.522s] INFO:colcon.colcon_core.shell:Creating environment hook '/home/ubuntu/rj_training_container/training_ws/install/peak_finder/share/peak_finder/hook/ld_library_path_lib.ps1'
[47.542s] INFO:colcon.colcon_core.shell:Creating environment descriptor '/home/ubuntu/rj_training_container/training_ws/install/peak_finder/share/peak_finder/hook/ld_library_path_lib.dsv'
[47.560s] INFO:colcon.colcon_core.shell:Creating environment hook '/home/ubuntu/rj_training_container/training_ws/install/peak_finder/share/peak_finder/hook/ld_library_path_lib.sh'
[47.579s] Level 1:colcon.colcon_core.environment:checking '/home/ubuntu/rj_training_container/training_ws/install/peak_finder/bin'
[47.581s] Level 1:colcon.colcon_core.environment:checking '/home/ubuntu/rj_training_container/training_ws/install/peak_finder/lib/pkgconfig/peak_finder.pc'
[47.584s] Level 1:colcon.colcon_core.environment:checking '/home/ubuntu/rj_training_container/training_ws/install/peak_finder/lib/python3.10/site-packages'
[47.586s] Level 1:colcon.colcon_core.environment:checking '/home/ubuntu/rj_training_container/training_ws/install/peak_finder/bin'
[47.589s] INFO:colcon.colcon_core.shell:Creating package script '/home/ubuntu/rj_training_container/training_ws/install/peak_finder/share/peak_finder/package.ps1'
[47.617s] INFO:colcon.colcon_core.shell:Creating package descriptor '/home/ubuntu/rj_training_container/training_ws/install/peak_finder/share/peak_finder/package.dsv'
[47.634s] INFO:colcon.colcon_core.shell:Creating package script '/home/ubuntu/rj_training_container/training_ws/install/peak_finder/share/peak_finder/package.sh'
[47.653s] INFO:colcon.colcon_core.shell:Creating package script '/home/ubuntu/rj_training_container/training_ws/install/peak_finder/share/peak_finder/package.bash'
[47.670s] INFO:colcon.colcon_core.shell:Creating package script '/home/ubuntu/rj_training_container/training_ws/install/peak_finder/share/peak_finder/package.zsh'
[47.688s] Level 1:colcon.colcon_core.environment:create_file_with_runtime_dependencies(/home/ubuntu/rj_training_container/training_ws/install/peak_finder/share/colcon-core/packages/peak_finder)
[47.720s] Level 1:colcon.colcon_core.environment:create_environment_scripts_only(localization)
[47.721s] Level 1:colcon.colcon_core.environment:checking '/home/ubuntu/rj_training_container/training_ws/install/localization' for CMake module files
[47.722s] DEBUG:colcon.colcon_core.event_handler.log_command:Invoked command in '/home/ubuntu/rj_training_container/training_ws/build/localization' returned '0': AMENT_PREFIX_PATH=/home/ubuntu/rj_training_container/training_ws/install/stsl_interfaces:${AMENT_PREFIX_PATH} CMAKE_PREFIX_PATH=/home/ubuntu/rj_training_container/training_ws/install/stsl_interfaces:/opt/ros/humble LD_LIBRARY_PATH=/home/ubuntu/rj_training_container/training_ws/install/stsl_interfaces/lib:${LD_LIBRARY_PATH} PYTHONPATH=/home/ubuntu/rj_training_container/training_ws/install/stsl_interfaces/local/lib/python3.10/dist-packages:${PYTHONPATH} /usr/bin/cmake --install /home/ubuntu/rj_training_container/training_ws/build/localization
[47.853s] Level 1:colcon.colcon_core.environment:checking '/home/ubuntu/rj_training_container/training_ws/install/localization' for CMake config files
[47.964s] Level 1:colcon.colcon_core.shell:create_environment_hook('localization', 'cmake_prefix_path')
[47.965s] INFO:colcon.colcon_core.shell:Creating environment hook '/home/ubuntu/rj_training_container/training_ws/install/localization/share/localization/hook/cmake_prefix_path.ps1'
[47.982s] INFO:colcon.colcon_core.shell:Creating environment descriptor '/home/ubuntu/rj_training_container/training_ws/install/localization/share/localization/hook/cmake_prefix_path.dsv'
[48.003s] INFO:colcon.colcon_core.shell:Creating environment hook '/home/ubuntu/rj_training_container/training_ws/install/localization/share/localization/hook/cmake_prefix_path.sh'
[48.025s] Level 1:colcon.colcon_core.environment:checking '/home/ubuntu/rj_training_container/training_ws/install/localization/lib'
[48.031s] Level 1:colcon.colcon_core.shell:create_environment_hook('localization', 'ld_library_path_lib')
[48.032s] INFO:colcon.colcon_core.shell:Creating environment hook '/home/ubuntu/rj_training_container/training_ws/install/localization/share/localization/hook/ld_library_path_lib.ps1'
[48.060s] INFO:colcon.colcon_core.shell:Creating environment descriptor '/home/ubuntu/rj_training_container/training_ws/install/localization/share/localization/hook/ld_library_path_lib.dsv'
[48.081s] INFO:colcon.colcon_core.shell:Creating environment hook '/home/ubuntu/rj_training_container/training_ws/install/localization/share/localization/hook/ld_library_path_lib.sh'
[48.114s] Level 1:colcon.colcon_core.environment:checking '/home/ubuntu/rj_training_container/training_ws/install/localization/bin'
[48.115s] Level 1:colcon.colcon_core.environment:checking '/home/ubuntu/rj_training_container/training_ws/install/localization/lib/pkgconfig/localization.pc'
[48.118s] Level 1:colcon.colcon_core.environment:checking '/home/ubuntu/rj_training_container/training_ws/install/localization/lib/python3.10/site-packages'
[48.120s] Level 1:colcon.colcon_core.environment:checking '/home/ubuntu/rj_training_container/training_ws/install/localization/bin'
[48.122s] INFO:colcon.colcon_core.shell:Creating package script '/home/ubuntu/rj_training_container/training_ws/install/localization/share/localization/package.ps1'
[48.134s] INFO:colcon.colcon_core.shell:Creating package descriptor '/home/ubuntu/rj_training_container/training_ws/install/localization/share/localization/package.dsv'
[48.151s] INFO:colcon.colcon_core.shell:Creating package script '/home/ubuntu/rj_training_container/training_ws/install/localization/share/localization/package.sh'
[48.166s] INFO:colcon.colcon_core.shell:Creating package script '/home/ubuntu/rj_training_container/training_ws/install/localization/share/localization/package.bash'
[48.181s] INFO:colcon.colcon_core.shell:Creating package script '/home/ubuntu/rj_training_container/training_ws/install/localization/share/localization/package.zsh'
[48.197s] Level 1:colcon.colcon_core.environment:create_file_with_runtime_dependencies(/home/ubuntu/rj_training_container/training_ws/install/localization/share/colcon-core/packages/localization)
[48.219s] Level 1:colcon.colcon_core.environment:create_environment_scripts_only(mineral_deposit_detection)
[48.220s] Level 1:colcon.colcon_core.environment:checking '/home/ubuntu/rj_training_container/training_ws/install/mineral_deposit_detection' for CMake module files
[48.334s] Level 1:colcon.colcon_core.environment:checking '/home/ubuntu/rj_training_container/training_ws/install/mineral_deposit_detection' for CMake config files
[48.415s] Level 1:colcon.colcon_core.shell:create_environment_hook('mineral_deposit_detection', 'cmake_prefix_path')
[48.416s] INFO:colcon.colcon_core.shell:Creating environment hook '/home/ubuntu/rj_training_container/training_ws/install/mineral_deposit_detection/share/mineral_deposit_detection/hook/cmake_prefix_path.ps1'
[48.438s] INFO:colcon.colcon_core.shell:Creating environment descriptor '/home/ubuntu/rj_training_container/training_ws/install/mineral_deposit_detection/share/mineral_deposit_detection/hook/cmake_prefix_path.dsv'
[48.457s] INFO:colcon.colcon_core.shell:Creating environment hook '/home/ubuntu/rj_training_container/training_ws/install/mineral_deposit_detection/share/mineral_deposit_detection/hook/cmake_prefix_path.sh'
[48.480s] Level 1:colcon.colcon_core.environment:checking '/home/ubuntu/rj_training_container/training_ws/install/mineral_deposit_detection/lib'
[48.486s] Level 1:colcon.colcon_core.shell:create_environment_hook('mineral_deposit_detection', 'ld_library_path_lib')
[48.487s] INFO:colcon.colcon_core.shell:Creating environment hook '/home/ubuntu/rj_training_container/training_ws/install/mineral_deposit_detection/share/mineral_deposit_detection/hook/ld_library_path_lib.ps1'
[48.505s] INFO:colcon.colcon_core.shell:Creating environment descriptor '/home/ubuntu/rj_training_container/training_ws/install/mineral_deposit_detection/share/mineral_deposit_detection/hook/ld_library_path_lib.dsv'
[48.526s] INFO:colcon.colcon_core.shell:Creating environment hook '/home/ubuntu/rj_training_container/training_ws/install/mineral_deposit_detection/share/mineral_deposit_detection/hook/ld_library_path_lib.sh'
[48.546s] Level 1:colcon.colcon_core.environment:checking '/home/ubuntu/rj_training_container/training_ws/install/mineral_deposit_detection/bin'
[48.548s] Level 1:colcon.colcon_core.environment:checking '/home/ubuntu/rj_training_container/training_ws/install/mineral_deposit_detection/lib/pkgconfig/mineral_deposit_detection.pc'
[48.550s] Level 1:colcon.colcon_core.environment:checking '/home/ubuntu/rj_training_container/training_ws/install/mineral_deposit_detection/lib/python3.10/site-packages'
[48.553s] Level 1:colcon.colcon_core.environment:checking '/home/ubuntu/rj_training_container/training_ws/install/mineral_deposit_detection/bin'
[48.555s] INFO:colcon.colcon_core.shell:Creating package script '/home/ubuntu/rj_training_container/training_ws/install/mineral_deposit_detection/share/mineral_deposit_detection/package.ps1'
[48.571s] INFO:colcon.colcon_core.shell:Creating package descriptor '/home/ubuntu/rj_training_container/training_ws/install/mineral_deposit_detection/share/mineral_deposit_detection/package.dsv'
[48.588s] INFO:colcon.colcon_core.shell:Creating package script '/home/ubuntu/rj_training_container/training_ws/install/mineral_deposit_detection/share/mineral_deposit_detection/package.sh'
[48.610s] INFO:colcon.colcon_core.shell:Creating package script '/home/ubuntu/rj_training_container/training_ws/install/mineral_deposit_detection/share/mineral_deposit_detection/package.bash'
[48.626s] INFO:colcon.colcon_core.shell:Creating package script '/home/ubuntu/rj_training_container/training_ws/install/mineral_deposit_detection/share/mineral_deposit_detection/package.zsh'
[48.640s] Level 1:colcon.colcon_core.environment:create_file_with_runtime_dependencies(/home/ubuntu/rj_training_container/training_ws/install/mineral_deposit_detection/share/colcon-core/packages/mineral_deposit_detection)
[48.663s] Level 1:colcon.colcon_core.environment:create_environment_scripts_only(coordinate_transform)
[48.664s] Level 1:colcon.colcon_core.environment:checking '/home/ubuntu/rj_training_container/training_ws/install/coordinate_transform' for CMake module files
[48.666s] DEBUG:colcon.colcon_core.event_handler.log_command:Invoking command in '/home/ubuntu/rj_training_container/training_ws/build/stsl_bt_nodes': AMENT_PREFIX_PATH=/home/ubuntu/rj_training_container/training_ws/install/stsl_interfaces:${AMENT_PREFIX_PATH} CMAKE_PREFIX_PATH=/home/ubuntu/rj_training_container/training_ws/install/stsl_interfaces:/opt/ros/humble LD_LIBRARY_PATH=/home/ubuntu/rj_training_container/training_ws/install/stsl_interfaces/lib:${LD_LIBRARY_PATH} PYTHONPATH=/home/ubuntu/rj_training_container/training_ws/install/stsl_interfaces/local/lib/python3.10/dist-packages:${PYTHONPATH} /usr/bin/cmake --install /home/ubuntu/rj_training_container/training_ws/build/stsl_bt_nodes
[48.763s] Level 1:colcon.colcon_core.environment:checking '/home/ubuntu/rj_training_container/training_ws/install/coordinate_transform' for CMake config files
[48.865s] Level 1:colcon.colcon_core.shell:create_environment_hook('coordinate_transform', 'cmake_prefix_path')
[48.866s] INFO:colcon.colcon_core.shell:Creating environment hook '/home/ubuntu/rj_training_container/training_ws/install/coordinate_transform/share/coordinate_transform/hook/cmake_prefix_path.ps1'
[48.886s] INFO:colcon.colcon_core.shell:Creating environment descriptor '/home/ubuntu/rj_training_container/training_ws/install/coordinate_transform/share/coordinate_transform/hook/cmake_prefix_path.dsv'
[48.904s] INFO:colcon.colcon_core.shell:Creating environment hook '/home/ubuntu/rj_training_container/training_ws/install/coordinate_transform/share/coordinate_transform/hook/cmake_prefix_path.sh'
[48.928s] Level 1:colcon.colcon_core.environment:checking '/home/ubuntu/rj_training_container/training_ws/install/coordinate_transform/lib'
[48.932s] Level 1:colcon.colcon_core.shell:create_environment_hook('coordinate_transform', 'ld_library_path_lib')
[48.933s] INFO:colcon.colcon_core.shell:Creating environment hook '/home/ubuntu/rj_training_container/training_ws/install/coordinate_transform/share/coordinate_transform/hook/ld_library_path_lib.ps1'
[48.950s] INFO:colcon.colcon_core.shell:Creating environment descriptor '/home/ubuntu/rj_training_container/training_ws/install/coordinate_transform/share/coordinate_transform/hook/ld_library_path_lib.dsv'
[48.968s] INFO:colcon.colcon_core.shell:Creating environment hook '/home/ubuntu/rj_training_container/training_ws/install/coordinate_transform/share/coordinate_transform/hook/ld_library_path_lib.sh'
[48.986s] Level 1:colcon.colcon_core.environment:checking '/home/ubuntu/rj_training_container/training_ws/install/coordinate_transform/bin'
[48.988s] Level 1:colcon.colcon_core.environment:checking '/home/ubuntu/rj_training_container/training_ws/install/coordinate_transform/lib/pkgconfig/coordinate_transform.pc'
[48.990s] Level 1:colcon.colcon_core.environment:checking '/home/ubuntu/rj_training_container/training_ws/install/coordinate_transform/lib/python3.10/site-packages'
[48.993s] Level 1:colcon.colcon_core.environment:checking '/home/ubuntu/rj_training_container/training_ws/install/coordinate_transform/bin'
[48.995s] INFO:colcon.colcon_core.shell:Creating package script '/home/ubuntu/rj_training_container/training_ws/install/coordinate_transform/share/coordinate_transform/package.ps1'
[49.010s] INFO:colcon.colcon_core.shell:Creating package descriptor '/home/ubuntu/rj_training_container/training_ws/install/coordinate_transform/share/coordinate_transform/package.dsv'
[49.029s] INFO:colcon.colcon_core.shell:Creating package script '/home/ubuntu/rj_training_container/training_ws/install/coordinate_transform/share/coordinate_transform/package.sh'
[49.046s] INFO:colcon.colcon_core.shell:Creating package script '/home/ubuntu/rj_training_container/training_ws/install/coordinate_transform/share/coordinate_transform/package.bash'
[49.062s] INFO:colcon.colcon_core.shell:Creating package script '/home/ubuntu/rj_training_container/training_ws/install/coordinate_transform/share/coordinate_transform/package.zsh'
[49.075s] Level 1:colcon.colcon_core.environment:create_file_with_runtime_dependencies(/home/ubuntu/rj_training_container/training_ws/install/coordinate_transform/share/colcon-core/packages/coordinate_transform)
[49.087s] Level 1:colcon.colcon_core.environment:create_environment_scripts_only(elevation_server)
[49.088s] Level 1:colcon.colcon_core.environment:checking '/home/ubuntu/rj_training_container/training_ws/install/elevation_server' for CMake module files
[49.211s] Level 1:colcon.colcon_core.environment:checking '/home/ubuntu/rj_training_container/training_ws/install/elevation_server' for CMake config files
[49.308s] Level 1:colcon.colcon_core.shell:create_environment_hook('elevation_server', 'cmake_prefix_path')
[49.309s] INFO:colcon.colcon_core.shell:Creating environment hook '/home/ubuntu/rj_training_container/training_ws/install/elevation_server/share/elevation_server/hook/cmake_prefix_path.ps1'
[49.328s] INFO:colcon.colcon_core.shell:Creating environment descriptor '/home/ubuntu/rj_training_container/training_ws/install/elevation_server/share/elevation_server/hook/cmake_prefix_path.dsv'
[49.346s] INFO:colcon.colcon_core.shell:Creating environment hook '/home/ubuntu/rj_training_container/training_ws/install/elevation_server/share/elevation_server/hook/cmake_prefix_path.sh'
[49.370s] Level 1:colcon.colcon_core.environment:checking '/home/ubuntu/rj_training_container/training_ws/install/elevation_server/lib'
[49.378s] Level 1:colcon.colcon_core.shell:create_environment_hook('elevation_server', 'ld_library_path_lib')
[49.378s] INFO:colcon.colcon_core.shell:Creating environment hook '/home/ubuntu/rj_training_container/training_ws/install/elevation_server/share/elevation_server/hook/ld_library_path_lib.ps1'
[49.396s] INFO:colcon.colcon_core.shell:Creating environment descriptor '/home/ubuntu/rj_training_container/training_ws/install/elevation_server/share/elevation_server/hook/ld_library_path_lib.dsv'
[49.417s] INFO:colcon.colcon_core.shell:Creating environment hook '/home/ubuntu/rj_training_container/training_ws/install/elevation_server/share/elevation_server/hook/ld_library_path_lib.sh'
[49.435s] Level 1:colcon.colcon_core.environment:checking '/home/ubuntu/rj_training_container/training_ws/install/elevation_server/bin'
[49.437s] Level 1:colcon.colcon_core.environment:checking '/home/ubuntu/rj_training_container/training_ws/install/elevation_server/lib/pkgconfig/elevation_server.pc'
[49.439s] Level 1:colcon.colcon_core.environment:checking '/home/ubuntu/rj_training_container/training_ws/install/elevation_server/lib/python3.10/site-packages'
[49.442s] Level 1:colcon.colcon_core.environment:checking '/home/ubuntu/rj_training_container/training_ws/install/elevation_server/bin'
[49.445s] INFO:colcon.colcon_core.shell:Creating package script '/home/ubuntu/rj_training_container/training_ws/install/elevation_server/share/elevation_server/package.ps1'
[49.460s] INFO:colcon.colcon_core.shell:Creating package descriptor '/home/ubuntu/rj_training_container/training_ws/install/elevation_server/share/elevation_server/package.dsv'
[49.477s] INFO:colcon.colcon_core.shell:Creating package script '/home/ubuntu/rj_training_container/training_ws/install/elevation_server/share/elevation_server/package.sh'
[49.490s] INFO:colcon.colcon_core.shell:Creating package script '/home/ubuntu/rj_training_container/training_ws/install/elevation_server/share/elevation_server/package.bash'
[49.510s] INFO:colcon.colcon_core.shell:Creating package script '/home/ubuntu/rj_training_container/training_ws/install/elevation_server/share/elevation_server/package.zsh'
[49.537s] Level 1:colcon.colcon_core.environment:create_file_with_runtime_dependencies(/home/ubuntu/rj_training_container/training_ws/install/elevation_server/share/colcon-core/packages/elevation_server)
[49.570s] Level 1:colcon.colcon_core.environment:create_environment_scripts_only(mineral_deposit_tracking)
[49.571s] Level 1:colcon.colcon_core.environment:checking '/home/ubuntu/rj_training_container/training_ws/install/mineral_deposit_tracking' for CMake module files
[49.574s] DEBUG:colcon.colcon_core.event_handler.log_command:Invoking command in '/home/ubuntu/rj_training_container/training_ws/build/stsl_rviz_plugins': AMENT_PREFIX_PATH=/home/ubuntu/rj_training_container/training_ws/install/stsl_interfaces:${AMENT_PREFIX_PATH} CMAKE_PREFIX_PATH=/home/ubuntu/rj_training_container/training_ws/install/stsl_interfaces:/opt/ros/humble LD_LIBRARY_PATH=/home/ubuntu/rj_training_container/training_ws/install/stsl_interfaces/lib:${LD_LIBRARY_PATH} PYTHONPATH=/home/ubuntu/rj_training_container/training_ws/install/stsl_interfaces/local/lib/python3.10/dist-packages:${PYTHONPATH} /usr/bin/cmake --install /home/ubuntu/rj_training_container/training_ws/build/stsl_rviz_plugins
[49.683s] Level 1:colcon.colcon_core.environment:checking '/home/ubuntu/rj_training_container/training_ws/install/mineral_deposit_tracking' for CMake config files
[49.781s] Level 1:colcon.colcon_core.shell:create_environment_hook('mineral_deposit_tracking', 'cmake_prefix_path')
[49.781s] INFO:colcon.colcon_core.shell:Creating environment hook '/home/ubuntu/rj_training_container/training_ws/install/mineral_deposit_tracking/share/mineral_deposit_tracking/hook/cmake_prefix_path.ps1'
[49.798s] INFO:colcon.colcon_core.shell:Creating environment descriptor '/home/ubuntu/rj_training_container/training_ws/install/mineral_deposit_tracking/share/mineral_deposit_tracking/hook/cmake_prefix_path.dsv'
[49.815s] INFO:colcon.colcon_core.shell:Creating environment hook '/home/ubuntu/rj_training_container/training_ws/install/mineral_deposit_tracking/share/mineral_deposit_tracking/hook/cmake_prefix_path.sh'
[49.834s] Level 1:colcon.colcon_core.environment:checking '/home/ubuntu/rj_training_container/training_ws/install/mineral_deposit_tracking/lib'
[49.840s] Level 1:colcon.colcon_core.shell:create_environment_hook('mineral_deposit_tracking', 'ld_library_path_lib')
[49.840s] INFO:colcon.colcon_core.shell:Creating environment hook '/home/ubuntu/rj_training_container/training_ws/install/mineral_deposit_tracking/share/mineral_deposit_tracking/hook/ld_library_path_lib.ps1'
[49.857s] INFO:colcon.colcon_core.shell:Creating environment descriptor '/home/ubuntu/rj_training_container/training_ws/install/mineral_deposit_tracking/share/mineral_deposit_tracking/hook/ld_library_path_lib.dsv'
[49.874s] INFO:colcon.colcon_core.shell:Creating environment hook '/home/ubuntu/rj_training_container/training_ws/install/mineral_deposit_tracking/share/mineral_deposit_tracking/hook/ld_library_path_lib.sh'
[49.892s] Level 1:colcon.colcon_core.environment:checking '/home/ubuntu/rj_training_container/training_ws/install/mineral_deposit_tracking/bin'
[49.893s] Level 1:colcon.colcon_core.environment:checking '/home/ubuntu/rj_training_container/training_ws/install/mineral_deposit_tracking/lib/pkgconfig/mineral_deposit_tracking.pc'
[49.900s] Level 1:colcon.colcon_core.environment:checking '/home/ubuntu/rj_training_container/training_ws/install/mineral_deposit_tracking/lib/python3.10/site-packages'
[49.902s] Level 1:colcon.colcon_core.environment:checking '/home/ubuntu/rj_training_container/training_ws/install/mineral_deposit_tracking/bin'
[49.904s] INFO:colcon.colcon_core.shell:Creating package script '/home/ubuntu/rj_training_container/training_ws/install/mineral_deposit_tracking/share/mineral_deposit_tracking/package.ps1'
[49.921s] INFO:colcon.colcon_core.shell:Creating package descriptor '/home/ubuntu/rj_training_container/training_ws/install/mineral_deposit_tracking/share/mineral_deposit_tracking/package.dsv'
[49.937s] INFO:colcon.colcon_core.shell:Creating package script '/home/ubuntu/rj_training_container/training_ws/install/mineral_deposit_tracking/share/mineral_deposit_tracking/package.sh'
[49.951s] INFO:colcon.colcon_core.shell:Creating package script '/home/ubuntu/rj_training_container/training_ws/install/mineral_deposit_tracking/share/mineral_deposit_tracking/package.bash'
[49.964s] INFO:colcon.colcon_core.shell:Creating package script '/home/ubuntu/rj_training_container/training_ws/install/mineral_deposit_tracking/share/mineral_deposit_tracking/package.zsh'
[49.978s] Level 1:colcon.colcon_core.environment:create_file_with_runtime_dependencies(/home/ubuntu/rj_training_container/training_ws/install/mineral_deposit_tracking/share/colcon-core/packages/mineral_deposit_tracking)
[49.991s] Level 1:colcon.colcon_core.environment:create_environment_scripts_only(stsl_aruco_tags)
[49.991s] Level 1:colcon.colcon_core.environment:checking '/home/ubuntu/rj_training_container/training_ws/install/stsl_aruco_tags' for CMake module files
[50.154s] Level 1:colcon.colcon_core.environment:checking '/home/ubuntu/rj_training_container/training_ws/install/stsl_aruco_tags' for CMake config files
[50.257s] Level 1:colcon.colcon_core.shell:create_environment_hook('stsl_aruco_tags', 'cmake_prefix_path')
[50.258s] INFO:colcon.colcon_core.shell:Creating environment hook '/home/ubuntu/rj_training_container/training_ws/install/stsl_aruco_tags/share/stsl_aruco_tags/hook/cmake_prefix_path.ps1'
[50.276s] INFO:colcon.colcon_core.shell:Creating environment descriptor '/home/ubuntu/rj_training_container/training_ws/install/stsl_aruco_tags/share/stsl_aruco_tags/hook/cmake_prefix_path.dsv'
[50.291s] INFO:colcon.colcon_core.shell:Creating environment hook '/home/ubuntu/rj_training_container/training_ws/install/stsl_aruco_tags/share/stsl_aruco_tags/hook/cmake_prefix_path.sh'
[50.313s] Level 1:colcon.colcon_core.environment:checking '/home/ubuntu/rj_training_container/training_ws/install/stsl_aruco_tags/lib'
[50.318s] Level 1:colcon.colcon_core.shell:create_environment_hook('stsl_aruco_tags', 'ld_library_path_lib')
[50.319s] INFO:colcon.colcon_core.shell:Creating environment hook '/home/ubuntu/rj_training_container/training_ws/install/stsl_aruco_tags/share/stsl_aruco_tags/hook/ld_library_path_lib.ps1'
[50.338s] INFO:colcon.colcon_core.shell:Creating environment descriptor '/home/ubuntu/rj_training_container/training_ws/install/stsl_aruco_tags/share/stsl_aruco_tags/hook/ld_library_path_lib.dsv'
[50.356s] INFO:colcon.colcon_core.shell:Creating environment hook '/home/ubuntu/rj_training_container/training_ws/install/stsl_aruco_tags/share/stsl_aruco_tags/hook/ld_library_path_lib.sh'
[50.376s] Level 1:colcon.colcon_core.environment:checking '/home/ubuntu/rj_training_container/training_ws/install/stsl_aruco_tags/bin'
[50.377s] Level 1:colcon.colcon_core.environment:checking '/home/ubuntu/rj_training_container/training_ws/install/stsl_aruco_tags/lib/pkgconfig/stsl_aruco_tags.pc'
[50.380s] Level 1:colcon.colcon_core.environment:checking '/home/ubuntu/rj_training_container/training_ws/install/stsl_aruco_tags/lib/python3.10/site-packages'
[50.383s] Level 1:colcon.colcon_core.environment:checking '/home/ubuntu/rj_training_container/training_ws/install/stsl_aruco_tags/bin'
[50.385s] INFO:colcon.colcon_core.shell:Creating package script '/home/ubuntu/rj_training_container/training_ws/install/stsl_aruco_tags/share/stsl_aruco_tags/package.ps1'
[50.401s] INFO:colcon.colcon_core.shell:Creating package descriptor '/home/ubuntu/rj_training_container/training_ws/install/stsl_aruco_tags/share/stsl_aruco_tags/package.dsv'
[50.418s] INFO:colcon.colcon_core.shell:Creating package script '/home/ubuntu/rj_training_container/training_ws/install/stsl_aruco_tags/share/stsl_aruco_tags/package.sh'
[50.431s] INFO:colcon.colcon_core.shell:Creating package script '/home/ubuntu/rj_training_container/training_ws/install/stsl_aruco_tags/share/stsl_aruco_tags/package.bash'
[50.448s] INFO:colcon.colcon_core.shell:Creating package script '/home/ubuntu/rj_training_container/training_ws/install/stsl_aruco_tags/share/stsl_aruco_tags/package.zsh'
[50.463s] Level 1:colcon.colcon_core.environment:create_file_with_runtime_dependencies(/home/ubuntu/rj_training_container/training_ws/install/stsl_aruco_tags/share/colcon-core/packages/stsl_aruco_tags)
[50.476s] Level 1:colcon.colcon_core.environment:create_environment_scripts_only(peak_finder)
[50.476s] Level 1:colcon.colcon_core.environment:checking '/home/ubuntu/rj_training_container/training_ws/install/peak_finder' for CMake module files
[50.627s] Level 1:colcon.colcon_core.environment:checking '/home/ubuntu/rj_training_container/training_ws/install/peak_finder' for CMake config files
[50.731s] Level 1:colcon.colcon_core.shell:create_environment_hook('peak_finder', 'cmake_prefix_path')
[50.731s] INFO:colcon.colcon_core.shell:Creating environment hook '/home/ubuntu/rj_training_container/training_ws/install/peak_finder/share/peak_finder/hook/cmake_prefix_path.ps1'
[50.751s] INFO:colcon.colcon_core.shell:Creating environment descriptor '/home/ubuntu/rj_training_container/training_ws/install/peak_finder/share/peak_finder/hook/cmake_prefix_path.dsv'
[50.772s] INFO:colcon.colcon_core.shell:Creating environment hook '/home/ubuntu/rj_training_container/training_ws/install/peak_finder/share/peak_finder/hook/cmake_prefix_path.sh'
[50.792s] Level 1:colcon.colcon_core.environment:checking '/home/ubuntu/rj_training_container/training_ws/install/peak_finder/lib'
[50.797s] Level 1:colcon.colcon_core.shell:create_environment_hook('peak_finder', 'ld_library_path_lib')
[50.798s] INFO:colcon.colcon_core.shell:Creating environment hook '/home/ubuntu/rj_training_container/training_ws/install/peak_finder/share/peak_finder/hook/ld_library_path_lib.ps1'
[50.815s] INFO:colcon.colcon_core.shell:Creating environment descriptor '/home/ubuntu/rj_training_container/training_ws/install/peak_finder/share/peak_finder/hook/ld_library_path_lib.dsv'
[50.834s] INFO:colcon.colcon_core.shell:Creating environment hook '/home/ubuntu/rj_training_container/training_ws/install/peak_finder/share/peak_finder/hook/ld_library_path_lib.sh'
[50.851s] Level 1:colcon.colcon_core.environment:checking '/home/ubuntu/rj_training_container/training_ws/install/peak_finder/bin'
[50.853s] Level 1:colcon.colcon_core.environment:checking '/home/ubuntu/rj_training_container/training_ws/install/peak_finder/lib/pkgconfig/peak_finder.pc'
[50.855s] Level 1:colcon.colcon_core.environment:checking '/home/ubuntu/rj_training_container/training_ws/install/peak_finder/lib/python3.10/site-packages'
[50.857s] Level 1:colcon.colcon_core.environment:checking '/home/ubuntu/rj_training_container/training_ws/install/peak_finder/bin'
[50.859s] INFO:colcon.colcon_core.shell:Creating package script '/home/ubuntu/rj_training_container/training_ws/install/peak_finder/share/peak_finder/package.ps1'
[50.873s] INFO:colcon.colcon_core.shell:Creating package descriptor '/home/ubuntu/rj_training_container/training_ws/install/peak_finder/share/peak_finder/package.dsv'
[50.886s] INFO:colcon.colcon_core.shell:Creating package script '/home/ubuntu/rj_training_container/training_ws/install/peak_finder/share/peak_finder/package.sh'
[50.900s] INFO:colcon.colcon_core.shell:Creating package script '/home/ubuntu/rj_training_container/training_ws/install/peak_finder/share/peak_finder/package.bash'
[50.917s] INFO:colcon.colcon_core.shell:Creating package script '/home/ubuntu/rj_training_container/training_ws/install/peak_finder/share/peak_finder/package.zsh'
[50.933s] Level 1:colcon.colcon_core.environment:create_file_with_runtime_dependencies(/home/ubuntu/rj_training_container/training_ws/install/peak_finder/share/colcon-core/packages/peak_finder)
[50.945s] Level 1:colcon.colcon_core.environment:create_environment_scripts_only(localization)
[50.945s] Level 1:colcon.colcon_core.environment:checking '/home/ubuntu/rj_training_container/training_ws/install/localization' for CMake module files
[51.083s] Level 1:colcon.colcon_core.environment:checking '/home/ubuntu/rj_training_container/training_ws/install/localization' for CMake config files
[51.184s] Level 1:colcon.colcon_core.shell:create_environment_hook('localization', 'cmake_prefix_path')
[51.185s] INFO:colcon.colcon_core.shell:Creating environment hook '/home/ubuntu/rj_training_container/training_ws/install/localization/share/localization/hook/cmake_prefix_path.ps1'
[51.205s] INFO:colcon.colcon_core.shell:Creating environment descriptor '/home/ubuntu/rj_training_container/training_ws/install/localization/share/localization/hook/cmake_prefix_path.dsv'
[51.223s] INFO:colcon.colcon_core.shell:Creating environment hook '/home/ubuntu/rj_training_container/training_ws/install/localization/share/localization/hook/cmake_prefix_path.sh'
[51.247s] Level 1:colcon.colcon_core.environment:checking '/home/ubuntu/rj_training_container/training_ws/install/localization/lib'
[51.254s] Level 1:colcon.colcon_core.shell:create_environment_hook('localization', 'ld_library_path_lib')
[51.254s] INFO:colcon.colcon_core.shell:Creating environment hook '/home/ubuntu/rj_training_container/training_ws/install/localization/share/localization/hook/ld_library_path_lib.ps1'
[51.273s] INFO:colcon.colcon_core.shell:Creating environment descriptor '/home/ubuntu/rj_training_container/training_ws/install/localization/share/localization/hook/ld_library_path_lib.dsv'
[51.289s] INFO:colcon.colcon_core.shell:Creating environment hook '/home/ubuntu/rj_training_container/training_ws/install/localization/share/localization/hook/ld_library_path_lib.sh'
[51.304s] Level 1:colcon.colcon_core.environment:checking '/home/ubuntu/rj_training_container/training_ws/install/localization/bin'
[51.306s] Level 1:colcon.colcon_core.environment:checking '/home/ubuntu/rj_training_container/training_ws/install/localization/lib/pkgconfig/localization.pc'
[51.307s] Level 1:colcon.colcon_core.environment:checking '/home/ubuntu/rj_training_container/training_ws/install/localization/lib/python3.10/site-packages'
[51.309s] Level 1:colcon.colcon_core.environment:checking '/home/ubuntu/rj_training_container/training_ws/install/localization/bin'
[51.311s] INFO:colcon.colcon_core.shell:Creating package script '/home/ubuntu/rj_training_container/training_ws/install/localization/share/localization/package.ps1'
[51.325s] INFO:colcon.colcon_core.shell:Creating package descriptor '/home/ubuntu/rj_training_container/training_ws/install/localization/share/localization/package.dsv'
[51.344s] INFO:colcon.colcon_core.shell:Creating package script '/home/ubuntu/rj_training_container/training_ws/install/localization/share/localization/package.sh'
[51.361s] INFO:colcon.colcon_core.shell:Creating package script '/home/ubuntu/rj_training_container/training_ws/install/localization/share/localization/package.bash'
[51.375s] INFO:colcon.colcon_core.shell:Creating package script '/home/ubuntu/rj_training_container/training_ws/install/localization/share/localization/package.zsh'
[51.391s] Level 1:colcon.colcon_core.environment:create_file_with_runtime_dependencies(/home/ubuntu/rj_training_container/training_ws/install/localization/share/colcon-core/packages/localization)
[51.404s] INFO:colcon.colcon_ros.task.ament_cmake.build:Building ROS package in '/home/ubuntu/rj_training_container/training_ws/src/stsl/traini_gazebo' with build type 'ament_cmake'
[51.405s] INFO:colcon.colcon_cmake.task.cmake.build:Building CMake package in '/home/ubuntu/rj_training_container/training_ws/src/stsl/traini_gazebo'
[51.405s] INFO:colcon.colcon_core.shell:Skip shell extension 'powershell' for command environment: Not usable outside of PowerShell
[51.406s] DEBUG:colcon.colcon_core.shell:Skip shell extension 'dsv' for command environment
[51.434s] Level 1:colcon.colcon_core.environment:create_environment_scripts_only(stsl_bt_nodes)
[51.435s] Level 1:colcon.colcon_core.environment:checking '/home/ubuntu/rj_training_container/training_ws/install/stsl_bt_nodes' for CMake module files
[51.436s] DEBUG:colcon.colcon_core.event_handler.log_command:Invoked command in '/home/ubuntu/rj_training_container/training_ws/build/stsl_bt_nodes' returned '0': AMENT_PREFIX_PATH=/home/ubuntu/rj_training_container/training_ws/install/stsl_interfaces:${AMENT_PREFIX_PATH} CMAKE_PREFIX_PATH=/home/ubuntu/rj_training_container/training_ws/install/stsl_interfaces:/opt/ros/humble LD_LIBRARY_PATH=/home/ubuntu/rj_training_container/training_ws/install/stsl_interfaces/lib:${LD_LIBRARY_PATH} PYTHONPATH=/home/ubuntu/rj_training_container/training_ws/install/stsl_interfaces/local/lib/python3.10/dist-packages:${PYTHONPATH} /usr/bin/cmake --install /home/ubuntu/rj_training_container/training_ws/build/stsl_bt_nodes
[51.552s] Level 1:colcon.colcon_core.environment:checking '/home/ubuntu/rj_training_container/training_ws/install/stsl_bt_nodes' for CMake config files
[51.626s] Level 1:colcon.colcon_core.shell:create_environment_hook('stsl_bt_nodes', 'cmake_prefix_path')
[51.627s] INFO:colcon.colcon_core.shell:Creating environment hook '/home/ubuntu/rj_training_container/training_ws/install/stsl_bt_nodes/share/stsl_bt_nodes/hook/cmake_prefix_path.ps1'
[51.644s] INFO:colcon.colcon_core.shell:Creating environment descriptor '/home/ubuntu/rj_training_container/training_ws/install/stsl_bt_nodes/share/stsl_bt_nodes/hook/cmake_prefix_path.dsv'
[51.661s] INFO:colcon.colcon_core.shell:Creating environment hook '/home/ubuntu/rj_training_container/training_ws/install/stsl_bt_nodes/share/stsl_bt_nodes/hook/cmake_prefix_path.sh'
[51.683s] Level 1:colcon.colcon_core.environment:checking '/home/ubuntu/rj_training_container/training_ws/install/stsl_bt_nodes/lib'
[51.688s] Level 1:colcon.colcon_core.shell:create_environment_hook('stsl_bt_nodes', 'ld_library_path_lib')
[51.688s] INFO:colcon.colcon_core.shell:Creating environment hook '/home/ubuntu/rj_training_container/training_ws/install/stsl_bt_nodes/share/stsl_bt_nodes/hook/ld_library_path_lib.ps1'
[51.705s] INFO:colcon.colcon_core.shell:Creating environment descriptor '/home/ubuntu/rj_training_container/training_ws/install/stsl_bt_nodes/share/stsl_bt_nodes/hook/ld_library_path_lib.dsv'
[51.722s] INFO:colcon.colcon_core.shell:Creating environment hook '/home/ubuntu/rj_training_container/training_ws/install/stsl_bt_nodes/share/stsl_bt_nodes/hook/ld_library_path_lib.sh'
[51.739s] Level 1:colcon.colcon_core.environment:checking '/home/ubuntu/rj_training_container/training_ws/install/stsl_bt_nodes/bin'
[51.741s] Level 1:colcon.colcon_core.environment:checking '/home/ubuntu/rj_training_container/training_ws/install/stsl_bt_nodes/lib/pkgconfig/stsl_bt_nodes.pc'
[51.743s] Level 1:colcon.colcon_core.environment:checking '/home/ubuntu/rj_training_container/training_ws/install/stsl_bt_nodes/lib/python3.10/site-packages'
[51.745s] Level 1:colcon.colcon_core.environment:checking '/home/ubuntu/rj_training_container/training_ws/install/stsl_bt_nodes/bin'
[51.747s] INFO:colcon.colcon_core.shell:Creating package script '/home/ubuntu/rj_training_container/training_ws/install/stsl_bt_nodes/share/stsl_bt_nodes/package.ps1'
[51.763s] INFO:colcon.colcon_core.shell:Creating package descriptor '/home/ubuntu/rj_training_container/training_ws/install/stsl_bt_nodes/share/stsl_bt_nodes/package.dsv'
[51.781s] INFO:colcon.colcon_core.shell:Creating package script '/home/ubuntu/rj_training_container/training_ws/install/stsl_bt_nodes/share/stsl_bt_nodes/package.sh'
[51.799s] INFO:colcon.colcon_core.shell:Creating package script '/home/ubuntu/rj_training_container/training_ws/install/stsl_bt_nodes/share/stsl_bt_nodes/package.bash'
[51.815s] INFO:colcon.colcon_core.shell:Creating package script '/home/ubuntu/rj_training_container/training_ws/install/stsl_bt_nodes/share/stsl_bt_nodes/package.zsh'
[51.832s] Level 1:colcon.colcon_core.environment:create_file_with_runtime_dependencies(/home/ubuntu/rj_training_container/training_ws/install/stsl_bt_nodes/share/colcon-core/packages/stsl_bt_nodes)
[51.853s] Level 1:colcon.colcon_core.environment:create_environment_scripts_only(stsl_rviz_plugins)
[51.854s] Level 1:colcon.colcon_core.environment:checking '/home/ubuntu/rj_training_container/training_ws/install/stsl_rviz_plugins' for CMake module files
[51.855s] DEBUG:colcon.colcon_core.event_handler.log_command:Invoked command in '/home/ubuntu/rj_training_container/training_ws/build/stsl_rviz_plugins' returned '0': AMENT_PREFIX_PATH=/home/ubuntu/rj_training_container/training_ws/install/stsl_interfaces:${AMENT_PREFIX_PATH} CMAKE_PREFIX_PATH=/home/ubuntu/rj_training_container/training_ws/install/stsl_interfaces:/opt/ros/humble LD_LIBRARY_PATH=/home/ubuntu/rj_training_container/training_ws/install/stsl_interfaces/lib:${LD_LIBRARY_PATH} PYTHONPATH=/home/ubuntu/rj_training_container/training_ws/install/stsl_interfaces/local/lib/python3.10/dist-packages:${PYTHONPATH} /usr/bin/cmake --install /home/ubuntu/rj_training_container/training_ws/build/stsl_rviz_plugins
[51.968s] Level 1:colcon.colcon_core.environment:checking '/home/ubuntu/rj_training_container/training_ws/install/stsl_rviz_plugins' for CMake config files
[52.075s] Level 1:colcon.colcon_core.shell:create_environment_hook('stsl_rviz_plugins', 'cmake_prefix_path')
[52.076s] INFO:colcon.colcon_core.shell:Creating environment hook '/home/ubuntu/rj_training_container/training_ws/install/stsl_rviz_plugins/share/stsl_rviz_plugins/hook/cmake_prefix_path.ps1'
[52.097s] INFO:colcon.colcon_core.shell:Creating environment descriptor '/home/ubuntu/rj_training_container/training_ws/install/stsl_rviz_plugins/share/stsl_rviz_plugins/hook/cmake_prefix_path.dsv'
[52.117s] INFO:colcon.colcon_core.shell:Creating environment hook '/home/ubuntu/rj_training_container/training_ws/install/stsl_rviz_plugins/share/stsl_rviz_plugins/hook/cmake_prefix_path.sh'
[52.142s] Level 1:colcon.colcon_core.environment:checking '/home/ubuntu/rj_training_container/training_ws/install/stsl_rviz_plugins/lib'
[52.147s] Level 1:colcon.colcon_core.shell:create_environment_hook('stsl_rviz_plugins', 'ld_library_path_lib')
[52.148s] INFO:colcon.colcon_core.shell:Creating environment hook '/home/ubuntu/rj_training_container/training_ws/install/stsl_rviz_plugins/share/stsl_rviz_plugins/hook/ld_library_path_lib.ps1'
[52.168s] INFO:colcon.colcon_core.shell:Creating environment descriptor '/home/ubuntu/rj_training_container/training_ws/install/stsl_rviz_plugins/share/stsl_rviz_plugins/hook/ld_library_path_lib.dsv'
[52.189s] INFO:colcon.colcon_core.shell:Creating environment hook '/home/ubuntu/rj_training_container/training_ws/install/stsl_rviz_plugins/share/stsl_rviz_plugins/hook/ld_library_path_lib.sh'
[52.208s] Level 1:colcon.colcon_core.environment:checking '/home/ubuntu/rj_training_container/training_ws/install/stsl_rviz_plugins/bin'
[52.210s] Level 1:colcon.colcon_core.environment:checking '/home/ubuntu/rj_training_container/training_ws/install/stsl_rviz_plugins/lib/pkgconfig/stsl_rviz_plugins.pc'
[52.212s] Level 1:colcon.colcon_core.environment:checking '/home/ubuntu/rj_training_container/training_ws/install/stsl_rviz_plugins/lib/python3.10/site-packages'
[52.215s] Level 1:colcon.colcon_core.environment:checking '/home/ubuntu/rj_training_container/training_ws/install/stsl_rviz_plugins/bin'
[52.217s] INFO:colcon.colcon_core.shell:Creating package script '/home/ubuntu/rj_training_container/training_ws/install/stsl_rviz_plugins/share/stsl_rviz_plugins/package.ps1'
[52.232s] INFO:colcon.colcon_core.shell:Creating package descriptor '/home/ubuntu/rj_training_container/training_ws/install/stsl_rviz_plugins/share/stsl_rviz_plugins/package.dsv'
[52.247s] INFO:colcon.colcon_core.shell:Creating package script '/home/ubuntu/rj_training_container/training_ws/install/stsl_rviz_plugins/share/stsl_rviz_plugins/package.sh'
[52.275s] INFO:colcon.colcon_core.shell:Creating package script '/home/ubuntu/rj_training_container/training_ws/install/stsl_rviz_plugins/share/stsl_rviz_plugins/package.bash'
[52.293s] INFO:colcon.colcon_core.shell:Creating package script '/home/ubuntu/rj_training_container/training_ws/install/stsl_rviz_plugins/share/stsl_rviz_plugins/package.zsh'
[52.309s] Level 1:colcon.colcon_core.environment:create_file_with_runtime_dependencies(/home/ubuntu/rj_training_container/training_ws/install/stsl_rviz_plugins/share/colcon-core/packages/stsl_rviz_plugins)
[52.391s] Level 1:colcon.colcon_core.environment:create_environment_scripts_only(stsl_bt_nodes)
[52.392s] Level 1:colcon.colcon_core.environment:checking '/home/ubuntu/rj_training_container/training_ws/install/stsl_bt_nodes' for CMake module files
[52.403s] DEBUG:colcon.colcon_core.event_handler.log_command:Invoking command in '/home/ubuntu/rj_training_container/training_ws/build/traini_gazebo': AMENT_PREFIX_PATH=/home/ubuntu/rj_training_container/training_ws/install/stsl_aruco_tags:/home/ubuntu/rj_training_container/training_ws/install/stsl_interfaces:/home/ubuntu/rj_training_container/training_ws/install/stsl_gazebo_plugins:${AMENT_PREFIX_PATH} CMAKE_PREFIX_PATH=/home/ubuntu/rj_training_container/training_ws/install/stsl_aruco_tags:/home/ubuntu/rj_training_container/training_ws/install/stsl_interfaces:/home/ubuntu/rj_training_container/training_ws/install/stsl_gazebo_plugins:/opt/ros/humble LD_LIBRARY_PATH=/home/ubuntu/rj_training_container/training_ws/install/stsl_aruco_tags/lib:/home/ubuntu/rj_training_container/training_ws/install/stsl_interfaces/lib:/home/ubuntu/rj_training_container/training_ws/install/stsl_gazebo_plugins/lib:${LD_LIBRARY_PATH} PYTHONPATH=/home/ubuntu/rj_training_container/training_ws/install/stsl_interfaces/local/lib/python3.10/dist-packages:${PYTHONPATH} /usr/bin/cmake --build /home/ubuntu/rj_training_container/training_ws/build/traini_gazebo -- -j16 -l16
[52.496s] Level 1:colcon.colcon_core.environment:checking '/home/ubuntu/rj_training_container/training_ws/install/stsl_bt_nodes' for CMake config files
[52.567s] Level 1:colcon.colcon_core.shell:create_environment_hook('stsl_bt_nodes', 'cmake_prefix_path')
[52.568s] INFO:colcon.colcon_core.shell:Creating environment hook '/home/ubuntu/rj_training_container/training_ws/install/stsl_bt_nodes/share/stsl_bt_nodes/hook/cmake_prefix_path.ps1'
[52.586s] INFO:colcon.colcon_core.shell:Creating environment descriptor '/home/ubuntu/rj_training_container/training_ws/install/stsl_bt_nodes/share/stsl_bt_nodes/hook/cmake_prefix_path.dsv'
[52.601s] INFO:colcon.colcon_core.shell:Creating environment hook '/home/ubuntu/rj_training_container/training_ws/install/stsl_bt_nodes/share/stsl_bt_nodes/hook/cmake_prefix_path.sh'
[52.619s] Level 1:colcon.colcon_core.environment:checking '/home/ubuntu/rj_training_container/training_ws/install/stsl_bt_nodes/lib'
[52.625s] Level 1:colcon.colcon_core.shell:create_environment_hook('stsl_bt_nodes', 'ld_library_path_lib')
[52.625s] INFO:colcon.colcon_core.shell:Creating environment hook '/home/ubuntu/rj_training_container/training_ws/install/stsl_bt_nodes/share/stsl_bt_nodes/hook/ld_library_path_lib.ps1'
[52.642s] INFO:colcon.colcon_core.shell:Creating environment descriptor '/home/ubuntu/rj_training_container/training_ws/install/stsl_bt_nodes/share/stsl_bt_nodes/hook/ld_library_path_lib.dsv'
[52.662s] INFO:colcon.colcon_core.shell:Creating environment hook '/home/ubuntu/rj_training_container/training_ws/install/stsl_bt_nodes/share/stsl_bt_nodes/hook/ld_library_path_lib.sh'
[52.681s] Level 1:colcon.colcon_core.environment:checking '/home/ubuntu/rj_training_container/training_ws/install/stsl_bt_nodes/bin'
[52.683s] Level 1:colcon.colcon_core.environment:checking '/home/ubuntu/rj_training_container/training_ws/install/stsl_bt_nodes/lib/pkgconfig/stsl_bt_nodes.pc'
[52.685s] Level 1:colcon.colcon_core.environment:checking '/home/ubuntu/rj_training_container/training_ws/install/stsl_bt_nodes/lib/python3.10/site-packages'
[52.688s] Level 1:colcon.colcon_core.environment:checking '/home/ubuntu/rj_training_container/training_ws/install/stsl_bt_nodes/bin'
[52.690s] INFO:colcon.colcon_core.shell:Creating package script '/home/ubuntu/rj_training_container/training_ws/install/stsl_bt_nodes/share/stsl_bt_nodes/package.ps1'
[52.705s] INFO:colcon.colcon_core.shell:Creating package descriptor '/home/ubuntu/rj_training_container/training_ws/install/stsl_bt_nodes/share/stsl_bt_nodes/package.dsv'
[52.720s] INFO:colcon.colcon_core.shell:Creating package script '/home/ubuntu/rj_training_container/training_ws/install/stsl_bt_nodes/share/stsl_bt_nodes/package.sh'
[52.733s] INFO:colcon.colcon_core.shell:Creating package script '/home/ubuntu/rj_training_container/training_ws/install/stsl_bt_nodes/share/stsl_bt_nodes/package.bash'
[52.747s] INFO:colcon.colcon_core.shell:Creating package script '/home/ubuntu/rj_training_container/training_ws/install/stsl_bt_nodes/share/stsl_bt_nodes/package.zsh'
[52.762s] Level 1:colcon.colcon_core.environment:create_file_with_runtime_dependencies(/home/ubuntu/rj_training_container/training_ws/install/stsl_bt_nodes/share/colcon-core/packages/stsl_bt_nodes)
[52.774s] INFO:colcon.colcon_ros.task.ament_cmake.build:Building ROS package in '/home/ubuntu/rj_training_container/training_ws/src/stsl/mission_orchestration' with build type 'ament_cmake'
[52.775s] INFO:colcon.colcon_cmake.task.cmake.build:Building CMake package in '/home/ubuntu/rj_training_container/training_ws/src/stsl/mission_orchestration'
[52.775s] INFO:colcon.colcon_core.shell:Skip shell extension 'powershell' for command environment: Not usable outside of PowerShell
[52.776s] DEBUG:colcon.colcon_core.shell:Skip shell extension 'dsv' for command environment
[52.799s] Level 1:colcon.colcon_core.environment:create_environment_scripts_only(stsl_rviz_plugins)
[52.800s] Level 1:colcon.colcon_core.environment:checking '/home/ubuntu/rj_training_container/training_ws/install/stsl_rviz_plugins' for CMake module files
[52.903s] Level 1:colcon.colcon_core.environment:checking '/home/ubuntu/rj_training_container/training_ws/install/stsl_rviz_plugins' for CMake config files
[53.010s] Level 1:colcon.colcon_core.shell:create_environment_hook('stsl_rviz_plugins', 'cmake_prefix_path')
[53.010s] INFO:colcon.colcon_core.shell:Creating environment hook '/home/ubuntu/rj_training_container/training_ws/install/stsl_rviz_plugins/share/stsl_rviz_plugins/hook/cmake_prefix_path.ps1'
[53.029s] INFO:colcon.colcon_core.shell:Creating environment descriptor '/home/ubuntu/rj_training_container/training_ws/install/stsl_rviz_plugins/share/stsl_rviz_plugins/hook/cmake_prefix_path.dsv'
[53.048s] INFO:colcon.colcon_core.shell:Creating environment hook '/home/ubuntu/rj_training_container/training_ws/install/stsl_rviz_plugins/share/stsl_rviz_plugins/hook/cmake_prefix_path.sh'
[53.069s] Level 1:colcon.colcon_core.environment:checking '/home/ubuntu/rj_training_container/training_ws/install/stsl_rviz_plugins/lib'
[53.075s] Level 1:colcon.colcon_core.shell:create_environment_hook('stsl_rviz_plugins', 'ld_library_path_lib')
[53.075s] INFO:colcon.colcon_core.shell:Creating environment hook '/home/ubuntu/rj_training_container/training_ws/install/stsl_rviz_plugins/share/stsl_rviz_plugins/hook/ld_library_path_lib.ps1'
[53.093s] INFO:colcon.colcon_core.shell:Creating environment descriptor '/home/ubuntu/rj_training_container/training_ws/install/stsl_rviz_plugins/share/stsl_rviz_plugins/hook/ld_library_path_lib.dsv'
[53.110s] INFO:colcon.colcon_core.shell:Creating environment hook '/home/ubuntu/rj_training_container/training_ws/install/stsl_rviz_plugins/share/stsl_rviz_plugins/hook/ld_library_path_lib.sh'
[53.128s] Level 1:colcon.colcon_core.environment:checking '/home/ubuntu/rj_training_container/training_ws/install/stsl_rviz_plugins/bin'
[53.130s] Level 1:colcon.colcon_core.environment:checking '/home/ubuntu/rj_training_container/training_ws/install/stsl_rviz_plugins/lib/pkgconfig/stsl_rviz_plugins.pc'
[53.132s] Level 1:colcon.colcon_core.environment:checking '/home/ubuntu/rj_training_container/training_ws/install/stsl_rviz_plugins/lib/python3.10/site-packages'
[53.134s] Level 1:colcon.colcon_core.environment:checking '/home/ubuntu/rj_training_container/training_ws/install/stsl_rviz_plugins/bin'
[53.136s] INFO:colcon.colcon_core.shell:Creating package script '/home/ubuntu/rj_training_container/training_ws/install/stsl_rviz_plugins/share/stsl_rviz_plugins/package.ps1'
[53.150s] INFO:colcon.colcon_core.shell:Creating package descriptor '/home/ubuntu/rj_training_container/training_ws/install/stsl_rviz_plugins/share/stsl_rviz_plugins/package.dsv'
[53.164s] INFO:colcon.colcon_core.shell:Creating package script '/home/ubuntu/rj_training_container/training_ws/install/stsl_rviz_plugins/share/stsl_rviz_plugins/package.sh'
[53.178s] INFO:colcon.colcon_core.shell:Creating package script '/home/ubuntu/rj_training_container/training_ws/install/stsl_rviz_plugins/share/stsl_rviz_plugins/package.bash'
[53.196s] INFO:colcon.colcon_core.shell:Creating package script '/home/ubuntu/rj_training_container/training_ws/install/stsl_rviz_plugins/share/stsl_rviz_plugins/package.zsh'
[53.214s] Level 1:colcon.colcon_core.environment:create_file_with_runtime_dependencies(/home/ubuntu/rj_training_container/training_ws/install/stsl_rviz_plugins/share/colcon-core/packages/stsl_rviz_plugins)
[53.298s] DEBUG:colcon.colcon_core.event_handler.log_command:Invoking command in '/home/ubuntu/rj_training_container/training_ws/build/mission_orchestration': AMENT_PREFIX_PATH=/home/ubuntu/rj_training_container/training_ws/install/stsl_bt_nodes:/home/ubuntu/rj_training_container/training_ws/install/stsl_interfaces:${AMENT_PREFIX_PATH} CMAKE_PREFIX_PATH=/home/ubuntu/rj_training_container/training_ws/install/stsl_bt_nodes:/home/ubuntu/rj_training_container/training_ws/install/stsl_interfaces:/opt/ros/humble LD_LIBRARY_PATH=/home/ubuntu/rj_training_container/training_ws/install/stsl_bt_nodes/lib:/home/ubuntu/rj_training_container/training_ws/install/stsl_interfaces/lib:${LD_LIBRARY_PATH} PYTHONPATH=/home/ubuntu/rj_training_container/training_ws/install/stsl_interfaces/local/lib/python3.10/dist-packages:${PYTHONPATH} /usr/bin/cmake --build /home/ubuntu/rj_training_container/training_ws/build/mission_orchestration -- -j16 -l16
[56.245s] DEBUG:colcon.colcon_core.event_handler.log_command:Invoked command in '/home/ubuntu/rj_training_container/training_ws/build/mission_orchestration' returned '0': AMENT_PREFIX_PATH=/home/ubuntu/rj_training_container/training_ws/install/stsl_bt_nodes:/home/ubuntu/rj_training_container/training_ws/install/stsl_interfaces:${AMENT_PREFIX_PATH} CMAKE_PREFIX_PATH=/home/ubuntu/rj_training_container/training_ws/install/stsl_bt_nodes:/home/ubuntu/rj_training_container/training_ws/install/stsl_interfaces:/opt/ros/humble LD_LIBRARY_PATH=/home/ubuntu/rj_training_container/training_ws/install/stsl_bt_nodes/lib:/home/ubuntu/rj_training_container/training_ws/install/stsl_interfaces/lib:${LD_LIBRARY_PATH} PYTHONPATH=/home/ubuntu/rj_training_container/training_ws/install/stsl_interfaces/local/lib/python3.10/dist-packages:${PYTHONPATH} /usr/bin/cmake --build /home/ubuntu/rj_training_container/training_ws/build/mission_orchestration -- -j16 -l16
[56.322s] DEBUG:colcon.colcon_core.event_handler.log_command:Invoking command in '/home/ubuntu/rj_training_container/training_ws/build/mission_orchestration': AMENT_PREFIX_PATH=/home/ubuntu/rj_training_container/training_ws/install/stsl_bt_nodes:/home/ubuntu/rj_training_container/training_ws/install/stsl_interfaces:${AMENT_PREFIX_PATH} CMAKE_PREFIX_PATH=/home/ubuntu/rj_training_container/training_ws/install/stsl_bt_nodes:/home/ubuntu/rj_training_container/training_ws/install/stsl_interfaces:/opt/ros/humble LD_LIBRARY_PATH=/home/ubuntu/rj_training_container/training_ws/install/stsl_bt_nodes/lib:/home/ubuntu/rj_training_container/training_ws/install/stsl_interfaces/lib:${LD_LIBRARY_PATH} PYTHONPATH=/home/ubuntu/rj_training_container/training_ws/install/stsl_interfaces/local/lib/python3.10/dist-packages:${PYTHONPATH} /usr/bin/cmake --install /home/ubuntu/rj_training_container/training_ws/build/mission_orchestration
[56.790s] DEBUG:colcon.colcon_core.event_handler.log_command:Invoked command in '/home/ubuntu/rj_training_container/training_ws/build/traini_gazebo' returned '0': AMENT_PREFIX_PATH=/home/ubuntu/rj_training_container/training_ws/install/stsl_aruco_tags:/home/ubuntu/rj_training_container/training_ws/install/stsl_interfaces:/home/ubuntu/rj_training_container/training_ws/install/stsl_gazebo_plugins:${AMENT_PREFIX_PATH} CMAKE_PREFIX_PATH=/home/ubuntu/rj_training_container/training_ws/install/stsl_aruco_tags:/home/ubuntu/rj_training_container/training_ws/install/stsl_interfaces:/home/ubuntu/rj_training_container/training_ws/install/stsl_gazebo_plugins:/opt/ros/humble LD_LIBRARY_PATH=/home/ubuntu/rj_training_container/training_ws/install/stsl_aruco_tags/lib:/home/ubuntu/rj_training_container/training_ws/install/stsl_interfaces/lib:/home/ubuntu/rj_training_container/training_ws/install/stsl_gazebo_plugins/lib:${LD_LIBRARY_PATH} PYTHONPATH=/home/ubuntu/rj_training_container/training_ws/install/stsl_interfaces/local/lib/python3.10/dist-packages:${PYTHONPATH} /usr/bin/cmake --build /home/ubuntu/rj_training_container/training_ws/build/traini_gazebo -- -j16 -l16
[56.852s] DEBUG:colcon.colcon_core.event_handler.log_command:Invoking command in '/home/ubuntu/rj_training_container/training_ws/build/traini_gazebo': AMENT_PREFIX_PATH=/home/ubuntu/rj_training_container/training_ws/install/stsl_aruco_tags:/home/ubuntu/rj_training_container/training_ws/install/stsl_interfaces:/home/ubuntu/rj_training_container/training_ws/install/stsl_gazebo_plugins:${AMENT_PREFIX_PATH} CMAKE_PREFIX_PATH=/home/ubuntu/rj_training_container/training_ws/install/stsl_aruco_tags:/home/ubuntu/rj_training_container/training_ws/install/stsl_interfaces:/home/ubuntu/rj_training_container/training_ws/install/stsl_gazebo_plugins:/opt/ros/humble LD_LIBRARY_PATH=/home/ubuntu/rj_training_container/training_ws/install/stsl_aruco_tags/lib:/home/ubuntu/rj_training_container/training_ws/install/stsl_interfaces/lib:/home/ubuntu/rj_training_container/training_ws/install/stsl_gazebo_plugins/lib:${LD_LIBRARY_PATH} PYTHONPATH=/home/ubuntu/rj_training_container/training_ws/install/stsl_interfaces/local/lib/python3.10/dist-packages:${PYTHONPATH} /usr/bin/cmake --install /home/ubuntu/rj_training_container/training_ws/build/traini_gazebo
[57.550s] Level 1:colcon.colcon_core.environment:create_environment_scripts_only(mission_orchestration)
[57.550s] Level 1:colcon.colcon_core.environment:checking '/home/ubuntu/rj_training_container/training_ws/install/mission_orchestration' for CMake module files
[57.552s] DEBUG:colcon.colcon_core.event_handler.log_command:Invoked command in '/home/ubuntu/rj_training_container/training_ws/build/mission_orchestration' returned '0': AMENT_PREFIX_PATH=/home/ubuntu/rj_training_container/training_ws/install/stsl_bt_nodes:/home/ubuntu/rj_training_container/training_ws/install/stsl_interfaces:${AMENT_PREFIX_PATH} CMAKE_PREFIX_PATH=/home/ubuntu/rj_training_container/training_ws/install/stsl_bt_nodes:/home/ubuntu/rj_training_container/training_ws/install/stsl_interfaces:/opt/ros/humble LD_LIBRARY_PATH=/home/ubuntu/rj_training_container/training_ws/install/stsl_bt_nodes/lib:/home/ubuntu/rj_training_container/training_ws/install/stsl_interfaces/lib:${LD_LIBRARY_PATH} PYTHONPATH=/home/ubuntu/rj_training_container/training_ws/install/stsl_interfaces/local/lib/python3.10/dist-packages:${PYTHONPATH} /usr/bin/cmake --install /home/ubuntu/rj_training_container/training_ws/build/mission_orchestration
[57.670s] Level 1:colcon.colcon_core.environment:checking '/home/ubuntu/rj_training_container/training_ws/install/mission_orchestration' for CMake config files
[57.778s] Level 1:colcon.colcon_core.shell:create_environment_hook('mission_orchestration', 'cmake_prefix_path')
[57.779s] INFO:colcon.colcon_core.shell:Creating environment hook '/home/ubuntu/rj_training_container/training_ws/install/mission_orchestration/share/mission_orchestration/hook/cmake_prefix_path.ps1'
[57.803s] INFO:colcon.colcon_core.shell:Creating environment descriptor '/home/ubuntu/rj_training_container/training_ws/install/mission_orchestration/share/mission_orchestration/hook/cmake_prefix_path.dsv'
[57.820s] INFO:colcon.colcon_core.shell:Creating environment hook '/home/ubuntu/rj_training_container/training_ws/install/mission_orchestration/share/mission_orchestration/hook/cmake_prefix_path.sh'
[57.843s] Level 1:colcon.colcon_core.environment:checking '/home/ubuntu/rj_training_container/training_ws/install/mission_orchestration/lib'
[57.849s] Level 1:colcon.colcon_core.shell:create_environment_hook('mission_orchestration', 'ld_library_path_lib')
[57.850s] INFO:colcon.colcon_core.shell:Creating environment hook '/home/ubuntu/rj_training_container/training_ws/install/mission_orchestration/share/mission_orchestration/hook/ld_library_path_lib.ps1'
[57.865s] INFO:colcon.colcon_core.shell:Creating environment descriptor '/home/ubuntu/rj_training_container/training_ws/install/mission_orchestration/share/mission_orchestration/hook/ld_library_path_lib.dsv'
[57.881s] INFO:colcon.colcon_core.shell:Creating environment hook '/home/ubuntu/rj_training_container/training_ws/install/mission_orchestration/share/mission_orchestration/hook/ld_library_path_lib.sh'
[57.899s] Level 1:colcon.colcon_core.environment:checking '/home/ubuntu/rj_training_container/training_ws/install/mission_orchestration/bin'
[57.901s] Level 1:colcon.colcon_core.environment:checking '/home/ubuntu/rj_training_container/training_ws/install/mission_orchestration/lib/pkgconfig/mission_orchestration.pc'
[57.904s] Level 1:colcon.colcon_core.environment:checking '/home/ubuntu/rj_training_container/training_ws/install/mission_orchestration/lib/python3.10/site-packages'
[57.906s] Level 1:colcon.colcon_core.environment:checking '/home/ubuntu/rj_training_container/training_ws/install/mission_orchestration/bin'
[57.908s] INFO:colcon.colcon_core.shell:Creating package script '/home/ubuntu/rj_training_container/training_ws/install/mission_orchestration/share/mission_orchestration/package.ps1'
[57.927s] INFO:colcon.colcon_core.shell:Creating package descriptor '/home/ubuntu/rj_training_container/training_ws/install/mission_orchestration/share/mission_orchestration/package.dsv'
[57.941s] INFO:colcon.colcon_core.shell:Creating package script '/home/ubuntu/rj_training_container/training_ws/install/mission_orchestration/share/mission_orchestration/package.sh'
[57.956s] INFO:colcon.colcon_core.shell:Creating package script '/home/ubuntu/rj_training_container/training_ws/install/mission_orchestration/share/mission_orchestration/package.bash'
[57.970s] INFO:colcon.colcon_core.shell:Creating package script '/home/ubuntu/rj_training_container/training_ws/install/mission_orchestration/share/mission_orchestration/package.zsh'
[57.985s] Level 1:colcon.colcon_core.environment:create_file_with_runtime_dependencies(/home/ubuntu/rj_training_container/training_ws/install/mission_orchestration/share/colcon-core/packages/mission_orchestration)
[58.072s] Level 1:colcon.colcon_core.environment:create_environment_scripts_only(mission_orchestration)
[58.073s] Level 1:colcon.colcon_core.environment:checking '/home/ubuntu/rj_training_container/training_ws/install/mission_orchestration' for CMake module files
[58.192s] Level 1:colcon.colcon_core.environment:checking '/home/ubuntu/rj_training_container/training_ws/install/mission_orchestration' for CMake config files
[58.296s] Level 1:colcon.colcon_core.shell:create_environment_hook('mission_orchestration', 'cmake_prefix_path')
[58.297s] INFO:colcon.colcon_core.shell:Creating environment hook '/home/ubuntu/rj_training_container/training_ws/install/mission_orchestration/share/mission_orchestration/hook/cmake_prefix_path.ps1'
[58.317s] INFO:colcon.colcon_core.shell:Creating environment descriptor '/home/ubuntu/rj_training_container/training_ws/install/mission_orchestration/share/mission_orchestration/hook/cmake_prefix_path.dsv'
[58.338s] INFO:colcon.colcon_core.shell:Creating environment hook '/home/ubuntu/rj_training_container/training_ws/install/mission_orchestration/share/mission_orchestration/hook/cmake_prefix_path.sh'
[58.362s] Level 1:colcon.colcon_core.environment:checking '/home/ubuntu/rj_training_container/training_ws/install/mission_orchestration/lib'
[58.367s] Level 1:colcon.colcon_core.shell:create_environment_hook('mission_orchestration', 'ld_library_path_lib')
[58.367s] INFO:colcon.colcon_core.shell:Creating environment hook '/home/ubuntu/rj_training_container/training_ws/install/mission_orchestration/share/mission_orchestration/hook/ld_library_path_lib.ps1'
[58.384s] INFO:colcon.colcon_core.shell:Creating environment descriptor '/home/ubuntu/rj_training_container/training_ws/install/mission_orchestration/share/mission_orchestration/hook/ld_library_path_lib.dsv'
[58.404s] INFO:colcon.colcon_core.shell:Creating environment hook '/home/ubuntu/rj_training_container/training_ws/install/mission_orchestration/share/mission_orchestration/hook/ld_library_path_lib.sh'
[58.422s] Level 1:colcon.colcon_core.environment:checking '/home/ubuntu/rj_training_container/training_ws/install/mission_orchestration/bin'
[58.424s] Level 1:colcon.colcon_core.environment:checking '/home/ubuntu/rj_training_container/training_ws/install/mission_orchestration/lib/pkgconfig/mission_orchestration.pc'
[58.427s] Level 1:colcon.colcon_core.environment:checking '/home/ubuntu/rj_training_container/training_ws/install/mission_orchestration/lib/python3.10/site-packages'
[58.429s] Level 1:colcon.colcon_core.environment:checking '/home/ubuntu/rj_training_container/training_ws/install/mission_orchestration/bin'
[58.431s] INFO:colcon.colcon_core.shell:Creating package script '/home/ubuntu/rj_training_container/training_ws/install/mission_orchestration/share/mission_orchestration/package.ps1'
[58.448s] INFO:colcon.colcon_core.shell:Creating package descriptor '/home/ubuntu/rj_training_container/training_ws/install/mission_orchestration/share/mission_orchestration/package.dsv'
[58.463s] INFO:colcon.colcon_core.shell:Creating package script '/home/ubuntu/rj_training_container/training_ws/install/mission_orchestration/share/mission_orchestration/package.sh'
[58.481s] INFO:colcon.colcon_core.shell:Creating package script '/home/ubuntu/rj_training_container/training_ws/install/mission_orchestration/share/mission_orchestration/package.bash'
[58.497s] INFO:colcon.colcon_core.shell:Creating package script '/home/ubuntu/rj_training_container/training_ws/install/mission_orchestration/share/mission_orchestration/package.zsh'
[58.513s] Level 1:colcon.colcon_core.environment:create_file_with_runtime_dependencies(/home/ubuntu/rj_training_container/training_ws/install/mission_orchestration/share/colcon-core/packages/mission_orchestration)
[70.028s] Level 1:colcon.colcon_core.environment:create_environment_scripts_only(traini_gazebo)
[70.029s] Level 1:colcon.colcon_core.environment:checking '/home/ubuntu/rj_training_container/training_ws/install/traini_gazebo' for CMake module files
[70.030s] DEBUG:colcon.colcon_core.event_handler.log_command:Invoked command in '/home/ubuntu/rj_training_container/training_ws/build/traini_gazebo' returned '0': AMENT_PREFIX_PATH=/home/ubuntu/rj_training_container/training_ws/install/stsl_aruco_tags:/home/ubuntu/rj_training_container/training_ws/install/stsl_interfaces:/home/ubuntu/rj_training_container/training_ws/install/stsl_gazebo_plugins:${AMENT_PREFIX_PATH} CMAKE_PREFIX_PATH=/home/ubuntu/rj_training_container/training_ws/install/stsl_aruco_tags:/home/ubuntu/rj_training_container/training_ws/install/stsl_interfaces:/home/ubuntu/rj_training_container/training_ws/install/stsl_gazebo_plugins:/opt/ros/humble LD_LIBRARY_PATH=/home/ubuntu/rj_training_container/training_ws/install/stsl_aruco_tags/lib:/home/ubuntu/rj_training_container/training_ws/install/stsl_interfaces/lib:/home/ubuntu/rj_training_container/training_ws/install/stsl_gazebo_plugins/lib:${LD_LIBRARY_PATH} PYTHONPATH=/home/ubuntu/rj_training_container/training_ws/install/stsl_interfaces/local/lib/python3.10/dist-packages:${PYTHONPATH} /usr/bin/cmake --install /home/ubuntu/rj_training_container/training_ws/build/traini_gazebo
[70.157s] Level 1:colcon.colcon_core.environment:checking '/home/ubuntu/rj_training_container/training_ws/install/traini_gazebo' for CMake config files
[70.248s] Level 1:colcon.colcon_core.shell:create_environment_hook('traini_gazebo', 'cmake_prefix_path')
[70.249s] INFO:colcon.colcon_core.shell:Creating environment hook '/home/ubuntu/rj_training_container/training_ws/install/traini_gazebo/share/traini_gazebo/hook/cmake_prefix_path.ps1'
[70.269s] INFO:colcon.colcon_core.shell:Creating environment descriptor '/home/ubuntu/rj_training_container/training_ws/install/traini_gazebo/share/traini_gazebo/hook/cmake_prefix_path.dsv'
[70.288s] INFO:colcon.colcon_core.shell:Creating environment hook '/home/ubuntu/rj_training_container/training_ws/install/traini_gazebo/share/traini_gazebo/hook/cmake_prefix_path.sh'
[70.312s] Level 1:colcon.colcon_core.environment:checking '/home/ubuntu/rj_training_container/training_ws/install/traini_gazebo/lib'
[70.318s] Level 1:colcon.colcon_core.environment:checking '/home/ubuntu/rj_training_container/training_ws/install/traini_gazebo/bin'
[70.320s] Level 1:colcon.colcon_core.environment:checking '/home/ubuntu/rj_training_container/training_ws/install/traini_gazebo/lib/pkgconfig/traini_gazebo.pc'
[70.322s] Level 1:colcon.colcon_core.environment:checking '/home/ubuntu/rj_training_container/training_ws/install/traini_gazebo/lib/python3.10/site-packages'
[70.325s] Level 1:colcon.colcon_core.environment:checking '/home/ubuntu/rj_training_container/training_ws/install/traini_gazebo/bin'
[70.327s] INFO:colcon.colcon_core.shell:Creating package script '/home/ubuntu/rj_training_container/training_ws/install/traini_gazebo/share/traini_gazebo/package.ps1'
[70.350s] INFO:colcon.colcon_core.shell:Creating package descriptor '/home/ubuntu/rj_training_container/training_ws/install/traini_gazebo/share/traini_gazebo/package.dsv'
[70.377s] INFO:colcon.colcon_core.shell:Creating package script '/home/ubuntu/rj_training_container/training_ws/install/traini_gazebo/share/traini_gazebo/package.sh'
[70.401s] INFO:colcon.colcon_core.shell:Creating package script '/home/ubuntu/rj_training_container/training_ws/install/traini_gazebo/share/traini_gazebo/package.bash'
[70.418s] INFO:colcon.colcon_core.shell:Creating package script '/home/ubuntu/rj_training_container/training_ws/install/traini_gazebo/share/traini_gazebo/package.zsh'
[70.435s] Level 1:colcon.colcon_core.environment:create_file_with_runtime_dependencies(/home/ubuntu/rj_training_container/training_ws/install/traini_gazebo/share/colcon-core/packages/traini_gazebo)
[70.504s] Level 1:colcon.colcon_core.environment:create_environment_scripts_only(traini_gazebo)
[70.505s] Level 1:colcon.colcon_core.environment:checking '/home/ubuntu/rj_training_container/training_ws/install/traini_gazebo' for CMake module files
[70.613s] Level 1:colcon.colcon_core.environment:checking '/home/ubuntu/rj_training_container/training_ws/install/traini_gazebo' for CMake config files
[70.689s] Level 1:colcon.colcon_core.shell:create_environment_hook('traini_gazebo', 'cmake_prefix_path')
[70.689s] INFO:colcon.colcon_core.shell:Creating environment hook '/home/ubuntu/rj_training_container/training_ws/install/traini_gazebo/share/traini_gazebo/hook/cmake_prefix_path.ps1'
[70.708s] INFO:colcon.colcon_core.shell:Creating environment descriptor '/home/ubuntu/rj_training_container/training_ws/install/traini_gazebo/share/traini_gazebo/hook/cmake_prefix_path.dsv'
[70.726s] INFO:colcon.colcon_core.shell:Creating environment hook '/home/ubuntu/rj_training_container/training_ws/install/traini_gazebo/share/traini_gazebo/hook/cmake_prefix_path.sh'
[70.749s] Level 1:colcon.colcon_core.environment:checking '/home/ubuntu/rj_training_container/training_ws/install/traini_gazebo/lib'
[70.754s] Level 1:colcon.colcon_core.environment:checking '/home/ubuntu/rj_training_container/training_ws/install/traini_gazebo/bin'
[70.756s] Level 1:colcon.colcon_core.environment:checking '/home/ubuntu/rj_training_container/training_ws/install/traini_gazebo/lib/pkgconfig/traini_gazebo.pc'
[70.759s] Level 1:colcon.colcon_core.environment:checking '/home/ubuntu/rj_training_container/training_ws/install/traini_gazebo/lib/python3.10/site-packages'
[70.761s] Level 1:colcon.colcon_core.environment:checking '/home/ubuntu/rj_training_container/training_ws/install/traini_gazebo/bin'
[70.764s] INFO:colcon.colcon_core.shell:Creating package script '/home/ubuntu/rj_training_container/training_ws/install/traini_gazebo/share/traini_gazebo/package.ps1'
[70.780s] INFO:colcon.colcon_core.shell:Creating package descriptor '/home/ubuntu/rj_training_container/training_ws/install/traini_gazebo/share/traini_gazebo/package.dsv'
[70.797s] INFO:colcon.colcon_core.shell:Creating package script '/home/ubuntu/rj_training_container/training_ws/install/traini_gazebo/share/traini_gazebo/package.sh'
[70.815s] INFO:colcon.colcon_core.shell:Creating package script '/home/ubuntu/rj_training_container/training_ws/install/traini_gazebo/share/traini_gazebo/package.bash'
[70.832s] INFO:colcon.colcon_core.shell:Creating package script '/home/ubuntu/rj_training_container/training_ws/install/traini_gazebo/share/traini_gazebo/package.zsh'
[70.849s] Level 1:colcon.colcon_core.environment:create_file_with_runtime_dependencies(/home/ubuntu/rj_training_container/training_ws/install/traini_gazebo/share/colcon-core/packages/traini_gazebo)
[70.862s] INFO:colcon.colcon_ros.task.ament_cmake.build:Building ROS package in '/home/ubuntu/rj_training_container/training_ws/src/stsl/traini_bringup' with build type 'ament_cmake'
[70.863s] INFO:colcon.colcon_cmake.task.cmake.build:Building CMake package in '/home/ubuntu/rj_training_container/training_ws/src/stsl/traini_bringup'
[70.864s] INFO:colcon.colcon_core.shell:Skip shell extension 'powershell' for command environment: Not usable outside of PowerShell
[70.864s] DEBUG:colcon.colcon_core.shell:Skip shell extension 'dsv' for command environment
[71.344s] DEBUG:colcon.colcon_core.event_handler.log_command:Invoking command in '/home/ubuntu/rj_training_container/training_ws/build/traini_bringup': AMENT_PREFIX_PATH=/home/ubuntu/rj_training_container/training_ws/install/traini_gazebo:/home/ubuntu/rj_training_container/training_ws/install/stsl_aruco_tags:/home/ubuntu/rj_training_container/training_ws/install/traini_description:/home/ubuntu/rj_training_container/training_ws/install/stsl_interfaces:/home/ubuntu/rj_training_container/training_ws/install/stsl_gazebo_plugins:${AMENT_PREFIX_PATH} CMAKE_PREFIX_PATH=/home/ubuntu/rj_training_container/training_ws/install/traini_gazebo:/home/ubuntu/rj_training_container/training_ws/install/stsl_aruco_tags:/home/ubuntu/rj_training_container/training_ws/install/traini_description:/home/ubuntu/rj_training_container/training_ws/install/stsl_interfaces:/home/ubuntu/rj_training_container/training_ws/install/stsl_gazebo_plugins:/opt/ros/humble LD_LIBRARY_PATH=/home/ubuntu/rj_training_container/training_ws/install/stsl_aruco_tags/lib:/home/ubuntu/rj_training_container/training_ws/install/stsl_interfaces/lib:/home/ubuntu/rj_training_container/training_ws/install/stsl_gazebo_plugins/lib:${LD_LIBRARY_PATH} PYTHONPATH=/home/ubuntu/rj_training_container/training_ws/install/stsl_interfaces/local/lib/python3.10/dist-packages:${PYTHONPATH} /usr/bin/cmake --build /home/ubuntu/rj_training_container/training_ws/build/traini_bringup -- -j16 -l16
[73.303s] DEBUG:colcon.colcon_core.event_handler.log_command:Invoked command in '/home/ubuntu/rj_training_container/training_ws/build/traini_bringup' returned '0': AMENT_PREFIX_PATH=/home/ubuntu/rj_training_container/training_ws/install/traini_gazebo:/home/ubuntu/rj_training_container/training_ws/install/stsl_aruco_tags:/home/ubuntu/rj_training_container/training_ws/install/traini_description:/home/ubuntu/rj_training_container/training_ws/install/stsl_interfaces:/home/ubuntu/rj_training_container/training_ws/install/stsl_gazebo_plugins:${AMENT_PREFIX_PATH} CMAKE_PREFIX_PATH=/home/ubuntu/rj_training_container/training_ws/install/traini_gazebo:/home/ubuntu/rj_training_container/training_ws/install/stsl_aruco_tags:/home/ubuntu/rj_training_container/training_ws/install/traini_description:/home/ubuntu/rj_training_container/training_ws/install/stsl_interfaces:/home/ubuntu/rj_training_container/training_ws/install/stsl_gazebo_plugins:/opt/ros/humble LD_LIBRARY_PATH=/home/ubuntu/rj_training_container/training_ws/install/stsl_aruco_tags/lib:/home/ubuntu/rj_training_container/training_ws/install/stsl_interfaces/lib:/home/ubuntu/rj_training_container/training_ws/install/stsl_gazebo_plugins/lib:${LD_LIBRARY_PATH} PYTHONPATH=/home/ubuntu/rj_training_container/training_ws/install/stsl_interfaces/local/lib/python3.10/dist-packages:${PYTHONPATH} /usr/bin/cmake --build /home/ubuntu/rj_training_container/training_ws/build/traini_bringup -- -j16 -l16
[73.368s] DEBUG:colcon.colcon_core.event_handler.log_command:Invoking command in '/home/ubuntu/rj_training_container/training_ws/build/traini_bringup': AMENT_PREFIX_PATH=/home/ubuntu/rj_training_container/training_ws/install/traini_gazebo:/home/ubuntu/rj_training_container/training_ws/install/stsl_aruco_tags:/home/ubuntu/rj_training_container/training_ws/install/traini_description:/home/ubuntu/rj_training_container/training_ws/install/stsl_interfaces:/home/ubuntu/rj_training_container/training_ws/install/stsl_gazebo_plugins:${AMENT_PREFIX_PATH} CMAKE_PREFIX_PATH=/home/ubuntu/rj_training_container/training_ws/install/traini_gazebo:/home/ubuntu/rj_training_container/training_ws/install/stsl_aruco_tags:/home/ubuntu/rj_training_container/training_ws/install/traini_description:/home/ubuntu/rj_training_container/training_ws/install/stsl_interfaces:/home/ubuntu/rj_training_container/training_ws/install/stsl_gazebo_plugins:/opt/ros/humble LD_LIBRARY_PATH=/home/ubuntu/rj_training_container/training_ws/install/stsl_aruco_tags/lib:/home/ubuntu/rj_training_container/training_ws/install/stsl_interfaces/lib:/home/ubuntu/rj_training_container/training_ws/install/stsl_gazebo_plugins/lib:${LD_LIBRARY_PATH} PYTHONPATH=/home/ubuntu/rj_training_container/training_ws/install/stsl_interfaces/local/lib/python3.10/dist-packages:${PYTHONPATH} /usr/bin/cmake --install /home/ubuntu/rj_training_container/training_ws/build/traini_bringup
[74.518s] Level 1:colcon.colcon_core.environment:create_environment_scripts_only(traini_bringup)
[74.519s] Level 1:colcon.colcon_core.environment:checking '/home/ubuntu/rj_training_container/training_ws/install/traini_bringup' for CMake module files
[74.520s] DEBUG:colcon.colcon_core.event_handler.log_command:Invoked command in '/home/ubuntu/rj_training_container/training_ws/build/traini_bringup' returned '0': AMENT_PREFIX_PATH=/home/ubuntu/rj_training_container/training_ws/install/traini_gazebo:/home/ubuntu/rj_training_container/training_ws/install/stsl_aruco_tags:/home/ubuntu/rj_training_container/training_ws/install/traini_description:/home/ubuntu/rj_training_container/training_ws/install/stsl_interfaces:/home/ubuntu/rj_training_container/training_ws/install/stsl_gazebo_plugins:${AMENT_PREFIX_PATH} CMAKE_PREFIX_PATH=/home/ubuntu/rj_training_container/training_ws/install/traini_gazebo:/home/ubuntu/rj_training_container/training_ws/install/stsl_aruco_tags:/home/ubuntu/rj_training_container/training_ws/install/traini_description:/home/ubuntu/rj_training_container/training_ws/install/stsl_interfaces:/home/ubuntu/rj_training_container/training_ws/install/stsl_gazebo_plugins:/opt/ros/humble LD_LIBRARY_PATH=/home/ubuntu/rj_training_container/training_ws/install/stsl_aruco_tags/lib:/home/ubuntu/rj_training_container/training_ws/install/stsl_interfaces/lib:/home/ubuntu/rj_training_container/training_ws/install/stsl_gazebo_plugins/lib:${LD_LIBRARY_PATH} PYTHONPATH=/home/ubuntu/rj_training_container/training_ws/install/stsl_interfaces/local/lib/python3.10/dist-packages:${PYTHONPATH} /usr/bin/cmake --install /home/ubuntu/rj_training_container/training_ws/build/traini_bringup
[74.605s] Level 1:colcon.colcon_core.environment:checking '/home/ubuntu/rj_training_container/training_ws/install/traini_bringup' for CMake config files
[74.665s] Level 1:colcon.colcon_core.shell:create_environment_hook('traini_bringup', 'cmake_prefix_path')
[74.666s] INFO:colcon.colcon_core.shell:Creating environment hook '/home/ubuntu/rj_training_container/training_ws/install/traini_bringup/share/traini_bringup/hook/cmake_prefix_path.ps1'
[74.683s] INFO:colcon.colcon_core.shell:Creating environment descriptor '/home/ubuntu/rj_training_container/training_ws/install/traini_bringup/share/traini_bringup/hook/cmake_prefix_path.dsv'
[74.701s] INFO:colcon.colcon_core.shell:Creating environment hook '/home/ubuntu/rj_training_container/training_ws/install/traini_bringup/share/traini_bringup/hook/cmake_prefix_path.sh'
[74.723s] Level 1:colcon.colcon_core.environment:checking '/home/ubuntu/rj_training_container/training_ws/install/traini_bringup/bin'
[74.724s] Level 1:colcon.colcon_core.environment:checking '/home/ubuntu/rj_training_container/training_ws/install/traini_bringup/lib/pkgconfig/traini_bringup.pc'
[74.726s] Level 1:colcon.colcon_core.environment:checking '/home/ubuntu/rj_training_container/training_ws/install/traini_bringup/lib/python3.10/site-packages'
[74.728s] Level 1:colcon.colcon_core.environment:checking '/home/ubuntu/rj_training_container/training_ws/install/traini_bringup/bin'
[74.730s] INFO:colcon.colcon_core.shell:Creating package script '/home/ubuntu/rj_training_container/training_ws/install/traini_bringup/share/traini_bringup/package.ps1'
[74.746s] INFO:colcon.colcon_core.shell:Creating package descriptor '/home/ubuntu/rj_training_container/training_ws/install/traini_bringup/share/traini_bringup/package.dsv'
[74.762s] INFO:colcon.colcon_core.shell:Creating package script '/home/ubuntu/rj_training_container/training_ws/install/traini_bringup/share/traini_bringup/package.sh'
[74.780s] INFO:colcon.colcon_core.shell:Creating package script '/home/ubuntu/rj_training_container/training_ws/install/traini_bringup/share/traini_bringup/package.bash'
[74.796s] INFO:colcon.colcon_core.shell:Creating package script '/home/ubuntu/rj_training_container/training_ws/install/traini_bringup/share/traini_bringup/package.zsh'
[74.811s] Level 1:colcon.colcon_core.environment:create_file_with_runtime_dependencies(/home/ubuntu/rj_training_container/training_ws/install/traini_bringup/share/colcon-core/packages/traini_bringup)
[74.878s] Level 1:colcon.colcon_core.environment:create_environment_scripts_only(traini_bringup)
[74.879s] Level 1:colcon.colcon_core.environment:checking '/home/ubuntu/rj_training_container/training_ws/install/traini_bringup' for CMake module files
[74.985s] Level 1:colcon.colcon_core.environment:checking '/home/ubuntu/rj_training_container/training_ws/install/traini_bringup' for CMake config files
[75.058s] Level 1:colcon.colcon_core.shell:create_environment_hook('traini_bringup', 'cmake_prefix_path')
[75.059s] INFO:colcon.colcon_core.shell:Creating environment hook '/home/ubuntu/rj_training_container/training_ws/install/traini_bringup/share/traini_bringup/hook/cmake_prefix_path.ps1'
[75.077s] INFO:colcon.colcon_core.shell:Creating environment descriptor '/home/ubuntu/rj_training_container/training_ws/install/traini_bringup/share/traini_bringup/hook/cmake_prefix_path.dsv'
[75.094s] INFO:colcon.colcon_core.shell:Creating environment hook '/home/ubuntu/rj_training_container/training_ws/install/traini_bringup/share/traini_bringup/hook/cmake_prefix_path.sh'
[75.117s] Level 1:colcon.colcon_core.environment:checking '/home/ubuntu/rj_training_container/training_ws/install/traini_bringup/bin'
[75.118s] Level 1:colcon.colcon_core.environment:checking '/home/ubuntu/rj_training_container/training_ws/install/traini_bringup/lib/pkgconfig/traini_bringup.pc'
[75.120s] Level 1:colcon.colcon_core.environment:checking '/home/ubuntu/rj_training_container/training_ws/install/traini_bringup/lib/python3.10/site-packages'
[75.122s] Level 1:colcon.colcon_core.environment:checking '/home/ubuntu/rj_training_container/training_ws/install/traini_bringup/bin'
[75.124s] INFO:colcon.colcon_core.shell:Creating package script '/home/ubuntu/rj_training_container/training_ws/install/traini_bringup/share/traini_bringup/package.ps1'
[75.139s] INFO:colcon.colcon_core.shell:Creating package descriptor '/home/ubuntu/rj_training_container/training_ws/install/traini_bringup/share/traini_bringup/package.dsv'
[75.156s] INFO:colcon.colcon_core.shell:Creating package script '/home/ubuntu/rj_training_container/training_ws/install/traini_bringup/share/traini_bringup/package.sh'
[75.172s] INFO:colcon.colcon_core.shell:Creating package script '/home/ubuntu/rj_training_container/training_ws/install/traini_bringup/share/traini_bringup/package.bash'
[75.188s] INFO:colcon.colcon_core.shell:Creating package script '/home/ubuntu/rj_training_container/training_ws/install/traini_bringup/share/traini_bringup/package.zsh'
[75.204s] Level 1:colcon.colcon_core.environment:create_file_with_runtime_dependencies(/home/ubuntu/rj_training_container/training_ws/install/traini_bringup/share/colcon-core/packages/traini_bringup)
[75.217s] INFO:colcon.colcon_ros.task.ament_cmake.build:Building ROS package in '/home/ubuntu/rj_training_container/training_ws/src/stsl/stsl_desktop' with build type 'ament_cmake'
[75.217s] INFO:colcon.colcon_cmake.task.cmake.build:Building CMake package in '/home/ubuntu/rj_training_container/training_ws/src/stsl/stsl_desktop'
[75.218s] INFO:colcon.colcon_core.shell:Skip shell extension 'powershell' for command environment: Not usable outside of PowerShell
[75.219s] DEBUG:colcon.colcon_core.shell:Skip shell extension 'dsv' for command environment
[76.525s] DEBUG:colcon.colcon_core.event_handler.log_command:Invoking command in '/home/ubuntu/rj_training_container/training_ws/build/stsl_desktop': AMENT_PREFIX_PATH=/home/ubuntu/rj_training_container/training_ws/install/traini_bringup:/home/ubuntu/rj_training_container/training_ws/install/traini_gazebo:/home/ubuntu/rj_training_container/training_ws/install/mission_orchestration:/home/ubuntu/rj_training_container/training_ws/install/stsl_rviz_plugins:/home/ubuntu/rj_training_container/training_ws/install/stsl_bt_nodes:/home/ubuntu/rj_training_container/training_ws/install/stsl_aruco_tags:/home/ubuntu/rj_training_container/training_ws/install/mineral_deposit_detection:/home/ubuntu/rj_training_container/training_ws/install/elevation_server:/home/ubuntu/rj_training_container/training_ws/install/traini_description:/home/ubuntu/rj_training_container/training_ws/install/stsl_utils:/home/ubuntu/rj_training_container/training_ws/install/stsl_nav_plugins:/home/ubuntu/rj_training_container/training_ws/install/stsl_interfaces:/home/ubuntu/rj_training_container/training_ws/install/stsl_gazebo_plugins:${AMENT_PREFIX_PATH} CMAKE_PREFIX_PATH=/home/ubuntu/rj_training_container/training_ws/install/traini_bringup:/home/ubuntu/rj_training_container/training_ws/install/traini_gazebo:/home/ubuntu/rj_training_container/training_ws/install/mission_orchestration:/home/ubuntu/rj_training_container/training_ws/install/stsl_rviz_plugins:/home/ubuntu/rj_training_container/training_ws/install/stsl_bt_nodes:/home/ubuntu/rj_training_container/training_ws/install/stsl_aruco_tags:/home/ubuntu/rj_training_container/training_ws/install/mineral_deposit_detection:/home/ubuntu/rj_training_container/training_ws/install/elevation_server:/home/ubuntu/rj_training_container/training_ws/install/traini_description:/home/ubuntu/rj_training_container/training_ws/install/stsl_utils:/home/ubuntu/rj_training_container/training_ws/install/stsl_nav_plugins:/home/ubuntu/rj_training_container/training_ws/install/stsl_interfaces:/home/ubuntu/rj_training_container/training_ws/install/stsl_gazebo_plugins:/opt/ros/humble LD_LIBRARY_PATH=/home/ubuntu/rj_training_container/training_ws/install/mission_orchestration/lib:/home/ubuntu/rj_training_container/training_ws/install/stsl_rviz_plugins/lib:/home/ubuntu/rj_training_container/training_ws/install/stsl_bt_nodes/lib:/home/ubuntu/rj_training_container/training_ws/install/stsl_aruco_tags/lib:/home/ubuntu/rj_training_container/training_ws/install/mineral_deposit_detection/lib:/home/ubuntu/rj_training_container/training_ws/install/elevation_server/lib:/home/ubuntu/rj_training_container/training_ws/install/stsl_utils/lib:/home/ubuntu/rj_training_container/training_ws/install/stsl_nav_plugins/lib:/home/ubuntu/rj_training_container/training_ws/install/stsl_interfaces/lib:/home/ubuntu/rj_training_container/training_ws/install/stsl_gazebo_plugins/lib:${LD_LIBRARY_PATH} PYTHONPATH=/home/ubuntu/rj_training_container/training_ws/install/stsl_interfaces/local/lib/python3.10/dist-packages:${PYTHONPATH} /usr/bin/cmake --build /home/ubuntu/rj_training_container/training_ws/build/stsl_desktop -- -j16 -l16
[82.294s] DEBUG:colcon.colcon_core.event_handler.log_command:Invoked command in '/home/ubuntu/rj_training_container/training_ws/build/stsl_desktop' returned '0': AMENT_PREFIX_PATH=/home/ubuntu/rj_training_container/training_ws/install/traini_bringup:/home/ubuntu/rj_training_container/training_ws/install/traini_gazebo:/home/ubuntu/rj_training_container/training_ws/install/mission_orchestration:/home/ubuntu/rj_training_container/training_ws/install/stsl_rviz_plugins:/home/ubuntu/rj_training_container/training_ws/install/stsl_bt_nodes:/home/ubuntu/rj_training_container/training_ws/install/stsl_aruco_tags:/home/ubuntu/rj_training_container/training_ws/install/mineral_deposit_detection:/home/ubuntu/rj_training_container/training_ws/install/elevation_server:/home/ubuntu/rj_training_container/training_ws/install/traini_description:/home/ubuntu/rj_training_container/training_ws/install/stsl_utils:/home/ubuntu/rj_training_container/training_ws/install/stsl_nav_plugins:/home/ubuntu/rj_training_container/training_ws/install/stsl_interfaces:/home/ubuntu/rj_training_container/training_ws/install/stsl_gazebo_plugins:${AMENT_PREFIX_PATH} CMAKE_PREFIX_PATH=/home/ubuntu/rj_training_container/training_ws/install/traini_bringup:/home/ubuntu/rj_training_container/training_ws/install/traini_gazebo:/home/ubuntu/rj_training_container/training_ws/install/mission_orchestration:/home/ubuntu/rj_training_container/training_ws/install/stsl_rviz_plugins:/home/ubuntu/rj_training_container/training_ws/install/stsl_bt_nodes:/home/ubuntu/rj_training_container/training_ws/install/stsl_aruco_tags:/home/ubuntu/rj_training_container/training_ws/install/mineral_deposit_detection:/home/ubuntu/rj_training_container/training_ws/install/elevation_server:/home/ubuntu/rj_training_container/training_ws/install/traini_description:/home/ubuntu/rj_training_container/training_ws/install/stsl_utils:/home/ubuntu/rj_training_container/training_ws/install/stsl_nav_plugins:/home/ubuntu/rj_training_container/training_ws/install/stsl_interfaces:/home/ubuntu/rj_training_container/training_ws/install/stsl_gazebo_plugins:/opt/ros/humble LD_LIBRARY_PATH=/home/ubuntu/rj_training_container/training_ws/install/mission_orchestration/lib:/home/ubuntu/rj_training_container/training_ws/install/stsl_rviz_plugins/lib:/home/ubuntu/rj_training_container/training_ws/install/stsl_bt_nodes/lib:/home/ubuntu/rj_training_container/training_ws/install/stsl_aruco_tags/lib:/home/ubuntu/rj_training_container/training_ws/install/mineral_deposit_detection/lib:/home/ubuntu/rj_training_container/training_ws/install/elevation_server/lib:/home/ubuntu/rj_training_container/training_ws/install/stsl_utils/lib:/home/ubuntu/rj_training_container/training_ws/install/stsl_nav_plugins/lib:/home/ubuntu/rj_training_container/training_ws/install/stsl_interfaces/lib:/home/ubuntu/rj_training_container/training_ws/install/stsl_gazebo_plugins/lib:${LD_LIBRARY_PATH} PYTHONPATH=/home/ubuntu/rj_training_container/training_ws/install/stsl_interfaces/local/lib/python3.10/dist-packages:${PYTHONPATH} /usr/bin/cmake --build /home/ubuntu/rj_training_container/training_ws/build/stsl_desktop -- -j16 -l16
[82.366s] DEBUG:colcon.colcon_core.event_handler.log_command:Invoking command in '/home/ubuntu/rj_training_container/training_ws/build/stsl_desktop': AMENT_PREFIX_PATH=/home/ubuntu/rj_training_container/training_ws/install/traini_bringup:/home/ubuntu/rj_training_container/training_ws/install/traini_gazebo:/home/ubuntu/rj_training_container/training_ws/install/mission_orchestration:/home/ubuntu/rj_training_container/training_ws/install/stsl_rviz_plugins:/home/ubuntu/rj_training_container/training_ws/install/stsl_bt_nodes:/home/ubuntu/rj_training_container/training_ws/install/stsl_aruco_tags:/home/ubuntu/rj_training_container/training_ws/install/mineral_deposit_detection:/home/ubuntu/rj_training_container/training_ws/install/elevation_server:/home/ubuntu/rj_training_container/training_ws/install/traini_description:/home/ubuntu/rj_training_container/training_ws/install/stsl_utils:/home/ubuntu/rj_training_container/training_ws/install/stsl_nav_plugins:/home/ubuntu/rj_training_container/training_ws/install/stsl_interfaces:/home/ubuntu/rj_training_container/training_ws/install/stsl_gazebo_plugins:${AMENT_PREFIX_PATH} CMAKE_PREFIX_PATH=/home/ubuntu/rj_training_container/training_ws/install/traini_bringup:/home/ubuntu/rj_training_container/training_ws/install/traini_gazebo:/home/ubuntu/rj_training_container/training_ws/install/mission_orchestration:/home/ubuntu/rj_training_container/training_ws/install/stsl_rviz_plugins:/home/ubuntu/rj_training_container/training_ws/install/stsl_bt_nodes:/home/ubuntu/rj_training_container/training_ws/install/stsl_aruco_tags:/home/ubuntu/rj_training_container/training_ws/install/mineral_deposit_detection:/home/ubuntu/rj_training_container/training_ws/install/elevation_server:/home/ubuntu/rj_training_container/training_ws/install/traini_description:/home/ubuntu/rj_training_container/training_ws/install/stsl_utils:/home/ubuntu/rj_training_container/training_ws/install/stsl_nav_plugins:/home/ubuntu/rj_training_container/training_ws/install/stsl_interfaces:/home/ubuntu/rj_training_container/training_ws/install/stsl_gazebo_plugins:/opt/ros/humble LD_LIBRARY_PATH=/home/ubuntu/rj_training_container/training_ws/install/mission_orchestration/lib:/home/ubuntu/rj_training_container/training_ws/install/stsl_rviz_plugins/lib:/home/ubuntu/rj_training_container/training_ws/install/stsl_bt_nodes/lib:/home/ubuntu/rj_training_container/training_ws/install/stsl_aruco_tags/lib:/home/ubuntu/rj_training_container/training_ws/install/mineral_deposit_detection/lib:/home/ubuntu/rj_training_container/training_ws/install/elevation_server/lib:/home/ubuntu/rj_training_container/training_ws/install/stsl_utils/lib:/home/ubuntu/rj_training_container/training_ws/install/stsl_nav_plugins/lib:/home/ubuntu/rj_training_container/training_ws/install/stsl_interfaces/lib:/home/ubuntu/rj_training_container/training_ws/install/stsl_gazebo_plugins/lib:${LD_LIBRARY_PATH} PYTHONPATH=/home/ubuntu/rj_training_container/training_ws/install/stsl_interfaces/local/lib/python3.10/dist-packages:${PYTHONPATH} /usr/bin/cmake --install /home/ubuntu/rj_training_container/training_ws/build/stsl_desktop
[84.107s] Level 1:colcon.colcon_core.environment:create_environment_scripts_only(stsl_desktop)
[84.108s] Level 1:colcon.colcon_core.environment:checking '/home/ubuntu/rj_training_container/training_ws/install/stsl_desktop' for CMake module files
[84.110s] DEBUG:colcon.colcon_core.event_handler.log_command:Invoked command in '/home/ubuntu/rj_training_container/training_ws/build/stsl_desktop' returned '0': AMENT_PREFIX_PATH=/home/ubuntu/rj_training_container/training_ws/install/traini_bringup:/home/ubuntu/rj_training_container/training_ws/install/traini_gazebo:/home/ubuntu/rj_training_container/training_ws/install/mission_orchestration:/home/ubuntu/rj_training_container/training_ws/install/stsl_rviz_plugins:/home/ubuntu/rj_training_container/training_ws/install/stsl_bt_nodes:/home/ubuntu/rj_training_container/training_ws/install/stsl_aruco_tags:/home/ubuntu/rj_training_container/training_ws/install/mineral_deposit_detection:/home/ubuntu/rj_training_container/training_ws/install/elevation_server:/home/ubuntu/rj_training_container/training_ws/install/traini_description:/home/ubuntu/rj_training_container/training_ws/install/stsl_utils:/home/ubuntu/rj_training_container/training_ws/install/stsl_nav_plugins:/home/ubuntu/rj_training_container/training_ws/install/stsl_interfaces:/home/ubuntu/rj_training_container/training_ws/install/stsl_gazebo_plugins:${AMENT_PREFIX_PATH} CMAKE_PREFIX_PATH=/home/ubuntu/rj_training_container/training_ws/install/traini_bringup:/home/ubuntu/rj_training_container/training_ws/install/traini_gazebo:/home/ubuntu/rj_training_container/training_ws/install/mission_orchestration:/home/ubuntu/rj_training_container/training_ws/install/stsl_rviz_plugins:/home/ubuntu/rj_training_container/training_ws/install/stsl_bt_nodes:/home/ubuntu/rj_training_container/training_ws/install/stsl_aruco_tags:/home/ubuntu/rj_training_container/training_ws/install/mineral_deposit_detection:/home/ubuntu/rj_training_container/training_ws/install/elevation_server:/home/ubuntu/rj_training_container/training_ws/install/traini_description:/home/ubuntu/rj_training_container/training_ws/install/stsl_utils:/home/ubuntu/rj_training_container/training_ws/install/stsl_nav_plugins:/home/ubuntu/rj_training_container/training_ws/install/stsl_interfaces:/home/ubuntu/rj_training_container/training_ws/install/stsl_gazebo_plugins:/opt/ros/humble LD_LIBRARY_PATH=/home/ubuntu/rj_training_container/training_ws/install/mission_orchestration/lib:/home/ubuntu/rj_training_container/training_ws/install/stsl_rviz_plugins/lib:/home/ubuntu/rj_training_container/training_ws/install/stsl_bt_nodes/lib:/home/ubuntu/rj_training_container/training_ws/install/stsl_aruco_tags/lib:/home/ubuntu/rj_training_container/training_ws/install/mineral_deposit_detection/lib:/home/ubuntu/rj_training_container/training_ws/install/elevation_server/lib:/home/ubuntu/rj_training_container/training_ws/install/stsl_utils/lib:/home/ubuntu/rj_training_container/training_ws/install/stsl_nav_plugins/lib:/home/ubuntu/rj_training_container/training_ws/install/stsl_interfaces/lib:/home/ubuntu/rj_training_container/training_ws/install/stsl_gazebo_plugins/lib:${LD_LIBRARY_PATH} PYTHONPATH=/home/ubuntu/rj_training_container/training_ws/install/stsl_interfaces/local/lib/python3.10/dist-packages:${PYTHONPATH} /usr/bin/cmake --install /home/ubuntu/rj_training_container/training_ws/build/stsl_desktop
[84.202s] Level 1:colcon.colcon_core.environment:checking '/home/ubuntu/rj_training_container/training_ws/install/stsl_desktop' for CMake config files
[84.276s] Level 1:colcon.colcon_core.shell:create_environment_hook('stsl_desktop', 'cmake_prefix_path')
[84.277s] INFO:colcon.colcon_core.shell:Creating environment hook '/home/ubuntu/rj_training_container/training_ws/install/stsl_desktop/share/stsl_desktop/hook/cmake_prefix_path.ps1'
[84.302s] INFO:colcon.colcon_core.shell:Creating environment descriptor '/home/ubuntu/rj_training_container/training_ws/install/stsl_desktop/share/stsl_desktop/hook/cmake_prefix_path.dsv'
[84.322s] INFO:colcon.colcon_core.shell:Creating environment hook '/home/ubuntu/rj_training_container/training_ws/install/stsl_desktop/share/stsl_desktop/hook/cmake_prefix_path.sh'
[84.356s] Level 1:colcon.colcon_core.environment:checking '/home/ubuntu/rj_training_container/training_ws/install/stsl_desktop/bin'
[84.358s] Level 1:colcon.colcon_core.environment:checking '/home/ubuntu/rj_training_container/training_ws/install/stsl_desktop/lib/pkgconfig/stsl_desktop.pc'
[84.360s] Level 1:colcon.colcon_core.environment:checking '/home/ubuntu/rj_training_container/training_ws/install/stsl_desktop/lib/python3.10/site-packages'
[84.362s] Level 1:colcon.colcon_core.environment:checking '/home/ubuntu/rj_training_container/training_ws/install/stsl_desktop/bin'
[84.365s] INFO:colcon.colcon_core.shell:Creating package script '/home/ubuntu/rj_training_container/training_ws/install/stsl_desktop/share/stsl_desktop/package.ps1'
[84.381s] INFO:colcon.colcon_core.shell:Creating package descriptor '/home/ubuntu/rj_training_container/training_ws/install/stsl_desktop/share/stsl_desktop/package.dsv'
[84.395s] INFO:colcon.colcon_core.shell:Creating package script '/home/ubuntu/rj_training_container/training_ws/install/stsl_desktop/share/stsl_desktop/package.sh'
[84.409s] INFO:colcon.colcon_core.shell:Creating package script '/home/ubuntu/rj_training_container/training_ws/install/stsl_desktop/share/stsl_desktop/package.bash'
[84.423s] INFO:colcon.colcon_core.shell:Creating package script '/home/ubuntu/rj_training_container/training_ws/install/stsl_desktop/share/stsl_desktop/package.zsh'
[84.438s] Level 1:colcon.colcon_core.environment:create_file_with_runtime_dependencies(/home/ubuntu/rj_training_container/training_ws/install/stsl_desktop/share/colcon-core/packages/stsl_desktop)
[84.514s] Level 1:colcon.colcon_core.environment:create_environment_scripts_only(stsl_desktop)
[84.515s] Level 1:colcon.colcon_core.environment:checking '/home/ubuntu/rj_training_container/training_ws/install/stsl_desktop' for CMake module files
[84.606s] Level 1:colcon.colcon_core.environment:checking '/home/ubuntu/rj_training_container/training_ws/install/stsl_desktop' for CMake config files
[84.679s] Level 1:colcon.colcon_core.shell:create_environment_hook('stsl_desktop', 'cmake_prefix_path')
[84.680s] INFO:colcon.colcon_core.shell:Creating environment hook '/home/ubuntu/rj_training_container/training_ws/install/stsl_desktop/share/stsl_desktop/hook/cmake_prefix_path.ps1'
[84.696s] INFO:colcon.colcon_core.shell:Creating environment descriptor '/home/ubuntu/rj_training_container/training_ws/install/stsl_desktop/share/stsl_desktop/hook/cmake_prefix_path.dsv'
[84.710s] INFO:colcon.colcon_core.shell:Creating environment hook '/home/ubuntu/rj_training_container/training_ws/install/stsl_desktop/share/stsl_desktop/hook/cmake_prefix_path.sh'
[84.730s] Level 1:colcon.colcon_core.environment:checking '/home/ubuntu/rj_training_container/training_ws/install/stsl_desktop/bin'
[84.732s] Level 1:colcon.colcon_core.environment:checking '/home/ubuntu/rj_training_container/training_ws/install/stsl_desktop/lib/pkgconfig/stsl_desktop.pc'
[84.733s] Level 1:colcon.colcon_core.environment:checking '/home/ubuntu/rj_training_container/training_ws/install/stsl_desktop/lib/python3.10/site-packages'
[84.736s] Level 1:colcon.colcon_core.environment:checking '/home/ubuntu/rj_training_container/training_ws/install/stsl_desktop/bin'
[84.738s] INFO:colcon.colcon_core.shell:Creating package script '/home/ubuntu/rj_training_container/training_ws/install/stsl_desktop/share/stsl_desktop/package.ps1'
[84.753s] INFO:colcon.colcon_core.shell:Creating package descriptor '/home/ubuntu/rj_training_container/training_ws/install/stsl_desktop/share/stsl_desktop/package.dsv'
[84.768s] INFO:colcon.colcon_core.shell:Creating package script '/home/ubuntu/rj_training_container/training_ws/install/stsl_desktop/share/stsl_desktop/package.sh'
[84.786s] INFO:colcon.colcon_core.shell:Creating package script '/home/ubuntu/rj_training_container/training_ws/install/stsl_desktop/share/stsl_desktop/package.bash'
[84.801s] INFO:colcon.colcon_core.shell:Creating package script '/home/ubuntu/rj_training_container/training_ws/install/stsl_desktop/share/stsl_desktop/package.zsh'
[84.817s] Level 1:colcon.colcon_core.environment:create_file_with_runtime_dependencies(/home/ubuntu/rj_training_container/training_ws/install/stsl_desktop/share/colcon-core/packages/stsl_desktop)
[84.826s] DEBUG:colcon.colcon_parallel_executor.executor.parallel:closing loop
[84.827s] DEBUG:colcon.colcon_parallel_executor.executor.parallel:loop closed
[84.827s] DEBUG:colcon.colcon_parallel_executor.executor.parallel:run_until_complete finished with '0'
[84.828s] DEBUG:colcon.colcon_core.event_reactor:joining thread
[84.905s] INFO:colcon.colcon_core.plugin_system:Skipping extension 'colcon_notification.desktop_notification.terminal_notifier': Not used on non-Darwin systems
[84.906s] INFO:colcon.colcon_core.plugin_system:Skipping extension 'colcon_notification.desktop_notification.win32': Not used on non-Windows systems
[84.906s] INFO:colcon.colcon_notification.desktop_notification:Sending desktop notification using 'notify2'
[85.216s] DEBUG:colcon.colcon_core.event_reactor:joined thread
[85.217s] INFO:colcon.colcon_core.shell:Creating prefix script '/home/ubuntu/rj_training_container/training_ws/install/local_setup.ps1'
[85.226s] INFO:colcon.colcon_core.shell:Creating prefix util module '/home/ubuntu/rj_training_container/training_ws/install/_local_setup_util_ps1.py'
[85.236s] INFO:colcon.colcon_core.shell:Creating prefix chain script '/home/ubuntu/rj_training_container/training_ws/install/setup.ps1'
[85.246s] INFO:colcon.colcon_core.shell:Creating prefix script '/home/ubuntu/rj_training_container/training_ws/install/local_setup.sh'
[85.254s] INFO:colcon.colcon_core.shell:Creating prefix util module '/home/ubuntu/rj_training_container/training_ws/install/_local_setup_util_sh.py'
[85.261s] INFO:colcon.colcon_core.shell:Creating prefix chain script '/home/ubuntu/rj_training_container/training_ws/install/setup.sh'
[85.278s] INFO:colcon.colcon_core.shell:Creating prefix script '/home/ubuntu/rj_training_container/training_ws/install/local_setup.bash'
[85.288s] INFO:colcon.colcon_core.shell:Creating prefix chain script '/home/ubuntu/rj_training_container/training_ws/install/setup.bash'
[85.297s] INFO:colcon.colcon_core.shell:Creating prefix script '/home/ubuntu/rj_training_container/training_ws/install/local_setup.zsh'
[85.305s] INFO:colcon.colcon_core.shell:Creating prefix chain script '/home/ubuntu/rj_training_container/training_ws/install/setup.zsh'
