[0.163s] DEBUG:colcon:Command line arguments: ['/usr/bin/colcon', 'build']
[0.163s] DEBUG:colcon:Parsed command line arguments: Namespace(log_base=None, log_level=None, verb_name='build', build_base='build', install_base='install', merge_install=False, symlink_install=False, test_result_base=None, continue_on_error=False, executor='parallel', parallel_workers=16, event_handlers=None, ignore_user_meta=False, metas=['./colcon.meta'], base_paths=['.'], packages_ignore=None, packages_ignore_regex=None, paths=None, packages_up_to=None, packages_up_to_regex=None, packages_above=None, packages_above_and_dependencies=None, packages_above_depth=None, packages_select_by_dep=None, packages_skip_by_dep=None, packages_skip_up_to=None, packages_select_build_failed=False, packages_skip_build_finished=False, packages_select_test_failures=False, packages_skip_test_passed=False, packages_select=None, packages_skip=None, packages_select_regex=None, packages_skip_regex=None, packages_start=None, packages_end=None, allow_overriding=[], cmake_args=None, cmake_target=None, cmake_target_skip_unavailable=False, cmake_clean_cache=False, cmake_clean_first=False, cmake_force_configure=False, ament_cmake_args=None, catkin_cmake_args=None, catkin_skip_building_tests=False, verb_parser=<colcon_defaults.argument_parser.defaults.DefaultArgumentsDecorator object at 0x7f6609d5f9d0>, verb_extension=<colcon_core.verb.build.BuildVerb object at 0x7f6609ea0670>, main=<bound method BuildVerb.main of <colcon_core.verb.build.BuildVerb object at 0x7f6609ea0670>>)
[0.388s] Level 1:colcon.colcon_core.package_discovery:discover_packages(colcon_meta) check parameters
[0.389s] Level 1:colcon.colcon_core.package_discovery:discover_packages(recursive) check parameters
[0.390s] Level 1:colcon.colcon_core.package_discovery:discover_packages(ignore) check parameters
[0.390s] Level 1:colcon.colcon_core.package_discovery:discover_packages(path) check parameters
[0.390s] Level 1:colcon.colcon_core.package_discovery:discover_packages(colcon_meta) discover
[0.391s] Level 1:colcon.colcon_core.package_discovery:discover_packages(recursive) discover
[0.391s] INFO:colcon.colcon_core.package_discovery:Crawling recursively for packages in '/home/ubuntu/rj_training_container'
[0.394s] Level 1:colcon.colcon_core.package_identification:_identify(.) by extensions ['ignore', 'ignore_ament_install']
[0.395s] Level 1:colcon.colcon_core.package_identification:_identify(.) by extension 'ignore'
[0.395s] Level 1:colcon.colcon_core.package_identification:_identify(.) by extension 'ignore_ament_install'
[0.397s] Level 1:colcon.colcon_core.package_identification:_identify(.) by extensions ['colcon_pkg']
[0.397s] Level 1:colcon.colcon_core.package_identification:_identify(.) by extension 'colcon_pkg'
[0.397s] Level 1:colcon.colcon_core.package_identification:_identify(.) by extensions ['colcon_meta']
[0.398s] Level 1:colcon.colcon_core.package_identification:_identify(.) by extension 'colcon_meta'
[0.398s] Level 1:colcon.colcon_core.package_identification:_identify(.) by extensions ['ros']
[0.398s] Level 1:colcon.colcon_core.package_identification:_identify(.) by extension 'ros'
[0.416s] Level 1:colcon.colcon_core.package_identification:_identify(.) by extensions ['cmake', 'python']
[0.417s] Level 1:colcon.colcon_core.package_identification:_identify(.) by extension 'cmake'
[0.418s] Level 1:colcon.colcon_core.package_identification:_identify(.) by extension 'python'
[0.419s] Level 1:colcon.colcon_core.package_identification:_identify(.) by extensions ['python_setup_py']
[0.419s] Level 1:colcon.colcon_core.package_identification:_identify(.) by extension 'python_setup_py'
[0.423s] Level 1:colcon.colcon_core.package_identification:_identify(build) by extensions ['ignore', 'ignore_ament_install']
[0.424s] Level 1:colcon.colcon_core.package_identification:_identify(build) by extension 'ignore'
[0.426s] Level 1:colcon.colcon_core.package_identification:_identify(build) ignored
[0.430s] Level 1:colcon.colcon_core.package_identification:_identify(install) by extensions ['ignore', 'ignore_ament_install']
[0.430s] Level 1:colcon.colcon_core.package_identification:_identify(install) by extension 'ignore'
[0.432s] Level 1:colcon.colcon_core.package_identification:_identify(install) ignored
[0.436s] Level 1:colcon.colcon_core.package_identification:_identify(log) by extensions ['ignore', 'ignore_ament_install']
[0.436s] Level 1:colcon.colcon_core.package_identification:_identify(log) by extension 'ignore'
[0.437s] Level 1:colcon.colcon_core.package_identification:_identify(log) ignored
[0.440s] Level 1:colcon.colcon_core.package_identification:_identify(stsl) by extensions ['ignore', 'ignore_ament_install']
[0.441s] Level 1:colcon.colcon_core.package_identification:_identify(stsl) by extension 'ignore'
[0.442s] Level 1:colcon.colcon_core.package_identification:_identify(stsl) by extension 'ignore_ament_install'
[0.443s] Level 1:colcon.colcon_core.package_identification:_identify(stsl) by extensions ['colcon_pkg']
[0.443s] Level 1:colcon.colcon_core.package_identification:_identify(stsl) by extension 'colcon_pkg'
[0.444s] Level 1:colcon.colcon_core.package_identification:_identify(stsl) by extensions ['colcon_meta']
[0.444s] Level 1:colcon.colcon_core.package_identification:_identify(stsl) by extension 'colcon_meta'
[0.445s] Level 1:colcon.colcon_core.package_identification:_identify(stsl) by extensions ['ros']
[0.445s] Level 1:colcon.colcon_core.package_identification:_identify(stsl) by extension 'ros'
[0.449s] Level 1:colcon.colcon_core.package_identification:_identify(stsl) by extensions ['cmake', 'python']
[0.449s] Level 1:colcon.colcon_core.package_identification:_identify(stsl) by extension 'cmake'
[0.450s] Level 1:colcon.colcon_core.package_identification:_identify(stsl) by extension 'python'
[0.451s] Level 1:colcon.colcon_core.package_identification:_identify(stsl) by extensions ['python_setup_py']
[0.451s] Level 1:colcon.colcon_core.package_identification:_identify(stsl) by extension 'python_setup_py'
[0.455s] Level 1:colcon.colcon_core.package_identification:_identify(stsl/deployment) by extensions ['ignore', 'ignore_ament_install']
[0.456s] Level 1:colcon.colcon_core.package_identification:_identify(stsl/deployment) by extension 'ignore'
[0.457s] Level 1:colcon.colcon_core.package_identification:_identify(stsl/deployment) by extension 'ignore_ament_install'
[0.459s] Level 1:colcon.colcon_core.package_identification:_identify(stsl/deployment) by extensions ['colcon_pkg']
[0.459s] Level 1:colcon.colcon_core.package_identification:_identify(stsl/deployment) by extension 'colcon_pkg'
[0.461s] Level 1:colcon.colcon_core.package_identification:_identify(stsl/deployment) by extensions ['colcon_meta']
[0.461s] Level 1:colcon.colcon_core.package_identification:_identify(stsl/deployment) by extension 'colcon_meta'
[0.463s] Level 1:colcon.colcon_core.package_identification:_identify(stsl/deployment) by extensions ['ros']
[0.463s] Level 1:colcon.colcon_core.package_identification:_identify(stsl/deployment) by extension 'ros'
[0.468s] Level 1:colcon.colcon_core.package_identification:_identify(stsl/deployment) by extensions ['cmake', 'python']
[0.468s] Level 1:colcon.colcon_core.package_identification:_identify(stsl/deployment) by extension 'cmake'
[0.469s] Level 1:colcon.colcon_core.package_identification:_identify(stsl/deployment) by extension 'python'
[0.470s] Level 1:colcon.colcon_core.package_identification:_identify(stsl/deployment) by extensions ['python_setup_py']
[0.471s] Level 1:colcon.colcon_core.package_identification:_identify(stsl/deployment) by extension 'python_setup_py'
[0.477s] Level 1:colcon.colcon_core.package_identification:_identify(stsl/deployment/package_generation) by extensions ['ignore', 'ignore_ament_install']
[0.477s] Level 1:colcon.colcon_core.package_identification:_identify(stsl/deployment/package_generation) by extension 'ignore'
[0.479s] Level 1:colcon.colcon_core.package_identification:_identify(stsl/deployment/package_generation) by extension 'ignore_ament_install'
[0.482s] Level 1:colcon.colcon_core.package_identification:_identify(stsl/deployment/package_generation) by extensions ['colcon_pkg']
[0.482s] Level 1:colcon.colcon_core.package_identification:_identify(stsl/deployment/package_generation) by extension 'colcon_pkg'
[0.484s] Level 1:colcon.colcon_core.package_identification:_identify(stsl/deployment/package_generation) by extensions ['colcon_meta']
[0.484s] Level 1:colcon.colcon_core.package_identification:_identify(stsl/deployment/package_generation) by extension 'colcon_meta'
[0.487s] Level 1:colcon.colcon_core.package_identification:_identify(stsl/deployment/package_generation) by extensions ['ros']
[0.488s] Level 1:colcon.colcon_core.package_identification:_identify(stsl/deployment/package_generation) by extension 'ros'
[0.495s] Level 1:colcon.colcon_core.package_identification:_identify(stsl/deployment/package_generation) by extensions ['cmake', 'python']
[0.495s] Level 1:colcon.colcon_core.package_identification:_identify(stsl/deployment/package_generation) by extension 'cmake'
[0.497s] Level 1:colcon.colcon_core.package_identification:_identify(stsl/deployment/package_generation) by extension 'python'
[0.498s] Level 1:colcon.colcon_core.package_identification:_identify(stsl/deployment/package_generation) by extensions ['python_setup_py']
[0.499s] Level 1:colcon.colcon_core.package_identification:_identify(stsl/deployment/package_generation) by extension 'python_setup_py'
[0.505s] Level 1:colcon.colcon_core.package_identification:_identify(stsl/deployment/package_hosting) by extensions ['ignore', 'ignore_ament_install']
[0.506s] Level 1:colcon.colcon_core.package_identification:_identify(stsl/deployment/package_hosting) by extension 'ignore'
[0.507s] Level 1:colcon.colcon_core.package_identification:_identify(stsl/deployment/package_hosting) by extension 'ignore_ament_install'
[0.510s] Level 1:colcon.colcon_core.package_identification:_identify(stsl/deployment/package_hosting) by extensions ['colcon_pkg']
[0.511s] Level 1:colcon.colcon_core.package_identification:_identify(stsl/deployment/package_hosting) by extension 'colcon_pkg'
[0.512s] Level 1:colcon.colcon_core.package_identification:_identify(stsl/deployment/package_hosting) by extensions ['colcon_meta']
[0.513s] Level 1:colcon.colcon_core.package_identification:_identify(stsl/deployment/package_hosting) by extension 'colcon_meta'
[0.516s] Level 1:colcon.colcon_core.package_identification:_identify(stsl/deployment/package_hosting) by extensions ['ros']
[0.516s] Level 1:colcon.colcon_core.package_identification:_identify(stsl/deployment/package_hosting) by extension 'ros'
[0.523s] Level 1:colcon.colcon_core.package_identification:_identify(stsl/deployment/package_hosting) by extensions ['cmake', 'python']
[0.523s] Level 1:colcon.colcon_core.package_identification:_identify(stsl/deployment/package_hosting) by extension 'cmake'
[0.525s] Level 1:colcon.colcon_core.package_identification:_identify(stsl/deployment/package_hosting) by extension 'python'
[0.526s] Level 1:colcon.colcon_core.package_identification:_identify(stsl/deployment/package_hosting) by extensions ['python_setup_py']
[0.527s] Level 1:colcon.colcon_core.package_identification:_identify(stsl/deployment/package_hosting) by extension 'python_setup_py'
[0.536s] Level 1:colcon.colcon_core.package_identification:_identify(stsl/elevation_server) by extensions ['ignore', 'ignore_ament_install']
[0.536s] Level 1:colcon.colcon_core.package_identification:_identify(stsl/elevation_server) by extension 'ignore'
[0.537s] Level 1:colcon.colcon_core.package_identification:_identify(stsl/elevation_server) by extension 'ignore_ament_install'
[0.539s] Level 1:colcon.colcon_core.package_identification:_identify(stsl/elevation_server) by extensions ['colcon_pkg']
[0.539s] Level 1:colcon.colcon_core.package_identification:_identify(stsl/elevation_server) by extension 'colcon_pkg'
[0.541s] Level 1:colcon.colcon_core.package_identification:_identify(stsl/elevation_server) by extensions ['colcon_meta']
[0.541s] Level 1:colcon.colcon_core.package_identification:_identify(stsl/elevation_server) by extension 'colcon_meta'
[0.543s] Level 1:colcon.colcon_core.package_identification:_identify(stsl/elevation_server) by extensions ['ros']
[0.543s] Level 1:colcon.colcon_core.package_identification:_identify(stsl/elevation_server) by extension 'ros'
[0.560s] DEBUG:colcon.colcon_core.package_identification:Package 'stsl/elevation_server' with type 'ros.ament_cmake' and name 'elevation_server'
[0.565s] Level 1:colcon.colcon_core.package_identification:_identify(stsl/mineral_deposit_detection) by extensions ['ignore', 'ignore_ament_install']
[0.565s] Level 1:colcon.colcon_core.package_identification:_identify(stsl/mineral_deposit_detection) by extension 'ignore'
[0.567s] Level 1:colcon.colcon_core.package_identification:_identify(stsl/mineral_deposit_detection) by extension 'ignore_ament_install'
[0.569s] Level 1:colcon.colcon_core.package_identification:_identify(stsl/mineral_deposit_detection) by extensions ['colcon_pkg']
[0.570s] Level 1:colcon.colcon_core.package_identification:_identify(stsl/mineral_deposit_detection) by extension 'colcon_pkg'
[0.571s] Level 1:colcon.colcon_core.package_identification:_identify(stsl/mineral_deposit_detection) by extensions ['colcon_meta']
[0.571s] Level 1:colcon.colcon_core.package_identification:_identify(stsl/mineral_deposit_detection) by extension 'colcon_meta'
[0.573s] Level 1:colcon.colcon_core.package_identification:_identify(stsl/mineral_deposit_detection) by extensions ['ros']
[0.573s] Level 1:colcon.colcon_core.package_identification:_identify(stsl/mineral_deposit_detection) by extension 'ros'
[0.596s] DEBUG:colcon.colcon_core.package_identification:Package 'stsl/mineral_deposit_detection' with type 'ros.ament_cmake' and name 'mineral_deposit_detection'
[0.602s] Level 1:colcon.colcon_core.package_identification:_identify(stsl/mission_orchestration) by extensions ['ignore', 'ignore_ament_install']
[0.602s] Level 1:colcon.colcon_core.package_identification:_identify(stsl/mission_orchestration) by extension 'ignore'
[0.603s] Level 1:colcon.colcon_core.package_identification:_identify(stsl/mission_orchestration) by extension 'ignore_ament_install'
[0.606s] Level 1:colcon.colcon_core.package_identification:_identify(stsl/mission_orchestration) by extensions ['colcon_pkg']
[0.606s] Level 1:colcon.colcon_core.package_identification:_identify(stsl/mission_orchestration) by extension 'colcon_pkg'
[0.608s] Level 1:colcon.colcon_core.package_identification:_identify(stsl/mission_orchestration) by extensions ['colcon_meta']
[0.608s] Level 1:colcon.colcon_core.package_identification:_identify(stsl/mission_orchestration) by extension 'colcon_meta'
[0.610s] Level 1:colcon.colcon_core.package_identification:_identify(stsl/mission_orchestration) by extensions ['ros']
[0.610s] Level 1:colcon.colcon_core.package_identification:_identify(stsl/mission_orchestration) by extension 'ros'
[0.624s] DEBUG:colcon.colcon_core.package_identification:Package 'stsl/mission_orchestration' with type 'ros.ament_cmake' and name 'mission_orchestration'
[0.628s] Level 1:colcon.colcon_core.package_identification:_identify(stsl/stsl_aruco_tags) by extensions ['ignore', 'ignore_ament_install']
[0.628s] Level 1:colcon.colcon_core.package_identification:_identify(stsl/stsl_aruco_tags) by extension 'ignore'
[0.630s] Level 1:colcon.colcon_core.package_identification:_identify(stsl/stsl_aruco_tags) by extension 'ignore_ament_install'
[0.632s] Level 1:colcon.colcon_core.package_identification:_identify(stsl/stsl_aruco_tags) by extensions ['colcon_pkg']
[0.633s] Level 1:colcon.colcon_core.package_identification:_identify(stsl/stsl_aruco_tags) by extension 'colcon_pkg'
[0.634s] Level 1:colcon.colcon_core.package_identification:_identify(stsl/stsl_aruco_tags) by extensions ['colcon_meta']
[0.634s] Level 1:colcon.colcon_core.package_identification:_identify(stsl/stsl_aruco_tags) by extension 'colcon_meta'
[0.636s] Level 1:colcon.colcon_core.package_identification:_identify(stsl/stsl_aruco_tags) by extensions ['ros']
[0.636s] Level 1:colcon.colcon_core.package_identification:_identify(stsl/stsl_aruco_tags) by extension 'ros'
[0.652s] DEBUG:colcon.colcon_core.package_identification:Package 'stsl/stsl_aruco_tags' with type 'ros.ament_cmake' and name 'stsl_aruco_tags'
[0.658s] Level 1:colcon.colcon_core.package_identification:_identify(stsl/stsl_bt_nodes) by extensions ['ignore', 'ignore_ament_install']
[0.658s] Level 1:colcon.colcon_core.package_identification:_identify(stsl/stsl_bt_nodes) by extension 'ignore'
[0.660s] Level 1:colcon.colcon_core.package_identification:_identify(stsl/stsl_bt_nodes) by extension 'ignore_ament_install'
[0.663s] Level 1:colcon.colcon_core.package_identification:_identify(stsl/stsl_bt_nodes) by extensions ['colcon_pkg']
[0.663s] Level 1:colcon.colcon_core.package_identification:_identify(stsl/stsl_bt_nodes) by extension 'colcon_pkg'
[0.665s] Level 1:colcon.colcon_core.package_identification:_identify(stsl/stsl_bt_nodes) by extensions ['colcon_meta']
[0.665s] Level 1:colcon.colcon_core.package_identification:_identify(stsl/stsl_bt_nodes) by extension 'colcon_meta'
[0.667s] Level 1:colcon.colcon_core.package_identification:_identify(stsl/stsl_bt_nodes) by extensions ['ros']
[0.667s] Level 1:colcon.colcon_core.package_identification:_identify(stsl/stsl_bt_nodes) by extension 'ros'
[0.683s] DEBUG:colcon.colcon_core.package_identification:Package 'stsl/stsl_bt_nodes' with type 'ros.ament_cmake' and name 'stsl_bt_nodes'
[0.688s] Level 1:colcon.colcon_core.package_identification:_identify(stsl/stsl_desktop) by extensions ['ignore', 'ignore_ament_install']
[0.688s] Level 1:colcon.colcon_core.package_identification:_identify(stsl/stsl_desktop) by extension 'ignore'
[0.690s] Level 1:colcon.colcon_core.package_identification:_identify(stsl/stsl_desktop) by extension 'ignore_ament_install'
[0.692s] Level 1:colcon.colcon_core.package_identification:_identify(stsl/stsl_desktop) by extensions ['colcon_pkg']
[0.693s] Level 1:colcon.colcon_core.package_identification:_identify(stsl/stsl_desktop) by extension 'colcon_pkg'
[0.694s] Level 1:colcon.colcon_core.package_identification:_identify(stsl/stsl_desktop) by extensions ['colcon_meta']
[0.694s] Level 1:colcon.colcon_core.package_identification:_identify(stsl/stsl_desktop) by extension 'colcon_meta'
[0.696s] Level 1:colcon.colcon_core.package_identification:_identify(stsl/stsl_desktop) by extensions ['ros']
[0.697s] Level 1:colcon.colcon_core.package_identification:_identify(stsl/stsl_desktop) by extension 'ros'
[0.711s] DEBUG:colcon.colcon_core.package_identification:Package 'stsl/stsl_desktop' with type 'ros.ament_cmake' and name 'stsl_desktop'
[0.716s] Level 1:colcon.colcon_core.package_identification:_identify(stsl/stsl_gazebo_plugins) by extensions ['ignore', 'ignore_ament_install']
[0.716s] Level 1:colcon.colcon_core.package_identification:_identify(stsl/stsl_gazebo_plugins) by extension 'ignore'
[0.718s] Level 1:colcon.colcon_core.package_identification:_identify(stsl/stsl_gazebo_plugins) by extension 'ignore_ament_install'
[0.721s] Level 1:colcon.colcon_core.package_identification:_identify(stsl/stsl_gazebo_plugins) by extensions ['colcon_pkg']
[0.721s] Level 1:colcon.colcon_core.package_identification:_identify(stsl/stsl_gazebo_plugins) by extension 'colcon_pkg'
[0.722s] Level 1:colcon.colcon_core.package_identification:_identify(stsl/stsl_gazebo_plugins) by extensions ['colcon_meta']
[0.723s] Level 1:colcon.colcon_core.package_identification:_identify(stsl/stsl_gazebo_plugins) by extension 'colcon_meta'
[0.725s] Level 1:colcon.colcon_core.package_identification:_identify(stsl/stsl_gazebo_plugins) by extensions ['ros']
[0.725s] Level 1:colcon.colcon_core.package_identification:_identify(stsl/stsl_gazebo_plugins) by extension 'ros'
[0.740s] DEBUG:colcon.colcon_core.package_identification:Package 'stsl/stsl_gazebo_plugins' with type 'ros.ament_cmake' and name 'stsl_gazebo_plugins'
[0.745s] Level 1:colcon.colcon_core.package_identification:_identify(stsl/stsl_interfaces) by extensions ['ignore', 'ignore_ament_install']
[0.746s] Level 1:colcon.colcon_core.package_identification:_identify(stsl/stsl_interfaces) by extension 'ignore'
[0.747s] Level 1:colcon.colcon_core.package_identification:_identify(stsl/stsl_interfaces) by extension 'ignore_ament_install'
[0.749s] Level 1:colcon.colcon_core.package_identification:_identify(stsl/stsl_interfaces) by extensions ['colcon_pkg']
[0.750s] Level 1:colcon.colcon_core.package_identification:_identify(stsl/stsl_interfaces) by extension 'colcon_pkg'
[0.751s] Level 1:colcon.colcon_core.package_identification:_identify(stsl/stsl_interfaces) by extensions ['colcon_meta']
[0.751s] Level 1:colcon.colcon_core.package_identification:_identify(stsl/stsl_interfaces) by extension 'colcon_meta'
[0.753s] Level 1:colcon.colcon_core.package_identification:_identify(stsl/stsl_interfaces) by extensions ['ros']
[0.753s] Level 1:colcon.colcon_core.package_identification:_identify(stsl/stsl_interfaces) by extension 'ros'
[0.767s] DEBUG:colcon.colcon_core.package_identification:Package 'stsl/stsl_interfaces' with type 'ros.ament_cmake' and name 'stsl_interfaces'
[0.772s] Level 1:colcon.colcon_core.package_identification:_identify(stsl/stsl_nav_plugins) by extensions ['ignore', 'ignore_ament_install']
[0.772s] Level 1:colcon.colcon_core.package_identification:_identify(stsl/stsl_nav_plugins) by extension 'ignore'
[0.773s] Level 1:colcon.colcon_core.package_identification:_identify(stsl/stsl_nav_plugins) by extension 'ignore_ament_install'
[0.776s] Level 1:colcon.colcon_core.package_identification:_identify(stsl/stsl_nav_plugins) by extensions ['colcon_pkg']
[0.776s] Level 1:colcon.colcon_core.package_identification:_identify(stsl/stsl_nav_plugins) by extension 'colcon_pkg'
[0.778s] Level 1:colcon.colcon_core.package_identification:_identify(stsl/stsl_nav_plugins) by extensions ['colcon_meta']
[0.778s] Level 1:colcon.colcon_core.package_identification:_identify(stsl/stsl_nav_plugins) by extension 'colcon_meta'
[0.780s] Level 1:colcon.colcon_core.package_identification:_identify(stsl/stsl_nav_plugins) by extensions ['ros']
[0.780s] Level 1:colcon.colcon_core.package_identification:_identify(stsl/stsl_nav_plugins) by extension 'ros'
[0.794s] DEBUG:colcon.colcon_core.package_identification:Package 'stsl/stsl_nav_plugins' with type 'ros.ament_cmake' and name 'stsl_nav_plugins'
[0.798s] Level 1:colcon.colcon_core.package_identification:_identify(stsl/stsl_rviz_plugins) by extensions ['ignore', 'ignore_ament_install']
[0.799s] Level 1:colcon.colcon_core.package_identification:_identify(stsl/stsl_rviz_plugins) by extension 'ignore'
[0.800s] Level 1:colcon.colcon_core.package_identification:_identify(stsl/stsl_rviz_plugins) by extension 'ignore_ament_install'
[0.802s] Level 1:colcon.colcon_core.package_identification:_identify(stsl/stsl_rviz_plugins) by extensions ['colcon_pkg']
[0.803s] Level 1:colcon.colcon_core.package_identification:_identify(stsl/stsl_rviz_plugins) by extension 'colcon_pkg'
[0.804s] Level 1:colcon.colcon_core.package_identification:_identify(stsl/stsl_rviz_plugins) by extensions ['colcon_meta']
[0.804s] Level 1:colcon.colcon_core.package_identification:_identify(stsl/stsl_rviz_plugins) by extension 'colcon_meta'
[0.806s] Level 1:colcon.colcon_core.package_identification:_identify(stsl/stsl_rviz_plugins) by extensions ['ros']
[0.806s] Level 1:colcon.colcon_core.package_identification:_identify(stsl/stsl_rviz_plugins) by extension 'ros'
[0.820s] DEBUG:colcon.colcon_core.package_identification:Package 'stsl/stsl_rviz_plugins' with type 'ros.ament_cmake' and name 'stsl_rviz_plugins'
[0.825s] Level 1:colcon.colcon_core.package_identification:_identify(stsl/stsl_utils) by extensions ['ignore', 'ignore_ament_install']
[0.825s] Level 1:colcon.colcon_core.package_identification:_identify(stsl/stsl_utils) by extension 'ignore'
[0.827s] Level 1:colcon.colcon_core.package_identification:_identify(stsl/stsl_utils) by extension 'ignore_ament_install'
[0.829s] Level 1:colcon.colcon_core.package_identification:_identify(stsl/stsl_utils) by extensions ['colcon_pkg']
[0.830s] Level 1:colcon.colcon_core.package_identification:_identify(stsl/stsl_utils) by extension 'colcon_pkg'
[0.831s] Level 1:colcon.colcon_core.package_identification:_identify(stsl/stsl_utils) by extensions ['colcon_meta']
[0.831s] Level 1:colcon.colcon_core.package_identification:_identify(stsl/stsl_utils) by extension 'colcon_meta'
[0.833s] Level 1:colcon.colcon_core.package_identification:_identify(stsl/stsl_utils) by extensions ['ros']
[0.834s] Level 1:colcon.colcon_core.package_identification:_identify(stsl/stsl_utils) by extension 'ros'
[0.849s] DEBUG:colcon.colcon_core.package_identification:Package 'stsl/stsl_utils' with type 'ros.ament_cmake' and name 'stsl_utils'
[0.854s] Level 1:colcon.colcon_core.package_identification:_identify(stsl/traini_bringup) by extensions ['ignore', 'ignore_ament_install']
[0.854s] Level 1:colcon.colcon_core.package_identification:_identify(stsl/traini_bringup) by extension 'ignore'
[0.856s] Level 1:colcon.colcon_core.package_identification:_identify(stsl/traini_bringup) by extension 'ignore_ament_install'
[0.858s] Level 1:colcon.colcon_core.package_identification:_identify(stsl/traini_bringup) by extensions ['colcon_pkg']
[0.859s] Level 1:colcon.colcon_core.package_identification:_identify(stsl/traini_bringup) by extension 'colcon_pkg'
[0.860s] Level 1:colcon.colcon_core.package_identification:_identify(stsl/traini_bringup) by extensions ['colcon_meta']
[0.860s] Level 1:colcon.colcon_core.package_identification:_identify(stsl/traini_bringup) by extension 'colcon_meta'
[0.863s] Level 1:colcon.colcon_core.package_identification:_identify(stsl/traini_bringup) by extensions ['ros']
[0.863s] Level 1:colcon.colcon_core.package_identification:_identify(stsl/traini_bringup) by extension 'ros'
[0.878s] DEBUG:colcon.colcon_core.package_identification:Package 'stsl/traini_bringup' with type 'ros.ament_cmake' and name 'traini_bringup'
[0.883s] Level 1:colcon.colcon_core.package_identification:_identify(stsl/traini_description) by extensions ['ignore', 'ignore_ament_install']
[0.883s] Level 1:colcon.colcon_core.package_identification:_identify(stsl/traini_description) by extension 'ignore'
[0.884s] Level 1:colcon.colcon_core.package_identification:_identify(stsl/traini_description) by extension 'ignore_ament_install'
[0.887s] Level 1:colcon.colcon_core.package_identification:_identify(stsl/traini_description) by extensions ['colcon_pkg']
[0.887s] Level 1:colcon.colcon_core.package_identification:_identify(stsl/traini_description) by extension 'colcon_pkg'
[0.889s] Level 1:colcon.colcon_core.package_identification:_identify(stsl/traini_description) by extensions ['colcon_meta']
[0.889s] Level 1:colcon.colcon_core.package_identification:_identify(stsl/traini_description) by extension 'colcon_meta'
[0.891s] Level 1:colcon.colcon_core.package_identification:_identify(stsl/traini_description) by extensions ['ros']
[0.892s] Level 1:colcon.colcon_core.package_identification:_identify(stsl/traini_description) by extension 'ros'
[0.907s] DEBUG:colcon.colcon_core.package_identification:Package 'stsl/traini_description' with type 'ros.ament_cmake' and name 'traini_description'
[0.912s] Level 1:colcon.colcon_core.package_identification:_identify(stsl/traini_gazebo) by extensions ['ignore', 'ignore_ament_install']
[0.912s] Level 1:colcon.colcon_core.package_identification:_identify(stsl/traini_gazebo) by extension 'ignore'
[0.914s] Level 1:colcon.colcon_core.package_identification:_identify(stsl/traini_gazebo) by extension 'ignore_ament_install'
[0.916s] Level 1:colcon.colcon_core.package_identification:_identify(stsl/traini_gazebo) by extensions ['colcon_pkg']
[0.917s] Level 1:colcon.colcon_core.package_identification:_identify(stsl/traini_gazebo) by extension 'colcon_pkg'
[0.918s] Level 1:colcon.colcon_core.package_identification:_identify(stsl/traini_gazebo) by extensions ['colcon_meta']
[0.918s] Level 1:colcon.colcon_core.package_identification:_identify(stsl/traini_gazebo) by extension 'colcon_meta'
[0.923s] Level 1:colcon.colcon_core.package_identification:_identify(stsl/traini_gazebo) by extensions ['ros']
[0.923s] Level 1:colcon.colcon_core.package_identification:_identify(stsl/traini_gazebo) by extension 'ros'
[0.939s] DEBUG:colcon.colcon_core.package_identification:Package 'stsl/traini_gazebo' with type 'ros.ament_cmake' and name 'traini_gazebo'
[0.943s] Level 1:colcon.colcon_core.package_identification:_identify(stsl/traini_onboard_interface) by extensions ['ignore', 'ignore_ament_install']
[0.943s] Level 1:colcon.colcon_core.package_identification:_identify(stsl/traini_onboard_interface) by extension 'ignore'
[0.945s] Level 1:colcon.colcon_core.package_identification:_identify(stsl/traini_onboard_interface) ignored
[0.948s] Level 1:colcon.colcon_core.package_identification:_identify(training_ws) by extensions ['ignore', 'ignore_ament_install']
[0.948s] Level 1:colcon.colcon_core.package_identification:_identify(training_ws) by extension 'ignore'
[0.949s] Level 1:colcon.colcon_core.package_identification:_identify(training_ws) by extension 'ignore_ament_install'
[0.951s] Level 1:colcon.colcon_core.package_identification:_identify(training_ws) by extensions ['colcon_pkg']
[0.951s] Level 1:colcon.colcon_core.package_identification:_identify(training_ws) by extension 'colcon_pkg'
[0.952s] Level 1:colcon.colcon_core.package_identification:_identify(training_ws) by extensions ['colcon_meta']
[0.952s] Level 1:colcon.colcon_core.package_identification:_identify(training_ws) by extension 'colcon_meta'
[0.953s] Level 1:colcon.colcon_core.package_identification:_identify(training_ws) by extensions ['ros']
[0.953s] Level 1:colcon.colcon_core.package_identification:_identify(training_ws) by extension 'ros'
[0.957s] Level 1:colcon.colcon_core.package_identification:_identify(training_ws) by extensions ['cmake', 'python']
[0.957s] Level 1:colcon.colcon_core.package_identification:_identify(training_ws) by extension 'cmake'
[0.958s] Level 1:colcon.colcon_core.package_identification:_identify(training_ws) by extension 'python'
[0.959s] Level 1:colcon.colcon_core.package_identification:_identify(training_ws) by extensions ['python_setup_py']
[0.960s] Level 1:colcon.colcon_core.package_identification:_identify(training_ws) by extension 'python_setup_py'
[0.965s] Level 1:colcon.colcon_core.package_identification:_identify(training_ws/src) by extensions ['ignore', 'ignore_ament_install']
[0.965s] Level 1:colcon.colcon_core.package_identification:_identify(training_ws/src) by extension 'ignore'
[0.967s] Level 1:colcon.colcon_core.package_identification:_identify(training_ws/src) by extension 'ignore_ament_install'
[0.969s] Level 1:colcon.colcon_core.package_identification:_identify(training_ws/src) by extensions ['colcon_pkg']
[0.969s] Level 1:colcon.colcon_core.package_identification:_identify(training_ws/src) by extension 'colcon_pkg'
[0.971s] Level 1:colcon.colcon_core.package_identification:_identify(training_ws/src) by extensions ['colcon_meta']
[0.971s] Level 1:colcon.colcon_core.package_identification:_identify(training_ws/src) by extension 'colcon_meta'
[0.973s] Level 1:colcon.colcon_core.package_identification:_identify(training_ws/src) by extensions ['ros']
[0.973s] Level 1:colcon.colcon_core.package_identification:_identify(training_ws/src) by extension 'ros'
[0.979s] Level 1:colcon.colcon_core.package_identification:_identify(training_ws/src) by extensions ['cmake', 'python']
[0.980s] Level 1:colcon.colcon_core.package_identification:_identify(training_ws/src) by extension 'cmake'
[0.982s] Level 1:colcon.colcon_core.package_identification:_identify(training_ws/src) by extension 'python'
[0.983s] Level 1:colcon.colcon_core.package_identification:_identify(training_ws/src) by extensions ['python_setup_py']
[0.984s] Level 1:colcon.colcon_core.package_identification:_identify(training_ws/src) by extension 'python_setup_py'
[0.993s] Level 1:colcon.colcon_core.package_identification:_identify(training_ws/src/software-training-old) by extensions ['ignore', 'ignore_ament_install']
[0.994s] Level 1:colcon.colcon_core.package_identification:_identify(training_ws/src/software-training-old) by extension 'ignore'
[0.996s] Level 1:colcon.colcon_core.package_identification:_identify(training_ws/src/software-training-old) by extension 'ignore_ament_install'
[1.000s] Level 1:colcon.colcon_core.package_identification:_identify(training_ws/src/software-training-old) by extensions ['colcon_pkg']
[1.001s] Level 1:colcon.colcon_core.package_identification:_identify(training_ws/src/software-training-old) by extension 'colcon_pkg'
[1.003s] Level 1:colcon.colcon_core.package_identification:_identify(training_ws/src/software-training-old) by extensions ['colcon_meta']
[1.003s] Level 1:colcon.colcon_core.package_identification:_identify(training_ws/src/software-training-old) by extension 'colcon_meta'
[1.007s] Level 1:colcon.colcon_core.package_identification:_identify(training_ws/src/software-training-old) by extensions ['ros']
[1.007s] Level 1:colcon.colcon_core.package_identification:_identify(training_ws/src/software-training-old) by extension 'ros'
[1.017s] Level 1:colcon.colcon_core.package_identification:_identify(training_ws/src/software-training-old) by extensions ['cmake', 'python']
[1.017s] Level 1:colcon.colcon_core.package_identification:_identify(training_ws/src/software-training-old) by extension 'cmake'
[1.019s] Level 1:colcon.colcon_core.package_identification:_identify(training_ws/src/software-training-old) by extension 'python'
[1.021s] Level 1:colcon.colcon_core.package_identification:_identify(training_ws/src/software-training-old) by extensions ['python_setup_py']
[1.021s] Level 1:colcon.colcon_core.package_identification:_identify(training_ws/src/software-training-old) by extension 'python_setup_py'
[1.032s] Level 1:colcon.colcon_core.package_identification:_identify(training_ws/src/software-training-old/astar_path_planner) by extensions ['ignore', 'ignore_ament_install']
[1.032s] Level 1:colcon.colcon_core.package_identification:_identify(training_ws/src/software-training-old/astar_path_planner) by extension 'ignore'
[1.035s] Level 1:colcon.colcon_core.package_identification:_identify(training_ws/src/software-training-old/astar_path_planner) by extension 'ignore_ament_install'
[1.039s] Level 1:colcon.colcon_core.package_identification:_identify(training_ws/src/software-training-old/astar_path_planner) by extensions ['colcon_pkg']
[1.040s] Level 1:colcon.colcon_core.package_identification:_identify(training_ws/src/software-training-old/astar_path_planner) by extension 'colcon_pkg'
[1.042s] Level 1:colcon.colcon_core.package_identification:_identify(training_ws/src/software-training-old/astar_path_planner) by extensions ['colcon_meta']
[1.042s] Level 1:colcon.colcon_core.package_identification:_identify(training_ws/src/software-training-old/astar_path_planner) by extension 'colcon_meta'
[1.049s] Level 1:colcon.colcon_core.package_identification:_identify(training_ws/src/software-training-old/astar_path_planner) by extensions ['ros']
[1.049s] Level 1:colcon.colcon_core.package_identification:_identify(training_ws/src/software-training-old/astar_path_planner) by extension 'ros'
[1.073s] DEBUG:colcon.colcon_core.package_identification:Package 'training_ws/src/software-training-old/astar_path_planner' with type 'ros.ament_cmake' and name 'astar_path_planner'
[1.083s] Level 1:colcon.colcon_core.package_identification:_identify(training_ws/src/software-training-old/controllers) by extensions ['ignore', 'ignore_ament_install']
[1.083s] Level 1:colcon.colcon_core.package_identification:_identify(training_ws/src/software-training-old/controllers) by extension 'ignore'
[1.086s] Level 1:colcon.colcon_core.package_identification:_identify(training_ws/src/software-training-old/controllers) by extension 'ignore_ament_install'
[1.090s] Level 1:colcon.colcon_core.package_identification:_identify(training_ws/src/software-training-old/controllers) by extensions ['colcon_pkg']
[1.090s] Level 1:colcon.colcon_core.package_identification:_identify(training_ws/src/software-training-old/controllers) by extension 'colcon_pkg'
[1.093s] Level 1:colcon.colcon_core.package_identification:_identify(training_ws/src/software-training-old/controllers) by extensions ['colcon_meta']
[1.093s] Level 1:colcon.colcon_core.package_identification:_identify(training_ws/src/software-training-old/controllers) by extension 'colcon_meta'
[1.100s] Level 1:colcon.colcon_core.package_identification:_identify(training_ws/src/software-training-old/controllers) by extensions ['ros']
[1.100s] Level 1:colcon.colcon_core.package_identification:_identify(training_ws/src/software-training-old/controllers) by extension 'ros'
[1.125s] DEBUG:colcon.colcon_core.package_identification:Package 'training_ws/src/software-training-old/controllers' with type 'ros.ament_cmake' and name 'controllers'
[1.135s] Level 1:colcon.colcon_core.package_identification:_identify(training_ws/src/software-training-old/coordinate_transform) by extensions ['ignore', 'ignore_ament_install']
[1.135s] Level 1:colcon.colcon_core.package_identification:_identify(training_ws/src/software-training-old/coordinate_transform) by extension 'ignore'
[1.138s] Level 1:colcon.colcon_core.package_identification:_identify(training_ws/src/software-training-old/coordinate_transform) by extension 'ignore_ament_install'
[1.143s] Level 1:colcon.colcon_core.package_identification:_identify(training_ws/src/software-training-old/coordinate_transform) by extensions ['colcon_pkg']
[1.143s] Level 1:colcon.colcon_core.package_identification:_identify(training_ws/src/software-training-old/coordinate_transform) by extension 'colcon_pkg'
[1.146s] Level 1:colcon.colcon_core.package_identification:_identify(training_ws/src/software-training-old/coordinate_transform) by extensions ['colcon_meta']
[1.146s] Level 1:colcon.colcon_core.package_identification:_identify(training_ws/src/software-training-old/coordinate_transform) by extension 'colcon_meta'
[1.153s] Level 1:colcon.colcon_core.package_identification:_identify(training_ws/src/software-training-old/coordinate_transform) by extensions ['ros']
[1.153s] Level 1:colcon.colcon_core.package_identification:_identify(training_ws/src/software-training-old/coordinate_transform) by extension 'ros'
[1.185s] DEBUG:colcon.colcon_core.package_identification:Package 'training_ws/src/software-training-old/coordinate_transform' with type 'ros.ament_cmake' and name 'coordinate_transform'
[1.208s] Level 1:colcon.colcon_core.package_identification:_identify(training_ws/src/software-training-old/localization) by extensions ['ignore', 'ignore_ament_install']
[1.208s] Level 1:colcon.colcon_core.package_identification:_identify(training_ws/src/software-training-old/localization) by extension 'ignore'
[1.211s] Level 1:colcon.colcon_core.package_identification:_identify(training_ws/src/software-training-old/localization) by extension 'ignore_ament_install'
[1.217s] Level 1:colcon.colcon_core.package_identification:_identify(training_ws/src/software-training-old/localization) by extensions ['colcon_pkg']
[1.218s] Level 1:colcon.colcon_core.package_identification:_identify(training_ws/src/software-training-old/localization) by extension 'colcon_pkg'
[1.221s] Level 1:colcon.colcon_core.package_identification:_identify(training_ws/src/software-training-old/localization) by extensions ['colcon_meta']
[1.221s] Level 1:colcon.colcon_core.package_identification:_identify(training_ws/src/software-training-old/localization) by extension 'colcon_meta'
[1.228s] Level 1:colcon.colcon_core.package_identification:_identify(training_ws/src/software-training-old/localization) by extensions ['ros']
[1.229s] Level 1:colcon.colcon_core.package_identification:_identify(training_ws/src/software-training-old/localization) by extension 'ros'
[1.257s] DEBUG:colcon.colcon_core.package_identification:Package 'training_ws/src/software-training-old/localization' with type 'ros.ament_cmake' and name 'localization'
[1.269s] Level 1:colcon.colcon_core.package_identification:_identify(training_ws/src/software-training-old/mapping) by extensions ['ignore', 'ignore_ament_install']
[1.269s] Level 1:colcon.colcon_core.package_identification:_identify(training_ws/src/software-training-old/mapping) by extension 'ignore'
[1.272s] Level 1:colcon.colcon_core.package_identification:_identify(training_ws/src/software-training-old/mapping) by extension 'ignore_ament_install'
[1.277s] Level 1:colcon.colcon_core.package_identification:_identify(training_ws/src/software-training-old/mapping) by extensions ['colcon_pkg']
[1.277s] Level 1:colcon.colcon_core.package_identification:_identify(training_ws/src/software-training-old/mapping) by extension 'colcon_pkg'
[1.280s] Level 1:colcon.colcon_core.package_identification:_identify(training_ws/src/software-training-old/mapping) by extensions ['colcon_meta']
[1.280s] Level 1:colcon.colcon_core.package_identification:_identify(training_ws/src/software-training-old/mapping) by extension 'colcon_meta'
[1.286s] Level 1:colcon.colcon_core.package_identification:_identify(training_ws/src/software-training-old/mapping) by extensions ['ros']
[1.286s] Level 1:colcon.colcon_core.package_identification:_identify(training_ws/src/software-training-old/mapping) by extension 'ros'
[1.312s] DEBUG:colcon.colcon_core.package_identification:Package 'training_ws/src/software-training-old/mapping' with type 'ros.ament_cmake' and name 'mapping'
[1.322s] Level 1:colcon.colcon_core.package_identification:_identify(training_ws/src/software-training-old/mineral_deposit_tracking) by extensions ['ignore', 'ignore_ament_install']
[1.323s] Level 1:colcon.colcon_core.package_identification:_identify(training_ws/src/software-training-old/mineral_deposit_tracking) by extension 'ignore'
[1.326s] Level 1:colcon.colcon_core.package_identification:_identify(training_ws/src/software-training-old/mineral_deposit_tracking) by extension 'ignore_ament_install'
[1.331s] Level 1:colcon.colcon_core.package_identification:_identify(training_ws/src/software-training-old/mineral_deposit_tracking) by extensions ['colcon_pkg']
[1.331s] Level 1:colcon.colcon_core.package_identification:_identify(training_ws/src/software-training-old/mineral_deposit_tracking) by extension 'colcon_pkg'
[1.334s] Level 1:colcon.colcon_core.package_identification:_identify(training_ws/src/software-training-old/mineral_deposit_tracking) by extensions ['colcon_meta']
[1.334s] Level 1:colcon.colcon_core.package_identification:_identify(training_ws/src/software-training-old/mineral_deposit_tracking) by extension 'colcon_meta'
[1.340s] Level 1:colcon.colcon_core.package_identification:_identify(training_ws/src/software-training-old/mineral_deposit_tracking) by extensions ['ros']
[1.341s] Level 1:colcon.colcon_core.package_identification:_identify(training_ws/src/software-training-old/mineral_deposit_tracking) by extension 'ros'
[1.365s] DEBUG:colcon.colcon_core.package_identification:Package 'training_ws/src/software-training-old/mineral_deposit_tracking' with type 'ros.ament_cmake' and name 'mineral_deposit_tracking'
[1.376s] Level 1:colcon.colcon_core.package_identification:_identify(training_ws/src/software-training-old/obstacle_detector) by extensions ['ignore', 'ignore_ament_install']
[1.376s] Level 1:colcon.colcon_core.package_identification:_identify(training_ws/src/software-training-old/obstacle_detector) by extension 'ignore'
[1.379s] Level 1:colcon.colcon_core.package_identification:_identify(training_ws/src/software-training-old/obstacle_detector) by extension 'ignore_ament_install'
[1.383s] Level 1:colcon.colcon_core.package_identification:_identify(training_ws/src/software-training-old/obstacle_detector) by extensions ['colcon_pkg']
[1.383s] Level 1:colcon.colcon_core.package_identification:_identify(training_ws/src/software-training-old/obstacle_detector) by extension 'colcon_pkg'
[1.386s] Level 1:colcon.colcon_core.package_identification:_identify(training_ws/src/software-training-old/obstacle_detector) by extensions ['colcon_meta']
[1.386s] Level 1:colcon.colcon_core.package_identification:_identify(training_ws/src/software-training-old/obstacle_detector) by extension 'colcon_meta'
[1.392s] Level 1:colcon.colcon_core.package_identification:_identify(training_ws/src/software-training-old/obstacle_detector) by extensions ['ros']
[1.392s] Level 1:colcon.colcon_core.package_identification:_identify(training_ws/src/software-training-old/obstacle_detector) by extension 'ros'
[1.417s] DEBUG:colcon.colcon_core.package_identification:Package 'training_ws/src/software-training-old/obstacle_detector' with type 'ros.ament_cmake' and name 'obstacle_detector'
[1.427s] Level 1:colcon.colcon_core.package_identification:_identify(training_ws/src/software-training-old/peak_finder) by extensions ['ignore', 'ignore_ament_install']
[1.427s] Level 1:colcon.colcon_core.package_identification:_identify(training_ws/src/software-training-old/peak_finder) by extension 'ignore'
[1.430s] Level 1:colcon.colcon_core.package_identification:_identify(training_ws/src/software-training-old/peak_finder) by extension 'ignore_ament_install'
[1.434s] Level 1:colcon.colcon_core.package_identification:_identify(training_ws/src/software-training-old/peak_finder) by extensions ['colcon_pkg']
[1.435s] Level 1:colcon.colcon_core.package_identification:_identify(training_ws/src/software-training-old/peak_finder) by extension 'colcon_pkg'
[1.438s] Level 1:colcon.colcon_core.package_identification:_identify(training_ws/src/software-training-old/peak_finder) by extensions ['colcon_meta']
[1.438s] Level 1:colcon.colcon_core.package_identification:_identify(training_ws/src/software-training-old/peak_finder) by extension 'colcon_meta'
[1.444s] Level 1:colcon.colcon_core.package_identification:_identify(training_ws/src/software-training-old/peak_finder) by extensions ['ros']
[1.445s] Level 1:colcon.colcon_core.package_identification:_identify(training_ws/src/software-training-old/peak_finder) by extension 'ros'
[1.469s] DEBUG:colcon.colcon_core.package_identification:Package 'training_ws/src/software-training-old/peak_finder' with type 'ros.ament_cmake' and name 'peak_finder'
[1.480s] Level 1:colcon.colcon_core.package_identification:_identify(training_ws/src/software-training-old/projects) by extensions ['ignore', 'ignore_ament_install']
[1.480s] Level 1:colcon.colcon_core.package_identification:_identify(training_ws/src/software-training-old/projects) by extension 'ignore'
[1.482s] Level 1:colcon.colcon_core.package_identification:_identify(training_ws/src/software-training-old/projects) by extension 'ignore_ament_install'
[1.487s] Level 1:colcon.colcon_core.package_identification:_identify(training_ws/src/software-training-old/projects) by extensions ['colcon_pkg']
[1.487s] Level 1:colcon.colcon_core.package_identification:_identify(training_ws/src/software-training-old/projects) by extension 'colcon_pkg'
[1.489s] Level 1:colcon.colcon_core.package_identification:_identify(training_ws/src/software-training-old/projects) by extensions ['colcon_meta']
[1.490s] Level 1:colcon.colcon_core.package_identification:_identify(training_ws/src/software-training-old/projects) by extension 'colcon_meta'
[1.496s] Level 1:colcon.colcon_core.package_identification:_identify(training_ws/src/software-training-old/projects) by extensions ['ros']
[1.497s] Level 1:colcon.colcon_core.package_identification:_identify(training_ws/src/software-training-old/projects) by extension 'ros'
[1.507s] Level 1:colcon.colcon_core.package_identification:_identify(training_ws/src/software-training-old/projects) by extensions ['cmake', 'python']
[1.508s] Level 1:colcon.colcon_core.package_identification:_identify(training_ws/src/software-training-old/projects) by extension 'cmake'
[1.510s] Level 1:colcon.colcon_core.package_identification:_identify(training_ws/src/software-training-old/projects) by extension 'python'
[1.513s] Level 1:colcon.colcon_core.package_identification:_identify(training_ws/src/software-training-old/projects) by extensions ['python_setup_py']
[1.513s] Level 1:colcon.colcon_core.package_identification:_identify(training_ws/src/software-training-old/projects) by extension 'python_setup_py'
[1.527s] Level 1:colcon.colcon_core.package_identification:_identify(training_ws/src/software-training-old/projects/week_1) by extensions ['ignore', 'ignore_ament_install']
[1.527s] Level 1:colcon.colcon_core.package_identification:_identify(training_ws/src/software-training-old/projects/week_1) by extension 'ignore'
[1.531s] Level 1:colcon.colcon_core.package_identification:_identify(training_ws/src/software-training-old/projects/week_1) by extension 'ignore_ament_install'
[1.536s] Level 1:colcon.colcon_core.package_identification:_identify(training_ws/src/software-training-old/projects/week_1) by extensions ['colcon_pkg']
[1.536s] Level 1:colcon.colcon_core.package_identification:_identify(training_ws/src/software-training-old/projects/week_1) by extension 'colcon_pkg'
[1.539s] Level 1:colcon.colcon_core.package_identification:_identify(training_ws/src/software-training-old/projects/week_1) by extensions ['colcon_meta']
[1.539s] Level 1:colcon.colcon_core.package_identification:_identify(training_ws/src/software-training-old/projects/week_1) by extension 'colcon_meta'
[1.547s] Level 1:colcon.colcon_core.package_identification:_identify(training_ws/src/software-training-old/projects/week_1) by extensions ['ros']
[1.548s] Level 1:colcon.colcon_core.package_identification:_identify(training_ws/src/software-training-old/projects/week_1) by extension 'ros'
[1.560s] Level 1:colcon.colcon_core.package_identification:_identify(training_ws/src/software-training-old/projects/week_1) by extensions ['cmake', 'python']
[1.561s] Level 1:colcon.colcon_core.package_identification:_identify(training_ws/src/software-training-old/projects/week_1) by extension 'cmake'
[1.563s] Level 1:colcon.colcon_core.package_identification:_identify(training_ws/src/software-training-old/projects/week_1) by extension 'python'
[1.566s] Level 1:colcon.colcon_core.package_identification:_identify(training_ws/src/software-training-old/projects/week_1) by extensions ['python_setup_py']
[1.567s] Level 1:colcon.colcon_core.package_identification:_identify(training_ws/src/software-training-old/projects/week_1) by extension 'python_setup_py'
[1.580s] Level 1:colcon.colcon_core.package_identification:_identify(training_ws/src/software-training-old/projects/week_2) by extensions ['ignore', 'ignore_ament_install']
[1.581s] Level 1:colcon.colcon_core.package_identification:_identify(training_ws/src/software-training-old/projects/week_2) by extension 'ignore'
[1.583s] Level 1:colcon.colcon_core.package_identification:_identify(training_ws/src/software-training-old/projects/week_2) by extension 'ignore_ament_install'
[1.589s] Level 1:colcon.colcon_core.package_identification:_identify(training_ws/src/software-training-old/projects/week_2) by extensions ['colcon_pkg']
[1.589s] Level 1:colcon.colcon_core.package_identification:_identify(training_ws/src/software-training-old/projects/week_2) by extension 'colcon_pkg'
[1.592s] Level 1:colcon.colcon_core.package_identification:_identify(training_ws/src/software-training-old/projects/week_2) by extensions ['colcon_meta']
[1.592s] Level 1:colcon.colcon_core.package_identification:_identify(training_ws/src/software-training-old/projects/week_2) by extension 'colcon_meta'
[1.600s] Level 1:colcon.colcon_core.package_identification:_identify(training_ws/src/software-training-old/projects/week_2) by extensions ['ros']
[1.600s] Level 1:colcon.colcon_core.package_identification:_identify(training_ws/src/software-training-old/projects/week_2) by extension 'ros'
[1.613s] Level 1:colcon.colcon_core.package_identification:_identify(training_ws/src/software-training-old/projects/week_2) by extensions ['cmake', 'python']
[1.613s] Level 1:colcon.colcon_core.package_identification:_identify(training_ws/src/software-training-old/projects/week_2) by extension 'cmake'
[1.616s] Level 1:colcon.colcon_core.package_identification:_identify(training_ws/src/software-training-old/projects/week_2) by extension 'python'
[1.618s] Level 1:colcon.colcon_core.package_identification:_identify(training_ws/src/software-training-old/projects/week_2) by extensions ['python_setup_py']
[1.618s] Level 1:colcon.colcon_core.package_identification:_identify(training_ws/src/software-training-old/projects/week_2) by extension 'python_setup_py'
[1.633s] Level 1:colcon.colcon_core.package_identification:_identify(training_ws/src/software-training-old/projects/week_3) by extensions ['ignore', 'ignore_ament_install']
[1.634s] Level 1:colcon.colcon_core.package_identification:_identify(training_ws/src/software-training-old/projects/week_3) by extension 'ignore'
[1.639s] Level 1:colcon.colcon_core.package_identification:_identify(training_ws/src/software-training-old/projects/week_3) by extension 'ignore_ament_install'
[1.644s] Level 1:colcon.colcon_core.package_identification:_identify(training_ws/src/software-training-old/projects/week_3) by extensions ['colcon_pkg']
[1.644s] Level 1:colcon.colcon_core.package_identification:_identify(training_ws/src/software-training-old/projects/week_3) by extension 'colcon_pkg'
[1.647s] Level 1:colcon.colcon_core.package_identification:_identify(training_ws/src/software-training-old/projects/week_3) by extensions ['colcon_meta']
[1.648s] Level 1:colcon.colcon_core.package_identification:_identify(training_ws/src/software-training-old/projects/week_3) by extension 'colcon_meta'
[1.656s] Level 1:colcon.colcon_core.package_identification:_identify(training_ws/src/software-training-old/projects/week_3) by extensions ['ros']
[1.656s] Level 1:colcon.colcon_core.package_identification:_identify(training_ws/src/software-training-old/projects/week_3) by extension 'ros'
[1.669s] Level 1:colcon.colcon_core.package_identification:_identify(training_ws/src/software-training-old/projects/week_3) by extensions ['cmake', 'python']
[1.669s] Level 1:colcon.colcon_core.package_identification:_identify(training_ws/src/software-training-old/projects/week_3) by extension 'cmake'
[1.671s] Level 1:colcon.colcon_core.package_identification:_identify(training_ws/src/software-training-old/projects/week_3) by extension 'python'
[1.674s] Level 1:colcon.colcon_core.package_identification:_identify(training_ws/src/software-training-old/projects/week_3) by extensions ['python_setup_py']
[1.674s] Level 1:colcon.colcon_core.package_identification:_identify(training_ws/src/software-training-old/projects/week_3) by extension 'python_setup_py'
[1.688s] Level 1:colcon.colcon_core.package_identification:_identify(training_ws/src/software-training-old/projects/week_4) by extensions ['ignore', 'ignore_ament_install']
[1.688s] Level 1:colcon.colcon_core.package_identification:_identify(training_ws/src/software-training-old/projects/week_4) by extension 'ignore'
[1.691s] Level 1:colcon.colcon_core.package_identification:_identify(training_ws/src/software-training-old/projects/week_4) by extension 'ignore_ament_install'
[1.696s] Level 1:colcon.colcon_core.package_identification:_identify(training_ws/src/software-training-old/projects/week_4) by extensions ['colcon_pkg']
[1.696s] Level 1:colcon.colcon_core.package_identification:_identify(training_ws/src/software-training-old/projects/week_4) by extension 'colcon_pkg'
[1.699s] Level 1:colcon.colcon_core.package_identification:_identify(training_ws/src/software-training-old/projects/week_4) by extensions ['colcon_meta']
[1.699s] Level 1:colcon.colcon_core.package_identification:_identify(training_ws/src/software-training-old/projects/week_4) by extension 'colcon_meta'
[1.707s] Level 1:colcon.colcon_core.package_identification:_identify(training_ws/src/software-training-old/projects/week_4) by extensions ['ros']
[1.707s] Level 1:colcon.colcon_core.package_identification:_identify(training_ws/src/software-training-old/projects/week_4) by extension 'ros'
[1.720s] Level 1:colcon.colcon_core.package_identification:_identify(training_ws/src/software-training-old/projects/week_4) by extensions ['cmake', 'python']
[1.720s] Level 1:colcon.colcon_core.package_identification:_identify(training_ws/src/software-training-old/projects/week_4) by extension 'cmake'
[1.723s] Level 1:colcon.colcon_core.package_identification:_identify(training_ws/src/software-training-old/projects/week_4) by extension 'python'
[1.725s] Level 1:colcon.colcon_core.package_identification:_identify(training_ws/src/software-training-old/projects/week_4) by extensions ['python_setup_py']
[1.726s] Level 1:colcon.colcon_core.package_identification:_identify(training_ws/src/software-training-old/projects/week_4) by extension 'python_setup_py'
[1.739s] Level 1:colcon.colcon_core.package_identification:_identify(training_ws/src/software-training-old/projects/week_5) by extensions ['ignore', 'ignore_ament_install']
[1.740s] Level 1:colcon.colcon_core.package_identification:_identify(training_ws/src/software-training-old/projects/week_5) by extension 'ignore'
[1.742s] Level 1:colcon.colcon_core.package_identification:_identify(training_ws/src/software-training-old/projects/week_5) by extension 'ignore_ament_install'
[1.747s] Level 1:colcon.colcon_core.package_identification:_identify(training_ws/src/software-training-old/projects/week_5) by extensions ['colcon_pkg']
[1.748s] Level 1:colcon.colcon_core.package_identification:_identify(training_ws/src/software-training-old/projects/week_5) by extension 'colcon_pkg'
[1.750s] Level 1:colcon.colcon_core.package_identification:_identify(training_ws/src/software-training-old/projects/week_5) by extensions ['colcon_meta']
[1.750s] Level 1:colcon.colcon_core.package_identification:_identify(training_ws/src/software-training-old/projects/week_5) by extension 'colcon_meta'
[1.759s] Level 1:colcon.colcon_core.package_identification:_identify(training_ws/src/software-training-old/projects/week_5) by extensions ['ros']
[1.759s] Level 1:colcon.colcon_core.package_identification:_identify(training_ws/src/software-training-old/projects/week_5) by extension 'ros'
[1.772s] Level 1:colcon.colcon_core.package_identification:_identify(training_ws/src/software-training-old/projects/week_5) by extensions ['cmake', 'python']
[1.773s] Level 1:colcon.colcon_core.package_identification:_identify(training_ws/src/software-training-old/projects/week_5) by extension 'cmake'
[1.775s] Level 1:colcon.colcon_core.package_identification:_identify(training_ws/src/software-training-old/projects/week_5) by extension 'python'
[1.778s] Level 1:colcon.colcon_core.package_identification:_identify(training_ws/src/software-training-old/projects/week_5) by extensions ['python_setup_py']
[1.778s] Level 1:colcon.colcon_core.package_identification:_identify(training_ws/src/software-training-old/projects/week_5) by extension 'python_setup_py'
[1.803s] Level 1:colcon.colcon_core.package_identification:_identify(training_ws/src/software-training-old/projects/week_6) by extensions ['ignore', 'ignore_ament_install']
[1.803s] Level 1:colcon.colcon_core.package_identification:_identify(training_ws/src/software-training-old/projects/week_6) by extension 'ignore'
[1.806s] Level 1:colcon.colcon_core.package_identification:_identify(training_ws/src/software-training-old/projects/week_6) by extension 'ignore_ament_install'
[1.814s] Level 1:colcon.colcon_core.package_identification:_identify(training_ws/src/software-training-old/projects/week_6) by extensions ['colcon_pkg']
[1.814s] Level 1:colcon.colcon_core.package_identification:_identify(training_ws/src/software-training-old/projects/week_6) by extension 'colcon_pkg'
[1.817s] Level 1:colcon.colcon_core.package_identification:_identify(training_ws/src/software-training-old/projects/week_6) by extensions ['colcon_meta']
[1.817s] Level 1:colcon.colcon_core.package_identification:_identify(training_ws/src/software-training-old/projects/week_6) by extension 'colcon_meta'
[1.825s] Level 1:colcon.colcon_core.package_identification:_identify(training_ws/src/software-training-old/projects/week_6) by extensions ['ros']
[1.825s] Level 1:colcon.colcon_core.package_identification:_identify(training_ws/src/software-training-old/projects/week_6) by extension 'ros'
[1.836s] Level 1:colcon.colcon_core.package_identification:_identify(training_ws/src/software-training-old/projects/week_6) by extensions ['cmake', 'python']
[1.836s] Level 1:colcon.colcon_core.package_identification:_identify(training_ws/src/software-training-old/projects/week_6) by extension 'cmake'
[1.839s] Level 1:colcon.colcon_core.package_identification:_identify(training_ws/src/software-training-old/projects/week_6) by extension 'python'
[1.841s] Level 1:colcon.colcon_core.package_identification:_identify(training_ws/src/software-training-old/projects/week_6) by extensions ['python_setup_py']
[1.842s] Level 1:colcon.colcon_core.package_identification:_identify(training_ws/src/software-training-old/projects/week_6) by extension 'python_setup_py'
[1.855s] Level 1:colcon.colcon_core.package_identification:_identify(training_ws/src/software-training-old/projects/week_7) by extensions ['ignore', 'ignore_ament_install']
[1.855s] Level 1:colcon.colcon_core.package_identification:_identify(training_ws/src/software-training-old/projects/week_7) by extension 'ignore'
[1.857s] Level 1:colcon.colcon_core.package_identification:_identify(training_ws/src/software-training-old/projects/week_7) by extension 'ignore_ament_install'
[1.862s] Level 1:colcon.colcon_core.package_identification:_identify(training_ws/src/software-training-old/projects/week_7) by extensions ['colcon_pkg']
[1.862s] Level 1:colcon.colcon_core.package_identification:_identify(training_ws/src/software-training-old/projects/week_7) by extension 'colcon_pkg'
[1.865s] Level 1:colcon.colcon_core.package_identification:_identify(training_ws/src/software-training-old/projects/week_7) by extensions ['colcon_meta']
[1.865s] Level 1:colcon.colcon_core.package_identification:_identify(training_ws/src/software-training-old/projects/week_7) by extension 'colcon_meta'
[1.873s] Level 1:colcon.colcon_core.package_identification:_identify(training_ws/src/software-training-old/projects/week_7) by extensions ['ros']
[1.873s] Level 1:colcon.colcon_core.package_identification:_identify(training_ws/src/software-training-old/projects/week_7) by extension 'ros'
[1.884s] Level 1:colcon.colcon_core.package_identification:_identify(training_ws/src/software-training-old/projects/week_7) by extensions ['cmake', 'python']
[1.885s] Level 1:colcon.colcon_core.package_identification:_identify(training_ws/src/software-training-old/projects/week_7) by extension 'cmake'
[1.888s] Level 1:colcon.colcon_core.package_identification:_identify(training_ws/src/software-training-old/projects/week_7) by extension 'python'
[1.890s] Level 1:colcon.colcon_core.package_identification:_identify(training_ws/src/software-training-old/projects/week_7) by extensions ['python_setup_py']
[1.890s] Level 1:colcon.colcon_core.package_identification:_identify(training_ws/src/software-training-old/projects/week_7) by extension 'python_setup_py'
[1.902s] Level 1:colcon.colcon_core.package_identification:_identify(training_ws/src/software-training-old/projects/week_8) by extensions ['ignore', 'ignore_ament_install']
[1.902s] Level 1:colcon.colcon_core.package_identification:_identify(training_ws/src/software-training-old/projects/week_8) by extension 'ignore'
[1.905s] Level 1:colcon.colcon_core.package_identification:_identify(training_ws/src/software-training-old/projects/week_8) by extension 'ignore_ament_install'
[1.910s] Level 1:colcon.colcon_core.package_identification:_identify(training_ws/src/software-training-old/projects/week_8) by extensions ['colcon_pkg']
[1.910s] Level 1:colcon.colcon_core.package_identification:_identify(training_ws/src/software-training-old/projects/week_8) by extension 'colcon_pkg'
[1.913s] Level 1:colcon.colcon_core.package_identification:_identify(training_ws/src/software-training-old/projects/week_8) by extensions ['colcon_meta']
[1.913s] Level 1:colcon.colcon_core.package_identification:_identify(training_ws/src/software-training-old/projects/week_8) by extension 'colcon_meta'
[1.920s] Level 1:colcon.colcon_core.package_identification:_identify(training_ws/src/software-training-old/projects/week_8) by extensions ['ros']
[1.920s] Level 1:colcon.colcon_core.package_identification:_identify(training_ws/src/software-training-old/projects/week_8) by extension 'ros'
[1.931s] Level 1:colcon.colcon_core.package_identification:_identify(training_ws/src/software-training-old/projects/week_8) by extensions ['cmake', 'python']
[1.931s] Level 1:colcon.colcon_core.package_identification:_identify(training_ws/src/software-training-old/projects/week_8) by extension 'cmake'
[1.934s] Level 1:colcon.colcon_core.package_identification:_identify(training_ws/src/software-training-old/projects/week_8) by extension 'python'
[1.936s] Level 1:colcon.colcon_core.package_identification:_identify(training_ws/src/software-training-old/projects/week_8) by extensions ['python_setup_py']
[1.936s] Level 1:colcon.colcon_core.package_identification:_identify(training_ws/src/software-training-old/projects/week_8) by extension 'python_setup_py'
[1.947s] Level 1:colcon.colcon_core.package_identification:_identify(training_ws/src/software-training-old/reference_solutions) by extensions ['ignore', 'ignore_ament_install']
[1.947s] Level 1:colcon.colcon_core.package_identification:_identify(training_ws/src/software-training-old/reference_solutions) by extension 'ignore'
[1.950s] Level 1:colcon.colcon_core.package_identification:_identify(training_ws/src/software-training-old/reference_solutions) ignored
[1.958s] Level 1:colcon.colcon_core.package_identification:_identify(training_ws/src/software-training-old/rj_training_bringup) by extensions ['ignore', 'ignore_ament_install']
[1.958s] Level 1:colcon.colcon_core.package_identification:_identify(training_ws/src/software-training-old/rj_training_bringup) by extension 'ignore'
[1.960s] Level 1:colcon.colcon_core.package_identification:_identify(training_ws/src/software-training-old/rj_training_bringup) by extension 'ignore_ament_install'
[1.964s] Level 1:colcon.colcon_core.package_identification:_identify(training_ws/src/software-training-old/rj_training_bringup) by extensions ['colcon_pkg']
[1.964s] Level 1:colcon.colcon_core.package_identification:_identify(training_ws/src/software-training-old/rj_training_bringup) by extension 'colcon_pkg'
[1.966s] Level 1:colcon.colcon_core.package_identification:_identify(training_ws/src/software-training-old/rj_training_bringup) by extensions ['colcon_meta']
[1.967s] Level 1:colcon.colcon_core.package_identification:_identify(training_ws/src/software-training-old/rj_training_bringup) by extension 'colcon_meta'
[1.972s] Level 1:colcon.colcon_core.package_identification:_identify(training_ws/src/software-training-old/rj_training_bringup) by extensions ['ros']
[1.973s] Level 1:colcon.colcon_core.package_identification:_identify(training_ws/src/software-training-old/rj_training_bringup) by extension 'ros'
[1.994s] DEBUG:colcon.colcon_core.package_identification:Package 'training_ws/src/software-training-old/rj_training_bringup' with type 'ros.ament_cmake' and name 'rj_training_bringup'
[2.002s] Level 1:colcon.colcon_core.package_identification:_identify(training_ws/src/software-training-old/setup_instructons) by extensions ['ignore', 'ignore_ament_install']
[2.003s] Level 1:colcon.colcon_core.package_identification:_identify(training_ws/src/software-training-old/setup_instructons) by extension 'ignore'
[2.005s] Level 1:colcon.colcon_core.package_identification:_identify(training_ws/src/software-training-old/setup_instructons) by extension 'ignore_ament_install'
[2.009s] Level 1:colcon.colcon_core.package_identification:_identify(training_ws/src/software-training-old/setup_instructons) by extensions ['colcon_pkg']
[2.009s] Level 1:colcon.colcon_core.package_identification:_identify(training_ws/src/software-training-old/setup_instructons) by extension 'colcon_pkg'
[2.011s] Level 1:colcon.colcon_core.package_identification:_identify(training_ws/src/software-training-old/setup_instructons) by extensions ['colcon_meta']
[2.012s] Level 1:colcon.colcon_core.package_identification:_identify(training_ws/src/software-training-old/setup_instructons) by extension 'colcon_meta'
[2.017s] Level 1:colcon.colcon_core.package_identification:_identify(training_ws/src/software-training-old/setup_instructons) by extensions ['ros']
[2.017s] Level 1:colcon.colcon_core.package_identification:_identify(training_ws/src/software-training-old/setup_instructons) by extension 'ros'
[2.026s] Level 1:colcon.colcon_core.package_identification:_identify(training_ws/src/software-training-old/setup_instructons) by extensions ['cmake', 'python']
[2.026s] Level 1:colcon.colcon_core.package_identification:_identify(training_ws/src/software-training-old/setup_instructons) by extension 'cmake'
[2.028s] Level 1:colcon.colcon_core.package_identification:_identify(training_ws/src/software-training-old/setup_instructons) by extension 'python'
[2.031s] Level 1:colcon.colcon_core.package_identification:_identify(training_ws/src/software-training-old/setup_instructons) by extensions ['python_setup_py']
[2.031s] Level 1:colcon.colcon_core.package_identification:_identify(training_ws/src/software-training-old/setup_instructons) by extension 'python_setup_py'
[2.039s] Level 1:colcon.colcon_core.package_identification:_identify(training_ws/src/trainingv2) by extensions ['ignore', 'ignore_ament_install']
[2.039s] Level 1:colcon.colcon_core.package_identification:_identify(training_ws/src/trainingv2) by extension 'ignore'
[2.041s] Level 1:colcon.colcon_core.package_identification:_identify(training_ws/src/trainingv2) by extension 'ignore_ament_install'
[2.044s] Level 1:colcon.colcon_core.package_identification:_identify(training_ws/src/trainingv2) by extensions ['colcon_pkg']
[2.045s] Level 1:colcon.colcon_core.package_identification:_identify(training_ws/src/trainingv2) by extension 'colcon_pkg'
[2.046s] Level 1:colcon.colcon_core.package_identification:_identify(training_ws/src/trainingv2) by extensions ['colcon_meta']
[2.046s] Level 1:colcon.colcon_core.package_identification:_identify(training_ws/src/trainingv2) by extension 'colcon_meta'
[2.049s] Level 1:colcon.colcon_core.package_identification:_identify(training_ws/src/trainingv2) by extensions ['ros']
[2.050s] Level 1:colcon.colcon_core.package_identification:_identify(training_ws/src/trainingv2) by extension 'ros'
[2.057s] Level 1:colcon.colcon_core.package_identification:_identify(training_ws/src/trainingv2) by extensions ['cmake', 'python']
[2.057s] Level 1:colcon.colcon_core.package_identification:_identify(training_ws/src/trainingv2) by extension 'cmake'
[2.059s] Level 1:colcon.colcon_core.package_identification:_identify(training_ws/src/trainingv2) by extension 'python'
[2.060s] Level 1:colcon.colcon_core.package_identification:_identify(training_ws/src/trainingv2) by extensions ['python_setup_py']
[2.060s] Level 1:colcon.colcon_core.package_identification:_identify(training_ws/src/trainingv2) by extension 'python_setup_py'
[2.069s] Level 1:colcon.colcon_core.package_identification:_identify(training_ws/src/trainingv2/Week 1) by extensions ['ignore', 'ignore_ament_install']
[2.070s] Level 1:colcon.colcon_core.package_identification:_identify(training_ws/src/trainingv2/Week 1) by extension 'ignore'
[2.072s] Level 1:colcon.colcon_core.package_identification:_identify(training_ws/src/trainingv2/Week 1) by extension 'ignore_ament_install'
[2.076s] Level 1:colcon.colcon_core.package_identification:_identify(training_ws/src/trainingv2/Week 1) by extensions ['colcon_pkg']
[2.076s] Level 1:colcon.colcon_core.package_identification:_identify(training_ws/src/trainingv2/Week 1) by extension 'colcon_pkg'
[2.078s] Level 1:colcon.colcon_core.package_identification:_identify(training_ws/src/trainingv2/Week 1) by extensions ['colcon_meta']
[2.079s] Level 1:colcon.colcon_core.package_identification:_identify(training_ws/src/trainingv2/Week 1) by extension 'colcon_meta'
[2.084s] Level 1:colcon.colcon_core.package_identification:_identify(training_ws/src/trainingv2/Week 1) by extensions ['ros']
[2.084s] Level 1:colcon.colcon_core.package_identification:_identify(training_ws/src/trainingv2/Week 1) by extension 'ros'
[2.093s] Level 1:colcon.colcon_core.package_identification:_identify(training_ws/src/trainingv2/Week 1) by extensions ['cmake', 'python']
[2.093s] Level 1:colcon.colcon_core.package_identification:_identify(training_ws/src/trainingv2/Week 1) by extension 'cmake'
[2.095s] Level 1:colcon.colcon_core.package_identification:_identify(training_ws/src/trainingv2/Week 1) by extension 'python'
[2.098s] Level 1:colcon.colcon_core.package_identification:_identify(training_ws/src/trainingv2/Week 1) by extensions ['python_setup_py']
[2.098s] Level 1:colcon.colcon_core.package_identification:_identify(training_ws/src/trainingv2/Week 1) by extension 'python_setup_py'
[2.111s] Level 1:colcon.colcon_core.package_identification:_identify(training_ws/src/trainingv2/Week 1/lecture_material) by extensions ['ignore', 'ignore_ament_install']
[2.112s] Level 1:colcon.colcon_core.package_identification:_identify(training_ws/src/trainingv2/Week 1/lecture_material) by extension 'ignore'
[2.114s] Level 1:colcon.colcon_core.package_identification:_identify(training_ws/src/trainingv2/Week 1/lecture_material) by extension 'ignore_ament_install'
[2.119s] Level 1:colcon.colcon_core.package_identification:_identify(training_ws/src/trainingv2/Week 1/lecture_material) by extensions ['colcon_pkg']
[2.120s] Level 1:colcon.colcon_core.package_identification:_identify(training_ws/src/trainingv2/Week 1/lecture_material) by extension 'colcon_pkg'
[2.122s] Level 1:colcon.colcon_core.package_identification:_identify(training_ws/src/trainingv2/Week 1/lecture_material) by extensions ['colcon_meta']
[2.122s] Level 1:colcon.colcon_core.package_identification:_identify(training_ws/src/trainingv2/Week 1/lecture_material) by extension 'colcon_meta'
[2.130s] Level 1:colcon.colcon_core.package_identification:_identify(training_ws/src/trainingv2/Week 1/lecture_material) by extensions ['ros']
[2.130s] Level 1:colcon.colcon_core.package_identification:_identify(training_ws/src/trainingv2/Week 1/lecture_material) by extension 'ros'
[2.141s] Level 1:colcon.colcon_core.package_identification:_identify(training_ws/src/trainingv2/Week 1/lecture_material) by extensions ['cmake', 'python']
[2.142s] Level 1:colcon.colcon_core.package_identification:_identify(training_ws/src/trainingv2/Week 1/lecture_material) by extension 'cmake'
[2.144s] Level 1:colcon.colcon_core.package_identification:_identify(training_ws/src/trainingv2/Week 1/lecture_material) by extension 'python'
[2.147s] Level 1:colcon.colcon_core.package_identification:_identify(training_ws/src/trainingv2/Week 1/lecture_material) by extensions ['python_setup_py']
[2.147s] Level 1:colcon.colcon_core.package_identification:_identify(training_ws/src/trainingv2/Week 1/lecture_material) by extension 'python_setup_py'
[2.158s] Level 1:colcon.colcon_core.package_identification:_identify(training_ws/src/trainingv2/Week 2) by extensions ['ignore', 'ignore_ament_install']
[2.158s] Level 1:colcon.colcon_core.package_identification:_identify(training_ws/src/trainingv2/Week 2) by extension 'ignore'
[2.160s] Level 1:colcon.colcon_core.package_identification:_identify(training_ws/src/trainingv2/Week 2) by extension 'ignore_ament_install'
[2.164s] Level 1:colcon.colcon_core.package_identification:_identify(training_ws/src/trainingv2/Week 2) by extensions ['colcon_pkg']
[2.164s] Level 1:colcon.colcon_core.package_identification:_identify(training_ws/src/trainingv2/Week 2) by extension 'colcon_pkg'
[2.166s] Level 1:colcon.colcon_core.package_identification:_identify(training_ws/src/trainingv2/Week 2) by extensions ['colcon_meta']
[2.166s] Level 1:colcon.colcon_core.package_identification:_identify(training_ws/src/trainingv2/Week 2) by extension 'colcon_meta'
[2.171s] Level 1:colcon.colcon_core.package_identification:_identify(training_ws/src/trainingv2/Week 2) by extensions ['ros']
[2.172s] Level 1:colcon.colcon_core.package_identification:_identify(training_ws/src/trainingv2/Week 2) by extension 'ros'
[2.182s] Level 1:colcon.colcon_core.package_identification:_identify(training_ws/src/trainingv2/Week 2) by extensions ['cmake', 'python']
[2.182s] Level 1:colcon.colcon_core.package_identification:_identify(training_ws/src/trainingv2/Week 2) by extension 'cmake'
[2.184s] Level 1:colcon.colcon_core.package_identification:_identify(training_ws/src/trainingv2/Week 2) by extension 'python'
[2.186s] Level 1:colcon.colcon_core.package_identification:_identify(training_ws/src/trainingv2/Week 2) by extensions ['python_setup_py']
[2.186s] Level 1:colcon.colcon_core.package_identification:_identify(training_ws/src/trainingv2/Week 2) by extension 'python_setup_py'
[2.199s] Level 1:colcon.colcon_core.package_identification:_identify(training_ws/src/trainingv2/Week 2/code) by extensions ['ignore', 'ignore_ament_install']
[2.200s] Level 1:colcon.colcon_core.package_identification:_identify(training_ws/src/trainingv2/Week 2/code) by extension 'ignore'
[2.203s] Level 1:colcon.colcon_core.package_identification:_identify(training_ws/src/trainingv2/Week 2/code) by extension 'ignore_ament_install'
[2.207s] Level 1:colcon.colcon_core.package_identification:_identify(training_ws/src/trainingv2/Week 2/code) by extensions ['colcon_pkg']
[2.208s] Level 1:colcon.colcon_core.package_identification:_identify(training_ws/src/trainingv2/Week 2/code) by extension 'colcon_pkg'
[2.211s] Level 1:colcon.colcon_core.package_identification:_identify(training_ws/src/trainingv2/Week 2/code) by extensions ['colcon_meta']
[2.211s] Level 1:colcon.colcon_core.package_identification:_identify(training_ws/src/trainingv2/Week 2/code) by extension 'colcon_meta'
[2.220s] Level 1:colcon.colcon_core.package_identification:_identify(training_ws/src/trainingv2/Week 2/code) by extensions ['ros']
[2.220s] Level 1:colcon.colcon_core.package_identification:_identify(training_ws/src/trainingv2/Week 2/code) by extension 'ros'
[2.232s] Level 1:colcon.colcon_core.package_identification:_identify(training_ws/src/trainingv2/Week 2/code) by extensions ['cmake', 'python']
[2.233s] Level 1:colcon.colcon_core.package_identification:_identify(training_ws/src/trainingv2/Week 2/code) by extension 'cmake'
[2.236s] Level 1:colcon.colcon_core.package_identification:_identify(training_ws/src/trainingv2/Week 2/code) by extension 'python'
[2.238s] Level 1:colcon.colcon_core.package_identification:_identify(training_ws/src/trainingv2/Week 2/code) by extensions ['python_setup_py']
[2.239s] Level 1:colcon.colcon_core.package_identification:_identify(training_ws/src/trainingv2/Week 2/code) by extension 'python_setup_py'
[2.255s] Level 1:colcon.colcon_core.package_identification:_identify(training_ws/src/trainingv2/Week 2/code/include) by extensions ['ignore', 'ignore_ament_install']
[2.255s] Level 1:colcon.colcon_core.package_identification:_identify(training_ws/src/trainingv2/Week 2/code/include) by extension 'ignore'
[2.259s] Level 1:colcon.colcon_core.package_identification:_identify(training_ws/src/trainingv2/Week 2/code/include) by extension 'ignore_ament_install'
[2.265s] Level 1:colcon.colcon_core.package_identification:_identify(training_ws/src/trainingv2/Week 2/code/include) by extensions ['colcon_pkg']
[2.265s] Level 1:colcon.colcon_core.package_identification:_identify(training_ws/src/trainingv2/Week 2/code/include) by extension 'colcon_pkg'
[2.269s] Level 1:colcon.colcon_core.package_identification:_identify(training_ws/src/trainingv2/Week 2/code/include) by extensions ['colcon_meta']
[2.269s] Level 1:colcon.colcon_core.package_identification:_identify(training_ws/src/trainingv2/Week 2/code/include) by extension 'colcon_meta'
[2.280s] Level 1:colcon.colcon_core.package_identification:_identify(training_ws/src/trainingv2/Week 2/code/include) by extensions ['ros']
[2.280s] Level 1:colcon.colcon_core.package_identification:_identify(training_ws/src/trainingv2/Week 2/code/include) by extension 'ros'
[2.293s] Level 1:colcon.colcon_core.package_identification:_identify(training_ws/src/trainingv2/Week 2/code/include) by extensions ['cmake', 'python']
[2.294s] Level 1:colcon.colcon_core.package_identification:_identify(training_ws/src/trainingv2/Week 2/code/include) by extension 'cmake'
[2.297s] Level 1:colcon.colcon_core.package_identification:_identify(training_ws/src/trainingv2/Week 2/code/include) by extension 'python'
[2.300s] Level 1:colcon.colcon_core.package_identification:_identify(training_ws/src/trainingv2/Week 2/code/include) by extensions ['python_setup_py']
[2.300s] Level 1:colcon.colcon_core.package_identification:_identify(training_ws/src/trainingv2/Week 2/code/include) by extension 'python_setup_py'
[2.317s] Level 1:colcon.colcon_core.package_identification:_identify(training_ws/src/trainingv2/Week 2/code/src) by extensions ['ignore', 'ignore_ament_install']
[2.318s] Level 1:colcon.colcon_core.package_identification:_identify(training_ws/src/trainingv2/Week 2/code/src) by extension 'ignore'
[2.321s] Level 1:colcon.colcon_core.package_identification:_identify(training_ws/src/trainingv2/Week 2/code/src) by extension 'ignore_ament_install'
[2.327s] Level 1:colcon.colcon_core.package_identification:_identify(training_ws/src/trainingv2/Week 2/code/src) by extensions ['colcon_pkg']
[2.327s] Level 1:colcon.colcon_core.package_identification:_identify(training_ws/src/trainingv2/Week 2/code/src) by extension 'colcon_pkg'
[2.330s] Level 1:colcon.colcon_core.package_identification:_identify(training_ws/src/trainingv2/Week 2/code/src) by extensions ['colcon_meta']
[2.331s] Level 1:colcon.colcon_core.package_identification:_identify(training_ws/src/trainingv2/Week 2/code/src) by extension 'colcon_meta'
[2.341s] Level 1:colcon.colcon_core.package_identification:_identify(training_ws/src/trainingv2/Week 2/code/src) by extensions ['ros']
[2.342s] Level 1:colcon.colcon_core.package_identification:_identify(training_ws/src/trainingv2/Week 2/code/src) by extension 'ros'
[2.355s] Level 1:colcon.colcon_core.package_identification:_identify(training_ws/src/trainingv2/Week 2/code/src) by extensions ['cmake', 'python']
[2.355s] Level 1:colcon.colcon_core.package_identification:_identify(training_ws/src/trainingv2/Week 2/code/src) by extension 'cmake'
[2.359s] Level 1:colcon.colcon_core.package_identification:_identify(training_ws/src/trainingv2/Week 2/code/src) by extension 'python'
[2.362s] Level 1:colcon.colcon_core.package_identification:_identify(training_ws/src/trainingv2/Week 2/code/src) by extensions ['python_setup_py']
[2.362s] Level 1:colcon.colcon_core.package_identification:_identify(training_ws/src/trainingv2/Week 2/code/src) by extension 'python_setup_py'
[2.376s] Level 1:colcon.colcon_core.package_identification:_identify(training_ws/src/trainingv2/Week 2/lecture_material) by extensions ['ignore', 'ignore_ament_install']
[2.377s] Level 1:colcon.colcon_core.package_identification:_identify(training_ws/src/trainingv2/Week 2/lecture_material) by extension 'ignore'
[2.386s] Level 1:colcon.colcon_core.package_identification:_identify(training_ws/src/trainingv2/Week 2/lecture_material) by extension 'ignore_ament_install'
[2.393s] Level 1:colcon.colcon_core.package_identification:_identify(training_ws/src/trainingv2/Week 2/lecture_material) by extensions ['colcon_pkg']
[2.393s] Level 1:colcon.colcon_core.package_identification:_identify(training_ws/src/trainingv2/Week 2/lecture_material) by extension 'colcon_pkg'
[2.397s] Level 1:colcon.colcon_core.package_identification:_identify(training_ws/src/trainingv2/Week 2/lecture_material) by extensions ['colcon_meta']
[2.397s] Level 1:colcon.colcon_core.package_identification:_identify(training_ws/src/trainingv2/Week 2/lecture_material) by extension 'colcon_meta'
[2.406s] Level 1:colcon.colcon_core.package_identification:_identify(training_ws/src/trainingv2/Week 2/lecture_material) by extensions ['ros']
[2.406s] Level 1:colcon.colcon_core.package_identification:_identify(training_ws/src/trainingv2/Week 2/lecture_material) by extension 'ros'
[2.420s] Level 1:colcon.colcon_core.package_identification:_identify(training_ws/src/trainingv2/Week 2/lecture_material) by extensions ['cmake', 'python']
[2.421s] Level 1:colcon.colcon_core.package_identification:_identify(training_ws/src/trainingv2/Week 2/lecture_material) by extension 'cmake'
[2.424s] Level 1:colcon.colcon_core.package_identification:_identify(training_ws/src/trainingv2/Week 2/lecture_material) by extension 'python'
[2.426s] Level 1:colcon.colcon_core.package_identification:_identify(training_ws/src/trainingv2/Week 2/lecture_material) by extensions ['python_setup_py']
[2.426s] Level 1:colcon.colcon_core.package_identification:_identify(training_ws/src/trainingv2/Week 2/lecture_material) by extension 'python_setup_py'
[2.437s] Level 1:colcon.colcon_core.package_identification:_identify(training_ws/src/trainingv2/Week 3) by extensions ['ignore', 'ignore_ament_install']
[2.438s] Level 1:colcon.colcon_core.package_identification:_identify(training_ws/src/trainingv2/Week 3) by extension 'ignore'
[2.440s] Level 1:colcon.colcon_core.package_identification:_identify(training_ws/src/trainingv2/Week 3) by extension 'ignore_ament_install'
[2.445s] Level 1:colcon.colcon_core.package_identification:_identify(training_ws/src/trainingv2/Week 3) by extensions ['colcon_pkg']
[2.445s] Level 1:colcon.colcon_core.package_identification:_identify(training_ws/src/trainingv2/Week 3) by extension 'colcon_pkg'
[2.447s] Level 1:colcon.colcon_core.package_identification:_identify(training_ws/src/trainingv2/Week 3) by extensions ['colcon_meta']
[2.447s] Level 1:colcon.colcon_core.package_identification:_identify(training_ws/src/trainingv2/Week 3) by extension 'colcon_meta'
[2.453s] Level 1:colcon.colcon_core.package_identification:_identify(training_ws/src/trainingv2/Week 3) by extensions ['ros']
[2.453s] Level 1:colcon.colcon_core.package_identification:_identify(training_ws/src/trainingv2/Week 3) by extension 'ros'
[2.463s] Level 1:colcon.colcon_core.package_identification:_identify(training_ws/src/trainingv2/Week 3) by extensions ['cmake', 'python']
[2.463s] Level 1:colcon.colcon_core.package_identification:_identify(training_ws/src/trainingv2/Week 3) by extension 'cmake'
[2.465s] Level 1:colcon.colcon_core.package_identification:_identify(training_ws/src/trainingv2/Week 3) by extension 'python'
[2.467s] Level 1:colcon.colcon_core.package_identification:_identify(training_ws/src/trainingv2/Week 3) by extensions ['python_setup_py']
[2.468s] Level 1:colcon.colcon_core.package_identification:_identify(training_ws/src/trainingv2/Week 3) by extension 'python_setup_py'
[2.480s] Level 1:colcon.colcon_core.package_identification:_identify(training_ws/src/trainingv2/Week 3/lecture_material) by extensions ['ignore', 'ignore_ament_install']
[2.480s] Level 1:colcon.colcon_core.package_identification:_identify(training_ws/src/trainingv2/Week 3/lecture_material) by extension 'ignore'
[2.482s] Level 1:colcon.colcon_core.package_identification:_identify(training_ws/src/trainingv2/Week 3/lecture_material) by extension 'ignore_ament_install'
[2.487s] Level 1:colcon.colcon_core.package_identification:_identify(training_ws/src/trainingv2/Week 3/lecture_material) by extensions ['colcon_pkg']
[2.487s] Level 1:colcon.colcon_core.package_identification:_identify(training_ws/src/trainingv2/Week 3/lecture_material) by extension 'colcon_pkg'
[2.489s] Level 1:colcon.colcon_core.package_identification:_identify(training_ws/src/trainingv2/Week 3/lecture_material) by extensions ['colcon_meta']
[2.490s] Level 1:colcon.colcon_core.package_identification:_identify(training_ws/src/trainingv2/Week 3/lecture_material) by extension 'colcon_meta'
[2.496s] Level 1:colcon.colcon_core.package_identification:_identify(training_ws/src/trainingv2/Week 3/lecture_material) by extensions ['ros']
[2.496s] Level 1:colcon.colcon_core.package_identification:_identify(training_ws/src/trainingv2/Week 3/lecture_material) by extension 'ros'
[2.508s] Level 1:colcon.colcon_core.package_identification:_identify(training_ws/src/trainingv2/Week 3/lecture_material) by extensions ['cmake', 'python']
[2.509s] Level 1:colcon.colcon_core.package_identification:_identify(training_ws/src/trainingv2/Week 3/lecture_material) by extension 'cmake'
[2.511s] Level 1:colcon.colcon_core.package_identification:_identify(training_ws/src/trainingv2/Week 3/lecture_material) by extension 'python'
[2.514s] Level 1:colcon.colcon_core.package_identification:_identify(training_ws/src/trainingv2/Week 3/lecture_material) by extensions ['python_setup_py']
[2.514s] Level 1:colcon.colcon_core.package_identification:_identify(training_ws/src/trainingv2/Week 3/lecture_material) by extension 'python_setup_py'
[2.524s] Level 1:colcon.colcon_core.package_identification:_identify(training_ws/src/trainingv2/Week 4) by extensions ['ignore', 'ignore_ament_install']
[2.524s] Level 1:colcon.colcon_core.package_identification:_identify(training_ws/src/trainingv2/Week 4) by extension 'ignore'
[2.526s] Level 1:colcon.colcon_core.package_identification:_identify(training_ws/src/trainingv2/Week 4) by extension 'ignore_ament_install'
[2.530s] Level 1:colcon.colcon_core.package_identification:_identify(training_ws/src/trainingv2/Week 4) by extensions ['colcon_pkg']
[2.530s] Level 1:colcon.colcon_core.package_identification:_identify(training_ws/src/trainingv2/Week 4) by extension 'colcon_pkg'
[2.535s] Level 1:colcon.colcon_core.package_identification:_identify(training_ws/src/trainingv2/Week 4) by extensions ['colcon_meta']
[2.536s] Level 1:colcon.colcon_core.package_identification:_identify(training_ws/src/trainingv2/Week 4) by extension 'colcon_meta'
[2.540s] Level 1:colcon.colcon_core.package_identification:_identify(training_ws/src/trainingv2/Week 4) by extensions ['ros']
[2.541s] Level 1:colcon.colcon_core.package_identification:_identify(training_ws/src/trainingv2/Week 4) by extension 'ros'
[2.551s] Level 1:colcon.colcon_core.package_identification:_identify(training_ws/src/trainingv2/Week 4) by extensions ['cmake', 'python']
[2.551s] Level 1:colcon.colcon_core.package_identification:_identify(training_ws/src/trainingv2/Week 4) by extension 'cmake'
[2.553s] Level 1:colcon.colcon_core.package_identification:_identify(training_ws/src/trainingv2/Week 4) by extension 'python'
[2.555s] Level 1:colcon.colcon_core.package_identification:_identify(training_ws/src/trainingv2/Week 4) by extensions ['python_setup_py']
[2.556s] Level 1:colcon.colcon_core.package_identification:_identify(training_ws/src/trainingv2/Week 4) by extension 'python_setup_py'
[2.567s] Level 1:colcon.colcon_core.package_identification:_identify(training_ws/src/trainingv2/Week 4/lecture_material) by extensions ['ignore', 'ignore_ament_install']
[2.567s] Level 1:colcon.colcon_core.package_identification:_identify(training_ws/src/trainingv2/Week 4/lecture_material) by extension 'ignore'
[2.570s] Level 1:colcon.colcon_core.package_identification:_identify(training_ws/src/trainingv2/Week 4/lecture_material) by extension 'ignore_ament_install'
[2.574s] Level 1:colcon.colcon_core.package_identification:_identify(training_ws/src/trainingv2/Week 4/lecture_material) by extensions ['colcon_pkg']
[2.574s] Level 1:colcon.colcon_core.package_identification:_identify(training_ws/src/trainingv2/Week 4/lecture_material) by extension 'colcon_pkg'
[2.577s] Level 1:colcon.colcon_core.package_identification:_identify(training_ws/src/trainingv2/Week 4/lecture_material) by extensions ['colcon_meta']
[2.577s] Level 1:colcon.colcon_core.package_identification:_identify(training_ws/src/trainingv2/Week 4/lecture_material) by extension 'colcon_meta'
[2.585s] Level 1:colcon.colcon_core.package_identification:_identify(training_ws/src/trainingv2/Week 4/lecture_material) by extensions ['ros']
[2.585s] Level 1:colcon.colcon_core.package_identification:_identify(training_ws/src/trainingv2/Week 4/lecture_material) by extension 'ros'
[2.596s] Level 1:colcon.colcon_core.package_identification:_identify(training_ws/src/trainingv2/Week 4/lecture_material) by extensions ['cmake', 'python']
[2.597s] Level 1:colcon.colcon_core.package_identification:_identify(training_ws/src/trainingv2/Week 4/lecture_material) by extension 'cmake'
[2.599s] Level 1:colcon.colcon_core.package_identification:_identify(training_ws/src/trainingv2/Week 4/lecture_material) by extension 'python'
[2.601s] Level 1:colcon.colcon_core.package_identification:_identify(training_ws/src/trainingv2/Week 4/lecture_material) by extensions ['python_setup_py']
[2.602s] Level 1:colcon.colcon_core.package_identification:_identify(training_ws/src/trainingv2/Week 4/lecture_material) by extension 'python_setup_py'
[2.613s] Level 1:colcon.colcon_core.package_identification:_identify(training_ws/src/trainingv2/cmake) by extensions ['ignore', 'ignore_ament_install']
[2.613s] Level 1:colcon.colcon_core.package_identification:_identify(training_ws/src/trainingv2/cmake) by extension 'ignore'
[2.615s] Level 1:colcon.colcon_core.package_identification:_identify(training_ws/src/trainingv2/cmake) by extension 'ignore_ament_install'
[2.619s] Level 1:colcon.colcon_core.package_identification:_identify(training_ws/src/trainingv2/cmake) by extensions ['colcon_pkg']
[2.619s] Level 1:colcon.colcon_core.package_identification:_identify(training_ws/src/trainingv2/cmake) by extension 'colcon_pkg'
[2.621s] Level 1:colcon.colcon_core.package_identification:_identify(training_ws/src/trainingv2/cmake) by extensions ['colcon_meta']
[2.621s] Level 1:colcon.colcon_core.package_identification:_identify(training_ws/src/trainingv2/cmake) by extension 'colcon_meta'
[2.626s] Level 1:colcon.colcon_core.package_identification:_identify(training_ws/src/trainingv2/cmake) by extensions ['ros']
[2.627s] Level 1:colcon.colcon_core.package_identification:_identify(training_ws/src/trainingv2/cmake) by extension 'ros'
[2.637s] Level 1:colcon.colcon_core.package_identification:_identify(training_ws/src/trainingv2/cmake) by extensions ['cmake', 'python']
[2.637s] Level 1:colcon.colcon_core.package_identification:_identify(training_ws/src/trainingv2/cmake) by extension 'cmake'
[2.639s] Level 1:colcon.colcon_core.package_identification:_identify(training_ws/src/trainingv2/cmake) by extension 'python'
[2.641s] Level 1:colcon.colcon_core.package_identification:_identify(training_ws/src/trainingv2/cmake) by extensions ['python_setup_py']
[2.641s] Level 1:colcon.colcon_core.package_identification:_identify(training_ws/src/trainingv2/cmake) by extension 'python_setup_py'
[2.650s] Level 1:colcon.colcon_core.package_identification:_identify(training_ws/src/trainingv2/controller_project) by extensions ['ignore', 'ignore_ament_install']
[2.650s] Level 1:colcon.colcon_core.package_identification:_identify(training_ws/src/trainingv2/controller_project) by extension 'ignore'
[2.653s] Level 1:colcon.colcon_core.package_identification:_identify(training_ws/src/trainingv2/controller_project) by extension 'ignore_ament_install'
[2.657s] Level 1:colcon.colcon_core.package_identification:_identify(training_ws/src/trainingv2/controller_project) by extensions ['colcon_pkg']
[2.657s] Level 1:colcon.colcon_core.package_identification:_identify(training_ws/src/trainingv2/controller_project) by extension 'colcon_pkg'
[2.659s] Level 1:colcon.colcon_core.package_identification:_identify(training_ws/src/trainingv2/controller_project) by extensions ['colcon_meta']
[2.660s] Level 1:colcon.colcon_core.package_identification:_identify(training_ws/src/trainingv2/controller_project) by extension 'colcon_meta'
[2.665s] Level 1:colcon.colcon_core.package_identification:_identify(training_ws/src/trainingv2/controller_project) by extensions ['ros']
[2.665s] Level 1:colcon.colcon_core.package_identification:_identify(training_ws/src/trainingv2/controller_project) by extension 'ros'
[2.675s] Level 1:colcon.colcon_core.package_identification:_identify(training_ws/src/trainingv2/controller_project) by extensions ['cmake', 'python']
[2.675s] Level 1:colcon.colcon_core.package_identification:_identify(training_ws/src/trainingv2/controller_project) by extension 'cmake'
[2.676s] Level 1:colcon.colcon_core.package_identification:_identify(training_ws/src/trainingv2/controller_project) by extension 'python'
[2.678s] Level 1:colcon.colcon_core.package_identification:_identify(training_ws/src/trainingv2/controller_project) by extensions ['python_setup_py']
[2.679s] Level 1:colcon.colcon_core.package_identification:_identify(training_ws/src/trainingv2/controller_project) by extension 'python_setup_py'
[2.692s] Level 1:colcon.colcon_core.package_identification:_identify(training_ws/src/trainingv2/controller_project/joystick_msgs) by extensions ['ignore', 'ignore_ament_install']
[2.693s] Level 1:colcon.colcon_core.package_identification:_identify(training_ws/src/trainingv2/controller_project/joystick_msgs) by extension 'ignore'
[2.695s] Level 1:colcon.colcon_core.package_identification:_identify(training_ws/src/trainingv2/controller_project/joystick_msgs) by extension 'ignore_ament_install'
[2.700s] Level 1:colcon.colcon_core.package_identification:_identify(training_ws/src/trainingv2/controller_project/joystick_msgs) by extensions ['colcon_pkg']
[2.701s] Level 1:colcon.colcon_core.package_identification:_identify(training_ws/src/trainingv2/controller_project/joystick_msgs) by extension 'colcon_pkg'
[2.703s] Level 1:colcon.colcon_core.package_identification:_identify(training_ws/src/trainingv2/controller_project/joystick_msgs) by extensions ['colcon_meta']
[2.703s] Level 1:colcon.colcon_core.package_identification:_identify(training_ws/src/trainingv2/controller_project/joystick_msgs) by extension 'colcon_meta'
[2.710s] Level 1:colcon.colcon_core.package_identification:_identify(training_ws/src/trainingv2/controller_project/joystick_msgs) by extensions ['ros']
[2.710s] Level 1:colcon.colcon_core.package_identification:_identify(training_ws/src/trainingv2/controller_project/joystick_msgs) by extension 'ros'
[2.735s] DEBUG:colcon.colcon_core.package_identification:Package 'training_ws/src/trainingv2/controller_project/joystick_msgs' with type 'ros.ament_cmake' and name 'joystick_msgs'
[2.745s] Level 1:colcon.colcon_core.package_identification:_identify(training_ws/src/trainingv2/controller_project/joystick_package) by extensions ['ignore', 'ignore_ament_install']
[2.745s] Level 1:colcon.colcon_core.package_identification:_identify(training_ws/src/trainingv2/controller_project/joystick_package) by extension 'ignore'
[2.748s] Level 1:colcon.colcon_core.package_identification:_identify(training_ws/src/trainingv2/controller_project/joystick_package) by extension 'ignore_ament_install'
[2.753s] Level 1:colcon.colcon_core.package_identification:_identify(training_ws/src/trainingv2/controller_project/joystick_package) by extensions ['colcon_pkg']
[2.753s] Level 1:colcon.colcon_core.package_identification:_identify(training_ws/src/trainingv2/controller_project/joystick_package) by extension 'colcon_pkg'
[2.756s] Level 1:colcon.colcon_core.package_identification:_identify(training_ws/src/trainingv2/controller_project/joystick_package) by extensions ['colcon_meta']
[2.756s] Level 1:colcon.colcon_core.package_identification:_identify(training_ws/src/trainingv2/controller_project/joystick_package) by extension 'colcon_meta'
[2.763s] Level 1:colcon.colcon_core.package_identification:_identify(training_ws/src/trainingv2/controller_project/joystick_package) by extensions ['ros']
[2.764s] Level 1:colcon.colcon_core.package_identification:_identify(training_ws/src/trainingv2/controller_project/joystick_package) by extension 'ros'
[2.788s] DEBUG:colcon.colcon_core.package_identification:Package 'training_ws/src/trainingv2/controller_project/joystick_package' with type 'ros.ament_cmake' and name 'joystick_package'
[2.797s] Level 1:colcon.colcon_core.package_identification:_identify(training_ws/src/trainingv2/documents) by extensions ['ignore', 'ignore_ament_install']
[2.797s] Level 1:colcon.colcon_core.package_identification:_identify(training_ws/src/trainingv2/documents) by extension 'ignore'
[2.800s] Level 1:colcon.colcon_core.package_identification:_identify(training_ws/src/trainingv2/documents) by extension 'ignore_ament_install'
[2.804s] Level 1:colcon.colcon_core.package_identification:_identify(training_ws/src/trainingv2/documents) by extensions ['colcon_pkg']
[2.804s] Level 1:colcon.colcon_core.package_identification:_identify(training_ws/src/trainingv2/documents) by extension 'colcon_pkg'
[2.806s] Level 1:colcon.colcon_core.package_identification:_identify(training_ws/src/trainingv2/documents) by extensions ['colcon_meta']
[2.806s] Level 1:colcon.colcon_core.package_identification:_identify(training_ws/src/trainingv2/documents) by extension 'colcon_meta'
[2.811s] Level 1:colcon.colcon_core.package_identification:_identify(training_ws/src/trainingv2/documents) by extensions ['ros']
[2.811s] Level 1:colcon.colcon_core.package_identification:_identify(training_ws/src/trainingv2/documents) by extension 'ros'
[2.819s] Level 1:colcon.colcon_core.package_identification:_identify(training_ws/src/trainingv2/documents) by extensions ['cmake', 'python']
[2.819s] Level 1:colcon.colcon_core.package_identification:_identify(training_ws/src/trainingv2/documents) by extension 'cmake'
[2.821s] Level 1:colcon.colcon_core.package_identification:_identify(training_ws/src/trainingv2/documents) by extension 'python'
[2.823s] Level 1:colcon.colcon_core.package_identification:_identify(training_ws/src/trainingv2/documents) by extensions ['python_setup_py']
[2.824s] Level 1:colcon.colcon_core.package_identification:_identify(training_ws/src/trainingv2/documents) by extension 'python_setup_py'
[2.835s] Level 1:colcon.colcon_core.package_identification:_identify(training_ws/src/trainingv2/documents/installation) by extensions ['ignore', 'ignore_ament_install']
[2.836s] Level 1:colcon.colcon_core.package_identification:_identify(training_ws/src/trainingv2/documents/installation) by extension 'ignore'
[2.838s] Level 1:colcon.colcon_core.package_identification:_identify(training_ws/src/trainingv2/documents/installation) by extension 'ignore_ament_install'
[2.843s] Level 1:colcon.colcon_core.package_identification:_identify(training_ws/src/trainingv2/documents/installation) by extensions ['colcon_pkg']
[2.843s] Level 1:colcon.colcon_core.package_identification:_identify(training_ws/src/trainingv2/documents/installation) by extension 'colcon_pkg'
[2.846s] Level 1:colcon.colcon_core.package_identification:_identify(training_ws/src/trainingv2/documents/installation) by extensions ['colcon_meta']
[2.846s] Level 1:colcon.colcon_core.package_identification:_identify(training_ws/src/trainingv2/documents/installation) by extension 'colcon_meta'
[2.853s] Level 1:colcon.colcon_core.package_identification:_identify(training_ws/src/trainingv2/documents/installation) by extensions ['ros']
[2.853s] Level 1:colcon.colcon_core.package_identification:_identify(training_ws/src/trainingv2/documents/installation) by extension 'ros'
[2.865s] Level 1:colcon.colcon_core.package_identification:_identify(training_ws/src/trainingv2/documents/installation) by extensions ['cmake', 'python']
[2.865s] Level 1:colcon.colcon_core.package_identification:_identify(training_ws/src/trainingv2/documents/installation) by extension 'cmake'
[2.868s] Level 1:colcon.colcon_core.package_identification:_identify(training_ws/src/trainingv2/documents/installation) by extension 'python'
[2.870s] Level 1:colcon.colcon_core.package_identification:_identify(training_ws/src/trainingv2/documents/installation) by extensions ['python_setup_py']
[2.870s] Level 1:colcon.colcon_core.package_identification:_identify(training_ws/src/trainingv2/documents/installation) by extension 'python_setup_py'
[2.884s] Level 1:colcon.colcon_core.package_identification:_identify(training_ws/src/trainingv2/documents/pictures) by extensions ['ignore', 'ignore_ament_install']
[2.884s] Level 1:colcon.colcon_core.package_identification:_identify(training_ws/src/trainingv2/documents/pictures) by extension 'ignore'
[2.886s] Level 1:colcon.colcon_core.package_identification:_identify(training_ws/src/trainingv2/documents/pictures) by extension 'ignore_ament_install'
[2.890s] Level 1:colcon.colcon_core.package_identification:_identify(training_ws/src/trainingv2/documents/pictures) by extensions ['colcon_pkg']
[2.890s] Level 1:colcon.colcon_core.package_identification:_identify(training_ws/src/trainingv2/documents/pictures) by extension 'colcon_pkg'
[2.893s] Level 1:colcon.colcon_core.package_identification:_identify(training_ws/src/trainingv2/documents/pictures) by extensions ['colcon_meta']
[2.893s] Level 1:colcon.colcon_core.package_identification:_identify(training_ws/src/trainingv2/documents/pictures) by extension 'colcon_meta'
[2.900s] Level 1:colcon.colcon_core.package_identification:_identify(training_ws/src/trainingv2/documents/pictures) by extensions ['ros']
[2.900s] Level 1:colcon.colcon_core.package_identification:_identify(training_ws/src/trainingv2/documents/pictures) by extension 'ros'
[2.911s] Level 1:colcon.colcon_core.package_identification:_identify(training_ws/src/trainingv2/documents/pictures) by extensions ['cmake', 'python']
[2.911s] Level 1:colcon.colcon_core.package_identification:_identify(training_ws/src/trainingv2/documents/pictures) by extension 'cmake'
[2.914s] Level 1:colcon.colcon_core.package_identification:_identify(training_ws/src/trainingv2/documents/pictures) by extension 'python'
[2.916s] Level 1:colcon.colcon_core.package_identification:_identify(training_ws/src/trainingv2/documents/pictures) by extensions ['python_setup_py']
[2.916s] Level 1:colcon.colcon_core.package_identification:_identify(training_ws/src/trainingv2/documents/pictures) by extension 'python_setup_py'
[2.927s] Level 1:colcon.colcon_core.package_identification:_identify(training_ws/src/trainingv2/turtlesim_project) by extensions ['ignore', 'ignore_ament_install']
[2.927s] Level 1:colcon.colcon_core.package_identification:_identify(training_ws/src/trainingv2/turtlesim_project) by extension 'ignore'
[2.930s] Level 1:colcon.colcon_core.package_identification:_identify(training_ws/src/trainingv2/turtlesim_project) by extension 'ignore_ament_install'
[2.934s] Level 1:colcon.colcon_core.package_identification:_identify(training_ws/src/trainingv2/turtlesim_project) by extensions ['colcon_pkg']
[2.934s] Level 1:colcon.colcon_core.package_identification:_identify(training_ws/src/trainingv2/turtlesim_project) by extension 'colcon_pkg'
[2.937s] Level 1:colcon.colcon_core.package_identification:_identify(training_ws/src/trainingv2/turtlesim_project) by extensions ['colcon_meta']
[2.937s] Level 1:colcon.colcon_core.package_identification:_identify(training_ws/src/trainingv2/turtlesim_project) by extension 'colcon_meta'
[2.942s] Level 1:colcon.colcon_core.package_identification:_identify(training_ws/src/trainingv2/turtlesim_project) by extensions ['ros']
[2.942s] Level 1:colcon.colcon_core.package_identification:_identify(training_ws/src/trainingv2/turtlesim_project) by extension 'ros'
[2.950s] Level 1:colcon.colcon_core.package_identification:_identify(training_ws/src/trainingv2/turtlesim_project) by extensions ['cmake', 'python']
[2.951s] Level 1:colcon.colcon_core.package_identification:_identify(training_ws/src/trainingv2/turtlesim_project) by extension 'cmake'
[2.953s] Level 1:colcon.colcon_core.package_identification:_identify(training_ws/src/trainingv2/turtlesim_project) by extension 'python'
[2.955s] Level 1:colcon.colcon_core.package_identification:_identify(training_ws/src/trainingv2/turtlesim_project) by extensions ['python_setup_py']
[2.955s] Level 1:colcon.colcon_core.package_identification:_identify(training_ws/src/trainingv2/turtlesim_project) by extension 'python_setup_py'
[2.968s] Level 1:colcon.colcon_core.package_identification:_identify(training_ws/src/trainingv2/turtlesim_project/src) by extensions ['ignore', 'ignore_ament_install']
[2.968s] Level 1:colcon.colcon_core.package_identification:_identify(training_ws/src/trainingv2/turtlesim_project/src) by extension 'ignore'
[2.970s] Level 1:colcon.colcon_core.package_identification:_identify(training_ws/src/trainingv2/turtlesim_project/src) by extension 'ignore_ament_install'
[2.975s] Level 1:colcon.colcon_core.package_identification:_identify(training_ws/src/trainingv2/turtlesim_project/src) by extensions ['colcon_pkg']
[2.975s] Level 1:colcon.colcon_core.package_identification:_identify(training_ws/src/trainingv2/turtlesim_project/src) by extension 'colcon_pkg'
[2.984s] Level 1:colcon.colcon_core.package_identification:_identify(training_ws/src/trainingv2/turtlesim_project/src) by extensions ['colcon_meta']
[2.984s] Level 1:colcon.colcon_core.package_identification:_identify(training_ws/src/trainingv2/turtlesim_project/src) by extension 'colcon_meta'
[2.995s] Level 1:colcon.colcon_core.package_identification:_identify(training_ws/src/trainingv2/turtlesim_project/src) by extensions ['ros']
[2.995s] Level 1:colcon.colcon_core.package_identification:_identify(training_ws/src/trainingv2/turtlesim_project/src) by extension 'ros'
[3.010s] Level 1:colcon.colcon_core.package_identification:_identify(training_ws/src/trainingv2/turtlesim_project/src) by extensions ['cmake', 'python']
[3.010s] Level 1:colcon.colcon_core.package_identification:_identify(training_ws/src/trainingv2/turtlesim_project/src) by extension 'cmake'
[3.013s] Level 1:colcon.colcon_core.package_identification:_identify(training_ws/src/trainingv2/turtlesim_project/src) by extension 'python'
[3.016s] Level 1:colcon.colcon_core.package_identification:_identify(training_ws/src/trainingv2/turtlesim_project/src) by extensions ['python_setup_py']
[3.016s] Level 1:colcon.colcon_core.package_identification:_identify(training_ws/src/trainingv2/turtlesim_project/src) by extension 'python_setup_py'
[3.034s] Level 1:colcon.colcon_core.package_identification:_identify(training_ws/src/trainingv2/turtlesim_project/src/keyboard) by extensions ['ignore', 'ignore_ament_install']
[3.034s] Level 1:colcon.colcon_core.package_identification:_identify(training_ws/src/trainingv2/turtlesim_project/src/keyboard) by extension 'ignore'
[3.036s] Level 1:colcon.colcon_core.package_identification:_identify(training_ws/src/trainingv2/turtlesim_project/src/keyboard) by extension 'ignore_ament_install'
[3.043s] Level 1:colcon.colcon_core.package_identification:_identify(training_ws/src/trainingv2/turtlesim_project/src/keyboard) by extensions ['colcon_pkg']
[3.043s] Level 1:colcon.colcon_core.package_identification:_identify(training_ws/src/trainingv2/turtlesim_project/src/keyboard) by extension 'colcon_pkg'
[3.046s] Level 1:colcon.colcon_core.package_identification:_identify(training_ws/src/trainingv2/turtlesim_project/src/keyboard) by extensions ['colcon_meta']
[3.047s] Level 1:colcon.colcon_core.package_identification:_identify(training_ws/src/trainingv2/turtlesim_project/src/keyboard) by extension 'colcon_meta'
[3.057s] Level 1:colcon.colcon_core.package_identification:_identify(training_ws/src/trainingv2/turtlesim_project/src/keyboard) by extensions ['ros']
[3.058s] Level 1:colcon.colcon_core.package_identification:_identify(training_ws/src/trainingv2/turtlesim_project/src/keyboard) by extension 'ros'
[3.087s] DEBUG:colcon.colcon_core.package_identification:Package 'training_ws/src/trainingv2/turtlesim_project/src/keyboard' with type 'ros.ament_python' and name 'keyboard'
[3.100s] Level 1:colcon.colcon_core.package_identification:_identify(training_ws/src/trainingv2/turtlesim_project/src/teleop) by extensions ['ignore', 'ignore_ament_install']
[3.101s] Level 1:colcon.colcon_core.package_identification:_identify(training_ws/src/trainingv2/turtlesim_project/src/teleop) by extension 'ignore'
[3.103s] Level 1:colcon.colcon_core.package_identification:_identify(training_ws/src/trainingv2/turtlesim_project/src/teleop) by extension 'ignore_ament_install'
[3.109s] Level 1:colcon.colcon_core.package_identification:_identify(training_ws/src/trainingv2/turtlesim_project/src/teleop) by extensions ['colcon_pkg']
[3.110s] Level 1:colcon.colcon_core.package_identification:_identify(training_ws/src/trainingv2/turtlesim_project/src/teleop) by extension 'colcon_pkg'
[3.113s] Level 1:colcon.colcon_core.package_identification:_identify(training_ws/src/trainingv2/turtlesim_project/src/teleop) by extensions ['colcon_meta']
[3.113s] Level 1:colcon.colcon_core.package_identification:_identify(training_ws/src/trainingv2/turtlesim_project/src/teleop) by extension 'colcon_meta'
[3.123s] Level 1:colcon.colcon_core.package_identification:_identify(training_ws/src/trainingv2/turtlesim_project/src/teleop) by extensions ['ros']
[3.123s] Level 1:colcon.colcon_core.package_identification:_identify(training_ws/src/trainingv2/turtlesim_project/src/teleop) by extension 'ros'
[3.154s] DEBUG:colcon.colcon_core.package_identification:Package 'training_ws/src/trainingv2/turtlesim_project/src/teleop' with type 'ros.ament_cmake' and name 'teleop'
[3.154s] Level 1:colcon.colcon_core.package_discovery:discover_packages(recursive) using defaults
[3.155s] Level 1:colcon.colcon_core.package_discovery:discover_packages(ignore) discover
[3.155s] Level 1:colcon.colcon_core.package_discovery:discover_packages(ignore) using defaults
[3.155s] Level 1:colcon.colcon_core.package_discovery:discover_packages(path) discover
[3.155s] Level 1:colcon.colcon_core.package_discovery:discover_packages(path) using defaults
[3.338s] Level 1:colcon.colcon_core.package_discovery:discover_packages(prefix_path) check parameters
[3.339s] Level 1:colcon.colcon_core.package_discovery:discover_packages(prefix_path) discover
[3.342s] DEBUG:colcon.colcon_installed_package_information.package_discovery:Found 306 installed packages in /opt/ros/humble
[3.345s] Level 1:colcon.colcon_core.package_discovery:discover_packages(prefix_path) using defaults
[3.395s] Level 5:colcon.colcon_core.verb:set package 'astar_path_planner' build argument 'cmake_args' from command line to 'None'
[3.396s] Level 5:colcon.colcon_core.verb:set package 'astar_path_planner' build argument 'cmake_target' from command line to 'None'
[3.396s] Level 5:colcon.colcon_core.verb:set package 'astar_path_planner' build argument 'cmake_target_skip_unavailable' from command line to 'False'
[3.396s] Level 5:colcon.colcon_core.verb:set package 'astar_path_planner' build argument 'cmake_clean_cache' from command line to 'False'
[3.397s] Level 5:colcon.colcon_core.verb:set package 'astar_path_planner' build argument 'cmake_clean_first' from command line to 'False'
[3.397s] Level 5:colcon.colcon_core.verb:set package 'astar_path_planner' build argument 'cmake_force_configure' from command line to 'False'
[3.397s] Level 5:colcon.colcon_core.verb:set package 'astar_path_planner' build argument 'ament_cmake_args' from command line to 'None'
[3.398s] Level 5:colcon.colcon_core.verb:set package 'astar_path_planner' build argument 'catkin_cmake_args' from command line to 'None'
[3.398s] Level 5:colcon.colcon_core.verb:set package 'astar_path_planner' build argument 'catkin_skip_building_tests' from command line to 'False'
[3.398s] DEBUG:colcon.colcon_core.verb:Building package 'astar_path_planner' with the following arguments: {'ament_cmake_args': None, 'build_base': '/home/ubuntu/rj_training_container/build/astar_path_planner', 'catkin_cmake_args': None, 'catkin_skip_building_tests': False, 'cmake_args': None, 'cmake_clean_cache': False, 'cmake_clean_first': False, 'cmake_force_configure': False, 'cmake_target': None, 'cmake_target_skip_unavailable': False, 'install_base': '/home/ubuntu/rj_training_container/install/astar_path_planner', 'merge_install': False, 'path': '/home/ubuntu/rj_training_container/training_ws/src/software-training-old/astar_path_planner', 'symlink_install': False, 'test_result_base': None}
[3.399s] Level 5:colcon.colcon_core.verb:set package 'controllers' build argument 'cmake_args' from command line to 'None'
[3.399s] Level 5:colcon.colcon_core.verb:set package 'controllers' build argument 'cmake_target' from command line to 'None'
[3.400s] Level 5:colcon.colcon_core.verb:set package 'controllers' build argument 'cmake_target_skip_unavailable' from command line to 'False'
[3.400s] Level 5:colcon.colcon_core.verb:set package 'controllers' build argument 'cmake_clean_cache' from command line to 'False'
[3.400s] Level 5:colcon.colcon_core.verb:set package 'controllers' build argument 'cmake_clean_first' from command line to 'False'
[3.401s] Level 5:colcon.colcon_core.verb:set package 'controllers' build argument 'cmake_force_configure' from command line to 'False'
[3.401s] Level 5:colcon.colcon_core.verb:set package 'controllers' build argument 'ament_cmake_args' from command line to 'None'
[3.401s] Level 5:colcon.colcon_core.verb:set package 'controllers' build argument 'catkin_cmake_args' from command line to 'None'
[3.402s] Level 5:colcon.colcon_core.verb:set package 'controllers' build argument 'catkin_skip_building_tests' from command line to 'False'
[3.402s] DEBUG:colcon.colcon_core.verb:Building package 'controllers' with the following arguments: {'ament_cmake_args': None, 'build_base': '/home/ubuntu/rj_training_container/build/controllers', 'catkin_cmake_args': None, 'catkin_skip_building_tests': False, 'cmake_args': None, 'cmake_clean_cache': False, 'cmake_clean_first': False, 'cmake_force_configure': False, 'cmake_target': None, 'cmake_target_skip_unavailable': False, 'install_base': '/home/ubuntu/rj_training_container/install/controllers', 'merge_install': False, 'path': '/home/ubuntu/rj_training_container/training_ws/src/software-training-old/controllers', 'symlink_install': False, 'test_result_base': None}
[3.403s] Level 5:colcon.colcon_core.verb:set package 'joystick_msgs' build argument 'cmake_args' from command line to 'None'
[3.403s] Level 5:colcon.colcon_core.verb:set package 'joystick_msgs' build argument 'cmake_target' from command line to 'None'
[3.403s] Level 5:colcon.colcon_core.verb:set package 'joystick_msgs' build argument 'cmake_target_skip_unavailable' from command line to 'False'
[3.403s] Level 5:colcon.colcon_core.verb:set package 'joystick_msgs' build argument 'cmake_clean_cache' from command line to 'False'
[3.404s] Level 5:colcon.colcon_core.verb:set package 'joystick_msgs' build argument 'cmake_clean_first' from command line to 'False'
[3.404s] Level 5:colcon.colcon_core.verb:set package 'joystick_msgs' build argument 'cmake_force_configure' from command line to 'False'
[3.404s] Level 5:colcon.colcon_core.verb:set package 'joystick_msgs' build argument 'ament_cmake_args' from command line to 'None'
[3.404s] Level 5:colcon.colcon_core.verb:set package 'joystick_msgs' build argument 'catkin_cmake_args' from command line to 'None'
[3.405s] Level 5:colcon.colcon_core.verb:set package 'joystick_msgs' build argument 'catkin_skip_building_tests' from command line to 'False'
[3.405s] DEBUG:colcon.colcon_core.verb:Building package 'joystick_msgs' with the following arguments: {'ament_cmake_args': None, 'build_base': '/home/ubuntu/rj_training_container/build/joystick_msgs', 'catkin_cmake_args': None, 'catkin_skip_building_tests': False, 'cmake_args': None, 'cmake_clean_cache': False, 'cmake_clean_first': False, 'cmake_force_configure': False, 'cmake_target': None, 'cmake_target_skip_unavailable': False, 'install_base': '/home/ubuntu/rj_training_container/install/joystick_msgs', 'merge_install': False, 'path': '/home/ubuntu/rj_training_container/training_ws/src/trainingv2/controller_project/joystick_msgs', 'symlink_install': False, 'test_result_base': None}
[3.406s] Level 5:colcon.colcon_core.verb:set package 'keyboard' build argument 'cmake_args' from command line to 'None'
[3.406s] Level 5:colcon.colcon_core.verb:set package 'keyboard' build argument 'cmake_target' from command line to 'None'
[3.407s] Level 5:colcon.colcon_core.verb:set package 'keyboard' build argument 'cmake_target_skip_unavailable' from command line to 'False'
[3.407s] Level 5:colcon.colcon_core.verb:set package 'keyboard' build argument 'cmake_clean_cache' from command line to 'False'
[3.407s] Level 5:colcon.colcon_core.verb:set package 'keyboard' build argument 'cmake_clean_first' from command line to 'False'
[3.407s] Level 5:colcon.colcon_core.verb:set package 'keyboard' build argument 'cmake_force_configure' from command line to 'False'
[3.408s] Level 5:colcon.colcon_core.verb:set package 'keyboard' build argument 'ament_cmake_args' from command line to 'None'
[3.408s] Level 5:colcon.colcon_core.verb:set package 'keyboard' build argument 'catkin_cmake_args' from command line to 'None'
[3.408s] Level 5:colcon.colcon_core.verb:set package 'keyboard' build argument 'catkin_skip_building_tests' from command line to 'False'
[3.408s] DEBUG:colcon.colcon_core.verb:Building package 'keyboard' with the following arguments: {'ament_cmake_args': None, 'build_base': '/home/ubuntu/rj_training_container/build/keyboard', 'catkin_cmake_args': None, 'catkin_skip_building_tests': False, 'cmake_args': None, 'cmake_clean_cache': False, 'cmake_clean_first': False, 'cmake_force_configure': False, 'cmake_target': None, 'cmake_target_skip_unavailable': False, 'install_base': '/home/ubuntu/rj_training_container/install/keyboard', 'merge_install': False, 'path': '/home/ubuntu/rj_training_container/training_ws/src/trainingv2/turtlesim_project/src/keyboard', 'symlink_install': False, 'test_result_base': None}
[3.409s] Level 5:colcon.colcon_core.verb:set package 'mapping' build argument 'cmake_args' from command line to 'None'
[3.409s] Level 5:colcon.colcon_core.verb:set package 'mapping' build argument 'cmake_target' from command line to 'None'
[3.409s] Level 5:colcon.colcon_core.verb:set package 'mapping' build argument 'cmake_target_skip_unavailable' from command line to 'False'
[3.410s] Level 5:colcon.colcon_core.verb:set package 'mapping' build argument 'cmake_clean_cache' from command line to 'False'
[3.410s] Level 5:colcon.colcon_core.verb:set package 'mapping' build argument 'cmake_clean_first' from command line to 'False'
[3.410s] Level 5:colcon.colcon_core.verb:set package 'mapping' build argument 'cmake_force_configure' from command line to 'False'
[3.410s] Level 5:colcon.colcon_core.verb:set package 'mapping' build argument 'ament_cmake_args' from command line to 'None'
[3.410s] Level 5:colcon.colcon_core.verb:set package 'mapping' build argument 'catkin_cmake_args' from command line to 'None'
[3.411s] Level 5:colcon.colcon_core.verb:set package 'mapping' build argument 'catkin_skip_building_tests' from command line to 'False'
[3.411s] DEBUG:colcon.colcon_core.verb:Building package 'mapping' with the following arguments: {'ament_cmake_args': None, 'build_base': '/home/ubuntu/rj_training_container/build/mapping', 'catkin_cmake_args': None, 'catkin_skip_building_tests': False, 'cmake_args': None, 'cmake_clean_cache': False, 'cmake_clean_first': False, 'cmake_force_configure': False, 'cmake_target': None, 'cmake_target_skip_unavailable': False, 'install_base': '/home/ubuntu/rj_training_container/install/mapping', 'merge_install': False, 'path': '/home/ubuntu/rj_training_container/training_ws/src/software-training-old/mapping', 'symlink_install': False, 'test_result_base': None}
[3.412s] Level 5:colcon.colcon_core.verb:set package 'obstacle_detector' build argument 'cmake_args' from command line to 'None'
[3.412s] Level 5:colcon.colcon_core.verb:set package 'obstacle_detector' build argument 'cmake_target' from command line to 'None'
[3.412s] Level 5:colcon.colcon_core.verb:set package 'obstacle_detector' build argument 'cmake_target_skip_unavailable' from command line to 'False'
[3.412s] Level 5:colcon.colcon_core.verb:set package 'obstacle_detector' build argument 'cmake_clean_cache' from command line to 'False'
[3.413s] Level 5:colcon.colcon_core.verb:set package 'obstacle_detector' build argument 'cmake_clean_first' from command line to 'False'
[3.413s] Level 5:colcon.colcon_core.verb:set package 'obstacle_detector' build argument 'cmake_force_configure' from command line to 'False'
[3.413s] Level 5:colcon.colcon_core.verb:set package 'obstacle_detector' build argument 'ament_cmake_args' from command line to 'None'
[3.414s] Level 5:colcon.colcon_core.verb:set package 'obstacle_detector' build argument 'catkin_cmake_args' from command line to 'None'
[3.414s] Level 5:colcon.colcon_core.verb:set package 'obstacle_detector' build argument 'catkin_skip_building_tests' from command line to 'False'
[3.414s] DEBUG:colcon.colcon_core.verb:Building package 'obstacle_detector' with the following arguments: {'ament_cmake_args': None, 'build_base': '/home/ubuntu/rj_training_container/build/obstacle_detector', 'catkin_cmake_args': None, 'catkin_skip_building_tests': False, 'cmake_args': None, 'cmake_clean_cache': False, 'cmake_clean_first': False, 'cmake_force_configure': False, 'cmake_target': None, 'cmake_target_skip_unavailable': False, 'install_base': '/home/ubuntu/rj_training_container/install/obstacle_detector', 'merge_install': False, 'path': '/home/ubuntu/rj_training_container/training_ws/src/software-training-old/obstacle_detector', 'symlink_install': False, 'test_result_base': None}
[3.415s] Level 5:colcon.colcon_core.verb:set package 'rj_training_bringup' build argument 'cmake_args' from command line to 'None'
[3.415s] Level 5:colcon.colcon_core.verb:set package 'rj_training_bringup' build argument 'cmake_target' from command line to 'None'
[3.415s] Level 5:colcon.colcon_core.verb:set package 'rj_training_bringup' build argument 'cmake_target_skip_unavailable' from command line to 'False'
[3.416s] Level 5:colcon.colcon_core.verb:set package 'rj_training_bringup' build argument 'cmake_clean_cache' from command line to 'False'
[3.416s] Level 5:colcon.colcon_core.verb:set package 'rj_training_bringup' build argument 'cmake_clean_first' from command line to 'False'
[3.416s] Level 5:colcon.colcon_core.verb:set package 'rj_training_bringup' build argument 'cmake_force_configure' from command line to 'False'
[3.416s] Level 5:colcon.colcon_core.verb:set package 'rj_training_bringup' build argument 'ament_cmake_args' from command line to 'None'
[3.417s] Level 5:colcon.colcon_core.verb:set package 'rj_training_bringup' build argument 'catkin_cmake_args' from command line to 'None'
[3.417s] Level 5:colcon.colcon_core.verb:set package 'rj_training_bringup' build argument 'catkin_skip_building_tests' from command line to 'False'
[3.417s] DEBUG:colcon.colcon_core.verb:Building package 'rj_training_bringup' with the following arguments: {'ament_cmake_args': None, 'build_base': '/home/ubuntu/rj_training_container/build/rj_training_bringup', 'catkin_cmake_args': None, 'catkin_skip_building_tests': False, 'cmake_args': None, 'cmake_clean_cache': False, 'cmake_clean_first': False, 'cmake_force_configure': False, 'cmake_target': None, 'cmake_target_skip_unavailable': False, 'install_base': '/home/ubuntu/rj_training_container/install/rj_training_bringup', 'merge_install': False, 'path': '/home/ubuntu/rj_training_container/training_ws/src/software-training-old/rj_training_bringup', 'symlink_install': False, 'test_result_base': None}
[3.418s] Level 5:colcon.colcon_core.verb:set package 'stsl_gazebo_plugins' build argument 'cmake_args' from command line to 'None'
[3.418s] Level 5:colcon.colcon_core.verb:set package 'stsl_gazebo_plugins' build argument 'cmake_target' from command line to 'None'
[3.418s] Level 5:colcon.colcon_core.verb:set package 'stsl_gazebo_plugins' build argument 'cmake_target_skip_unavailable' from command line to 'False'
[3.418s] Level 5:colcon.colcon_core.verb:set package 'stsl_gazebo_plugins' build argument 'cmake_clean_cache' from command line to 'False'
[3.419s] Level 5:colcon.colcon_core.verb:set package 'stsl_gazebo_plugins' build argument 'cmake_clean_first' from command line to 'False'
[3.419s] Level 5:colcon.colcon_core.verb:set package 'stsl_gazebo_plugins' build argument 'cmake_force_configure' from command line to 'False'
[3.419s] Level 5:colcon.colcon_core.verb:set package 'stsl_gazebo_plugins' build argument 'ament_cmake_args' from command line to 'None'
[3.419s] Level 5:colcon.colcon_core.verb:set package 'stsl_gazebo_plugins' build argument 'catkin_cmake_args' from command line to 'None'
[3.419s] Level 5:colcon.colcon_core.verb:set package 'stsl_gazebo_plugins' build argument 'catkin_skip_building_tests' from command line to 'False'
[3.419s] DEBUG:colcon.colcon_core.verb:Building package 'stsl_gazebo_plugins' with the following arguments: {'ament_cmake_args': None, 'build_base': '/home/ubuntu/rj_training_container/build/stsl_gazebo_plugins', 'catkin_cmake_args': None, 'catkin_skip_building_tests': False, 'cmake_args': None, 'cmake_clean_cache': False, 'cmake_clean_first': False, 'cmake_force_configure': False, 'cmake_target': None, 'cmake_target_skip_unavailable': False, 'install_base': '/home/ubuntu/rj_training_container/install/stsl_gazebo_plugins', 'merge_install': False, 'path': '/home/ubuntu/rj_training_container/stsl/stsl_gazebo_plugins', 'symlink_install': False, 'test_result_base': None}
[3.420s] Level 5:colcon.colcon_core.verb:set package 'stsl_interfaces' build argument 'cmake_args' from command line to 'None'
[3.420s] Level 5:colcon.colcon_core.verb:set package 'stsl_interfaces' build argument 'cmake_target' from command line to 'None'
[3.421s] Level 5:colcon.colcon_core.verb:set package 'stsl_interfaces' build argument 'cmake_target_skip_unavailable' from command line to 'False'
[3.421s] Level 5:colcon.colcon_core.verb:set package 'stsl_interfaces' build argument 'cmake_clean_cache' from command line to 'False'
[3.421s] Level 5:colcon.colcon_core.verb:set package 'stsl_interfaces' build argument 'cmake_clean_first' from command line to 'False'
[3.421s] Level 5:colcon.colcon_core.verb:set package 'stsl_interfaces' build argument 'cmake_force_configure' from command line to 'False'
[3.422s] Level 5:colcon.colcon_core.verb:set package 'stsl_interfaces' build argument 'ament_cmake_args' from command line to 'None'
[3.422s] Level 5:colcon.colcon_core.verb:set package 'stsl_interfaces' build argument 'catkin_cmake_args' from command line to 'None'
[3.422s] Level 5:colcon.colcon_core.verb:set package 'stsl_interfaces' build argument 'catkin_skip_building_tests' from command line to 'False'
[3.422s] DEBUG:colcon.colcon_core.verb:Building package 'stsl_interfaces' with the following arguments: {'ament_cmake_args': None, 'build_base': '/home/ubuntu/rj_training_container/build/stsl_interfaces', 'catkin_cmake_args': None, 'catkin_skip_building_tests': False, 'cmake_args': None, 'cmake_clean_cache': False, 'cmake_clean_first': False, 'cmake_force_configure': False, 'cmake_target': None, 'cmake_target_skip_unavailable': False, 'install_base': '/home/ubuntu/rj_training_container/install/stsl_interfaces', 'merge_install': False, 'path': '/home/ubuntu/rj_training_container/stsl/stsl_interfaces', 'symlink_install': False, 'test_result_base': None}
[3.423s] Level 5:colcon.colcon_core.verb:set package 'stsl_nav_plugins' build argument 'cmake_args' from command line to 'None'
[3.424s] Level 5:colcon.colcon_core.verb:set package 'stsl_nav_plugins' build argument 'cmake_target' from command line to 'None'
[3.424s] Level 5:colcon.colcon_core.verb:set package 'stsl_nav_plugins' build argument 'cmake_target_skip_unavailable' from command line to 'False'
[3.424s] Level 5:colcon.colcon_core.verb:set package 'stsl_nav_plugins' build argument 'cmake_clean_cache' from command line to 'False'
[3.424s] Level 5:colcon.colcon_core.verb:set package 'stsl_nav_plugins' build argument 'cmake_clean_first' from command line to 'False'
[3.424s] Level 5:colcon.colcon_core.verb:set package 'stsl_nav_plugins' build argument 'cmake_force_configure' from command line to 'False'
[3.424s] Level 5:colcon.colcon_core.verb:set package 'stsl_nav_plugins' build argument 'ament_cmake_args' from command line to 'None'
[3.425s] Level 5:colcon.colcon_core.verb:set package 'stsl_nav_plugins' build argument 'catkin_cmake_args' from command line to 'None'
[3.425s] Level 5:colcon.colcon_core.verb:set package 'stsl_nav_plugins' build argument 'catkin_skip_building_tests' from command line to 'False'
[3.425s] DEBUG:colcon.colcon_core.verb:Building package 'stsl_nav_plugins' with the following arguments: {'ament_cmake_args': None, 'build_base': '/home/ubuntu/rj_training_container/build/stsl_nav_plugins', 'catkin_cmake_args': None, 'catkin_skip_building_tests': False, 'cmake_args': None, 'cmake_clean_cache': False, 'cmake_clean_first': False, 'cmake_force_configure': False, 'cmake_target': None, 'cmake_target_skip_unavailable': False, 'install_base': '/home/ubuntu/rj_training_container/install/stsl_nav_plugins', 'merge_install': False, 'path': '/home/ubuntu/rj_training_container/stsl/stsl_nav_plugins', 'symlink_install': False, 'test_result_base': None}
[3.426s] Level 5:colcon.colcon_core.verb:set package 'stsl_utils' build argument 'cmake_args' from command line to 'None'
[3.426s] Level 5:colcon.colcon_core.verb:set package 'stsl_utils' build argument 'cmake_target' from command line to 'None'
[3.426s] Level 5:colcon.colcon_core.verb:set package 'stsl_utils' build argument 'cmake_target_skip_unavailable' from command line to 'False'
[3.427s] Level 5:colcon.colcon_core.verb:set package 'stsl_utils' build argument 'cmake_clean_cache' from command line to 'False'
[3.427s] Level 5:colcon.colcon_core.verb:set package 'stsl_utils' build argument 'cmake_clean_first' from command line to 'False'
[3.427s] Level 5:colcon.colcon_core.verb:set package 'stsl_utils' build argument 'cmake_force_configure' from command line to 'False'
[3.427s] Level 5:colcon.colcon_core.verb:set package 'stsl_utils' build argument 'ament_cmake_args' from command line to 'None'
[3.427s] Level 5:colcon.colcon_core.verb:set package 'stsl_utils' build argument 'catkin_cmake_args' from command line to 'None'
[3.428s] Level 5:colcon.colcon_core.verb:set package 'stsl_utils' build argument 'catkin_skip_building_tests' from command line to 'False'
[3.428s] DEBUG:colcon.colcon_core.verb:Building package 'stsl_utils' with the following arguments: {'ament_cmake_args': None, 'build_base': '/home/ubuntu/rj_training_container/build/stsl_utils', 'catkin_cmake_args': None, 'catkin_skip_building_tests': False, 'cmake_args': None, 'cmake_clean_cache': False, 'cmake_clean_first': False, 'cmake_force_configure': False, 'cmake_target': None, 'cmake_target_skip_unavailable': False, 'install_base': '/home/ubuntu/rj_training_container/install/stsl_utils', 'merge_install': False, 'path': '/home/ubuntu/rj_training_container/stsl/stsl_utils', 'symlink_install': False, 'test_result_base': None}
[3.428s] Level 5:colcon.colcon_core.verb:set package 'teleop' build argument 'cmake_args' from command line to 'None'
[3.429s] Level 5:colcon.colcon_core.verb:set package 'teleop' build argument 'cmake_target' from command line to 'None'
[3.429s] Level 5:colcon.colcon_core.verb:set package 'teleop' build argument 'cmake_target_skip_unavailable' from command line to 'False'
[3.429s] Level 5:colcon.colcon_core.verb:set package 'teleop' build argument 'cmake_clean_cache' from command line to 'False'
[3.429s] Level 5:colcon.colcon_core.verb:set package 'teleop' build argument 'cmake_clean_first' from command line to 'False'
[3.430s] Level 5:colcon.colcon_core.verb:set package 'teleop' build argument 'cmake_force_configure' from command line to 'False'
[3.430s] Level 5:colcon.colcon_core.verb:set package 'teleop' build argument 'ament_cmake_args' from command line to 'None'
[3.430s] Level 5:colcon.colcon_core.verb:set package 'teleop' build argument 'catkin_cmake_args' from command line to 'None'
[3.430s] Level 5:colcon.colcon_core.verb:set package 'teleop' build argument 'catkin_skip_building_tests' from command line to 'False'
[3.431s] DEBUG:colcon.colcon_core.verb:Building package 'teleop' with the following arguments: {'ament_cmake_args': None, 'build_base': '/home/ubuntu/rj_training_container/build/teleop', 'catkin_cmake_args': None, 'catkin_skip_building_tests': False, 'cmake_args': None, 'cmake_clean_cache': False, 'cmake_clean_first': False, 'cmake_force_configure': False, 'cmake_target': None, 'cmake_target_skip_unavailable': False, 'install_base': '/home/ubuntu/rj_training_container/install/teleop', 'merge_install': False, 'path': '/home/ubuntu/rj_training_container/training_ws/src/trainingv2/turtlesim_project/src/teleop', 'symlink_install': False, 'test_result_base': None}
[3.431s] Level 5:colcon.colcon_core.verb:set package 'traini_description' build argument 'cmake_args' from command line to 'None'
[3.432s] Level 5:colcon.colcon_core.verb:set package 'traini_description' build argument 'cmake_target' from command line to 'None'
[3.432s] Level 5:colcon.colcon_core.verb:set package 'traini_description' build argument 'cmake_target_skip_unavailable' from command line to 'False'
[3.432s] Level 5:colcon.colcon_core.verb:set package 'traini_description' build argument 'cmake_clean_cache' from command line to 'False'
[3.432s] Level 5:colcon.colcon_core.verb:set package 'traini_description' build argument 'cmake_clean_first' from command line to 'False'
[3.433s] Level 5:colcon.colcon_core.verb:set package 'traini_description' build argument 'cmake_force_configure' from command line to 'False'
[3.433s] Level 5:colcon.colcon_core.verb:set package 'traini_description' build argument 'ament_cmake_args' from command line to 'None'
[3.433s] Level 5:colcon.colcon_core.verb:set package 'traini_description' build argument 'catkin_cmake_args' from command line to 'None'
[3.433s] Level 5:colcon.colcon_core.verb:set package 'traini_description' build argument 'catkin_skip_building_tests' from command line to 'False'
[3.434s] DEBUG:colcon.colcon_core.verb:Building package 'traini_description' with the following arguments: {'ament_cmake_args': None, 'build_base': '/home/ubuntu/rj_training_container/build/traini_description', 'catkin_cmake_args': None, 'catkin_skip_building_tests': False, 'cmake_args': None, 'cmake_clean_cache': False, 'cmake_clean_first': False, 'cmake_force_configure': False, 'cmake_target': None, 'cmake_target_skip_unavailable': False, 'install_base': '/home/ubuntu/rj_training_container/install/traini_description', 'merge_install': False, 'path': '/home/ubuntu/rj_training_container/stsl/traini_description', 'symlink_install': False, 'test_result_base': None}
[3.434s] Level 5:colcon.colcon_core.verb:set package 'coordinate_transform' build argument 'cmake_args' from command line to 'None'
[3.434s] Level 5:colcon.colcon_core.verb:set package 'coordinate_transform' build argument 'cmake_target' from command line to 'None'
[3.435s] Level 5:colcon.colcon_core.verb:set package 'coordinate_transform' build argument 'cmake_target_skip_unavailable' from command line to 'False'
[3.435s] Level 5:colcon.colcon_core.verb:set package 'coordinate_transform' build argument 'cmake_clean_cache' from command line to 'False'
[3.435s] Level 5:colcon.colcon_core.verb:set package 'coordinate_transform' build argument 'cmake_clean_first' from command line to 'False'
[3.435s] Level 5:colcon.colcon_core.verb:set package 'coordinate_transform' build argument 'cmake_force_configure' from command line to 'False'
[3.435s] Level 5:colcon.colcon_core.verb:set package 'coordinate_transform' build argument 'ament_cmake_args' from command line to 'None'
[3.436s] Level 5:colcon.colcon_core.verb:set package 'coordinate_transform' build argument 'catkin_cmake_args' from command line to 'None'
[3.436s] Level 5:colcon.colcon_core.verb:set package 'coordinate_transform' build argument 'catkin_skip_building_tests' from command line to 'False'
[3.436s] DEBUG:colcon.colcon_core.verb:Building package 'coordinate_transform' with the following arguments: {'ament_cmake_args': None, 'build_base': '/home/ubuntu/rj_training_container/build/coordinate_transform', 'catkin_cmake_args': None, 'catkin_skip_building_tests': False, 'cmake_args': None, 'cmake_clean_cache': False, 'cmake_clean_first': False, 'cmake_force_configure': False, 'cmake_target': None, 'cmake_target_skip_unavailable': False, 'install_base': '/home/ubuntu/rj_training_container/install/coordinate_transform', 'merge_install': False, 'path': '/home/ubuntu/rj_training_container/training_ws/src/software-training-old/coordinate_transform', 'symlink_install': False, 'test_result_base': None}
[3.437s] Level 5:colcon.colcon_core.verb:set package 'elevation_server' build argument 'cmake_args' from command line to 'None'
[3.437s] Level 5:colcon.colcon_core.verb:set package 'elevation_server' build argument 'cmake_target' from command line to 'None'
[3.437s] Level 5:colcon.colcon_core.verb:set package 'elevation_server' build argument 'cmake_target_skip_unavailable' from command line to 'False'
[3.437s] Level 5:colcon.colcon_core.verb:set package 'elevation_server' build argument 'cmake_clean_cache' from command line to 'False'
[3.437s] Level 5:colcon.colcon_core.verb:set package 'elevation_server' build argument 'cmake_clean_first' from command line to 'False'
[3.438s] Level 5:colcon.colcon_core.verb:set package 'elevation_server' build argument 'cmake_force_configure' from command line to 'False'
[3.438s] Level 5:colcon.colcon_core.verb:set package 'elevation_server' build argument 'ament_cmake_args' from command line to 'None'
[3.438s] Level 5:colcon.colcon_core.verb:set package 'elevation_server' build argument 'catkin_cmake_args' from command line to 'None'
[3.438s] Level 5:colcon.colcon_core.verb:set package 'elevation_server' build argument 'catkin_skip_building_tests' from command line to 'False'
[3.439s] DEBUG:colcon.colcon_core.verb:Building package 'elevation_server' with the following arguments: {'ament_cmake_args': None, 'build_base': '/home/ubuntu/rj_training_container/build/elevation_server', 'catkin_cmake_args': None, 'catkin_skip_building_tests': False, 'cmake_args': None, 'cmake_clean_cache': False, 'cmake_clean_first': False, 'cmake_force_configure': False, 'cmake_target': None, 'cmake_target_skip_unavailable': False, 'install_base': '/home/ubuntu/rj_training_container/install/elevation_server', 'merge_install': False, 'path': '/home/ubuntu/rj_training_container/stsl/elevation_server', 'symlink_install': False, 'test_result_base': None}
[3.439s] Level 5:colcon.colcon_core.verb:set package 'joystick_package' build argument 'cmake_args' from command line to 'None'
[3.439s] Level 5:colcon.colcon_core.verb:set package 'joystick_package' build argument 'cmake_target' from command line to 'None'
[3.440s] Level 5:colcon.colcon_core.verb:set package 'joystick_package' build argument 'cmake_target_skip_unavailable' from command line to 'False'
[3.440s] Level 5:colcon.colcon_core.verb:set package 'joystick_package' build argument 'cmake_clean_cache' from command line to 'False'
[3.440s] Level 5:colcon.colcon_core.verb:set package 'joystick_package' build argument 'cmake_clean_first' from command line to 'False'
[3.440s] Level 5:colcon.colcon_core.verb:set package 'joystick_package' build argument 'cmake_force_configure' from command line to 'False'
[3.440s] Level 5:colcon.colcon_core.verb:set package 'joystick_package' build argument 'ament_cmake_args' from command line to 'None'
[3.441s] Level 5:colcon.colcon_core.verb:set package 'joystick_package' build argument 'catkin_cmake_args' from command line to 'None'
[3.441s] Level 5:colcon.colcon_core.verb:set package 'joystick_package' build argument 'catkin_skip_building_tests' from command line to 'False'
[3.441s] DEBUG:colcon.colcon_core.verb:Building package 'joystick_package' with the following arguments: {'ament_cmake_args': None, 'build_base': '/home/ubuntu/rj_training_container/build/joystick_package', 'catkin_cmake_args': None, 'catkin_skip_building_tests': False, 'cmake_args': None, 'cmake_clean_cache': False, 'cmake_clean_first': False, 'cmake_force_configure': False, 'cmake_target': None, 'cmake_target_skip_unavailable': False, 'install_base': '/home/ubuntu/rj_training_container/install/joystick_package', 'merge_install': False, 'path': '/home/ubuntu/rj_training_container/training_ws/src/trainingv2/controller_project/joystick_package', 'symlink_install': False, 'test_result_base': None}
[3.442s] Level 5:colcon.colcon_core.verb:set package 'localization' build argument 'cmake_args' from command line to 'None'
[3.442s] Level 5:colcon.colcon_core.verb:set package 'localization' build argument 'cmake_target' from command line to 'None'
[3.442s] Level 5:colcon.colcon_core.verb:set package 'localization' build argument 'cmake_target_skip_unavailable' from command line to 'False'
[3.442s] Level 5:colcon.colcon_core.verb:set package 'localization' build argument 'cmake_clean_cache' from command line to 'False'
[3.443s] Level 5:colcon.colcon_core.verb:set package 'localization' build argument 'cmake_clean_first' from command line to 'False'
[3.443s] Level 5:colcon.colcon_core.verb:set package 'localization' build argument 'cmake_force_configure' from command line to 'False'
[3.443s] Level 5:colcon.colcon_core.verb:set package 'localization' build argument 'ament_cmake_args' from command line to 'None'
[3.443s] Level 5:colcon.colcon_core.verb:set package 'localization' build argument 'catkin_cmake_args' from command line to 'None'
[3.444s] Level 5:colcon.colcon_core.verb:set package 'localization' build argument 'catkin_skip_building_tests' from command line to 'False'
[3.444s] DEBUG:colcon.colcon_core.verb:Building package 'localization' with the following arguments: {'ament_cmake_args': None, 'build_base': '/home/ubuntu/rj_training_container/build/localization', 'catkin_cmake_args': None, 'catkin_skip_building_tests': False, 'cmake_args': None, 'cmake_clean_cache': False, 'cmake_clean_first': False, 'cmake_force_configure': False, 'cmake_target': None, 'cmake_target_skip_unavailable': False, 'install_base': '/home/ubuntu/rj_training_container/install/localization', 'merge_install': False, 'path': '/home/ubuntu/rj_training_container/training_ws/src/software-training-old/localization', 'symlink_install': False, 'test_result_base': None}
[3.445s] Level 5:colcon.colcon_core.verb:set package 'mineral_deposit_detection' build argument 'cmake_args' from command line to 'None'
[3.445s] Level 5:colcon.colcon_core.verb:set package 'mineral_deposit_detection' build argument 'cmake_target' from command line to 'None'
[3.446s] Level 5:colcon.colcon_core.verb:set package 'mineral_deposit_detection' build argument 'cmake_target_skip_unavailable' from command line to 'False'
[3.446s] Level 5:colcon.colcon_core.verb:set package 'mineral_deposit_detection' build argument 'cmake_clean_cache' from command line to 'False'
[3.446s] Level 5:colcon.colcon_core.verb:set package 'mineral_deposit_detection' build argument 'cmake_clean_first' from command line to 'False'
[3.446s] Level 5:colcon.colcon_core.verb:set package 'mineral_deposit_detection' build argument 'cmake_force_configure' from command line to 'False'
[3.446s] Level 5:colcon.colcon_core.verb:set package 'mineral_deposit_detection' build argument 'ament_cmake_args' from command line to 'None'
[3.446s] Level 5:colcon.colcon_core.verb:set package 'mineral_deposit_detection' build argument 'catkin_cmake_args' from command line to 'None'
[3.447s] Level 5:colcon.colcon_core.verb:set package 'mineral_deposit_detection' build argument 'catkin_skip_building_tests' from command line to 'False'
[3.447s] DEBUG:colcon.colcon_core.verb:Building package 'mineral_deposit_detection' with the following arguments: {'ament_cmake_args': None, 'build_base': '/home/ubuntu/rj_training_container/build/mineral_deposit_detection', 'catkin_cmake_args': None, 'catkin_skip_building_tests': False, 'cmake_args': None, 'cmake_clean_cache': False, 'cmake_clean_first': False, 'cmake_force_configure': False, 'cmake_target': None, 'cmake_target_skip_unavailable': False, 'install_base': '/home/ubuntu/rj_training_container/install/mineral_deposit_detection', 'merge_install': False, 'path': '/home/ubuntu/rj_training_container/stsl/mineral_deposit_detection', 'symlink_install': False, 'test_result_base': None}
[3.447s] Level 5:colcon.colcon_core.verb:set package 'mineral_deposit_tracking' build argument 'cmake_args' from command line to 'None'
[3.448s] Level 5:colcon.colcon_core.verb:set package 'mineral_deposit_tracking' build argument 'cmake_target' from command line to 'None'
[3.448s] Level 5:colcon.colcon_core.verb:set package 'mineral_deposit_tracking' build argument 'cmake_target_skip_unavailable' from command line to 'False'
[3.448s] Level 5:colcon.colcon_core.verb:set package 'mineral_deposit_tracking' build argument 'cmake_clean_cache' from command line to 'False'
[3.448s] Level 5:colcon.colcon_core.verb:set package 'mineral_deposit_tracking' build argument 'cmake_clean_first' from command line to 'False'
[3.449s] Level 5:colcon.colcon_core.verb:set package 'mineral_deposit_tracking' build argument 'cmake_force_configure' from command line to 'False'
[3.449s] Level 5:colcon.colcon_core.verb:set package 'mineral_deposit_tracking' build argument 'ament_cmake_args' from command line to 'None'
[3.449s] Level 5:colcon.colcon_core.verb:set package 'mineral_deposit_tracking' build argument 'catkin_cmake_args' from command line to 'None'
[3.449s] Level 5:colcon.colcon_core.verb:set package 'mineral_deposit_tracking' build argument 'catkin_skip_building_tests' from command line to 'False'
[3.449s] DEBUG:colcon.colcon_core.verb:Building package 'mineral_deposit_tracking' with the following arguments: {'ament_cmake_args': None, 'build_base': '/home/ubuntu/rj_training_container/build/mineral_deposit_tracking', 'catkin_cmake_args': None, 'catkin_skip_building_tests': False, 'cmake_args': None, 'cmake_clean_cache': False, 'cmake_clean_first': False, 'cmake_force_configure': False, 'cmake_target': None, 'cmake_target_skip_unavailable': False, 'install_base': '/home/ubuntu/rj_training_container/install/mineral_deposit_tracking', 'merge_install': False, 'path': '/home/ubuntu/rj_training_container/training_ws/src/software-training-old/mineral_deposit_tracking', 'symlink_install': False, 'test_result_base': None}
[3.450s] Level 5:colcon.colcon_core.verb:set package 'peak_finder' build argument 'cmake_args' from command line to 'None'
[3.450s] Level 5:colcon.colcon_core.verb:set package 'peak_finder' build argument 'cmake_target' from command line to 'None'
[3.450s] Level 5:colcon.colcon_core.verb:set package 'peak_finder' build argument 'cmake_target_skip_unavailable' from command line to 'False'
[3.451s] Level 5:colcon.colcon_core.verb:set package 'peak_finder' build argument 'cmake_clean_cache' from command line to 'False'
[3.451s] Level 5:colcon.colcon_core.verb:set package 'peak_finder' build argument 'cmake_clean_first' from command line to 'False'
[3.451s] Level 5:colcon.colcon_core.verb:set package 'peak_finder' build argument 'cmake_force_configure' from command line to 'False'
[3.451s] Level 5:colcon.colcon_core.verb:set package 'peak_finder' build argument 'ament_cmake_args' from command line to 'None'
[3.451s] Level 5:colcon.colcon_core.verb:set package 'peak_finder' build argument 'catkin_cmake_args' from command line to 'None'
[3.452s] Level 5:colcon.colcon_core.verb:set package 'peak_finder' build argument 'catkin_skip_building_tests' from command line to 'False'
[3.452s] DEBUG:colcon.colcon_core.verb:Building package 'peak_finder' with the following arguments: {'ament_cmake_args': None, 'build_base': '/home/ubuntu/rj_training_container/build/peak_finder', 'catkin_cmake_args': None, 'catkin_skip_building_tests': False, 'cmake_args': None, 'cmake_clean_cache': False, 'cmake_clean_first': False, 'cmake_force_configure': False, 'cmake_target': None, 'cmake_target_skip_unavailable': False, 'install_base': '/home/ubuntu/rj_training_container/install/peak_finder', 'merge_install': False, 'path': '/home/ubuntu/rj_training_container/training_ws/src/software-training-old/peak_finder', 'symlink_install': False, 'test_result_base': None}
[3.452s] Level 5:colcon.colcon_core.verb:set package 'stsl_aruco_tags' build argument 'cmake_args' from command line to 'None'
[3.453s] Level 5:colcon.colcon_core.verb:set package 'stsl_aruco_tags' build argument 'cmake_target' from command line to 'None'
[3.453s] Level 5:colcon.colcon_core.verb:set package 'stsl_aruco_tags' build argument 'cmake_target_skip_unavailable' from command line to 'False'
[3.453s] Level 5:colcon.colcon_core.verb:set package 'stsl_aruco_tags' build argument 'cmake_clean_cache' from command line to 'False'
[3.453s] Level 5:colcon.colcon_core.verb:set package 'stsl_aruco_tags' build argument 'cmake_clean_first' from command line to 'False'
[3.453s] Level 5:colcon.colcon_core.verb:set package 'stsl_aruco_tags' build argument 'cmake_force_configure' from command line to 'False'
[3.454s] Level 5:colcon.colcon_core.verb:set package 'stsl_aruco_tags' build argument 'ament_cmake_args' from command line to 'None'
[3.454s] Level 5:colcon.colcon_core.verb:set package 'stsl_aruco_tags' build argument 'catkin_cmake_args' from command line to 'None'
[3.454s] Level 5:colcon.colcon_core.verb:set package 'stsl_aruco_tags' build argument 'catkin_skip_building_tests' from command line to 'False'
[3.454s] DEBUG:colcon.colcon_core.verb:Building package 'stsl_aruco_tags' with the following arguments: {'ament_cmake_args': None, 'build_base': '/home/ubuntu/rj_training_container/build/stsl_aruco_tags', 'catkin_cmake_args': None, 'catkin_skip_building_tests': False, 'cmake_args': None, 'cmake_clean_cache': False, 'cmake_clean_first': False, 'cmake_force_configure': False, 'cmake_target': None, 'cmake_target_skip_unavailable': False, 'install_base': '/home/ubuntu/rj_training_container/install/stsl_aruco_tags', 'merge_install': False, 'path': '/home/ubuntu/rj_training_container/stsl/stsl_aruco_tags', 'symlink_install': False, 'test_result_base': None}
[3.455s] Level 5:colcon.colcon_core.verb:set package 'stsl_bt_nodes' build argument 'cmake_args' from command line to 'None'
[3.455s] Level 5:colcon.colcon_core.verb:set package 'stsl_bt_nodes' build argument 'cmake_target' from command line to 'None'
[3.456s] Level 5:colcon.colcon_core.verb:set package 'stsl_bt_nodes' build argument 'cmake_target_skip_unavailable' from command line to 'False'
[3.456s] Level 5:colcon.colcon_core.verb:set package 'stsl_bt_nodes' build argument 'cmake_clean_cache' from command line to 'False'
[3.456s] Level 5:colcon.colcon_core.verb:set package 'stsl_bt_nodes' build argument 'cmake_clean_first' from command line to 'False'
[3.456s] Level 5:colcon.colcon_core.verb:set package 'stsl_bt_nodes' build argument 'cmake_force_configure' from command line to 'False'
[3.456s] Level 5:colcon.colcon_core.verb:set package 'stsl_bt_nodes' build argument 'ament_cmake_args' from command line to 'None'
[3.456s] Level 5:colcon.colcon_core.verb:set package 'stsl_bt_nodes' build argument 'catkin_cmake_args' from command line to 'None'
[3.457s] Level 5:colcon.colcon_core.verb:set package 'stsl_bt_nodes' build argument 'catkin_skip_building_tests' from command line to 'False'
[3.457s] DEBUG:colcon.colcon_core.verb:Building package 'stsl_bt_nodes' with the following arguments: {'ament_cmake_args': None, 'build_base': '/home/ubuntu/rj_training_container/build/stsl_bt_nodes', 'catkin_cmake_args': None, 'catkin_skip_building_tests': False, 'cmake_args': None, 'cmake_clean_cache': False, 'cmake_clean_first': False, 'cmake_force_configure': False, 'cmake_target': None, 'cmake_target_skip_unavailable': False, 'install_base': '/home/ubuntu/rj_training_container/install/stsl_bt_nodes', 'merge_install': False, 'path': '/home/ubuntu/rj_training_container/stsl/stsl_bt_nodes', 'symlink_install': False, 'test_result_base': None}
[3.458s] Level 5:colcon.colcon_core.verb:set package 'stsl_rviz_plugins' build argument 'cmake_args' from command line to 'None'
[3.458s] Level 5:colcon.colcon_core.verb:set package 'stsl_rviz_plugins' build argument 'cmake_target' from command line to 'None'
[3.458s] Level 5:colcon.colcon_core.verb:set package 'stsl_rviz_plugins' build argument 'cmake_target_skip_unavailable' from command line to 'False'
[3.458s] Level 5:colcon.colcon_core.verb:set package 'stsl_rviz_plugins' build argument 'cmake_clean_cache' from command line to 'False'
[3.458s] Level 5:colcon.colcon_core.verb:set package 'stsl_rviz_plugins' build argument 'cmake_clean_first' from command line to 'False'
[3.459s] Level 5:colcon.colcon_core.verb:set package 'stsl_rviz_plugins' build argument 'cmake_force_configure' from command line to 'False'
[3.459s] Level 5:colcon.colcon_core.verb:set package 'stsl_rviz_plugins' build argument 'ament_cmake_args' from command line to 'None'
[3.459s] Level 5:colcon.colcon_core.verb:set package 'stsl_rviz_plugins' build argument 'catkin_cmake_args' from command line to 'None'
[3.459s] Level 5:colcon.colcon_core.verb:set package 'stsl_rviz_plugins' build argument 'catkin_skip_building_tests' from command line to 'False'
[3.459s] DEBUG:colcon.colcon_core.verb:Building package 'stsl_rviz_plugins' with the following arguments: {'ament_cmake_args': None, 'build_base': '/home/ubuntu/rj_training_container/build/stsl_rviz_plugins', 'catkin_cmake_args': None, 'catkin_skip_building_tests': False, 'cmake_args': None, 'cmake_clean_cache': False, 'cmake_clean_first': False, 'cmake_force_configure': False, 'cmake_target': None, 'cmake_target_skip_unavailable': False, 'install_base': '/home/ubuntu/rj_training_container/install/stsl_rviz_plugins', 'merge_install': False, 'path': '/home/ubuntu/rj_training_container/stsl/stsl_rviz_plugins', 'symlink_install': False, 'test_result_base': None}
[3.460s] Level 5:colcon.colcon_core.verb:set package 'mission_orchestration' build argument 'cmake_args' from command line to 'None'
[3.460s] Level 5:colcon.colcon_core.verb:set package 'mission_orchestration' build argument 'cmake_target' from command line to 'None'
[3.460s] Level 5:colcon.colcon_core.verb:set package 'mission_orchestration' build argument 'cmake_target_skip_unavailable' from command line to 'False'
[3.460s] Level 5:colcon.colcon_core.verb:set package 'mission_orchestration' build argument 'cmake_clean_cache' from command line to 'False'
[3.461s] Level 5:colcon.colcon_core.verb:set package 'mission_orchestration' build argument 'cmake_clean_first' from command line to 'False'
[3.461s] Level 5:colcon.colcon_core.verb:set package 'mission_orchestration' build argument 'cmake_force_configure' from command line to 'False'
[3.461s] Level 5:colcon.colcon_core.verb:set package 'mission_orchestration' build argument 'ament_cmake_args' from command line to 'None'
[3.461s] Level 5:colcon.colcon_core.verb:set package 'mission_orchestration' build argument 'catkin_cmake_args' from command line to 'None'
[3.461s] Level 5:colcon.colcon_core.verb:set package 'mission_orchestration' build argument 'catkin_skip_building_tests' from command line to 'False'
[3.462s] DEBUG:colcon.colcon_core.verb:Building package 'mission_orchestration' with the following arguments: {'ament_cmake_args': None, 'build_base': '/home/ubuntu/rj_training_container/build/mission_orchestration', 'catkin_cmake_args': None, 'catkin_skip_building_tests': False, 'cmake_args': None, 'cmake_clean_cache': False, 'cmake_clean_first': False, 'cmake_force_configure': False, 'cmake_target': None, 'cmake_target_skip_unavailable': False, 'install_base': '/home/ubuntu/rj_training_container/install/mission_orchestration', 'merge_install': False, 'path': '/home/ubuntu/rj_training_container/stsl/mission_orchestration', 'symlink_install': False, 'test_result_base': None}
[3.462s] Level 5:colcon.colcon_core.verb:set package 'traini_gazebo' build argument 'cmake_args' from command line to 'None'
[3.462s] Level 5:colcon.colcon_core.verb:set package 'traini_gazebo' build argument 'cmake_target' from command line to 'None'
[3.463s] Level 5:colcon.colcon_core.verb:set package 'traini_gazebo' build argument 'cmake_target_skip_unavailable' from command line to 'False'
[3.463s] Level 5:colcon.colcon_core.verb:set package 'traini_gazebo' build argument 'cmake_clean_cache' from command line to 'False'
[3.463s] Level 5:colcon.colcon_core.verb:set package 'traini_gazebo' build argument 'cmake_clean_first' from command line to 'False'
[3.463s] Level 5:colcon.colcon_core.verb:set package 'traini_gazebo' build argument 'cmake_force_configure' from command line to 'False'
[3.464s] Level 5:colcon.colcon_core.verb:set package 'traini_gazebo' build argument 'ament_cmake_args' from command line to 'None'
[3.464s] Level 5:colcon.colcon_core.verb:set package 'traini_gazebo' build argument 'catkin_cmake_args' from command line to 'None'
[3.464s] Level 5:colcon.colcon_core.verb:set package 'traini_gazebo' build argument 'catkin_skip_building_tests' from command line to 'False'
[3.464s] DEBUG:colcon.colcon_core.verb:Building package 'traini_gazebo' with the following arguments: {'ament_cmake_args': None, 'build_base': '/home/ubuntu/rj_training_container/build/traini_gazebo', 'catkin_cmake_args': None, 'catkin_skip_building_tests': False, 'cmake_args': None, 'cmake_clean_cache': False, 'cmake_clean_first': False, 'cmake_force_configure': False, 'cmake_target': None, 'cmake_target_skip_unavailable': False, 'install_base': '/home/ubuntu/rj_training_container/install/traini_gazebo', 'merge_install': False, 'path': '/home/ubuntu/rj_training_container/stsl/traini_gazebo', 'symlink_install': False, 'test_result_base': None}
[3.465s] Level 5:colcon.colcon_core.verb:set package 'traini_bringup' build argument 'cmake_args' from command line to 'None'
[3.465s] Level 5:colcon.colcon_core.verb:set package 'traini_bringup' build argument 'cmake_target' from command line to 'None'
[3.465s] Level 5:colcon.colcon_core.verb:set package 'traini_bringup' build argument 'cmake_target_skip_unavailable' from command line to 'False'
[3.465s] Level 5:colcon.colcon_core.verb:set package 'traini_bringup' build argument 'cmake_clean_cache' from command line to 'False'
[3.465s] Level 5:colcon.colcon_core.verb:set package 'traini_bringup' build argument 'cmake_clean_first' from command line to 'False'
[3.466s] Level 5:colcon.colcon_core.verb:set package 'traini_bringup' build argument 'cmake_force_configure' from command line to 'False'
[3.466s] Level 5:colcon.colcon_core.verb:set package 'traini_bringup' build argument 'ament_cmake_args' from command line to 'None'
[3.466s] Level 5:colcon.colcon_core.verb:set package 'traini_bringup' build argument 'catkin_cmake_args' from command line to 'None'
[3.466s] Level 5:colcon.colcon_core.verb:set package 'traini_bringup' build argument 'catkin_skip_building_tests' from command line to 'False'
[3.466s] DEBUG:colcon.colcon_core.verb:Building package 'traini_bringup' with the following arguments: {'ament_cmake_args': None, 'build_base': '/home/ubuntu/rj_training_container/build/traini_bringup', 'catkin_cmake_args': None, 'catkin_skip_building_tests': False, 'cmake_args': None, 'cmake_clean_cache': False, 'cmake_clean_first': False, 'cmake_force_configure': False, 'cmake_target': None, 'cmake_target_skip_unavailable': False, 'install_base': '/home/ubuntu/rj_training_container/install/traini_bringup', 'merge_install': False, 'path': '/home/ubuntu/rj_training_container/stsl/traini_bringup', 'symlink_install': False, 'test_result_base': None}
[3.467s] Level 5:colcon.colcon_core.verb:set package 'stsl_desktop' build argument 'cmake_args' from command line to 'None'
[3.467s] Level 5:colcon.colcon_core.verb:set package 'stsl_desktop' build argument 'cmake_target' from command line to 'None'
[3.467s] Level 5:colcon.colcon_core.verb:set package 'stsl_desktop' build argument 'cmake_target_skip_unavailable' from command line to 'False'
[3.468s] Level 5:colcon.colcon_core.verb:set package 'stsl_desktop' build argument 'cmake_clean_cache' from command line to 'False'
[3.468s] Level 5:colcon.colcon_core.verb:set package 'stsl_desktop' build argument 'cmake_clean_first' from command line to 'False'
[3.468s] Level 5:colcon.colcon_core.verb:set package 'stsl_desktop' build argument 'cmake_force_configure' from command line to 'False'
[3.468s] Level 5:colcon.colcon_core.verb:set package 'stsl_desktop' build argument 'ament_cmake_args' from command line to 'None'
[3.468s] Level 5:colcon.colcon_core.verb:set package 'stsl_desktop' build argument 'catkin_cmake_args' from command line to 'None'
[3.469s] Level 5:colcon.colcon_core.verb:set package 'stsl_desktop' build argument 'catkin_skip_building_tests' from command line to 'False'
[3.469s] DEBUG:colcon.colcon_core.verb:Building package 'stsl_desktop' with the following arguments: {'ament_cmake_args': None, 'build_base': '/home/ubuntu/rj_training_container/build/stsl_desktop', 'catkin_cmake_args': None, 'catkin_skip_building_tests': False, 'cmake_args': None, 'cmake_clean_cache': False, 'cmake_clean_first': False, 'cmake_force_configure': False, 'cmake_target': None, 'cmake_target_skip_unavailable': False, 'install_base': '/home/ubuntu/rj_training_container/install/stsl_desktop', 'merge_install': False, 'path': '/home/ubuntu/rj_training_container/stsl/stsl_desktop', 'symlink_install': False, 'test_result_base': None}
[3.469s] INFO:colcon.colcon_core.executor:Executing jobs using 'parallel' executor
[3.471s] DEBUG:colcon.colcon_parallel_executor.executor.parallel:run_until_complete
[3.472s] INFO:colcon.colcon_ros.task.ament_cmake.build:Building ROS package in '/home/ubuntu/rj_training_container/stsl/stsl_interfaces' with build type 'ament_cmake'
[3.472s] INFO:colcon.colcon_cmake.task.cmake.build:Building CMake package in '/home/ubuntu/rj_training_container/stsl/stsl_interfaces'
[3.475s] INFO:colcon.colcon_core.plugin_system:Skipping extension 'colcon_core.shell.bat': Not used on non-Windows systems
[3.476s] INFO:colcon.colcon_core.shell:Skip shell extension 'powershell' for command environment: Not usable outside of PowerShell
[3.476s] DEBUG:colcon.colcon_core.shell:Skip shell extension 'dsv' for command environment
[3.489s] INFO:colcon.colcon_ros.task.ament_cmake.build:Building ROS package in '/home/ubuntu/rj_training_container/stsl/stsl_gazebo_plugins' with build type 'ament_cmake'
[3.489s] INFO:colcon.colcon_cmake.task.cmake.build:Building CMake package in '/home/ubuntu/rj_training_container/stsl/stsl_gazebo_plugins'
[3.490s] INFO:colcon.colcon_core.shell:Skip shell extension 'powershell' for command environment: Not usable outside of PowerShell
[3.490s] DEBUG:colcon.colcon_core.shell:Skip shell extension 'dsv' for command environment
[3.499s] INFO:colcon.colcon_ros.task.ament_cmake.build:Building ROS package in '/home/ubuntu/rj_training_container/stsl/traini_description' with build type 'ament_cmake'
[3.499s] INFO:colcon.colcon_cmake.task.cmake.build:Building CMake package in '/home/ubuntu/rj_training_container/stsl/traini_description'
[3.500s] INFO:colcon.colcon_core.shell:Skip shell extension 'powershell' for command environment: Not usable outside of PowerShell
[3.501s] DEBUG:colcon.colcon_core.shell:Skip shell extension 'dsv' for command environment
[3.512s] INFO:colcon.colcon_ros.task.ament_cmake.build:Building ROS package in '/home/ubuntu/rj_training_container/training_ws/src/trainingv2/controller_project/joystick_msgs' with build type 'ament_cmake'
[3.513s] INFO:colcon.colcon_cmake.task.cmake.build:Building CMake package in '/home/ubuntu/rj_training_container/training_ws/src/trainingv2/controller_project/joystick_msgs'
[3.513s] INFO:colcon.colcon_core.shell:Skip shell extension 'powershell' for command environment: Not usable outside of PowerShell
[3.514s] DEBUG:colcon.colcon_core.shell:Skip shell extension 'dsv' for command environment
[3.522s] INFO:colcon.colcon_ros.task.ament_cmake.build:Building ROS package in '/home/ubuntu/rj_training_container/stsl/stsl_nav_plugins' with build type 'ament_cmake'
[3.523s] INFO:colcon.colcon_cmake.task.cmake.build:Building CMake package in '/home/ubuntu/rj_training_container/stsl/stsl_nav_plugins'
[3.523s] INFO:colcon.colcon_core.shell:Skip shell extension 'powershell' for command environment: Not usable outside of PowerShell
[3.523s] DEBUG:colcon.colcon_core.shell:Skip shell extension 'dsv' for command environment
[3.532s] INFO:colcon.colcon_ros.task.ament_cmake.build:Building ROS package in '/home/ubuntu/rj_training_container/stsl/stsl_utils' with build type 'ament_cmake'
[3.532s] INFO:colcon.colcon_cmake.task.cmake.build:Building CMake package in '/home/ubuntu/rj_training_container/stsl/stsl_utils'
[3.533s] INFO:colcon.colcon_core.shell:Skip shell extension 'powershell' for command environment: Not usable outside of PowerShell
[3.533s] DEBUG:colcon.colcon_core.shell:Skip shell extension 'dsv' for command environment
[3.543s] INFO:colcon.colcon_ros.task.ament_cmake.build:Building ROS package in '/home/ubuntu/rj_training_container/training_ws/src/software-training-old/astar_path_planner' with build type 'ament_cmake'
[3.543s] INFO:colcon.colcon_cmake.task.cmake.build:Building CMake package in '/home/ubuntu/rj_training_container/training_ws/src/software-training-old/astar_path_planner'
[3.544s] INFO:colcon.colcon_core.shell:Skip shell extension 'powershell' for command environment: Not usable outside of PowerShell
[3.544s] DEBUG:colcon.colcon_core.shell:Skip shell extension 'dsv' for command environment
[3.553s] INFO:colcon.colcon_ros.task.ament_cmake.build:Building ROS package in '/home/ubuntu/rj_training_container/training_ws/src/software-training-old/controllers' with build type 'ament_cmake'
[3.554s] INFO:colcon.colcon_cmake.task.cmake.build:Building CMake package in '/home/ubuntu/rj_training_container/training_ws/src/software-training-old/controllers'
[3.554s] INFO:colcon.colcon_core.shell:Skip shell extension 'powershell' for command environment: Not usable outside of PowerShell
[3.555s] DEBUG:colcon.colcon_core.shell:Skip shell extension 'dsv' for command environment
[3.567s] INFO:colcon.colcon_ros.task.ament_python.build:Building ROS package in '/home/ubuntu/rj_training_container/training_ws/src/trainingv2/turtlesim_project/src/keyboard' with build type 'ament_python'
[3.567s] Level 1:colcon.colcon_core.shell:create_environment_hook('keyboard', 'ament_prefix_path')
[3.568s] INFO:colcon.colcon_core.shell:Creating environment hook '/home/ubuntu/rj_training_container/install/keyboard/share/keyboard/hook/ament_prefix_path.ps1'
[3.587s] INFO:colcon.colcon_core.shell:Creating environment descriptor '/home/ubuntu/rj_training_container/install/keyboard/share/keyboard/hook/ament_prefix_path.dsv'
[3.606s] INFO:colcon.colcon_core.shell:Creating environment hook '/home/ubuntu/rj_training_container/install/keyboard/share/keyboard/hook/ament_prefix_path.sh'
[3.629s] INFO:colcon.colcon_core.shell:Skip shell extension 'powershell' for command environment: Not usable outside of PowerShell
[3.629s] DEBUG:colcon.colcon_core.shell:Skip shell extension 'dsv' for command environment
[3.641s] INFO:colcon.colcon_ros.task.ament_cmake.build:Building ROS package in '/home/ubuntu/rj_training_container/training_ws/src/software-training-old/mapping' with build type 'ament_cmake'
[3.641s] INFO:colcon.colcon_cmake.task.cmake.build:Building CMake package in '/home/ubuntu/rj_training_container/training_ws/src/software-training-old/mapping'
[3.642s] INFO:colcon.colcon_core.shell:Skip shell extension 'powershell' for command environment: Not usable outside of PowerShell
[3.642s] DEBUG:colcon.colcon_core.shell:Skip shell extension 'dsv' for command environment
[3.654s] INFO:colcon.colcon_ros.task.ament_cmake.build:Building ROS package in '/home/ubuntu/rj_training_container/training_ws/src/software-training-old/obstacle_detector' with build type 'ament_cmake'
[3.655s] INFO:colcon.colcon_cmake.task.cmake.build:Building CMake package in '/home/ubuntu/rj_training_container/training_ws/src/software-training-old/obstacle_detector'
[3.656s] INFO:colcon.colcon_core.shell:Skip shell extension 'powershell' for command environment: Not usable outside of PowerShell
[3.656s] DEBUG:colcon.colcon_core.shell:Skip shell extension 'dsv' for command environment
[3.666s] INFO:colcon.colcon_ros.task.ament_cmake.build:Building ROS package in '/home/ubuntu/rj_training_container/training_ws/src/software-training-old/rj_training_bringup' with build type 'ament_cmake'
[3.667s] INFO:colcon.colcon_cmake.task.cmake.build:Building CMake package in '/home/ubuntu/rj_training_container/training_ws/src/software-training-old/rj_training_bringup'
[3.667s] INFO:colcon.colcon_core.shell:Skip shell extension 'powershell' for command environment: Not usable outside of PowerShell
[3.668s] DEBUG:colcon.colcon_core.shell:Skip shell extension 'dsv' for command environment
[3.678s] INFO:colcon.colcon_ros.task.ament_cmake.build:Building ROS package in '/home/ubuntu/rj_training_container/training_ws/src/trainingv2/turtlesim_project/src/teleop' with build type 'ament_cmake'
[3.679s] INFO:colcon.colcon_cmake.task.cmake.build:Building CMake package in '/home/ubuntu/rj_training_container/training_ws/src/trainingv2/turtlesim_project/src/teleop'
[3.679s] INFO:colcon.colcon_core.shell:Skip shell extension 'powershell' for command environment: Not usable outside of PowerShell
[3.679s] DEBUG:colcon.colcon_core.shell:Skip shell extension 'dsv' for command environment
[3.725s] DEBUG:colcon.colcon_core.event_handler.log_command:Invoking command in '/home/ubuntu/rj_training_container/build/stsl_interfaces': CMAKE_PREFIX_PATH=/opt/ros/humble /usr/bin/cmake /home/ubuntu/rj_training_container/stsl/stsl_interfaces -DCMAKE_INSTALL_PREFIX=/home/ubuntu/rj_training_container/install/stsl_interfaces
[3.738s] DEBUG:colcon.colcon_core.event_handler.log_command:Invoking command in '/home/ubuntu/rj_training_container/build/stsl_gazebo_plugins': CMAKE_PREFIX_PATH=/opt/ros/humble /usr/bin/cmake /home/ubuntu/rj_training_container/stsl/stsl_gazebo_plugins -DCMAKE_INSTALL_PREFIX=/home/ubuntu/rj_training_container/install/stsl_gazebo_plugins
[3.751s] DEBUG:colcon.colcon_core.event_handler.log_command:Invoking command in '/home/ubuntu/rj_training_container/build/traini_description': CMAKE_PREFIX_PATH=/opt/ros/humble /usr/bin/cmake /home/ubuntu/rj_training_container/stsl/traini_description -DCMAKE_INSTALL_PREFIX=/home/ubuntu/rj_training_container/install/traini_description
[3.772s] DEBUG:colcon.colcon_core.event_handler.log_command:Invoking command in '/home/ubuntu/rj_training_container/build/joystick_msgs': CMAKE_PREFIX_PATH=/opt/ros/humble /usr/bin/cmake /home/ubuntu/rj_training_container/training_ws/src/trainingv2/controller_project/joystick_msgs -DCMAKE_INSTALL_PREFIX=/home/ubuntu/rj_training_container/install/joystick_msgs
[3.796s] DEBUG:colcon.colcon_core.event_handler.log_command:Invoking command in '/home/ubuntu/rj_training_container/build/stsl_nav_plugins': CMAKE_PREFIX_PATH=/opt/ros/humble /usr/bin/cmake /home/ubuntu/rj_training_container/stsl/stsl_nav_plugins -DCMAKE_INSTALL_PREFIX=/home/ubuntu/rj_training_container/install/stsl_nav_plugins
[3.820s] DEBUG:colcon.colcon_core.event_handler.log_command:Invoking command in '/home/ubuntu/rj_training_container/build/stsl_utils': CMAKE_PREFIX_PATH=/opt/ros/humble /usr/bin/cmake /home/ubuntu/rj_training_container/stsl/stsl_utils -DCMAKE_INSTALL_PREFIX=/home/ubuntu/rj_training_container/install/stsl_utils
[3.850s] DEBUG:colcon.colcon_core.event_handler.log_command:Invoking command in '/home/ubuntu/rj_training_container/build/astar_path_planner': CMAKE_PREFIX_PATH=/opt/ros/humble /usr/bin/cmake /home/ubuntu/rj_training_container/training_ws/src/software-training-old/astar_path_planner -DCMAKE_INSTALL_PREFIX=/home/ubuntu/rj_training_container/install/astar_path_planner
[3.880s] DEBUG:colcon.colcon_core.event_handler.log_command:Invoking command in '/home/ubuntu/rj_training_container/build/controllers': CMAKE_PREFIX_PATH=/opt/ros/humble /usr/bin/cmake /home/ubuntu/rj_training_container/training_ws/src/software-training-old/controllers -DCMAKE_INSTALL_PREFIX=/home/ubuntu/rj_training_container/install/controllers
[4.280s] INFO:colcon.colcon_core.task.python.build:Building Python package in '/home/ubuntu/rj_training_container/training_ws/src/trainingv2/turtlesim_project/src/keyboard'
[4.281s] INFO:colcon.colcon_core.shell:Skip shell extension 'powershell' for command environment: Not usable outside of PowerShell
[4.281s] DEBUG:colcon.colcon_core.shell:Skip shell extension 'dsv' for command environment
[4.345s] DEBUG:colcon.colcon_core.event_handler.log_command:Invoking command in '/home/ubuntu/rj_training_container/build/mapping': CMAKE_PREFIX_PATH=/opt/ros/humble /usr/bin/cmake /home/ubuntu/rj_training_container/training_ws/src/software-training-old/mapping -DCMAKE_INSTALL_PREFIX=/home/ubuntu/rj_training_container/install/mapping
[4.378s] DEBUG:colcon.colcon_core.event_handler.log_command:Invoking command in '/home/ubuntu/rj_training_container/build/obstacle_detector': CMAKE_PREFIX_PATH=/opt/ros/humble /usr/bin/cmake /home/ubuntu/rj_training_container/training_ws/src/software-training-old/obstacle_detector -DCMAKE_INSTALL_PREFIX=/home/ubuntu/rj_training_container/install/obstacle_detector
[4.407s] DEBUG:colcon.colcon_core.event_handler.log_command:Invoking command in '/home/ubuntu/rj_training_container/build/rj_training_bringup': CMAKE_PREFIX_PATH=/opt/ros/humble /usr/bin/cmake /home/ubuntu/rj_training_container/training_ws/src/software-training-old/rj_training_bringup -DCMAKE_INSTALL_PREFIX=/home/ubuntu/rj_training_container/install/rj_training_bringup
[4.467s] DEBUG:colcon.colcon_core.event_handler.log_command:Invoking command in '/home/ubuntu/rj_training_container/build/teleop': CMAKE_PREFIX_PATH=/opt/ros/humble /usr/bin/cmake /home/ubuntu/rj_training_container/training_ws/src/trainingv2/turtlesim_project/src/teleop -DCMAKE_INSTALL_PREFIX=/home/ubuntu/rj_training_container/install/teleop
[7.438s] DEBUG:colcon.colcon_core.event_handler.log_command:Invoking command in '/home/ubuntu/rj_training_container/training_ws/src/trainingv2/turtlesim_project/src/keyboard': PYTHONPATH=/home/ubuntu/rj_training_container/build/keyboard/prefix_override:/usr/lib/python3/dist-packages/colcon_core/task/python/colcon_distutils_commands:/home/ubuntu/rj_training_container/install/keyboard/lib/python3.10/site-packages:${PYTHONPATH} /usr/bin/python3 -W ignore:setup.py install is deprecated setup.py egg_info --egg-base ../../../../../../build/keyboard build --build-base /home/ubuntu/rj_training_container/build/keyboard/build install --record /home/ubuntu/rj_training_container/build/keyboard/install.log --single-version-externally-managed install_data
[13.699s] DEBUG:colcon.colcon_core.event_handler.log_command:Invoked command in '/home/ubuntu/rj_training_container/build/stsl_utils' returned '1': CMAKE_PREFIX_PATH=/opt/ros/humble /usr/bin/cmake /home/ubuntu/rj_training_container/stsl/stsl_utils -DCMAKE_INSTALL_PREFIX=/home/ubuntu/rj_training_container/install/stsl_utils
[13.713s] Level 1:colcon.colcon_core.environment:create_environment_scripts_only(stsl_utils)
[13.717s] Level 1:colcon.colcon_core.environment:checking '/home/ubuntu/rj_training_container/install/stsl_utils' for CMake module files
[13.758s] Level 1:colcon.colcon_core.environment:checking '/home/ubuntu/rj_training_container/install/stsl_utils' for CMake config files
[13.762s] Level 1:colcon.colcon_core.environment:checking '/home/ubuntu/rj_training_container/install/stsl_utils/bin'
[13.764s] Level 1:colcon.colcon_core.environment:checking '/home/ubuntu/rj_training_container/install/stsl_utils/lib/pkgconfig/stsl_utils.pc'
[13.766s] Level 1:colcon.colcon_core.environment:checking '/home/ubuntu/rj_training_container/install/stsl_utils/lib/python3.10/site-packages'
[13.769s] Level 1:colcon.colcon_core.environment:checking '/home/ubuntu/rj_training_container/install/stsl_utils/bin'
[13.771s] INFO:colcon.colcon_core.shell:Creating package script '/home/ubuntu/rj_training_container/install/stsl_utils/share/stsl_utils/package.ps1'
[13.794s] INFO:colcon.colcon_core.shell:Creating package descriptor '/home/ubuntu/rj_training_container/install/stsl_utils/share/stsl_utils/package.dsv'
[13.814s] INFO:colcon.colcon_core.shell:Creating package script '/home/ubuntu/rj_training_container/install/stsl_utils/share/stsl_utils/package.sh'
[13.834s] INFO:colcon.colcon_core.shell:Creating package script '/home/ubuntu/rj_training_container/install/stsl_utils/share/stsl_utils/package.bash'
[13.856s] INFO:colcon.colcon_core.shell:Creating package script '/home/ubuntu/rj_training_container/install/stsl_utils/share/stsl_utils/package.zsh'
[13.880s] Level 1:colcon.colcon_core.environment:create_file_with_runtime_dependencies(/home/ubuntu/rj_training_container/install/stsl_utils/share/colcon-core/packages/stsl_utils)
[29.253s] DEBUG:colcon.colcon_parallel_executor.executor.parallel:closing loop
[29.255s] DEBUG:colcon.colcon_parallel_executor.executor.parallel:loop closed
[29.256s] DEBUG:colcon.colcon_parallel_executor.executor.parallel:run_until_complete finished with '1'
[29.256s] DEBUG:colcon.colcon_core.event_reactor:joining thread
[29.298s] INFO:colcon.colcon_core.plugin_system:Skipping extension 'colcon_notification.desktop_notification.terminal_notifier': Not used on non-Darwin systems
[29.299s] INFO:colcon.colcon_core.plugin_system:Skipping extension 'colcon_notification.desktop_notification.win32': Not used on non-Windows systems
[29.299s] INFO:colcon.colcon_notification.desktop_notification:Sending desktop notification using 'notify2'
[29.426s] DEBUG:colcon.colcon_core.event_reactor:joined thread
[29.427s] INFO:colcon.colcon_core.shell:Creating prefix script '/home/ubuntu/rj_training_container/install/local_setup.ps1'
[29.437s] INFO:colcon.colcon_core.shell:Creating prefix util module '/home/ubuntu/rj_training_container/install/_local_setup_util_ps1.py'
[29.446s] INFO:colcon.colcon_core.shell:Creating prefix chain script '/home/ubuntu/rj_training_container/install/setup.ps1'
[29.464s] INFO:colcon.colcon_core.shell:Creating prefix script '/home/ubuntu/rj_training_container/install/local_setup.sh'
[29.472s] INFO:colcon.colcon_core.shell:Creating prefix util module '/home/ubuntu/rj_training_container/install/_local_setup_util_sh.py'
[29.479s] INFO:colcon.colcon_core.shell:Creating prefix chain script '/home/ubuntu/rj_training_container/install/setup.sh'
[29.485s] INFO:colcon.colcon_core.shell:Creating prefix script '/home/ubuntu/rj_training_container/install/local_setup.bash'
[29.491s] INFO:colcon.colcon_core.shell:Creating prefix chain script '/home/ubuntu/rj_training_container/install/setup.bash'
[29.498s] INFO:colcon.colcon_core.shell:Creating prefix script '/home/ubuntu/rj_training_container/install/local_setup.zsh'
[29.503s] INFO:colcon.colcon_core.shell:Creating prefix chain script '/home/ubuntu/rj_training_container/install/setup.zsh'
