[0.237s] DEBUG:colcon:Command line arguments: ['/usr/bin/colcon', 'build']
[0.237s] DEBUG:colcon:Parsed command line arguments: Namespace(log_base=None, log_level=None, verb_name='build', build_base='build', install_base='install', merge_install=False, symlink_install=False, test_result_base=None, continue_on_error=False, executor='parallel', parallel_workers=16, event_handlers=None, ignore_user_meta=False, metas=['./colcon.meta'], base_paths=['.'], packages_ignore=None, packages_ignore_regex=None, paths=None, packages_up_to=None, packages_up_to_regex=None, packages_above=None, packages_above_and_dependencies=None, packages_above_depth=None, packages_select_by_dep=None, packages_skip_by_dep=None, packages_skip_up_to=None, packages_select_build_failed=False, packages_skip_build_finished=False, packages_select_test_failures=False, packages_skip_test_passed=False, packages_select=None, packages_skip=None, packages_select_regex=None, packages_skip_regex=None, packages_start=None, packages_end=None, allow_overriding=[], cmake_args=None, cmake_target=None, cmake_target_skip_unavailable=False, cmake_clean_cache=False, cmake_clean_first=False, cmake_force_configure=False, ament_cmake_args=None, catkin_cmake_args=None, catkin_skip_building_tests=False, verb_parser=<colcon_defaults.argument_parser.defaults.DefaultArgumentsDecorator object at 0x7f718cbbfbe0>, verb_extension=<colcon_core.verb.build.BuildVerb object at 0x7f718ccf4880>, main=<bound method BuildVerb.main of <colcon_core.verb.build.BuildVerb object at 0x7f718ccf4880>>)
[0.521s] Level 1:colcon.colcon_core.package_discovery:discover_packages(colcon_meta) check parameters
[0.523s] Level 1:colcon.colcon_core.package_discovery:discover_packages(recursive) check parameters
[0.523s] Level 1:colcon.colcon_core.package_discovery:discover_packages(ignore) check parameters
[0.524s] Level 1:colcon.colcon_core.package_discovery:discover_packages(path) check parameters
[0.524s] Level 1:colcon.colcon_core.package_discovery:discover_packages(colcon_meta) discover
[0.525s] Level 1:colcon.colcon_core.package_discovery:discover_packages(recursive) discover
[0.525s] INFO:colcon.colcon_core.package_discovery:Crawling recursively for packages in '/home/ubuntu/rj_training_container/training_ws'
[0.528s] Level 1:colcon.colcon_core.package_identification:_identify(.) by extensions ['ignore', 'ignore_ament_install']
[0.528s] Level 1:colcon.colcon_core.package_identification:_identify(.) by extension 'ignore'
[0.529s] Level 1:colcon.colcon_core.package_identification:_identify(.) by extension 'ignore_ament_install'
[0.530s] Level 1:colcon.colcon_core.package_identification:_identify(.) by extensions ['colcon_pkg']
[0.530s] Level 1:colcon.colcon_core.package_identification:_identify(.) by extension 'colcon_pkg'
[0.531s] Level 1:colcon.colcon_core.package_identification:_identify(.) by extensions ['colcon_meta']
[0.531s] Level 1:colcon.colcon_core.package_identification:_identify(.) by extension 'colcon_meta'
[0.531s] Level 1:colcon.colcon_core.package_identification:_identify(.) by extensions ['ros']
[0.532s] Level 1:colcon.colcon_core.package_identification:_identify(.) by extension 'ros'
[0.560s] Level 1:colcon.colcon_core.package_identification:_identify(.) by extensions ['cmake', 'python']
[0.561s] Level 1:colcon.colcon_core.package_identification:_identify(.) by extension 'cmake'
[0.562s] Level 1:colcon.colcon_core.package_identification:_identify(.) by extension 'python'
[0.563s] Level 1:colcon.colcon_core.package_identification:_identify(.) by extensions ['python_setup_py']
[0.563s] Level 1:colcon.colcon_core.package_identification:_identify(.) by extension 'python_setup_py'
[0.569s] Level 1:colcon.colcon_core.package_identification:_identify(build) by extensions ['ignore', 'ignore_ament_install']
[0.569s] Level 1:colcon.colcon_core.package_identification:_identify(build) by extension 'ignore'
[0.572s] Level 1:colcon.colcon_core.package_identification:_identify(build) ignored
[0.576s] Level 1:colcon.colcon_core.package_identification:_identify(install) by extensions ['ignore', 'ignore_ament_install']
[0.577s] Level 1:colcon.colcon_core.package_identification:_identify(install) by extension 'ignore'
[0.579s] Level 1:colcon.colcon_core.package_identification:_identify(install) ignored
[0.587s] Level 1:colcon.colcon_core.package_identification:_identify(log) by extensions ['ignore', 'ignore_ament_install']
[0.588s] Level 1:colcon.colcon_core.package_identification:_identify(log) by extension 'ignore'
[0.589s] Level 1:colcon.colcon_core.package_identification:_identify(log) ignored
[0.593s] Level 1:colcon.colcon_core.package_identification:_identify(src) by extensions ['ignore', 'ignore_ament_install']
[0.594s] Level 1:colcon.colcon_core.package_identification:_identify(src) by extension 'ignore'
[0.595s] Level 1:colcon.colcon_core.package_identification:_identify(src) by extension 'ignore_ament_install'
[0.597s] Level 1:colcon.colcon_core.package_identification:_identify(src) by extensions ['colcon_pkg']
[0.597s] Level 1:colcon.colcon_core.package_identification:_identify(src) by extension 'colcon_pkg'
[0.601s] Level 1:colcon.colcon_core.package_identification:_identify(src) by extensions ['colcon_meta']
[0.601s] Level 1:colcon.colcon_core.package_identification:_identify(src) by extension 'colcon_meta'
[0.602s] Level 1:colcon.colcon_core.package_identification:_identify(src) by extensions ['ros']
[0.602s] Level 1:colcon.colcon_core.package_identification:_identify(src) by extension 'ros'
[0.607s] Level 1:colcon.colcon_core.package_identification:_identify(src) by extensions ['cmake', 'python']
[0.608s] Level 1:colcon.colcon_core.package_identification:_identify(src) by extension 'cmake'
[0.609s] Level 1:colcon.colcon_core.package_identification:_identify(src) by extension 'python'
[0.610s] Level 1:colcon.colcon_core.package_identification:_identify(src) by extensions ['python_setup_py']
[0.610s] Level 1:colcon.colcon_core.package_identification:_identify(src) by extension 'python_setup_py'
[0.613s] Level 1:colcon.colcon_core.package_identification:_identify(src/software-training-old) by extensions ['ignore', 'ignore_ament_install']
[0.614s] Level 1:colcon.colcon_core.package_identification:_identify(src/software-training-old) by extension 'ignore'
[0.615s] Level 1:colcon.colcon_core.package_identification:_identify(src/software-training-old) by extension 'ignore_ament_install'
[0.617s] Level 1:colcon.colcon_core.package_identification:_identify(src/software-training-old) by extensions ['colcon_pkg']
[0.618s] Level 1:colcon.colcon_core.package_identification:_identify(src/software-training-old) by extension 'colcon_pkg'
[0.619s] Level 1:colcon.colcon_core.package_identification:_identify(src/software-training-old) by extensions ['colcon_meta']
[0.619s] Level 1:colcon.colcon_core.package_identification:_identify(src/software-training-old) by extension 'colcon_meta'
[0.621s] Level 1:colcon.colcon_core.package_identification:_identify(src/software-training-old) by extensions ['ros']
[0.621s] Level 1:colcon.colcon_core.package_identification:_identify(src/software-training-old) by extension 'ros'
[0.625s] Level 1:colcon.colcon_core.package_identification:_identify(src/software-training-old) by extensions ['cmake', 'python']
[0.625s] Level 1:colcon.colcon_core.package_identification:_identify(src/software-training-old) by extension 'cmake'
[0.626s] Level 1:colcon.colcon_core.package_identification:_identify(src/software-training-old) by extension 'python'
[0.627s] Level 1:colcon.colcon_core.package_identification:_identify(src/software-training-old) by extensions ['python_setup_py']
[0.627s] Level 1:colcon.colcon_core.package_identification:_identify(src/software-training-old) by extension 'python_setup_py'
[0.633s] Level 1:colcon.colcon_core.package_identification:_identify(src/software-training-old/astar_path_planner) by extensions ['ignore', 'ignore_ament_install']
[0.634s] Level 1:colcon.colcon_core.package_identification:_identify(src/software-training-old/astar_path_planner) by extension 'ignore'
[0.635s] Level 1:colcon.colcon_core.package_identification:_identify(src/software-training-old/astar_path_planner) by extension 'ignore_ament_install'
[0.638s] Level 1:colcon.colcon_core.package_identification:_identify(src/software-training-old/astar_path_planner) by extensions ['colcon_pkg']
[0.638s] Level 1:colcon.colcon_core.package_identification:_identify(src/software-training-old/astar_path_planner) by extension 'colcon_pkg'
[0.640s] Level 1:colcon.colcon_core.package_identification:_identify(src/software-training-old/astar_path_planner) by extensions ['colcon_meta']
[0.640s] Level 1:colcon.colcon_core.package_identification:_identify(src/software-training-old/astar_path_planner) by extension 'colcon_meta'
[0.643s] Level 1:colcon.colcon_core.package_identification:_identify(src/software-training-old/astar_path_planner) by extensions ['ros']
[0.644s] Level 1:colcon.colcon_core.package_identification:_identify(src/software-training-old/astar_path_planner) by extension 'ros'
[0.667s] DEBUG:colcon.colcon_core.package_identification:Package 'src/software-training-old/astar_path_planner' with type 'ros.ament_cmake' and name 'astar_path_planner'
[0.674s] Level 1:colcon.colcon_core.package_identification:_identify(src/software-training-old/controllers) by extensions ['ignore', 'ignore_ament_install']
[0.675s] Level 1:colcon.colcon_core.package_identification:_identify(src/software-training-old/controllers) by extension 'ignore'
[0.676s] Level 1:colcon.colcon_core.package_identification:_identify(src/software-training-old/controllers) by extension 'ignore_ament_install'
[0.678s] Level 1:colcon.colcon_core.package_identification:_identify(src/software-training-old/controllers) by extensions ['colcon_pkg']
[0.679s] Level 1:colcon.colcon_core.package_identification:_identify(src/software-training-old/controllers) by extension 'colcon_pkg'
[0.680s] Level 1:colcon.colcon_core.package_identification:_identify(src/software-training-old/controllers) by extensions ['colcon_meta']
[0.680s] Level 1:colcon.colcon_core.package_identification:_identify(src/software-training-old/controllers) by extension 'colcon_meta'
[0.684s] Level 1:colcon.colcon_core.package_identification:_identify(src/software-training-old/controllers) by extensions ['ros']
[0.684s] Level 1:colcon.colcon_core.package_identification:_identify(src/software-training-old/controllers) by extension 'ros'
[0.699s] DEBUG:colcon.colcon_core.package_identification:Package 'src/software-training-old/controllers' with type 'ros.ament_cmake' and name 'controllers'
[0.704s] Level 1:colcon.colcon_core.package_identification:_identify(src/software-training-old/coordinate_transform) by extensions ['ignore', 'ignore_ament_install']
[0.704s] Level 1:colcon.colcon_core.package_identification:_identify(src/software-training-old/coordinate_transform) by extension 'ignore'
[0.706s] Level 1:colcon.colcon_core.package_identification:_identify(src/software-training-old/coordinate_transform) by extension 'ignore_ament_install'
[0.708s] Level 1:colcon.colcon_core.package_identification:_identify(src/software-training-old/coordinate_transform) by extensions ['colcon_pkg']
[0.708s] Level 1:colcon.colcon_core.package_identification:_identify(src/software-training-old/coordinate_transform) by extension 'colcon_pkg'
[0.710s] Level 1:colcon.colcon_core.package_identification:_identify(src/software-training-old/coordinate_transform) by extensions ['colcon_meta']
[0.710s] Level 1:colcon.colcon_core.package_identification:_identify(src/software-training-old/coordinate_transform) by extension 'colcon_meta'
[0.713s] Level 1:colcon.colcon_core.package_identification:_identify(src/software-training-old/coordinate_transform) by extensions ['ros']
[0.713s] Level 1:colcon.colcon_core.package_identification:_identify(src/software-training-old/coordinate_transform) by extension 'ros'
[0.728s] DEBUG:colcon.colcon_core.package_identification:Package 'src/software-training-old/coordinate_transform' with type 'ros.ament_cmake' and name 'coordinate_transform'
[0.733s] Level 1:colcon.colcon_core.package_identification:_identify(src/software-training-old/localization) by extensions ['ignore', 'ignore_ament_install']
[0.734s] Level 1:colcon.colcon_core.package_identification:_identify(src/software-training-old/localization) by extension 'ignore'
[0.735s] Level 1:colcon.colcon_core.package_identification:_identify(src/software-training-old/localization) by extension 'ignore_ament_install'
[0.738s] Level 1:colcon.colcon_core.package_identification:_identify(src/software-training-old/localization) by extensions ['colcon_pkg']
[0.738s] Level 1:colcon.colcon_core.package_identification:_identify(src/software-training-old/localization) by extension 'colcon_pkg'
[0.739s] Level 1:colcon.colcon_core.package_identification:_identify(src/software-training-old/localization) by extensions ['colcon_meta']
[0.739s] Level 1:colcon.colcon_core.package_identification:_identify(src/software-training-old/localization) by extension 'colcon_meta'
[0.742s] Level 1:colcon.colcon_core.package_identification:_identify(src/software-training-old/localization) by extensions ['ros']
[0.742s] Level 1:colcon.colcon_core.package_identification:_identify(src/software-training-old/localization) by extension 'ros'
[0.758s] DEBUG:colcon.colcon_core.package_identification:Package 'src/software-training-old/localization' with type 'ros.ament_cmake' and name 'localization'
[0.764s] Level 1:colcon.colcon_core.package_identification:_identify(src/software-training-old/mapping) by extensions ['ignore', 'ignore_ament_install']
[0.764s] Level 1:colcon.colcon_core.package_identification:_identify(src/software-training-old/mapping) by extension 'ignore'
[0.766s] Level 1:colcon.colcon_core.package_identification:_identify(src/software-training-old/mapping) by extension 'ignore_ament_install'
[0.768s] Level 1:colcon.colcon_core.package_identification:_identify(src/software-training-old/mapping) by extensions ['colcon_pkg']
[0.768s] Level 1:colcon.colcon_core.package_identification:_identify(src/software-training-old/mapping) by extension 'colcon_pkg'
[0.770s] Level 1:colcon.colcon_core.package_identification:_identify(src/software-training-old/mapping) by extensions ['colcon_meta']
[0.770s] Level 1:colcon.colcon_core.package_identification:_identify(src/software-training-old/mapping) by extension 'colcon_meta'
[0.773s] Level 1:colcon.colcon_core.package_identification:_identify(src/software-training-old/mapping) by extensions ['ros']
[0.773s] Level 1:colcon.colcon_core.package_identification:_identify(src/software-training-old/mapping) by extension 'ros'
[0.787s] DEBUG:colcon.colcon_core.package_identification:Package 'src/software-training-old/mapping' with type 'ros.ament_cmake' and name 'mapping'
[0.793s] Level 1:colcon.colcon_core.package_identification:_identify(src/software-training-old/mineral_deposit_tracking) by extensions ['ignore', 'ignore_ament_install']
[0.793s] Level 1:colcon.colcon_core.package_identification:_identify(src/software-training-old/mineral_deposit_tracking) by extension 'ignore'
[0.795s] Level 1:colcon.colcon_core.package_identification:_identify(src/software-training-old/mineral_deposit_tracking) by extension 'ignore_ament_install'
[0.797s] Level 1:colcon.colcon_core.package_identification:_identify(src/software-training-old/mineral_deposit_tracking) by extensions ['colcon_pkg']
[0.798s] Level 1:colcon.colcon_core.package_identification:_identify(src/software-training-old/mineral_deposit_tracking) by extension 'colcon_pkg'
[0.800s] Level 1:colcon.colcon_core.package_identification:_identify(src/software-training-old/mineral_deposit_tracking) by extensions ['colcon_meta']
[0.800s] Level 1:colcon.colcon_core.package_identification:_identify(src/software-training-old/mineral_deposit_tracking) by extension 'colcon_meta'
[0.802s] Level 1:colcon.colcon_core.package_identification:_identify(src/software-training-old/mineral_deposit_tracking) by extensions ['ros']
[0.803s] Level 1:colcon.colcon_core.package_identification:_identify(src/software-training-old/mineral_deposit_tracking) by extension 'ros'
[0.817s] DEBUG:colcon.colcon_core.package_identification:Package 'src/software-training-old/mineral_deposit_tracking' with type 'ros.ament_cmake' and name 'mineral_deposit_tracking'
[0.823s] Level 1:colcon.colcon_core.package_identification:_identify(src/software-training-old/obstacle_detector) by extensions ['ignore', 'ignore_ament_install']
[0.823s] Level 1:colcon.colcon_core.package_identification:_identify(src/software-training-old/obstacle_detector) by extension 'ignore'
[0.824s] Level 1:colcon.colcon_core.package_identification:_identify(src/software-training-old/obstacle_detector) by extension 'ignore_ament_install'
[0.827s] Level 1:colcon.colcon_core.package_identification:_identify(src/software-training-old/obstacle_detector) by extensions ['colcon_pkg']
[0.827s] Level 1:colcon.colcon_core.package_identification:_identify(src/software-training-old/obstacle_detector) by extension 'colcon_pkg'
[0.828s] Level 1:colcon.colcon_core.package_identification:_identify(src/software-training-old/obstacle_detector) by extensions ['colcon_meta']
[0.829s] Level 1:colcon.colcon_core.package_identification:_identify(src/software-training-old/obstacle_detector) by extension 'colcon_meta'
[0.831s] Level 1:colcon.colcon_core.package_identification:_identify(src/software-training-old/obstacle_detector) by extensions ['ros']
[0.831s] Level 1:colcon.colcon_core.package_identification:_identify(src/software-training-old/obstacle_detector) by extension 'ros'
[0.846s] DEBUG:colcon.colcon_core.package_identification:Package 'src/software-training-old/obstacle_detector' with type 'ros.ament_cmake' and name 'obstacle_detector'
[0.852s] Level 1:colcon.colcon_core.package_identification:_identify(src/software-training-old/peak_finder) by extensions ['ignore', 'ignore_ament_install']
[0.852s] Level 1:colcon.colcon_core.package_identification:_identify(src/software-training-old/peak_finder) by extension 'ignore'
[0.853s] Level 1:colcon.colcon_core.package_identification:_identify(src/software-training-old/peak_finder) by extension 'ignore_ament_install'
[0.856s] Level 1:colcon.colcon_core.package_identification:_identify(src/software-training-old/peak_finder) by extensions ['colcon_pkg']
[0.856s] Level 1:colcon.colcon_core.package_identification:_identify(src/software-training-old/peak_finder) by extension 'colcon_pkg'
[0.857s] Level 1:colcon.colcon_core.package_identification:_identify(src/software-training-old/peak_finder) by extensions ['colcon_meta']
[0.858s] Level 1:colcon.colcon_core.package_identification:_identify(src/software-training-old/peak_finder) by extension 'colcon_meta'
[0.860s] Level 1:colcon.colcon_core.package_identification:_identify(src/software-training-old/peak_finder) by extensions ['ros']
[0.860s] Level 1:colcon.colcon_core.package_identification:_identify(src/software-training-old/peak_finder) by extension 'ros'
[0.875s] DEBUG:colcon.colcon_core.package_identification:Package 'src/software-training-old/peak_finder' with type 'ros.ament_cmake' and name 'peak_finder'
[0.881s] Level 1:colcon.colcon_core.package_identification:_identify(src/software-training-old/projects) by extensions ['ignore', 'ignore_ament_install']
[0.881s] Level 1:colcon.colcon_core.package_identification:_identify(src/software-training-old/projects) by extension 'ignore'
[0.883s] Level 1:colcon.colcon_core.package_identification:_identify(src/software-training-old/projects) by extension 'ignore_ament_install'
[0.885s] Level 1:colcon.colcon_core.package_identification:_identify(src/software-training-old/projects) by extensions ['colcon_pkg']
[0.885s] Level 1:colcon.colcon_core.package_identification:_identify(src/software-training-old/projects) by extension 'colcon_pkg'
[0.886s] Level 1:colcon.colcon_core.package_identification:_identify(src/software-training-old/projects) by extensions ['colcon_meta']
[0.887s] Level 1:colcon.colcon_core.package_identification:_identify(src/software-training-old/projects) by extension 'colcon_meta'
[0.889s] Level 1:colcon.colcon_core.package_identification:_identify(src/software-training-old/projects) by extensions ['ros']
[0.890s] Level 1:colcon.colcon_core.package_identification:_identify(src/software-training-old/projects) by extension 'ros'
[0.895s] Level 1:colcon.colcon_core.package_identification:_identify(src/software-training-old/projects) by extensions ['cmake', 'python']
[0.895s] Level 1:colcon.colcon_core.package_identification:_identify(src/software-training-old/projects) by extension 'cmake'
[0.897s] Level 1:colcon.colcon_core.package_identification:_identify(src/software-training-old/projects) by extension 'python'
[0.898s] Level 1:colcon.colcon_core.package_identification:_identify(src/software-training-old/projects) by extensions ['python_setup_py']
[0.899s] Level 1:colcon.colcon_core.package_identification:_identify(src/software-training-old/projects) by extension 'python_setup_py'
[0.906s] Level 1:colcon.colcon_core.package_identification:_identify(src/software-training-old/projects/week_1) by extensions ['ignore', 'ignore_ament_install']
[0.907s] Level 1:colcon.colcon_core.package_identification:_identify(src/software-training-old/projects/week_1) by extension 'ignore'
[0.909s] Level 1:colcon.colcon_core.package_identification:_identify(src/software-training-old/projects/week_1) by extension 'ignore_ament_install'
[0.912s] Level 1:colcon.colcon_core.package_identification:_identify(src/software-training-old/projects/week_1) by extensions ['colcon_pkg']
[0.912s] Level 1:colcon.colcon_core.package_identification:_identify(src/software-training-old/projects/week_1) by extension 'colcon_pkg'
[0.914s] Level 1:colcon.colcon_core.package_identification:_identify(src/software-training-old/projects/week_1) by extensions ['colcon_meta']
[0.914s] Level 1:colcon.colcon_core.package_identification:_identify(src/software-training-old/projects/week_1) by extension 'colcon_meta'
[0.918s] Level 1:colcon.colcon_core.package_identification:_identify(src/software-training-old/projects/week_1) by extensions ['ros']
[0.919s] Level 1:colcon.colcon_core.package_identification:_identify(src/software-training-old/projects/week_1) by extension 'ros'
[0.926s] Level 1:colcon.colcon_core.package_identification:_identify(src/software-training-old/projects/week_1) by extensions ['cmake', 'python']
[0.926s] Level 1:colcon.colcon_core.package_identification:_identify(src/software-training-old/projects/week_1) by extension 'cmake'
[0.928s] Level 1:colcon.colcon_core.package_identification:_identify(src/software-training-old/projects/week_1) by extension 'python'
[0.930s] Level 1:colcon.colcon_core.package_identification:_identify(src/software-training-old/projects/week_1) by extensions ['python_setup_py']
[0.930s] Level 1:colcon.colcon_core.package_identification:_identify(src/software-training-old/projects/week_1) by extension 'python_setup_py'
[0.938s] Level 1:colcon.colcon_core.package_identification:_identify(src/software-training-old/projects/week_2) by extensions ['ignore', 'ignore_ament_install']
[0.939s] Level 1:colcon.colcon_core.package_identification:_identify(src/software-training-old/projects/week_2) by extension 'ignore'
[0.941s] Level 1:colcon.colcon_core.package_identification:_identify(src/software-training-old/projects/week_2) by extension 'ignore_ament_install'
[0.944s] Level 1:colcon.colcon_core.package_identification:_identify(src/software-training-old/projects/week_2) by extensions ['colcon_pkg']
[0.944s] Level 1:colcon.colcon_core.package_identification:_identify(src/software-training-old/projects/week_2) by extension 'colcon_pkg'
[0.946s] Level 1:colcon.colcon_core.package_identification:_identify(src/software-training-old/projects/week_2) by extensions ['colcon_meta']
[0.946s] Level 1:colcon.colcon_core.package_identification:_identify(src/software-training-old/projects/week_2) by extension 'colcon_meta'
[0.951s] Level 1:colcon.colcon_core.package_identification:_identify(src/software-training-old/projects/week_2) by extensions ['ros']
[0.951s] Level 1:colcon.colcon_core.package_identification:_identify(src/software-training-old/projects/week_2) by extension 'ros'
[0.958s] Level 1:colcon.colcon_core.package_identification:_identify(src/software-training-old/projects/week_2) by extensions ['cmake', 'python']
[0.958s] Level 1:colcon.colcon_core.package_identification:_identify(src/software-training-old/projects/week_2) by extension 'cmake'
[0.960s] Level 1:colcon.colcon_core.package_identification:_identify(src/software-training-old/projects/week_2) by extension 'python'
[0.962s] Level 1:colcon.colcon_core.package_identification:_identify(src/software-training-old/projects/week_2) by extensions ['python_setup_py']
[0.962s] Level 1:colcon.colcon_core.package_identification:_identify(src/software-training-old/projects/week_2) by extension 'python_setup_py'
[0.970s] Level 1:colcon.colcon_core.package_identification:_identify(src/software-training-old/projects/week_3) by extensions ['ignore', 'ignore_ament_install']
[0.971s] Level 1:colcon.colcon_core.package_identification:_identify(src/software-training-old/projects/week_3) by extension 'ignore'
[0.972s] Level 1:colcon.colcon_core.package_identification:_identify(src/software-training-old/projects/week_3) by extension 'ignore_ament_install'
[0.975s] Level 1:colcon.colcon_core.package_identification:_identify(src/software-training-old/projects/week_3) by extensions ['colcon_pkg']
[0.976s] Level 1:colcon.colcon_core.package_identification:_identify(src/software-training-old/projects/week_3) by extension 'colcon_pkg'
[0.977s] Level 1:colcon.colcon_core.package_identification:_identify(src/software-training-old/projects/week_3) by extensions ['colcon_meta']
[0.977s] Level 1:colcon.colcon_core.package_identification:_identify(src/software-training-old/projects/week_3) by extension 'colcon_meta'
[0.982s] Level 1:colcon.colcon_core.package_identification:_identify(src/software-training-old/projects/week_3) by extensions ['ros']
[0.982s] Level 1:colcon.colcon_core.package_identification:_identify(src/software-training-old/projects/week_3) by extension 'ros'
[0.990s] Level 1:colcon.colcon_core.package_identification:_identify(src/software-training-old/projects/week_3) by extensions ['cmake', 'python']
[0.990s] Level 1:colcon.colcon_core.package_identification:_identify(src/software-training-old/projects/week_3) by extension 'cmake'
[0.992s] Level 1:colcon.colcon_core.package_identification:_identify(src/software-training-old/projects/week_3) by extension 'python'
[0.993s] Level 1:colcon.colcon_core.package_identification:_identify(src/software-training-old/projects/week_3) by extensions ['python_setup_py']
[0.994s] Level 1:colcon.colcon_core.package_identification:_identify(src/software-training-old/projects/week_3) by extension 'python_setup_py'
[1.002s] Level 1:colcon.colcon_core.package_identification:_identify(src/software-training-old/projects/week_4) by extensions ['ignore', 'ignore_ament_install']
[1.002s] Level 1:colcon.colcon_core.package_identification:_identify(src/software-training-old/projects/week_4) by extension 'ignore'
[1.004s] Level 1:colcon.colcon_core.package_identification:_identify(src/software-training-old/projects/week_4) by extension 'ignore_ament_install'
[1.007s] Level 1:colcon.colcon_core.package_identification:_identify(src/software-training-old/projects/week_4) by extensions ['colcon_pkg']
[1.007s] Level 1:colcon.colcon_core.package_identification:_identify(src/software-training-old/projects/week_4) by extension 'colcon_pkg'
[1.009s] Level 1:colcon.colcon_core.package_identification:_identify(src/software-training-old/projects/week_4) by extensions ['colcon_meta']
[1.009s] Level 1:colcon.colcon_core.package_identification:_identify(src/software-training-old/projects/week_4) by extension 'colcon_meta'
[1.013s] Level 1:colcon.colcon_core.package_identification:_identify(src/software-training-old/projects/week_4) by extensions ['ros']
[1.013s] Level 1:colcon.colcon_core.package_identification:_identify(src/software-training-old/projects/week_4) by extension 'ros'
[1.021s] Level 1:colcon.colcon_core.package_identification:_identify(src/software-training-old/projects/week_4) by extensions ['cmake', 'python']
[1.022s] Level 1:colcon.colcon_core.package_identification:_identify(src/software-training-old/projects/week_4) by extension 'cmake'
[1.023s] Level 1:colcon.colcon_core.package_identification:_identify(src/software-training-old/projects/week_4) by extension 'python'
[1.025s] Level 1:colcon.colcon_core.package_identification:_identify(src/software-training-old/projects/week_4) by extensions ['python_setup_py']
[1.025s] Level 1:colcon.colcon_core.package_identification:_identify(src/software-training-old/projects/week_4) by extension 'python_setup_py'
[1.033s] Level 1:colcon.colcon_core.package_identification:_identify(src/software-training-old/projects/week_5) by extensions ['ignore', 'ignore_ament_install']
[1.034s] Level 1:colcon.colcon_core.package_identification:_identify(src/software-training-old/projects/week_5) by extension 'ignore'
[1.036s] Level 1:colcon.colcon_core.package_identification:_identify(src/software-training-old/projects/week_5) by extension 'ignore_ament_install'
[1.039s] Level 1:colcon.colcon_core.package_identification:_identify(src/software-training-old/projects/week_5) by extensions ['colcon_pkg']
[1.039s] Level 1:colcon.colcon_core.package_identification:_identify(src/software-training-old/projects/week_5) by extension 'colcon_pkg'
[1.041s] Level 1:colcon.colcon_core.package_identification:_identify(src/software-training-old/projects/week_5) by extensions ['colcon_meta']
[1.041s] Level 1:colcon.colcon_core.package_identification:_identify(src/software-training-old/projects/week_5) by extension 'colcon_meta'
[1.045s] Level 1:colcon.colcon_core.package_identification:_identify(src/software-training-old/projects/week_5) by extensions ['ros']
[1.045s] Level 1:colcon.colcon_core.package_identification:_identify(src/software-training-old/projects/week_5) by extension 'ros'
[1.054s] Level 1:colcon.colcon_core.package_identification:_identify(src/software-training-old/projects/week_5) by extensions ['cmake', 'python']
[1.054s] Level 1:colcon.colcon_core.package_identification:_identify(src/software-training-old/projects/week_5) by extension 'cmake'
[1.056s] Level 1:colcon.colcon_core.package_identification:_identify(src/software-training-old/projects/week_5) by extension 'python'
[1.058s] Level 1:colcon.colcon_core.package_identification:_identify(src/software-training-old/projects/week_5) by extensions ['python_setup_py']
[1.058s] Level 1:colcon.colcon_core.package_identification:_identify(src/software-training-old/projects/week_5) by extension 'python_setup_py'
[1.066s] Level 1:colcon.colcon_core.package_identification:_identify(src/software-training-old/projects/week_6) by extensions ['ignore', 'ignore_ament_install']
[1.067s] Level 1:colcon.colcon_core.package_identification:_identify(src/software-training-old/projects/week_6) by extension 'ignore'
[1.069s] Level 1:colcon.colcon_core.package_identification:_identify(src/software-training-old/projects/week_6) by extension 'ignore_ament_install'
[1.072s] Level 1:colcon.colcon_core.package_identification:_identify(src/software-training-old/projects/week_6) by extensions ['colcon_pkg']
[1.072s] Level 1:colcon.colcon_core.package_identification:_identify(src/software-training-old/projects/week_6) by extension 'colcon_pkg'
[1.074s] Level 1:colcon.colcon_core.package_identification:_identify(src/software-training-old/projects/week_6) by extensions ['colcon_meta']
[1.074s] Level 1:colcon.colcon_core.package_identification:_identify(src/software-training-old/projects/week_6) by extension 'colcon_meta'
[1.078s] Level 1:colcon.colcon_core.package_identification:_identify(src/software-training-old/projects/week_6) by extensions ['ros']
[1.078s] Level 1:colcon.colcon_core.package_identification:_identify(src/software-training-old/projects/week_6) by extension 'ros'
[1.086s] Level 1:colcon.colcon_core.package_identification:_identify(src/software-training-old/projects/week_6) by extensions ['cmake', 'python']
[1.087s] Level 1:colcon.colcon_core.package_identification:_identify(src/software-training-old/projects/week_6) by extension 'cmake'
[1.088s] Level 1:colcon.colcon_core.package_identification:_identify(src/software-training-old/projects/week_6) by extension 'python'
[1.090s] Level 1:colcon.colcon_core.package_identification:_identify(src/software-training-old/projects/week_6) by extensions ['python_setup_py']
[1.090s] Level 1:colcon.colcon_core.package_identification:_identify(src/software-training-old/projects/week_6) by extension 'python_setup_py'
[1.098s] Level 1:colcon.colcon_core.package_identification:_identify(src/software-training-old/projects/week_7) by extensions ['ignore', 'ignore_ament_install']
[1.098s] Level 1:colcon.colcon_core.package_identification:_identify(src/software-training-old/projects/week_7) by extension 'ignore'
[1.101s] Level 1:colcon.colcon_core.package_identification:_identify(src/software-training-old/projects/week_7) by extension 'ignore_ament_install'
[1.104s] Level 1:colcon.colcon_core.package_identification:_identify(src/software-training-old/projects/week_7) by extensions ['colcon_pkg']
[1.104s] Level 1:colcon.colcon_core.package_identification:_identify(src/software-training-old/projects/week_7) by extension 'colcon_pkg'
[1.106s] Level 1:colcon.colcon_core.package_identification:_identify(src/software-training-old/projects/week_7) by extensions ['colcon_meta']
[1.106s] Level 1:colcon.colcon_core.package_identification:_identify(src/software-training-old/projects/week_7) by extension 'colcon_meta'
[1.110s] Level 1:colcon.colcon_core.package_identification:_identify(src/software-training-old/projects/week_7) by extensions ['ros']
[1.110s] Level 1:colcon.colcon_core.package_identification:_identify(src/software-training-old/projects/week_7) by extension 'ros'
[1.119s] Level 1:colcon.colcon_core.package_identification:_identify(src/software-training-old/projects/week_7) by extensions ['cmake', 'python']
[1.119s] Level 1:colcon.colcon_core.package_identification:_identify(src/software-training-old/projects/week_7) by extension 'cmake'
[1.121s] Level 1:colcon.colcon_core.package_identification:_identify(src/software-training-old/projects/week_7) by extension 'python'
[1.122s] Level 1:colcon.colcon_core.package_identification:_identify(src/software-training-old/projects/week_7) by extensions ['python_setup_py']
[1.122s] Level 1:colcon.colcon_core.package_identification:_identify(src/software-training-old/projects/week_7) by extension 'python_setup_py'
[1.130s] Level 1:colcon.colcon_core.package_identification:_identify(src/software-training-old/projects/week_8) by extensions ['ignore', 'ignore_ament_install']
[1.131s] Level 1:colcon.colcon_core.package_identification:_identify(src/software-training-old/projects/week_8) by extension 'ignore'
[1.133s] Level 1:colcon.colcon_core.package_identification:_identify(src/software-training-old/projects/week_8) by extension 'ignore_ament_install'
[1.138s] Level 1:colcon.colcon_core.package_identification:_identify(src/software-training-old/projects/week_8) by extensions ['colcon_pkg']
[1.138s] Level 1:colcon.colcon_core.package_identification:_identify(src/software-training-old/projects/week_8) by extension 'colcon_pkg'
[1.140s] Level 1:colcon.colcon_core.package_identification:_identify(src/software-training-old/projects/week_8) by extensions ['colcon_meta']
[1.140s] Level 1:colcon.colcon_core.package_identification:_identify(src/software-training-old/projects/week_8) by extension 'colcon_meta'
[1.144s] Level 1:colcon.colcon_core.package_identification:_identify(src/software-training-old/projects/week_8) by extensions ['ros']
[1.144s] Level 1:colcon.colcon_core.package_identification:_identify(src/software-training-old/projects/week_8) by extension 'ros'
[1.162s] Level 1:colcon.colcon_core.package_identification:_identify(src/software-training-old/projects/week_8) by extensions ['cmake', 'python']
[1.163s] Level 1:colcon.colcon_core.package_identification:_identify(src/software-training-old/projects/week_8) by extension 'cmake'
[1.166s] Level 1:colcon.colcon_core.package_identification:_identify(src/software-training-old/projects/week_8) by extension 'python'
[1.169s] Level 1:colcon.colcon_core.package_identification:_identify(src/software-training-old/projects/week_8) by extensions ['python_setup_py']
[1.169s] Level 1:colcon.colcon_core.package_identification:_identify(src/software-training-old/projects/week_8) by extension 'python_setup_py'
[1.177s] Level 1:colcon.colcon_core.package_identification:_identify(src/software-training-old/reference_solutions) by extensions ['ignore', 'ignore_ament_install']
[1.178s] Level 1:colcon.colcon_core.package_identification:_identify(src/software-training-old/reference_solutions) by extension 'ignore'
[1.180s] Level 1:colcon.colcon_core.package_identification:_identify(src/software-training-old/reference_solutions) ignored
[1.187s] Level 1:colcon.colcon_core.package_identification:_identify(src/software-training-old/rj_training_bringup) by extensions ['ignore', 'ignore_ament_install']
[1.188s] Level 1:colcon.colcon_core.package_identification:_identify(src/software-training-old/rj_training_bringup) by extension 'ignore'
[1.189s] Level 1:colcon.colcon_core.package_identification:_identify(src/software-training-old/rj_training_bringup) by extension 'ignore_ament_install'
[1.192s] Level 1:colcon.colcon_core.package_identification:_identify(src/software-training-old/rj_training_bringup) by extensions ['colcon_pkg']
[1.192s] Level 1:colcon.colcon_core.package_identification:_identify(src/software-training-old/rj_training_bringup) by extension 'colcon_pkg'
[1.193s] Level 1:colcon.colcon_core.package_identification:_identify(src/software-training-old/rj_training_bringup) by extensions ['colcon_meta']
[1.193s] Level 1:colcon.colcon_core.package_identification:_identify(src/software-training-old/rj_training_bringup) by extension 'colcon_meta'
[1.197s] Level 1:colcon.colcon_core.package_identification:_identify(src/software-training-old/rj_training_bringup) by extensions ['ros']
[1.197s] Level 1:colcon.colcon_core.package_identification:_identify(src/software-training-old/rj_training_bringup) by extension 'ros'
[1.213s] DEBUG:colcon.colcon_core.package_identification:Package 'src/software-training-old/rj_training_bringup' with type 'ros.ament_cmake' and name 'rj_training_bringup'
[1.218s] Level 1:colcon.colcon_core.package_identification:_identify(src/software-training-old/setup_instructons) by extensions ['ignore', 'ignore_ament_install']
[1.219s] Level 1:colcon.colcon_core.package_identification:_identify(src/software-training-old/setup_instructons) by extension 'ignore'
[1.220s] Level 1:colcon.colcon_core.package_identification:_identify(src/software-training-old/setup_instructons) by extension 'ignore_ament_install'
[1.223s] Level 1:colcon.colcon_core.package_identification:_identify(src/software-training-old/setup_instructons) by extensions ['colcon_pkg']
[1.223s] Level 1:colcon.colcon_core.package_identification:_identify(src/software-training-old/setup_instructons) by extension 'colcon_pkg'
[1.224s] Level 1:colcon.colcon_core.package_identification:_identify(src/software-training-old/setup_instructons) by extensions ['colcon_meta']
[1.224s] Level 1:colcon.colcon_core.package_identification:_identify(src/software-training-old/setup_instructons) by extension 'colcon_meta'
[1.227s] Level 1:colcon.colcon_core.package_identification:_identify(src/software-training-old/setup_instructons) by extensions ['ros']
[1.227s] Level 1:colcon.colcon_core.package_identification:_identify(src/software-training-old/setup_instructons) by extension 'ros'
[1.234s] Level 1:colcon.colcon_core.package_identification:_identify(src/software-training-old/setup_instructons) by extensions ['cmake', 'python']
[1.234s] Level 1:colcon.colcon_core.package_identification:_identify(src/software-training-old/setup_instructons) by extension 'cmake'
[1.235s] Level 1:colcon.colcon_core.package_identification:_identify(src/software-training-old/setup_instructons) by extension 'python'
[1.237s] Level 1:colcon.colcon_core.package_identification:_identify(src/software-training-old/setup_instructons) by extensions ['python_setup_py']
[1.237s] Level 1:colcon.colcon_core.package_identification:_identify(src/software-training-old/setup_instructons) by extension 'python_setup_py'
[1.241s] Level 1:colcon.colcon_core.package_identification:_identify(src/stsl) by extensions ['ignore', 'ignore_ament_install']
[1.242s] Level 1:colcon.colcon_core.package_identification:_identify(src/stsl) by extension 'ignore'
[1.243s] Level 1:colcon.colcon_core.package_identification:_identify(src/stsl) by extension 'ignore_ament_install'
[1.245s] Level 1:colcon.colcon_core.package_identification:_identify(src/stsl) by extensions ['colcon_pkg']
[1.245s] Level 1:colcon.colcon_core.package_identification:_identify(src/stsl) by extension 'colcon_pkg'
[1.246s] Level 1:colcon.colcon_core.package_identification:_identify(src/stsl) by extensions ['colcon_meta']
[1.246s] Level 1:colcon.colcon_core.package_identification:_identify(src/stsl) by extension 'colcon_meta'
[1.247s] Level 1:colcon.colcon_core.package_identification:_identify(src/stsl) by extensions ['ros']
[1.248s] Level 1:colcon.colcon_core.package_identification:_identify(src/stsl) by extension 'ros'
[1.252s] Level 1:colcon.colcon_core.package_identification:_identify(src/stsl) by extensions ['cmake', 'python']
[1.252s] Level 1:colcon.colcon_core.package_identification:_identify(src/stsl) by extension 'cmake'
[1.253s] Level 1:colcon.colcon_core.package_identification:_identify(src/stsl) by extension 'python'
[1.254s] Level 1:colcon.colcon_core.package_identification:_identify(src/stsl) by extensions ['python_setup_py']
[1.255s] Level 1:colcon.colcon_core.package_identification:_identify(src/stsl) by extension 'python_setup_py'
[1.261s] Level 1:colcon.colcon_core.package_identification:_identify(src/stsl/deployment) by extensions ['ignore', 'ignore_ament_install']
[1.262s] Level 1:colcon.colcon_core.package_identification:_identify(src/stsl/deployment) by extension 'ignore'
[1.263s] Level 1:colcon.colcon_core.package_identification:_identify(src/stsl/deployment) by extension 'ignore_ament_install'
[1.266s] Level 1:colcon.colcon_core.package_identification:_identify(src/stsl/deployment) by extensions ['colcon_pkg']
[1.266s] Level 1:colcon.colcon_core.package_identification:_identify(src/stsl/deployment) by extension 'colcon_pkg'
[1.267s] Level 1:colcon.colcon_core.package_identification:_identify(src/stsl/deployment) by extensions ['colcon_meta']
[1.268s] Level 1:colcon.colcon_core.package_identification:_identify(src/stsl/deployment) by extension 'colcon_meta'
[1.270s] Level 1:colcon.colcon_core.package_identification:_identify(src/stsl/deployment) by extensions ['ros']
[1.271s] Level 1:colcon.colcon_core.package_identification:_identify(src/stsl/deployment) by extension 'ros'
[1.276s] Level 1:colcon.colcon_core.package_identification:_identify(src/stsl/deployment) by extensions ['cmake', 'python']
[1.277s] Level 1:colcon.colcon_core.package_identification:_identify(src/stsl/deployment) by extension 'cmake'
[1.278s] Level 1:colcon.colcon_core.package_identification:_identify(src/stsl/deployment) by extension 'python'
[1.280s] Level 1:colcon.colcon_core.package_identification:_identify(src/stsl/deployment) by extensions ['python_setup_py']
[1.280s] Level 1:colcon.colcon_core.package_identification:_identify(src/stsl/deployment) by extension 'python_setup_py'
[1.288s] Level 1:colcon.colcon_core.package_identification:_identify(src/stsl/deployment/package_generation) by extensions ['ignore', 'ignore_ament_install']
[1.288s] Level 1:colcon.colcon_core.package_identification:_identify(src/stsl/deployment/package_generation) by extension 'ignore'
[1.290s] Level 1:colcon.colcon_core.package_identification:_identify(src/stsl/deployment/package_generation) by extension 'ignore_ament_install'
[1.293s] Level 1:colcon.colcon_core.package_identification:_identify(src/stsl/deployment/package_generation) by extensions ['colcon_pkg']
[1.294s] Level 1:colcon.colcon_core.package_identification:_identify(src/stsl/deployment/package_generation) by extension 'colcon_pkg'
[1.295s] Level 1:colcon.colcon_core.package_identification:_identify(src/stsl/deployment/package_generation) by extensions ['colcon_meta']
[1.295s] Level 1:colcon.colcon_core.package_identification:_identify(src/stsl/deployment/package_generation) by extension 'colcon_meta'
[1.300s] Level 1:colcon.colcon_core.package_identification:_identify(src/stsl/deployment/package_generation) by extensions ['ros']
[1.300s] Level 1:colcon.colcon_core.package_identification:_identify(src/stsl/deployment/package_generation) by extension 'ros'
[1.307s] Level 1:colcon.colcon_core.package_identification:_identify(src/stsl/deployment/package_generation) by extensions ['cmake', 'python']
[1.308s] Level 1:colcon.colcon_core.package_identification:_identify(src/stsl/deployment/package_generation) by extension 'cmake'
[1.309s] Level 1:colcon.colcon_core.package_identification:_identify(src/stsl/deployment/package_generation) by extension 'python'
[1.311s] Level 1:colcon.colcon_core.package_identification:_identify(src/stsl/deployment/package_generation) by extensions ['python_setup_py']
[1.312s] Level 1:colcon.colcon_core.package_identification:_identify(src/stsl/deployment/package_generation) by extension 'python_setup_py'
[1.320s] Level 1:colcon.colcon_core.package_identification:_identify(src/stsl/deployment/package_hosting) by extensions ['ignore', 'ignore_ament_install']
[1.320s] Level 1:colcon.colcon_core.package_identification:_identify(src/stsl/deployment/package_hosting) by extension 'ignore'
[1.322s] Level 1:colcon.colcon_core.package_identification:_identify(src/stsl/deployment/package_hosting) by extension 'ignore_ament_install'
[1.325s] Level 1:colcon.colcon_core.package_identification:_identify(src/stsl/deployment/package_hosting) by extensions ['colcon_pkg']
[1.325s] Level 1:colcon.colcon_core.package_identification:_identify(src/stsl/deployment/package_hosting) by extension 'colcon_pkg'
[1.327s] Level 1:colcon.colcon_core.package_identification:_identify(src/stsl/deployment/package_hosting) by extensions ['colcon_meta']
[1.327s] Level 1:colcon.colcon_core.package_identification:_identify(src/stsl/deployment/package_hosting) by extension 'colcon_meta'
[1.331s] Level 1:colcon.colcon_core.package_identification:_identify(src/stsl/deployment/package_hosting) by extensions ['ros']
[1.331s] Level 1:colcon.colcon_core.package_identification:_identify(src/stsl/deployment/package_hosting) by extension 'ros'
[1.339s] Level 1:colcon.colcon_core.package_identification:_identify(src/stsl/deployment/package_hosting) by extensions ['cmake', 'python']
[1.339s] Level 1:colcon.colcon_core.package_identification:_identify(src/stsl/deployment/package_hosting) by extension 'cmake'
[1.341s] Level 1:colcon.colcon_core.package_identification:_identify(src/stsl/deployment/package_hosting) by extension 'python'
[1.343s] Level 1:colcon.colcon_core.package_identification:_identify(src/stsl/deployment/package_hosting) by extensions ['python_setup_py']
[1.343s] Level 1:colcon.colcon_core.package_identification:_identify(src/stsl/deployment/package_hosting) by extension 'python_setup_py'
[1.349s] Level 1:colcon.colcon_core.package_identification:_identify(src/stsl/elevation_server) by extensions ['ignore', 'ignore_ament_install']
[1.349s] Level 1:colcon.colcon_core.package_identification:_identify(src/stsl/elevation_server) by extension 'ignore'
[1.351s] Level 1:colcon.colcon_core.package_identification:_identify(src/stsl/elevation_server) by extension 'ignore_ament_install'
[1.354s] Level 1:colcon.colcon_core.package_identification:_identify(src/stsl/elevation_server) by extensions ['colcon_pkg']
[1.354s] Level 1:colcon.colcon_core.package_identification:_identify(src/stsl/elevation_server) by extension 'colcon_pkg'
[1.355s] Level 1:colcon.colcon_core.package_identification:_identify(src/stsl/elevation_server) by extensions ['colcon_meta']
[1.356s] Level 1:colcon.colcon_core.package_identification:_identify(src/stsl/elevation_server) by extension 'colcon_meta'
[1.358s] Level 1:colcon.colcon_core.package_identification:_identify(src/stsl/elevation_server) by extensions ['ros']
[1.358s] Level 1:colcon.colcon_core.package_identification:_identify(src/stsl/elevation_server) by extension 'ros'
[1.373s] DEBUG:colcon.colcon_core.package_identification:Package 'src/stsl/elevation_server' with type 'ros.ament_cmake' and name 'elevation_server'
[1.378s] Level 1:colcon.colcon_core.package_identification:_identify(src/stsl/mineral_deposit_detection) by extensions ['ignore', 'ignore_ament_install']
[1.378s] Level 1:colcon.colcon_core.package_identification:_identify(src/stsl/mineral_deposit_detection) by extension 'ignore'
[1.380s] Level 1:colcon.colcon_core.package_identification:_identify(src/stsl/mineral_deposit_detection) by extension 'ignore_ament_install'
[1.382s] Level 1:colcon.colcon_core.package_identification:_identify(src/stsl/mineral_deposit_detection) by extensions ['colcon_pkg']
[1.383s] Level 1:colcon.colcon_core.package_identification:_identify(src/stsl/mineral_deposit_detection) by extension 'colcon_pkg'
[1.384s] Level 1:colcon.colcon_core.package_identification:_identify(src/stsl/mineral_deposit_detection) by extensions ['colcon_meta']
[1.385s] Level 1:colcon.colcon_core.package_identification:_identify(src/stsl/mineral_deposit_detection) by extension 'colcon_meta'
[1.387s] Level 1:colcon.colcon_core.package_identification:_identify(src/stsl/mineral_deposit_detection) by extensions ['ros']
[1.387s] Level 1:colcon.colcon_core.package_identification:_identify(src/stsl/mineral_deposit_detection) by extension 'ros'
[1.402s] DEBUG:colcon.colcon_core.package_identification:Package 'src/stsl/mineral_deposit_detection' with type 'ros.ament_cmake' and name 'mineral_deposit_detection'
[1.407s] Level 1:colcon.colcon_core.package_identification:_identify(src/stsl/mission_orchestration) by extensions ['ignore', 'ignore_ament_install']
[1.407s] Level 1:colcon.colcon_core.package_identification:_identify(src/stsl/mission_orchestration) by extension 'ignore'
[1.408s] Level 1:colcon.colcon_core.package_identification:_identify(src/stsl/mission_orchestration) by extension 'ignore_ament_install'
[1.411s] Level 1:colcon.colcon_core.package_identification:_identify(src/stsl/mission_orchestration) by extensions ['colcon_pkg']
[1.411s] Level 1:colcon.colcon_core.package_identification:_identify(src/stsl/mission_orchestration) by extension 'colcon_pkg'
[1.413s] Level 1:colcon.colcon_core.package_identification:_identify(src/stsl/mission_orchestration) by extensions ['colcon_meta']
[1.413s] Level 1:colcon.colcon_core.package_identification:_identify(src/stsl/mission_orchestration) by extension 'colcon_meta'
[1.416s] Level 1:colcon.colcon_core.package_identification:_identify(src/stsl/mission_orchestration) by extensions ['ros']
[1.416s] Level 1:colcon.colcon_core.package_identification:_identify(src/stsl/mission_orchestration) by extension 'ros'
[1.431s] DEBUG:colcon.colcon_core.package_identification:Package 'src/stsl/mission_orchestration' with type 'ros.ament_cmake' and name 'mission_orchestration'
[1.437s] Level 1:colcon.colcon_core.package_identification:_identify(src/stsl/stsl_aruco_tags) by extensions ['ignore', 'ignore_ament_install']
[1.437s] Level 1:colcon.colcon_core.package_identification:_identify(src/stsl/stsl_aruco_tags) by extension 'ignore'
[1.439s] Level 1:colcon.colcon_core.package_identification:_identify(src/stsl/stsl_aruco_tags) by extension 'ignore_ament_install'
[1.441s] Level 1:colcon.colcon_core.package_identification:_identify(src/stsl/stsl_aruco_tags) by extensions ['colcon_pkg']
[1.441s] Level 1:colcon.colcon_core.package_identification:_identify(src/stsl/stsl_aruco_tags) by extension 'colcon_pkg'
[1.443s] Level 1:colcon.colcon_core.package_identification:_identify(src/stsl/stsl_aruco_tags) by extensions ['colcon_meta']
[1.443s] Level 1:colcon.colcon_core.package_identification:_identify(src/stsl/stsl_aruco_tags) by extension 'colcon_meta'
[1.445s] Level 1:colcon.colcon_core.package_identification:_identify(src/stsl/stsl_aruco_tags) by extensions ['ros']
[1.446s] Level 1:colcon.colcon_core.package_identification:_identify(src/stsl/stsl_aruco_tags) by extension 'ros'
[1.460s] DEBUG:colcon.colcon_core.package_identification:Package 'src/stsl/stsl_aruco_tags' with type 'ros.ament_cmake' and name 'stsl_aruco_tags'
[1.465s] Level 1:colcon.colcon_core.package_identification:_identify(src/stsl/stsl_bt_nodes) by extensions ['ignore', 'ignore_ament_install']
[1.466s] Level 1:colcon.colcon_core.package_identification:_identify(src/stsl/stsl_bt_nodes) by extension 'ignore'
[1.467s] Level 1:colcon.colcon_core.package_identification:_identify(src/stsl/stsl_bt_nodes) by extension 'ignore_ament_install'
[1.470s] Level 1:colcon.colcon_core.package_identification:_identify(src/stsl/stsl_bt_nodes) by extensions ['colcon_pkg']
[1.470s] Level 1:colcon.colcon_core.package_identification:_identify(src/stsl/stsl_bt_nodes) by extension 'colcon_pkg'
[1.471s] Level 1:colcon.colcon_core.package_identification:_identify(src/stsl/stsl_bt_nodes) by extensions ['colcon_meta']
[1.471s] Level 1:colcon.colcon_core.package_identification:_identify(src/stsl/stsl_bt_nodes) by extension 'colcon_meta'
[1.474s] Level 1:colcon.colcon_core.package_identification:_identify(src/stsl/stsl_bt_nodes) by extensions ['ros']
[1.474s] Level 1:colcon.colcon_core.package_identification:_identify(src/stsl/stsl_bt_nodes) by extension 'ros'
[1.489s] DEBUG:colcon.colcon_core.package_identification:Package 'src/stsl/stsl_bt_nodes' with type 'ros.ament_cmake' and name 'stsl_bt_nodes'
[1.494s] Level 1:colcon.colcon_core.package_identification:_identify(src/stsl/stsl_desktop) by extensions ['ignore', 'ignore_ament_install']
[1.494s] Level 1:colcon.colcon_core.package_identification:_identify(src/stsl/stsl_desktop) by extension 'ignore'
[1.495s] Level 1:colcon.colcon_core.package_identification:_identify(src/stsl/stsl_desktop) by extension 'ignore_ament_install'
[1.498s] Level 1:colcon.colcon_core.package_identification:_identify(src/stsl/stsl_desktop) by extensions ['colcon_pkg']
[1.498s] Level 1:colcon.colcon_core.package_identification:_identify(src/stsl/stsl_desktop) by extension 'colcon_pkg'
[1.500s] Level 1:colcon.colcon_core.package_identification:_identify(src/stsl/stsl_desktop) by extensions ['colcon_meta']
[1.500s] Level 1:colcon.colcon_core.package_identification:_identify(src/stsl/stsl_desktop) by extension 'colcon_meta'
[1.503s] Level 1:colcon.colcon_core.package_identification:_identify(src/stsl/stsl_desktop) by extensions ['ros']
[1.503s] Level 1:colcon.colcon_core.package_identification:_identify(src/stsl/stsl_desktop) by extension 'ros'
[1.516s] DEBUG:colcon.colcon_core.package_identification:Package 'src/stsl/stsl_desktop' with type 'ros.ament_cmake' and name 'stsl_desktop'
[1.522s] Level 1:colcon.colcon_core.package_identification:_identify(src/stsl/stsl_gazebo_plugins) by extensions ['ignore', 'ignore_ament_install']
[1.522s] Level 1:colcon.colcon_core.package_identification:_identify(src/stsl/stsl_gazebo_plugins) by extension 'ignore'
[1.523s] Level 1:colcon.colcon_core.package_identification:_identify(src/stsl/stsl_gazebo_plugins) by extension 'ignore_ament_install'
[1.526s] Level 1:colcon.colcon_core.package_identification:_identify(src/stsl/stsl_gazebo_plugins) by extensions ['colcon_pkg']
[1.526s] Level 1:colcon.colcon_core.package_identification:_identify(src/stsl/stsl_gazebo_plugins) by extension 'colcon_pkg'
[1.527s] Level 1:colcon.colcon_core.package_identification:_identify(src/stsl/stsl_gazebo_plugins) by extensions ['colcon_meta']
[1.527s] Level 1:colcon.colcon_core.package_identification:_identify(src/stsl/stsl_gazebo_plugins) by extension 'colcon_meta'
[1.530s] Level 1:colcon.colcon_core.package_identification:_identify(src/stsl/stsl_gazebo_plugins) by extensions ['ros']
[1.530s] Level 1:colcon.colcon_core.package_identification:_identify(src/stsl/stsl_gazebo_plugins) by extension 'ros'
[1.545s] DEBUG:colcon.colcon_core.package_identification:Package 'src/stsl/stsl_gazebo_plugins' with type 'ros.ament_cmake' and name 'stsl_gazebo_plugins'
[1.552s] Level 1:colcon.colcon_core.package_identification:_identify(src/stsl/stsl_interfaces) by extensions ['ignore', 'ignore_ament_install']
[1.552s] Level 1:colcon.colcon_core.package_identification:_identify(src/stsl/stsl_interfaces) by extension 'ignore'
[1.553s] Level 1:colcon.colcon_core.package_identification:_identify(src/stsl/stsl_interfaces) by extension 'ignore_ament_install'
[1.556s] Level 1:colcon.colcon_core.package_identification:_identify(src/stsl/stsl_interfaces) by extensions ['colcon_pkg']
[1.556s] Level 1:colcon.colcon_core.package_identification:_identify(src/stsl/stsl_interfaces) by extension 'colcon_pkg'
[1.557s] Level 1:colcon.colcon_core.package_identification:_identify(src/stsl/stsl_interfaces) by extensions ['colcon_meta']
[1.557s] Level 1:colcon.colcon_core.package_identification:_identify(src/stsl/stsl_interfaces) by extension 'colcon_meta'
[1.560s] Level 1:colcon.colcon_core.package_identification:_identify(src/stsl/stsl_interfaces) by extensions ['ros']
[1.560s] Level 1:colcon.colcon_core.package_identification:_identify(src/stsl/stsl_interfaces) by extension 'ros'
[1.574s] DEBUG:colcon.colcon_core.package_identification:Package 'src/stsl/stsl_interfaces' with type 'ros.ament_cmake' and name 'stsl_interfaces'
[1.579s] Level 1:colcon.colcon_core.package_identification:_identify(src/stsl/stsl_nav_plugins) by extensions ['ignore', 'ignore_ament_install']
[1.579s] Level 1:colcon.colcon_core.package_identification:_identify(src/stsl/stsl_nav_plugins) by extension 'ignore'
[1.581s] Level 1:colcon.colcon_core.package_identification:_identify(src/stsl/stsl_nav_plugins) by extension 'ignore_ament_install'
[1.583s] Level 1:colcon.colcon_core.package_identification:_identify(src/stsl/stsl_nav_plugins) by extensions ['colcon_pkg']
[1.584s] Level 1:colcon.colcon_core.package_identification:_identify(src/stsl/stsl_nav_plugins) by extension 'colcon_pkg'
[1.585s] Level 1:colcon.colcon_core.package_identification:_identify(src/stsl/stsl_nav_plugins) by extensions ['colcon_meta']
[1.585s] Level 1:colcon.colcon_core.package_identification:_identify(src/stsl/stsl_nav_plugins) by extension 'colcon_meta'
[1.588s] Level 1:colcon.colcon_core.package_identification:_identify(src/stsl/stsl_nav_plugins) by extensions ['ros']
[1.588s] Level 1:colcon.colcon_core.package_identification:_identify(src/stsl/stsl_nav_plugins) by extension 'ros'
[1.602s] DEBUG:colcon.colcon_core.package_identification:Package 'src/stsl/stsl_nav_plugins' with type 'ros.ament_cmake' and name 'stsl_nav_plugins'
[1.606s] Level 1:colcon.colcon_core.package_identification:_identify(src/stsl/stsl_rviz_plugins) by extensions ['ignore', 'ignore_ament_install']
[1.607s] Level 1:colcon.colcon_core.package_identification:_identify(src/stsl/stsl_rviz_plugins) by extension 'ignore'
[1.608s] Level 1:colcon.colcon_core.package_identification:_identify(src/stsl/stsl_rviz_plugins) by extension 'ignore_ament_install'
[1.610s] Level 1:colcon.colcon_core.package_identification:_identify(src/stsl/stsl_rviz_plugins) by extensions ['colcon_pkg']
[1.610s] Level 1:colcon.colcon_core.package_identification:_identify(src/stsl/stsl_rviz_plugins) by extension 'colcon_pkg'
[1.612s] Level 1:colcon.colcon_core.package_identification:_identify(src/stsl/stsl_rviz_plugins) by extensions ['colcon_meta']
[1.612s] Level 1:colcon.colcon_core.package_identification:_identify(src/stsl/stsl_rviz_plugins) by extension 'colcon_meta'
[1.615s] Level 1:colcon.colcon_core.package_identification:_identify(src/stsl/stsl_rviz_plugins) by extensions ['ros']
[1.615s] Level 1:colcon.colcon_core.package_identification:_identify(src/stsl/stsl_rviz_plugins) by extension 'ros'
[1.629s] DEBUG:colcon.colcon_core.package_identification:Package 'src/stsl/stsl_rviz_plugins' with type 'ros.ament_cmake' and name 'stsl_rviz_plugins'
[1.635s] Level 1:colcon.colcon_core.package_identification:_identify(src/stsl/stsl_utils) by extensions ['ignore', 'ignore_ament_install']
[1.635s] Level 1:colcon.colcon_core.package_identification:_identify(src/stsl/stsl_utils) by extension 'ignore'
[1.636s] Level 1:colcon.colcon_core.package_identification:_identify(src/stsl/stsl_utils) by extension 'ignore_ament_install'
[1.639s] Level 1:colcon.colcon_core.package_identification:_identify(src/stsl/stsl_utils) by extensions ['colcon_pkg']
[1.639s] Level 1:colcon.colcon_core.package_identification:_identify(src/stsl/stsl_utils) by extension 'colcon_pkg'
[1.640s] Level 1:colcon.colcon_core.package_identification:_identify(src/stsl/stsl_utils) by extensions ['colcon_meta']
[1.640s] Level 1:colcon.colcon_core.package_identification:_identify(src/stsl/stsl_utils) by extension 'colcon_meta'
[1.643s] Level 1:colcon.colcon_core.package_identification:_identify(src/stsl/stsl_utils) by extensions ['ros']
[1.644s] Level 1:colcon.colcon_core.package_identification:_identify(src/stsl/stsl_utils) by extension 'ros'
[1.658s] DEBUG:colcon.colcon_core.package_identification:Package 'src/stsl/stsl_utils' with type 'ros.ament_cmake' and name 'stsl_utils'
[1.664s] Level 1:colcon.colcon_core.package_identification:_identify(src/stsl/traini_bringup) by extensions ['ignore', 'ignore_ament_install']
[1.665s] Level 1:colcon.colcon_core.package_identification:_identify(src/stsl/traini_bringup) by extension 'ignore'
[1.666s] Level 1:colcon.colcon_core.package_identification:_identify(src/stsl/traini_bringup) by extension 'ignore_ament_install'
[1.669s] Level 1:colcon.colcon_core.package_identification:_identify(src/stsl/traini_bringup) by extensions ['colcon_pkg']
[1.670s] Level 1:colcon.colcon_core.package_identification:_identify(src/stsl/traini_bringup) by extension 'colcon_pkg'
[1.671s] Level 1:colcon.colcon_core.package_identification:_identify(src/stsl/traini_bringup) by extensions ['colcon_meta']
[1.671s] Level 1:colcon.colcon_core.package_identification:_identify(src/stsl/traini_bringup) by extension 'colcon_meta'
[1.674s] Level 1:colcon.colcon_core.package_identification:_identify(src/stsl/traini_bringup) by extensions ['ros']
[1.674s] Level 1:colcon.colcon_core.package_identification:_identify(src/stsl/traini_bringup) by extension 'ros'
[1.687s] DEBUG:colcon.colcon_core.package_identification:Package 'src/stsl/traini_bringup' with type 'ros.ament_cmake' and name 'traini_bringup'
[1.692s] Level 1:colcon.colcon_core.package_identification:_identify(src/stsl/traini_description) by extensions ['ignore', 'ignore_ament_install']
[1.693s] Level 1:colcon.colcon_core.package_identification:_identify(src/stsl/traini_description) by extension 'ignore'
[1.694s] Level 1:colcon.colcon_core.package_identification:_identify(src/stsl/traini_description) by extension 'ignore_ament_install'
[1.697s] Level 1:colcon.colcon_core.package_identification:_identify(src/stsl/traini_description) by extensions ['colcon_pkg']
[1.697s] Level 1:colcon.colcon_core.package_identification:_identify(src/stsl/traini_description) by extension 'colcon_pkg'
[1.698s] Level 1:colcon.colcon_core.package_identification:_identify(src/stsl/traini_description) by extensions ['colcon_meta']
[1.698s] Level 1:colcon.colcon_core.package_identification:_identify(src/stsl/traini_description) by extension 'colcon_meta'
[1.701s] Level 1:colcon.colcon_core.package_identification:_identify(src/stsl/traini_description) by extensions ['ros']
[1.702s] Level 1:colcon.colcon_core.package_identification:_identify(src/stsl/traini_description) by extension 'ros'
[1.715s] DEBUG:colcon.colcon_core.package_identification:Package 'src/stsl/traini_description' with type 'ros.ament_cmake' and name 'traini_description'
[1.721s] Level 1:colcon.colcon_core.package_identification:_identify(src/stsl/traini_gazebo) by extensions ['ignore', 'ignore_ament_install']
[1.721s] Level 1:colcon.colcon_core.package_identification:_identify(src/stsl/traini_gazebo) by extension 'ignore'
[1.723s] Level 1:colcon.colcon_core.package_identification:_identify(src/stsl/traini_gazebo) by extension 'ignore_ament_install'
[1.726s] Level 1:colcon.colcon_core.package_identification:_identify(src/stsl/traini_gazebo) by extensions ['colcon_pkg']
[1.726s] Level 1:colcon.colcon_core.package_identification:_identify(src/stsl/traini_gazebo) by extension 'colcon_pkg'
[1.727s] Level 1:colcon.colcon_core.package_identification:_identify(src/stsl/traini_gazebo) by extensions ['colcon_meta']
[1.727s] Level 1:colcon.colcon_core.package_identification:_identify(src/stsl/traini_gazebo) by extension 'colcon_meta'
[1.730s] Level 1:colcon.colcon_core.package_identification:_identify(src/stsl/traini_gazebo) by extensions ['ros']
[1.730s] Level 1:colcon.colcon_core.package_identification:_identify(src/stsl/traini_gazebo) by extension 'ros'
[1.745s] DEBUG:colcon.colcon_core.package_identification:Package 'src/stsl/traini_gazebo' with type 'ros.ament_cmake' and name 'traini_gazebo'
[1.751s] Level 1:colcon.colcon_core.package_identification:_identify(src/stsl/traini_onboard_interface) by extensions ['ignore', 'ignore_ament_install']
[1.751s] Level 1:colcon.colcon_core.package_identification:_identify(src/stsl/traini_onboard_interface) by extension 'ignore'
[1.763s] Level 1:colcon.colcon_core.package_identification:_identify(src/stsl/traini_onboard_interface) ignored
[1.768s] Level 1:colcon.colcon_core.package_identification:_identify(src/trainingv2) by extensions ['ignore', 'ignore_ament_install']
[1.769s] Level 1:colcon.colcon_core.package_identification:_identify(src/trainingv2) by extension 'ignore'
[1.770s] Level 1:colcon.colcon_core.package_identification:_identify(src/trainingv2) by extension 'ignore_ament_install'
[1.772s] Level 1:colcon.colcon_core.package_identification:_identify(src/trainingv2) by extensions ['colcon_pkg']
[1.773s] Level 1:colcon.colcon_core.package_identification:_identify(src/trainingv2) by extension 'colcon_pkg'
[1.774s] Level 1:colcon.colcon_core.package_identification:_identify(src/trainingv2) by extensions ['colcon_meta']
[1.774s] Level 1:colcon.colcon_core.package_identification:_identify(src/trainingv2) by extension 'colcon_meta'
[1.776s] Level 1:colcon.colcon_core.package_identification:_identify(src/trainingv2) by extensions ['ros']
[1.776s] Level 1:colcon.colcon_core.package_identification:_identify(src/trainingv2) by extension 'ros'
[1.782s] Level 1:colcon.colcon_core.package_identification:_identify(src/trainingv2) by extensions ['cmake', 'python']
[1.782s] Level 1:colcon.colcon_core.package_identification:_identify(src/trainingv2) by extension 'cmake'
[1.783s] Level 1:colcon.colcon_core.package_identification:_identify(src/trainingv2) by extension 'python'
[1.785s] Level 1:colcon.colcon_core.package_identification:_identify(src/trainingv2) by extensions ['python_setup_py']
[1.785s] Level 1:colcon.colcon_core.package_identification:_identify(src/trainingv2) by extension 'python_setup_py'
[1.792s] Level 1:colcon.colcon_core.package_identification:_identify(src/trainingv2/Week 1) by extensions ['ignore', 'ignore_ament_install']
[1.792s] Level 1:colcon.colcon_core.package_identification:_identify(src/trainingv2/Week 1) by extension 'ignore'
[1.793s] Level 1:colcon.colcon_core.package_identification:_identify(src/trainingv2/Week 1) by extension 'ignore_ament_install'
[1.796s] Level 1:colcon.colcon_core.package_identification:_identify(src/trainingv2/Week 1) by extensions ['colcon_pkg']
[1.796s] Level 1:colcon.colcon_core.package_identification:_identify(src/trainingv2/Week 1) by extension 'colcon_pkg'
[1.797s] Level 1:colcon.colcon_core.package_identification:_identify(src/trainingv2/Week 1) by extensions ['colcon_meta']
[1.797s] Level 1:colcon.colcon_core.package_identification:_identify(src/trainingv2/Week 1) by extension 'colcon_meta'
[1.801s] Level 1:colcon.colcon_core.package_identification:_identify(src/trainingv2/Week 1) by extensions ['ros']
[1.802s] Level 1:colcon.colcon_core.package_identification:_identify(src/trainingv2/Week 1) by extension 'ros'
[1.808s] Level 1:colcon.colcon_core.package_identification:_identify(src/trainingv2/Week 1) by extensions ['cmake', 'python']
[1.808s] Level 1:colcon.colcon_core.package_identification:_identify(src/trainingv2/Week 1) by extension 'cmake'
[1.810s] Level 1:colcon.colcon_core.package_identification:_identify(src/trainingv2/Week 1) by extension 'python'
[1.811s] Level 1:colcon.colcon_core.package_identification:_identify(src/trainingv2/Week 1) by extensions ['python_setup_py']
[1.811s] Level 1:colcon.colcon_core.package_identification:_identify(src/trainingv2/Week 1) by extension 'python_setup_py'
[1.820s] Level 1:colcon.colcon_core.package_identification:_identify(src/trainingv2/Week 1/lecture_material) by extensions ['ignore', 'ignore_ament_install']
[1.820s] Level 1:colcon.colcon_core.package_identification:_identify(src/trainingv2/Week 1/lecture_material) by extension 'ignore'
[1.822s] Level 1:colcon.colcon_core.package_identification:_identify(src/trainingv2/Week 1/lecture_material) by extension 'ignore_ament_install'
[1.825s] Level 1:colcon.colcon_core.package_identification:_identify(src/trainingv2/Week 1/lecture_material) by extensions ['colcon_pkg']
[1.825s] Level 1:colcon.colcon_core.package_identification:_identify(src/trainingv2/Week 1/lecture_material) by extension 'colcon_pkg'
[1.827s] Level 1:colcon.colcon_core.package_identification:_identify(src/trainingv2/Week 1/lecture_material) by extensions ['colcon_meta']
[1.827s] Level 1:colcon.colcon_core.package_identification:_identify(src/trainingv2/Week 1/lecture_material) by extension 'colcon_meta'
[1.831s] Level 1:colcon.colcon_core.package_identification:_identify(src/trainingv2/Week 1/lecture_material) by extensions ['ros']
[1.831s] Level 1:colcon.colcon_core.package_identification:_identify(src/trainingv2/Week 1/lecture_material) by extension 'ros'
[1.839s] Level 1:colcon.colcon_core.package_identification:_identify(src/trainingv2/Week 1/lecture_material) by extensions ['cmake', 'python']
[1.840s] Level 1:colcon.colcon_core.package_identification:_identify(src/trainingv2/Week 1/lecture_material) by extension 'cmake'
[1.842s] Level 1:colcon.colcon_core.package_identification:_identify(src/trainingv2/Week 1/lecture_material) by extension 'python'
[1.845s] Level 1:colcon.colcon_core.package_identification:_identify(src/trainingv2/Week 1/lecture_material) by extensions ['python_setup_py']
[1.845s] Level 1:colcon.colcon_core.package_identification:_identify(src/trainingv2/Week 1/lecture_material) by extension 'python_setup_py'
[1.855s] Level 1:colcon.colcon_core.package_identification:_identify(src/trainingv2/Week 2) by extensions ['ignore', 'ignore_ament_install']
[1.856s] Level 1:colcon.colcon_core.package_identification:_identify(src/trainingv2/Week 2) by extension 'ignore'
[1.858s] Level 1:colcon.colcon_core.package_identification:_identify(src/trainingv2/Week 2) by extension 'ignore_ament_install'
[1.862s] Level 1:colcon.colcon_core.package_identification:_identify(src/trainingv2/Week 2) by extensions ['colcon_pkg']
[1.862s] Level 1:colcon.colcon_core.package_identification:_identify(src/trainingv2/Week 2) by extension 'colcon_pkg'
[1.865s] Level 1:colcon.colcon_core.package_identification:_identify(src/trainingv2/Week 2) by extensions ['colcon_meta']
[1.865s] Level 1:colcon.colcon_core.package_identification:_identify(src/trainingv2/Week 2) by extension 'colcon_meta'
[1.870s] Level 1:colcon.colcon_core.package_identification:_identify(src/trainingv2/Week 2) by extensions ['ros']
[1.871s] Level 1:colcon.colcon_core.package_identification:_identify(src/trainingv2/Week 2) by extension 'ros'
[1.880s] Level 1:colcon.colcon_core.package_identification:_identify(src/trainingv2/Week 2) by extensions ['cmake', 'python']
[1.881s] Level 1:colcon.colcon_core.package_identification:_identify(src/trainingv2/Week 2) by extension 'cmake'
[1.884s] Level 1:colcon.colcon_core.package_identification:_identify(src/trainingv2/Week 2) by extension 'python'
[1.886s] Level 1:colcon.colcon_core.package_identification:_identify(src/trainingv2/Week 2) by extensions ['python_setup_py']
[1.886s] Level 1:colcon.colcon_core.package_identification:_identify(src/trainingv2/Week 2) by extension 'python_setup_py'
[1.899s] Level 1:colcon.colcon_core.package_identification:_identify(src/trainingv2/Week 2/code) by extensions ['ignore', 'ignore_ament_install']
[1.900s] Level 1:colcon.colcon_core.package_identification:_identify(src/trainingv2/Week 2/code) by extension 'ignore'
[1.905s] Level 1:colcon.colcon_core.package_identification:_identify(src/trainingv2/Week 2/code) by extension 'ignore_ament_install'
[1.912s] Level 1:colcon.colcon_core.package_identification:_identify(src/trainingv2/Week 2/code) by extensions ['colcon_pkg']
[1.913s] Level 1:colcon.colcon_core.package_identification:_identify(src/trainingv2/Week 2/code) by extension 'colcon_pkg'
[1.917s] Level 1:colcon.colcon_core.package_identification:_identify(src/trainingv2/Week 2/code) by extensions ['colcon_meta']
[1.917s] Level 1:colcon.colcon_core.package_identification:_identify(src/trainingv2/Week 2/code) by extension 'colcon_meta'
[1.925s] Level 1:colcon.colcon_core.package_identification:_identify(src/trainingv2/Week 2/code) by extensions ['ros']
[1.925s] Level 1:colcon.colcon_core.package_identification:_identify(src/trainingv2/Week 2/code) by extension 'ros'
[1.939s] Level 1:colcon.colcon_core.package_identification:_identify(src/trainingv2/Week 2/code) by extensions ['cmake', 'python']
[1.939s] Level 1:colcon.colcon_core.package_identification:_identify(src/trainingv2/Week 2/code) by extension 'cmake'
[1.942s] Level 1:colcon.colcon_core.package_identification:_identify(src/trainingv2/Week 2/code) by extension 'python'
[1.945s] Level 1:colcon.colcon_core.package_identification:_identify(src/trainingv2/Week 2/code) by extensions ['python_setup_py']
[1.945s] Level 1:colcon.colcon_core.package_identification:_identify(src/trainingv2/Week 2/code) by extension 'python_setup_py'
[1.963s] Level 1:colcon.colcon_core.package_identification:_identify(src/trainingv2/Week 2/code/include) by extensions ['ignore', 'ignore_ament_install']
[1.964s] Level 1:colcon.colcon_core.package_identification:_identify(src/trainingv2/Week 2/code/include) by extension 'ignore'
[1.967s] Level 1:colcon.colcon_core.package_identification:_identify(src/trainingv2/Week 2/code/include) by extension 'ignore_ament_install'
[1.973s] Level 1:colcon.colcon_core.package_identification:_identify(src/trainingv2/Week 2/code/include) by extensions ['colcon_pkg']
[1.974s] Level 1:colcon.colcon_core.package_identification:_identify(src/trainingv2/Week 2/code/include) by extension 'colcon_pkg'
[1.977s] Level 1:colcon.colcon_core.package_identification:_identify(src/trainingv2/Week 2/code/include) by extensions ['colcon_meta']
[1.977s] Level 1:colcon.colcon_core.package_identification:_identify(src/trainingv2/Week 2/code/include) by extension 'colcon_meta'
[1.987s] Level 1:colcon.colcon_core.package_identification:_identify(src/trainingv2/Week 2/code/include) by extensions ['ros']
[1.987s] Level 1:colcon.colcon_core.package_identification:_identify(src/trainingv2/Week 2/code/include) by extension 'ros'
[2.002s] Level 1:colcon.colcon_core.package_identification:_identify(src/trainingv2/Week 2/code/include) by extensions ['cmake', 'python']
[2.002s] Level 1:colcon.colcon_core.package_identification:_identify(src/trainingv2/Week 2/code/include) by extension 'cmake'
[2.005s] Level 1:colcon.colcon_core.package_identification:_identify(src/trainingv2/Week 2/code/include) by extension 'python'
[2.008s] Level 1:colcon.colcon_core.package_identification:_identify(src/trainingv2/Week 2/code/include) by extensions ['python_setup_py']
[2.009s] Level 1:colcon.colcon_core.package_identification:_identify(src/trainingv2/Week 2/code/include) by extension 'python_setup_py'
[2.026s] Level 1:colcon.colcon_core.package_identification:_identify(src/trainingv2/Week 2/code/src) by extensions ['ignore', 'ignore_ament_install']
[2.026s] Level 1:colcon.colcon_core.package_identification:_identify(src/trainingv2/Week 2/code/src) by extension 'ignore'
[2.029s] Level 1:colcon.colcon_core.package_identification:_identify(src/trainingv2/Week 2/code/src) by extension 'ignore_ament_install'
[2.036s] Level 1:colcon.colcon_core.package_identification:_identify(src/trainingv2/Week 2/code/src) by extensions ['colcon_pkg']
[2.036s] Level 1:colcon.colcon_core.package_identification:_identify(src/trainingv2/Week 2/code/src) by extension 'colcon_pkg'
[2.039s] Level 1:colcon.colcon_core.package_identification:_identify(src/trainingv2/Week 2/code/src) by extensions ['colcon_meta']
[2.040s] Level 1:colcon.colcon_core.package_identification:_identify(src/trainingv2/Week 2/code/src) by extension 'colcon_meta'
[2.049s] Level 1:colcon.colcon_core.package_identification:_identify(src/trainingv2/Week 2/code/src) by extensions ['ros']
[2.050s] Level 1:colcon.colcon_core.package_identification:_identify(src/trainingv2/Week 2/code/src) by extension 'ros'
[2.064s] Level 1:colcon.colcon_core.package_identification:_identify(src/trainingv2/Week 2/code/src) by extensions ['cmake', 'python']
[2.065s] Level 1:colcon.colcon_core.package_identification:_identify(src/trainingv2/Week 2/code/src) by extension 'cmake'
[2.068s] Level 1:colcon.colcon_core.package_identification:_identify(src/trainingv2/Week 2/code/src) by extension 'python'
[2.071s] Level 1:colcon.colcon_core.package_identification:_identify(src/trainingv2/Week 2/code/src) by extensions ['python_setup_py']
[2.072s] Level 1:colcon.colcon_core.package_identification:_identify(src/trainingv2/Week 2/code/src) by extension 'python_setup_py'
[2.085s] Level 1:colcon.colcon_core.package_identification:_identify(src/trainingv2/Week 2/lecture_material) by extensions ['ignore', 'ignore_ament_install']
[2.085s] Level 1:colcon.colcon_core.package_identification:_identify(src/trainingv2/Week 2/lecture_material) by extension 'ignore'
[2.088s] Level 1:colcon.colcon_core.package_identification:_identify(src/trainingv2/Week 2/lecture_material) by extension 'ignore_ament_install'
[2.093s] Level 1:colcon.colcon_core.package_identification:_identify(src/trainingv2/Week 2/lecture_material) by extensions ['colcon_pkg']
[2.094s] Level 1:colcon.colcon_core.package_identification:_identify(src/trainingv2/Week 2/lecture_material) by extension 'colcon_pkg'
[2.096s] Level 1:colcon.colcon_core.package_identification:_identify(src/trainingv2/Week 2/lecture_material) by extensions ['colcon_meta']
[2.097s] Level 1:colcon.colcon_core.package_identification:_identify(src/trainingv2/Week 2/lecture_material) by extension 'colcon_meta'
[2.104s] Level 1:colcon.colcon_core.package_identification:_identify(src/trainingv2/Week 2/lecture_material) by extensions ['ros']
[2.104s] Level 1:colcon.colcon_core.package_identification:_identify(src/trainingv2/Week 2/lecture_material) by extension 'ros'
[2.116s] Level 1:colcon.colcon_core.package_identification:_identify(src/trainingv2/Week 2/lecture_material) by extensions ['cmake', 'python']
[2.117s] Level 1:colcon.colcon_core.package_identification:_identify(src/trainingv2/Week 2/lecture_material) by extension 'cmake'
[2.119s] Level 1:colcon.colcon_core.package_identification:_identify(src/trainingv2/Week 2/lecture_material) by extension 'python'
[2.122s] Level 1:colcon.colcon_core.package_identification:_identify(src/trainingv2/Week 2/lecture_material) by extensions ['python_setup_py']
[2.122s] Level 1:colcon.colcon_core.package_identification:_identify(src/trainingv2/Week 2/lecture_material) by extension 'python_setup_py'
[2.132s] Level 1:colcon.colcon_core.package_identification:_identify(src/trainingv2/Week 3) by extensions ['ignore', 'ignore_ament_install']
[2.133s] Level 1:colcon.colcon_core.package_identification:_identify(src/trainingv2/Week 3) by extension 'ignore'
[2.135s] Level 1:colcon.colcon_core.package_identification:_identify(src/trainingv2/Week 3) by extension 'ignore_ament_install'
[2.140s] Level 1:colcon.colcon_core.package_identification:_identify(src/trainingv2/Week 3) by extensions ['colcon_pkg']
[2.140s] Level 1:colcon.colcon_core.package_identification:_identify(src/trainingv2/Week 3) by extension 'colcon_pkg'
[2.142s] Level 1:colcon.colcon_core.package_identification:_identify(src/trainingv2/Week 3) by extensions ['colcon_meta']
[2.142s] Level 1:colcon.colcon_core.package_identification:_identify(src/trainingv2/Week 3) by extension 'colcon_meta'
[2.147s] Level 1:colcon.colcon_core.package_identification:_identify(src/trainingv2/Week 3) by extensions ['ros']
[2.147s] Level 1:colcon.colcon_core.package_identification:_identify(src/trainingv2/Week 3) by extension 'ros'
[2.160s] Level 1:colcon.colcon_core.package_identification:_identify(src/trainingv2/Week 3) by extensions ['cmake', 'python']
[2.160s] Level 1:colcon.colcon_core.package_identification:_identify(src/trainingv2/Week 3) by extension 'cmake'
[2.162s] Level 1:colcon.colcon_core.package_identification:_identify(src/trainingv2/Week 3) by extension 'python'
[2.165s] Level 1:colcon.colcon_core.package_identification:_identify(src/trainingv2/Week 3) by extensions ['python_setup_py']
[2.165s] Level 1:colcon.colcon_core.package_identification:_identify(src/trainingv2/Week 3) by extension 'python_setup_py'
[2.178s] Level 1:colcon.colcon_core.package_identification:_identify(src/trainingv2/Week 3/lecture_material) by extensions ['ignore', 'ignore_ament_install']
[2.178s] Level 1:colcon.colcon_core.package_identification:_identify(src/trainingv2/Week 3/lecture_material) by extension 'ignore'
[2.181s] Level 1:colcon.colcon_core.package_identification:_identify(src/trainingv2/Week 3/lecture_material) by extension 'ignore_ament_install'
[2.187s] Level 1:colcon.colcon_core.package_identification:_identify(src/trainingv2/Week 3/lecture_material) by extensions ['colcon_pkg']
[2.187s] Level 1:colcon.colcon_core.package_identification:_identify(src/trainingv2/Week 3/lecture_material) by extension 'colcon_pkg'
[2.190s] Level 1:colcon.colcon_core.package_identification:_identify(src/trainingv2/Week 3/lecture_material) by extensions ['colcon_meta']
[2.190s] Level 1:colcon.colcon_core.package_identification:_identify(src/trainingv2/Week 3/lecture_material) by extension 'colcon_meta'
[2.197s] Level 1:colcon.colcon_core.package_identification:_identify(src/trainingv2/Week 3/lecture_material) by extensions ['ros']
[2.197s] Level 1:colcon.colcon_core.package_identification:_identify(src/trainingv2/Week 3/lecture_material) by extension 'ros'
[2.211s] Level 1:colcon.colcon_core.package_identification:_identify(src/trainingv2/Week 3/lecture_material) by extensions ['cmake', 'python']
[2.211s] Level 1:colcon.colcon_core.package_identification:_identify(src/trainingv2/Week 3/lecture_material) by extension 'cmake'
[2.214s] Level 1:colcon.colcon_core.package_identification:_identify(src/trainingv2/Week 3/lecture_material) by extension 'python'
[2.217s] Level 1:colcon.colcon_core.package_identification:_identify(src/trainingv2/Week 3/lecture_material) by extensions ['python_setup_py']
[2.217s] Level 1:colcon.colcon_core.package_identification:_identify(src/trainingv2/Week 3/lecture_material) by extension 'python_setup_py'
[2.227s] Level 1:colcon.colcon_core.package_identification:_identify(src/trainingv2/Week 4) by extensions ['ignore', 'ignore_ament_install']
[2.228s] Level 1:colcon.colcon_core.package_identification:_identify(src/trainingv2/Week 4) by extension 'ignore'
[2.230s] Level 1:colcon.colcon_core.package_identification:_identify(src/trainingv2/Week 4) by extension 'ignore_ament_install'
[2.235s] Level 1:colcon.colcon_core.package_identification:_identify(src/trainingv2/Week 4) by extensions ['colcon_pkg']
[2.235s] Level 1:colcon.colcon_core.package_identification:_identify(src/trainingv2/Week 4) by extension 'colcon_pkg'
[2.237s] Level 1:colcon.colcon_core.package_identification:_identify(src/trainingv2/Week 4) by extensions ['colcon_meta']
[2.237s] Level 1:colcon.colcon_core.package_identification:_identify(src/trainingv2/Week 4) by extension 'colcon_meta'
[2.241s] Level 1:colcon.colcon_core.package_identification:_identify(src/trainingv2/Week 4) by extensions ['ros']
[2.242s] Level 1:colcon.colcon_core.package_identification:_identify(src/trainingv2/Week 4) by extension 'ros'
[2.252s] Level 1:colcon.colcon_core.package_identification:_identify(src/trainingv2/Week 4) by extensions ['cmake', 'python']
[2.252s] Level 1:colcon.colcon_core.package_identification:_identify(src/trainingv2/Week 4) by extension 'cmake'
[2.254s] Level 1:colcon.colcon_core.package_identification:_identify(src/trainingv2/Week 4) by extension 'python'
[2.256s] Level 1:colcon.colcon_core.package_identification:_identify(src/trainingv2/Week 4) by extensions ['python_setup_py']
[2.257s] Level 1:colcon.colcon_core.package_identification:_identify(src/trainingv2/Week 4) by extension 'python_setup_py'
[2.272s] Level 1:colcon.colcon_core.package_identification:_identify(src/trainingv2/Week 4/lecture_material) by extensions ['ignore', 'ignore_ament_install']
[2.272s] Level 1:colcon.colcon_core.package_identification:_identify(src/trainingv2/Week 4/lecture_material) by extension 'ignore'
[2.275s] Level 1:colcon.colcon_core.package_identification:_identify(src/trainingv2/Week 4/lecture_material) by extension 'ignore_ament_install'
[2.280s] Level 1:colcon.colcon_core.package_identification:_identify(src/trainingv2/Week 4/lecture_material) by extensions ['colcon_pkg']
[2.281s] Level 1:colcon.colcon_core.package_identification:_identify(src/trainingv2/Week 4/lecture_material) by extension 'colcon_pkg'
[2.283s] Level 1:colcon.colcon_core.package_identification:_identify(src/trainingv2/Week 4/lecture_material) by extensions ['colcon_meta']
[2.284s] Level 1:colcon.colcon_core.package_identification:_identify(src/trainingv2/Week 4/lecture_material) by extension 'colcon_meta'
[2.291s] Level 1:colcon.colcon_core.package_identification:_identify(src/trainingv2/Week 4/lecture_material) by extensions ['ros']
[2.291s] Level 1:colcon.colcon_core.package_identification:_identify(src/trainingv2/Week 4/lecture_material) by extension 'ros'
[2.304s] Level 1:colcon.colcon_core.package_identification:_identify(src/trainingv2/Week 4/lecture_material) by extensions ['cmake', 'python']
[2.304s] Level 1:colcon.colcon_core.package_identification:_identify(src/trainingv2/Week 4/lecture_material) by extension 'cmake'
[2.307s] Level 1:colcon.colcon_core.package_identification:_identify(src/trainingv2/Week 4/lecture_material) by extension 'python'
[2.310s] Level 1:colcon.colcon_core.package_identification:_identify(src/trainingv2/Week 4/lecture_material) by extensions ['python_setup_py']
[2.310s] Level 1:colcon.colcon_core.package_identification:_identify(src/trainingv2/Week 4/lecture_material) by extension 'python_setup_py'
[2.321s] Level 1:colcon.colcon_core.package_identification:_identify(src/trainingv2/cmake) by extensions ['ignore', 'ignore_ament_install']
[2.321s] Level 1:colcon.colcon_core.package_identification:_identify(src/trainingv2/cmake) by extension 'ignore'
[2.323s] Level 1:colcon.colcon_core.package_identification:_identify(src/trainingv2/cmake) by extension 'ignore_ament_install'
[2.328s] Level 1:colcon.colcon_core.package_identification:_identify(src/trainingv2/cmake) by extensions ['colcon_pkg']
[2.328s] Level 1:colcon.colcon_core.package_identification:_identify(src/trainingv2/cmake) by extension 'colcon_pkg'
[2.330s] Level 1:colcon.colcon_core.package_identification:_identify(src/trainingv2/cmake) by extensions ['colcon_meta']
[2.330s] Level 1:colcon.colcon_core.package_identification:_identify(src/trainingv2/cmake) by extension 'colcon_meta'
[2.335s] Level 1:colcon.colcon_core.package_identification:_identify(src/trainingv2/cmake) by extensions ['ros']
[2.336s] Level 1:colcon.colcon_core.package_identification:_identify(src/trainingv2/cmake) by extension 'ros'
[2.346s] Level 1:colcon.colcon_core.package_identification:_identify(src/trainingv2/cmake) by extensions ['cmake', 'python']
[2.346s] Level 1:colcon.colcon_core.package_identification:_identify(src/trainingv2/cmake) by extension 'cmake'
[2.348s] Level 1:colcon.colcon_core.package_identification:_identify(src/trainingv2/cmake) by extension 'python'
[2.350s] Level 1:colcon.colcon_core.package_identification:_identify(src/trainingv2/cmake) by extensions ['python_setup_py']
[2.351s] Level 1:colcon.colcon_core.package_identification:_identify(src/trainingv2/cmake) by extension 'python_setup_py'
[2.371s] Level 1:colcon.colcon_core.package_identification:_identify(src/trainingv2/controller_project) by extensions ['ignore', 'ignore_ament_install']
[2.371s] Level 1:colcon.colcon_core.package_identification:_identify(src/trainingv2/controller_project) by extension 'ignore'
[2.374s] Level 1:colcon.colcon_core.package_identification:_identify(src/trainingv2/controller_project) by extension 'ignore_ament_install'
[2.379s] Level 1:colcon.colcon_core.package_identification:_identify(src/trainingv2/controller_project) by extensions ['colcon_pkg']
[2.379s] Level 1:colcon.colcon_core.package_identification:_identify(src/trainingv2/controller_project) by extension 'colcon_pkg'
[2.381s] Level 1:colcon.colcon_core.package_identification:_identify(src/trainingv2/controller_project) by extensions ['colcon_meta']
[2.382s] Level 1:colcon.colcon_core.package_identification:_identify(src/trainingv2/controller_project) by extension 'colcon_meta'
[2.387s] Level 1:colcon.colcon_core.package_identification:_identify(src/trainingv2/controller_project) by extensions ['ros']
[2.388s] Level 1:colcon.colcon_core.package_identification:_identify(src/trainingv2/controller_project) by extension 'ros'
[2.397s] Level 1:colcon.colcon_core.package_identification:_identify(src/trainingv2/controller_project) by extensions ['cmake', 'python']
[2.397s] Level 1:colcon.colcon_core.package_identification:_identify(src/trainingv2/controller_project) by extension 'cmake'
[2.400s] Level 1:colcon.colcon_core.package_identification:_identify(src/trainingv2/controller_project) by extension 'python'
[2.402s] Level 1:colcon.colcon_core.package_identification:_identify(src/trainingv2/controller_project) by extensions ['python_setup_py']
[2.402s] Level 1:colcon.colcon_core.package_identification:_identify(src/trainingv2/controller_project) by extension 'python_setup_py'
[2.414s] Level 1:colcon.colcon_core.package_identification:_identify(src/trainingv2/controller_project/joystick_msgs) by extensions ['ignore', 'ignore_ament_install']
[2.415s] Level 1:colcon.colcon_core.package_identification:_identify(src/trainingv2/controller_project/joystick_msgs) by extension 'ignore'
[2.417s] Level 1:colcon.colcon_core.package_identification:_identify(src/trainingv2/controller_project/joystick_msgs) by extension 'ignore_ament_install'
[2.422s] Level 1:colcon.colcon_core.package_identification:_identify(src/trainingv2/controller_project/joystick_msgs) by extensions ['colcon_pkg']
[2.422s] Level 1:colcon.colcon_core.package_identification:_identify(src/trainingv2/controller_project/joystick_msgs) by extension 'colcon_pkg'
[2.425s] Level 1:colcon.colcon_core.package_identification:_identify(src/trainingv2/controller_project/joystick_msgs) by extensions ['colcon_meta']
[2.425s] Level 1:colcon.colcon_core.package_identification:_identify(src/trainingv2/controller_project/joystick_msgs) by extension 'colcon_meta'
[2.432s] Level 1:colcon.colcon_core.package_identification:_identify(src/trainingv2/controller_project/joystick_msgs) by extensions ['ros']
[2.432s] Level 1:colcon.colcon_core.package_identification:_identify(src/trainingv2/controller_project/joystick_msgs) by extension 'ros'
[2.458s] DEBUG:colcon.colcon_core.package_identification:Package 'src/trainingv2/controller_project/joystick_msgs' with type 'ros.ament_cmake' and name 'joystick_msgs'
[2.470s] Level 1:colcon.colcon_core.package_identification:_identify(src/trainingv2/controller_project/joystick_package) by extensions ['ignore', 'ignore_ament_install']
[2.470s] Level 1:colcon.colcon_core.package_identification:_identify(src/trainingv2/controller_project/joystick_package) by extension 'ignore'
[2.473s] Level 1:colcon.colcon_core.package_identification:_identify(src/trainingv2/controller_project/joystick_package) by extension 'ignore_ament_install'
[2.478s] Level 1:colcon.colcon_core.package_identification:_identify(src/trainingv2/controller_project/joystick_package) by extensions ['colcon_pkg']
[2.478s] Level 1:colcon.colcon_core.package_identification:_identify(src/trainingv2/controller_project/joystick_package) by extension 'colcon_pkg'
[2.481s] Level 1:colcon.colcon_core.package_identification:_identify(src/trainingv2/controller_project/joystick_package) by extensions ['colcon_meta']
[2.481s] Level 1:colcon.colcon_core.package_identification:_identify(src/trainingv2/controller_project/joystick_package) by extension 'colcon_meta'
[2.488s] Level 1:colcon.colcon_core.package_identification:_identify(src/trainingv2/controller_project/joystick_package) by extensions ['ros']
[2.488s] Level 1:colcon.colcon_core.package_identification:_identify(src/trainingv2/controller_project/joystick_package) by extension 'ros'
[2.515s] DEBUG:colcon.colcon_core.package_identification:Package 'src/trainingv2/controller_project/joystick_package' with type 'ros.ament_cmake' and name 'joystick_package'
[2.523s] Level 1:colcon.colcon_core.package_identification:_identify(src/trainingv2/documents) by extensions ['ignore', 'ignore_ament_install']
[2.523s] Level 1:colcon.colcon_core.package_identification:_identify(src/trainingv2/documents) by extension 'ignore'
[2.525s] Level 1:colcon.colcon_core.package_identification:_identify(src/trainingv2/documents) by extension 'ignore_ament_install'
[2.529s] Level 1:colcon.colcon_core.package_identification:_identify(src/trainingv2/documents) by extensions ['colcon_pkg']
[2.530s] Level 1:colcon.colcon_core.package_identification:_identify(src/trainingv2/documents) by extension 'colcon_pkg'
[2.532s] Level 1:colcon.colcon_core.package_identification:_identify(src/trainingv2/documents) by extensions ['colcon_meta']
[2.532s] Level 1:colcon.colcon_core.package_identification:_identify(src/trainingv2/documents) by extension 'colcon_meta'
[2.536s] Level 1:colcon.colcon_core.package_identification:_identify(src/trainingv2/documents) by extensions ['ros']
[2.537s] Level 1:colcon.colcon_core.package_identification:_identify(src/trainingv2/documents) by extension 'ros'
[2.546s] Level 1:colcon.colcon_core.package_identification:_identify(src/trainingv2/documents) by extensions ['cmake', 'python']
[2.547s] Level 1:colcon.colcon_core.package_identification:_identify(src/trainingv2/documents) by extension 'cmake'
[2.549s] Level 1:colcon.colcon_core.package_identification:_identify(src/trainingv2/documents) by extension 'python'
[2.551s] Level 1:colcon.colcon_core.package_identification:_identify(src/trainingv2/documents) by extensions ['python_setup_py']
[2.551s] Level 1:colcon.colcon_core.package_identification:_identify(src/trainingv2/documents) by extension 'python_setup_py'
[2.563s] Level 1:colcon.colcon_core.package_identification:_identify(src/trainingv2/documents/installation) by extensions ['ignore', 'ignore_ament_install']
[2.564s] Level 1:colcon.colcon_core.package_identification:_identify(src/trainingv2/documents/installation) by extension 'ignore'
[2.566s] Level 1:colcon.colcon_core.package_identification:_identify(src/trainingv2/documents/installation) by extension 'ignore_ament_install'
[2.572s] Level 1:colcon.colcon_core.package_identification:_identify(src/trainingv2/documents/installation) by extensions ['colcon_pkg']
[2.572s] Level 1:colcon.colcon_core.package_identification:_identify(src/trainingv2/documents/installation) by extension 'colcon_pkg'
[2.575s] Level 1:colcon.colcon_core.package_identification:_identify(src/trainingv2/documents/installation) by extensions ['colcon_meta']
[2.575s] Level 1:colcon.colcon_core.package_identification:_identify(src/trainingv2/documents/installation) by extension 'colcon_meta'
[2.581s] Level 1:colcon.colcon_core.package_identification:_identify(src/trainingv2/documents/installation) by extensions ['ros']
[2.582s] Level 1:colcon.colcon_core.package_identification:_identify(src/trainingv2/documents/installation) by extension 'ros'
[2.594s] Level 1:colcon.colcon_core.package_identification:_identify(src/trainingv2/documents/installation) by extensions ['cmake', 'python']
[2.595s] Level 1:colcon.colcon_core.package_identification:_identify(src/trainingv2/documents/installation) by extension 'cmake'
[2.597s] Level 1:colcon.colcon_core.package_identification:_identify(src/trainingv2/documents/installation) by extension 'python'
[2.600s] Level 1:colcon.colcon_core.package_identification:_identify(src/trainingv2/documents/installation) by extensions ['python_setup_py']
[2.600s] Level 1:colcon.colcon_core.package_identification:_identify(src/trainingv2/documents/installation) by extension 'python_setup_py'
[2.613s] Level 1:colcon.colcon_core.package_identification:_identify(src/trainingv2/documents/pictures) by extensions ['ignore', 'ignore_ament_install']
[2.614s] Level 1:colcon.colcon_core.package_identification:_identify(src/trainingv2/documents/pictures) by extension 'ignore'
[2.616s] Level 1:colcon.colcon_core.package_identification:_identify(src/trainingv2/documents/pictures) by extension 'ignore_ament_install'
[2.622s] Level 1:colcon.colcon_core.package_identification:_identify(src/trainingv2/documents/pictures) by extensions ['colcon_pkg']
[2.622s] Level 1:colcon.colcon_core.package_identification:_identify(src/trainingv2/documents/pictures) by extension 'colcon_pkg'
[2.625s] Level 1:colcon.colcon_core.package_identification:_identify(src/trainingv2/documents/pictures) by extensions ['colcon_meta']
[2.625s] Level 1:colcon.colcon_core.package_identification:_identify(src/trainingv2/documents/pictures) by extension 'colcon_meta'
[2.632s] Level 1:colcon.colcon_core.package_identification:_identify(src/trainingv2/documents/pictures) by extensions ['ros']
[2.632s] Level 1:colcon.colcon_core.package_identification:_identify(src/trainingv2/documents/pictures) by extension 'ros'
[2.645s] Level 1:colcon.colcon_core.package_identification:_identify(src/trainingv2/documents/pictures) by extensions ['cmake', 'python']
[2.645s] Level 1:colcon.colcon_core.package_identification:_identify(src/trainingv2/documents/pictures) by extension 'cmake'
[2.648s] Level 1:colcon.colcon_core.package_identification:_identify(src/trainingv2/documents/pictures) by extension 'python'
[2.651s] Level 1:colcon.colcon_core.package_identification:_identify(src/trainingv2/documents/pictures) by extensions ['python_setup_py']
[2.651s] Level 1:colcon.colcon_core.package_identification:_identify(src/trainingv2/documents/pictures) by extension 'python_setup_py'
[2.661s] Level 1:colcon.colcon_core.package_identification:_identify(src/trainingv2/turtlesim_project) by extensions ['ignore', 'ignore_ament_install']
[2.661s] Level 1:colcon.colcon_core.package_identification:_identify(src/trainingv2/turtlesim_project) by extension 'ignore'
[2.664s] Level 1:colcon.colcon_core.package_identification:_identify(src/trainingv2/turtlesim_project) by extension 'ignore_ament_install'
[2.668s] Level 1:colcon.colcon_core.package_identification:_identify(src/trainingv2/turtlesim_project) by extensions ['colcon_pkg']
[2.668s] Level 1:colcon.colcon_core.package_identification:_identify(src/trainingv2/turtlesim_project) by extension 'colcon_pkg'
[2.671s] Level 1:colcon.colcon_core.package_identification:_identify(src/trainingv2/turtlesim_project) by extensions ['colcon_meta']
[2.671s] Level 1:colcon.colcon_core.package_identification:_identify(src/trainingv2/turtlesim_project) by extension 'colcon_meta'
[2.675s] Level 1:colcon.colcon_core.package_identification:_identify(src/trainingv2/turtlesim_project) by extensions ['ros']
[2.675s] Level 1:colcon.colcon_core.package_identification:_identify(src/trainingv2/turtlesim_project) by extension 'ros'
[2.686s] Level 1:colcon.colcon_core.package_identification:_identify(src/trainingv2/turtlesim_project) by extensions ['cmake', 'python']
[2.686s] Level 1:colcon.colcon_core.package_identification:_identify(src/trainingv2/turtlesim_project) by extension 'cmake'
[2.689s] Level 1:colcon.colcon_core.package_identification:_identify(src/trainingv2/turtlesim_project) by extension 'python'
[2.691s] Level 1:colcon.colcon_core.package_identification:_identify(src/trainingv2/turtlesim_project) by extensions ['python_setup_py']
[2.691s] Level 1:colcon.colcon_core.package_identification:_identify(src/trainingv2/turtlesim_project) by extension 'python_setup_py'
[2.705s] Level 1:colcon.colcon_core.package_identification:_identify(src/trainingv2/turtlesim_project/src) by extensions ['ignore', 'ignore_ament_install']
[2.705s] Level 1:colcon.colcon_core.package_identification:_identify(src/trainingv2/turtlesim_project/src) by extension 'ignore'
[2.708s] Level 1:colcon.colcon_core.package_identification:_identify(src/trainingv2/turtlesim_project/src) by extension 'ignore_ament_install'
[2.713s] Level 1:colcon.colcon_core.package_identification:_identify(src/trainingv2/turtlesim_project/src) by extensions ['colcon_pkg']
[2.713s] Level 1:colcon.colcon_core.package_identification:_identify(src/trainingv2/turtlesim_project/src) by extension 'colcon_pkg'
[2.716s] Level 1:colcon.colcon_core.package_identification:_identify(src/trainingv2/turtlesim_project/src) by extensions ['colcon_meta']
[2.716s] Level 1:colcon.colcon_core.package_identification:_identify(src/trainingv2/turtlesim_project/src) by extension 'colcon_meta'
[2.723s] Level 1:colcon.colcon_core.package_identification:_identify(src/trainingv2/turtlesim_project/src) by extensions ['ros']
[2.724s] Level 1:colcon.colcon_core.package_identification:_identify(src/trainingv2/turtlesim_project/src) by extension 'ros'
[2.736s] Level 1:colcon.colcon_core.package_identification:_identify(src/trainingv2/turtlesim_project/src) by extensions ['cmake', 'python']
[2.737s] Level 1:colcon.colcon_core.package_identification:_identify(src/trainingv2/turtlesim_project/src) by extension 'cmake'
[2.740s] Level 1:colcon.colcon_core.package_identification:_identify(src/trainingv2/turtlesim_project/src) by extension 'python'
[2.742s] Level 1:colcon.colcon_core.package_identification:_identify(src/trainingv2/turtlesim_project/src) by extensions ['python_setup_py']
[2.743s] Level 1:colcon.colcon_core.package_identification:_identify(src/trainingv2/turtlesim_project/src) by extension 'python_setup_py'
[2.759s] Level 1:colcon.colcon_core.package_identification:_identify(src/trainingv2/turtlesim_project/src/keyboard) by extensions ['ignore', 'ignore_ament_install']
[2.760s] Level 1:colcon.colcon_core.package_identification:_identify(src/trainingv2/turtlesim_project/src/keyboard) by extension 'ignore'
[2.763s] Level 1:colcon.colcon_core.package_identification:_identify(src/trainingv2/turtlesim_project/src/keyboard) by extension 'ignore_ament_install'
[2.770s] Level 1:colcon.colcon_core.package_identification:_identify(src/trainingv2/turtlesim_project/src/keyboard) by extensions ['colcon_pkg']
[2.770s] Level 1:colcon.colcon_core.package_identification:_identify(src/trainingv2/turtlesim_project/src/keyboard) by extension 'colcon_pkg'
[2.774s] Level 1:colcon.colcon_core.package_identification:_identify(src/trainingv2/turtlesim_project/src/keyboard) by extensions ['colcon_meta']
[2.774s] Level 1:colcon.colcon_core.package_identification:_identify(src/trainingv2/turtlesim_project/src/keyboard) by extension 'colcon_meta'
[2.784s] Level 1:colcon.colcon_core.package_identification:_identify(src/trainingv2/turtlesim_project/src/keyboard) by extensions ['ros']
[2.784s] Level 1:colcon.colcon_core.package_identification:_identify(src/trainingv2/turtlesim_project/src/keyboard) by extension 'ros'
[2.816s] DEBUG:colcon.colcon_core.package_identification:Package 'src/trainingv2/turtlesim_project/src/keyboard' with type 'ros.ament_python' and name 'keyboard'
[2.831s] Level 1:colcon.colcon_core.package_identification:_identify(src/trainingv2/turtlesim_project/src/teleop) by extensions ['ignore', 'ignore_ament_install']
[2.831s] Level 1:colcon.colcon_core.package_identification:_identify(src/trainingv2/turtlesim_project/src/teleop) by extension 'ignore'
[2.835s] Level 1:colcon.colcon_core.package_identification:_identify(src/trainingv2/turtlesim_project/src/teleop) by extension 'ignore_ament_install'
[2.841s] Level 1:colcon.colcon_core.package_identification:_identify(src/trainingv2/turtlesim_project/src/teleop) by extensions ['colcon_pkg']
[2.841s] Level 1:colcon.colcon_core.package_identification:_identify(src/trainingv2/turtlesim_project/src/teleop) by extension 'colcon_pkg'
[2.845s] Level 1:colcon.colcon_core.package_identification:_identify(src/trainingv2/turtlesim_project/src/teleop) by extensions ['colcon_meta']
[2.845s] Level 1:colcon.colcon_core.package_identification:_identify(src/trainingv2/turtlesim_project/src/teleop) by extension 'colcon_meta'
[2.855s] Level 1:colcon.colcon_core.package_identification:_identify(src/trainingv2/turtlesim_project/src/teleop) by extensions ['ros']
[2.855s] Level 1:colcon.colcon_core.package_identification:_identify(src/trainingv2/turtlesim_project/src/teleop) by extension 'ros'
[2.888s] DEBUG:colcon.colcon_core.package_identification:Package 'src/trainingv2/turtlesim_project/src/teleop' with type 'ros.ament_cmake' and name 'teleop'
[2.888s] Level 1:colcon.colcon_core.package_discovery:discover_packages(recursive) using defaults
[2.889s] Level 1:colcon.colcon_core.package_discovery:discover_packages(ignore) discover
[2.889s] Level 1:colcon.colcon_core.package_discovery:discover_packages(ignore) using defaults
[2.889s] Level 1:colcon.colcon_core.package_discovery:discover_packages(path) discover
[2.890s] Level 1:colcon.colcon_core.package_discovery:discover_packages(path) using defaults
[3.144s] Level 1:colcon.colcon_core.package_discovery:discover_packages(prefix_path) check parameters
[3.145s] Level 1:colcon.colcon_core.package_discovery:discover_packages(prefix_path) discover
[3.149s] DEBUG:colcon.colcon_installed_package_information.package_discovery:Found 339 installed packages in /opt/ros/humble
[3.153s] Level 1:colcon.colcon_core.package_discovery:discover_packages(prefix_path) using defaults
[3.236s] Level 5:colcon.colcon_core.verb:set package 'astar_path_planner' build argument 'cmake_args' from command line to 'None'
[3.237s] Level 5:colcon.colcon_core.verb:set package 'astar_path_planner' build argument 'cmake_target' from command line to 'None'
[3.237s] Level 5:colcon.colcon_core.verb:set package 'astar_path_planner' build argument 'cmake_target_skip_unavailable' from command line to 'False'
[3.238s] Level 5:colcon.colcon_core.verb:set package 'astar_path_planner' build argument 'cmake_clean_cache' from command line to 'False'
[3.238s] Level 5:colcon.colcon_core.verb:set package 'astar_path_planner' build argument 'cmake_clean_first' from command line to 'False'
[3.238s] Level 5:colcon.colcon_core.verb:set package 'astar_path_planner' build argument 'cmake_force_configure' from command line to 'False'
[3.239s] Level 5:colcon.colcon_core.verb:set package 'astar_path_planner' build argument 'ament_cmake_args' from command line to 'None'
[3.239s] Level 5:colcon.colcon_core.verb:set package 'astar_path_planner' build argument 'catkin_cmake_args' from command line to 'None'
[3.240s] Level 5:colcon.colcon_core.verb:set package 'astar_path_planner' build argument 'catkin_skip_building_tests' from command line to 'False'
[3.240s] DEBUG:colcon.colcon_core.verb:Building package 'astar_path_planner' with the following arguments: {'ament_cmake_args': None, 'build_base': '/home/ubuntu/rj_training_container/training_ws/build/astar_path_planner', 'catkin_cmake_args': None, 'catkin_skip_building_tests': False, 'cmake_args': None, 'cmake_clean_cache': False, 'cmake_clean_first': False, 'cmake_force_configure': False, 'cmake_target': None, 'cmake_target_skip_unavailable': False, 'install_base': '/home/ubuntu/rj_training_container/training_ws/install/astar_path_planner', 'merge_install': False, 'path': '/home/ubuntu/rj_training_container/training_ws/src/software-training-old/astar_path_planner', 'symlink_install': False, 'test_result_base': None}
[3.241s] Level 5:colcon.colcon_core.verb:set package 'controllers' build argument 'cmake_args' from command line to 'None'
[3.241s] Level 5:colcon.colcon_core.verb:set package 'controllers' build argument 'cmake_target' from command line to 'None'
[3.242s] Level 5:colcon.colcon_core.verb:set package 'controllers' build argument 'cmake_target_skip_unavailable' from command line to 'False'
[3.242s] Level 5:colcon.colcon_core.verb:set package 'controllers' build argument 'cmake_clean_cache' from command line to 'False'
[3.242s] Level 5:colcon.colcon_core.verb:set package 'controllers' build argument 'cmake_clean_first' from command line to 'False'
[3.243s] Level 5:colcon.colcon_core.verb:set package 'controllers' build argument 'cmake_force_configure' from command line to 'False'
[3.243s] Level 5:colcon.colcon_core.verb:set package 'controllers' build argument 'ament_cmake_args' from command line to 'None'
[3.243s] Level 5:colcon.colcon_core.verb:set package 'controllers' build argument 'catkin_cmake_args' from command line to 'None'
[3.243s] Level 5:colcon.colcon_core.verb:set package 'controllers' build argument 'catkin_skip_building_tests' from command line to 'False'
[3.244s] DEBUG:colcon.colcon_core.verb:Building package 'controllers' with the following arguments: {'ament_cmake_args': None, 'build_base': '/home/ubuntu/rj_training_container/training_ws/build/controllers', 'catkin_cmake_args': None, 'catkin_skip_building_tests': False, 'cmake_args': None, 'cmake_clean_cache': False, 'cmake_clean_first': False, 'cmake_force_configure': False, 'cmake_target': None, 'cmake_target_skip_unavailable': False, 'install_base': '/home/ubuntu/rj_training_container/training_ws/install/controllers', 'merge_install': False, 'path': '/home/ubuntu/rj_training_container/training_ws/src/software-training-old/controllers', 'symlink_install': False, 'test_result_base': None}
[3.245s] Level 5:colcon.colcon_core.verb:set package 'joystick_msgs' build argument 'cmake_args' from command line to 'None'
[3.245s] Level 5:colcon.colcon_core.verb:set package 'joystick_msgs' build argument 'cmake_target' from command line to 'None'
[3.245s] Level 5:colcon.colcon_core.verb:set package 'joystick_msgs' build argument 'cmake_target_skip_unavailable' from command line to 'False'
[3.245s] Level 5:colcon.colcon_core.verb:set package 'joystick_msgs' build argument 'cmake_clean_cache' from command line to 'False'
[3.246s] Level 5:colcon.colcon_core.verb:set package 'joystick_msgs' build argument 'cmake_clean_first' from command line to 'False'
[3.246s] Level 5:colcon.colcon_core.verb:set package 'joystick_msgs' build argument 'cmake_force_configure' from command line to 'False'
[3.246s] Level 5:colcon.colcon_core.verb:set package 'joystick_msgs' build argument 'ament_cmake_args' from command line to 'None'
[3.247s] Level 5:colcon.colcon_core.verb:set package 'joystick_msgs' build argument 'catkin_cmake_args' from command line to 'None'
[3.247s] Level 5:colcon.colcon_core.verb:set package 'joystick_msgs' build argument 'catkin_skip_building_tests' from command line to 'False'
[3.247s] DEBUG:colcon.colcon_core.verb:Building package 'joystick_msgs' with the following arguments: {'ament_cmake_args': None, 'build_base': '/home/ubuntu/rj_training_container/training_ws/build/joystick_msgs', 'catkin_cmake_args': None, 'catkin_skip_building_tests': False, 'cmake_args': None, 'cmake_clean_cache': False, 'cmake_clean_first': False, 'cmake_force_configure': False, 'cmake_target': None, 'cmake_target_skip_unavailable': False, 'install_base': '/home/ubuntu/rj_training_container/training_ws/install/joystick_msgs', 'merge_install': False, 'path': '/home/ubuntu/rj_training_container/training_ws/src/trainingv2/controller_project/joystick_msgs', 'symlink_install': False, 'test_result_base': None}
[3.248s] Level 5:colcon.colcon_core.verb:set package 'keyboard' build argument 'cmake_args' from command line to 'None'
[3.248s] Level 5:colcon.colcon_core.verb:set package 'keyboard' build argument 'cmake_target' from command line to 'None'
[3.249s] Level 5:colcon.colcon_core.verb:set package 'keyboard' build argument 'cmake_target_skip_unavailable' from command line to 'False'
[3.249s] Level 5:colcon.colcon_core.verb:set package 'keyboard' build argument 'cmake_clean_cache' from command line to 'False'
[3.249s] Level 5:colcon.colcon_core.verb:set package 'keyboard' build argument 'cmake_clean_first' from command line to 'False'
[3.250s] Level 5:colcon.colcon_core.verb:set package 'keyboard' build argument 'cmake_force_configure' from command line to 'False'
[3.250s] Level 5:colcon.colcon_core.verb:set package 'keyboard' build argument 'ament_cmake_args' from command line to 'None'
[3.250s] Level 5:colcon.colcon_core.verb:set package 'keyboard' build argument 'catkin_cmake_args' from command line to 'None'
[3.250s] Level 5:colcon.colcon_core.verb:set package 'keyboard' build argument 'catkin_skip_building_tests' from command line to 'False'
[3.251s] DEBUG:colcon.colcon_core.verb:Building package 'keyboard' with the following arguments: {'ament_cmake_args': None, 'build_base': '/home/ubuntu/rj_training_container/training_ws/build/keyboard', 'catkin_cmake_args': None, 'catkin_skip_building_tests': False, 'cmake_args': None, 'cmake_clean_cache': False, 'cmake_clean_first': False, 'cmake_force_configure': False, 'cmake_target': None, 'cmake_target_skip_unavailable': False, 'install_base': '/home/ubuntu/rj_training_container/training_ws/install/keyboard', 'merge_install': False, 'path': '/home/ubuntu/rj_training_container/training_ws/src/trainingv2/turtlesim_project/src/keyboard', 'symlink_install': False, 'test_result_base': None}
[3.251s] Level 5:colcon.colcon_core.verb:set package 'mapping' build argument 'cmake_args' from command line to 'None'
[3.252s] Level 5:colcon.colcon_core.verb:set package 'mapping' build argument 'cmake_target' from command line to 'None'
[3.252s] Level 5:colcon.colcon_core.verb:set package 'mapping' build argument 'cmake_target_skip_unavailable' from command line to 'False'
[3.252s] Level 5:colcon.colcon_core.verb:set package 'mapping' build argument 'cmake_clean_cache' from command line to 'False'
[3.252s] Level 5:colcon.colcon_core.verb:set package 'mapping' build argument 'cmake_clean_first' from command line to 'False'
[3.253s] Level 5:colcon.colcon_core.verb:set package 'mapping' build argument 'cmake_force_configure' from command line to 'False'
[3.253s] Level 5:colcon.colcon_core.verb:set package 'mapping' build argument 'ament_cmake_args' from command line to 'None'
[3.253s] Level 5:colcon.colcon_core.verb:set package 'mapping' build argument 'catkin_cmake_args' from command line to 'None'
[3.253s] Level 5:colcon.colcon_core.verb:set package 'mapping' build argument 'catkin_skip_building_tests' from command line to 'False'
[3.254s] DEBUG:colcon.colcon_core.verb:Building package 'mapping' with the following arguments: {'ament_cmake_args': None, 'build_base': '/home/ubuntu/rj_training_container/training_ws/build/mapping', 'catkin_cmake_args': None, 'catkin_skip_building_tests': False, 'cmake_args': None, 'cmake_clean_cache': False, 'cmake_clean_first': False, 'cmake_force_configure': False, 'cmake_target': None, 'cmake_target_skip_unavailable': False, 'install_base': '/home/ubuntu/rj_training_container/training_ws/install/mapping', 'merge_install': False, 'path': '/home/ubuntu/rj_training_container/training_ws/src/software-training-old/mapping', 'symlink_install': False, 'test_result_base': None}
[3.255s] Level 5:colcon.colcon_core.verb:set package 'obstacle_detector' build argument 'cmake_args' from command line to 'None'
[3.255s] Level 5:colcon.colcon_core.verb:set package 'obstacle_detector' build argument 'cmake_target' from command line to 'None'
[3.255s] Level 5:colcon.colcon_core.verb:set package 'obstacle_detector' build argument 'cmake_target_skip_unavailable' from command line to 'False'
[3.255s] Level 5:colcon.colcon_core.verb:set package 'obstacle_detector' build argument 'cmake_clean_cache' from command line to 'False'
[3.256s] Level 5:colcon.colcon_core.verb:set package 'obstacle_detector' build argument 'cmake_clean_first' from command line to 'False'
[3.256s] Level 5:colcon.colcon_core.verb:set package 'obstacle_detector' build argument 'cmake_force_configure' from command line to 'False'
[3.256s] Level 5:colcon.colcon_core.verb:set package 'obstacle_detector' build argument 'ament_cmake_args' from command line to 'None'
[3.256s] Level 5:colcon.colcon_core.verb:set package 'obstacle_detector' build argument 'catkin_cmake_args' from command line to 'None'
[3.257s] Level 5:colcon.colcon_core.verb:set package 'obstacle_detector' build argument 'catkin_skip_building_tests' from command line to 'False'
[3.257s] DEBUG:colcon.colcon_core.verb:Building package 'obstacle_detector' with the following arguments: {'ament_cmake_args': None, 'build_base': '/home/ubuntu/rj_training_container/training_ws/build/obstacle_detector', 'catkin_cmake_args': None, 'catkin_skip_building_tests': False, 'cmake_args': None, 'cmake_clean_cache': False, 'cmake_clean_first': False, 'cmake_force_configure': False, 'cmake_target': None, 'cmake_target_skip_unavailable': False, 'install_base': '/home/ubuntu/rj_training_container/training_ws/install/obstacle_detector', 'merge_install': False, 'path': '/home/ubuntu/rj_training_container/training_ws/src/software-training-old/obstacle_detector', 'symlink_install': False, 'test_result_base': None}
[3.258s] Level 5:colcon.colcon_core.verb:set package 'rj_training_bringup' build argument 'cmake_args' from command line to 'None'
[3.258s] Level 5:colcon.colcon_core.verb:set package 'rj_training_bringup' build argument 'cmake_target' from command line to 'None'
[3.258s] Level 5:colcon.colcon_core.verb:set package 'rj_training_bringup' build argument 'cmake_target_skip_unavailable' from command line to 'False'
[3.258s] Level 5:colcon.colcon_core.verb:set package 'rj_training_bringup' build argument 'cmake_clean_cache' from command line to 'False'
[3.259s] Level 5:colcon.colcon_core.verb:set package 'rj_training_bringup' build argument 'cmake_clean_first' from command line to 'False'
[3.259s] Level 5:colcon.colcon_core.verb:set package 'rj_training_bringup' build argument 'cmake_force_configure' from command line to 'False'
[3.259s] Level 5:colcon.colcon_core.verb:set package 'rj_training_bringup' build argument 'ament_cmake_args' from command line to 'None'
[3.260s] Level 5:colcon.colcon_core.verb:set package 'rj_training_bringup' build argument 'catkin_cmake_args' from command line to 'None'
[3.260s] Level 5:colcon.colcon_core.verb:set package 'rj_training_bringup' build argument 'catkin_skip_building_tests' from command line to 'False'
[3.260s] DEBUG:colcon.colcon_core.verb:Building package 'rj_training_bringup' with the following arguments: {'ament_cmake_args': None, 'build_base': '/home/ubuntu/rj_training_container/training_ws/build/rj_training_bringup', 'catkin_cmake_args': None, 'catkin_skip_building_tests': False, 'cmake_args': None, 'cmake_clean_cache': False, 'cmake_clean_first': False, 'cmake_force_configure': False, 'cmake_target': None, 'cmake_target_skip_unavailable': False, 'install_base': '/home/ubuntu/rj_training_container/training_ws/install/rj_training_bringup', 'merge_install': False, 'path': '/home/ubuntu/rj_training_container/training_ws/src/software-training-old/rj_training_bringup', 'symlink_install': False, 'test_result_base': None}
[3.261s] Level 5:colcon.colcon_core.verb:set package 'stsl_gazebo_plugins' build argument 'cmake_args' from command line to 'None'
[3.261s] Level 5:colcon.colcon_core.verb:set package 'stsl_gazebo_plugins' build argument 'cmake_target' from command line to 'None'
[3.261s] Level 5:colcon.colcon_core.verb:set package 'stsl_gazebo_plugins' build argument 'cmake_target_skip_unavailable' from command line to 'False'
[3.262s] Level 5:colcon.colcon_core.verb:set package 'stsl_gazebo_plugins' build argument 'cmake_clean_cache' from command line to 'False'
[3.262s] Level 5:colcon.colcon_core.verb:set package 'stsl_gazebo_plugins' build argument 'cmake_clean_first' from command line to 'False'
[3.262s] Level 5:colcon.colcon_core.verb:set package 'stsl_gazebo_plugins' build argument 'cmake_force_configure' from command line to 'False'
[3.262s] Level 5:colcon.colcon_core.verb:set package 'stsl_gazebo_plugins' build argument 'ament_cmake_args' from command line to 'None'
[3.263s] Level 5:colcon.colcon_core.verb:set package 'stsl_gazebo_plugins' build argument 'catkin_cmake_args' from command line to 'None'
[3.263s] Level 5:colcon.colcon_core.verb:set package 'stsl_gazebo_plugins' build argument 'catkin_skip_building_tests' from command line to 'False'
[3.263s] DEBUG:colcon.colcon_core.verb:Building package 'stsl_gazebo_plugins' with the following arguments: {'ament_cmake_args': None, 'build_base': '/home/ubuntu/rj_training_container/training_ws/build/stsl_gazebo_plugins', 'catkin_cmake_args': None, 'catkin_skip_building_tests': False, 'cmake_args': None, 'cmake_clean_cache': False, 'cmake_clean_first': False, 'cmake_force_configure': False, 'cmake_target': None, 'cmake_target_skip_unavailable': False, 'install_base': '/home/ubuntu/rj_training_container/training_ws/install/stsl_gazebo_plugins', 'merge_install': False, 'path': '/home/ubuntu/rj_training_container/training_ws/src/stsl/stsl_gazebo_plugins', 'symlink_install': False, 'test_result_base': None}
[3.264s] Level 5:colcon.colcon_core.verb:set package 'stsl_interfaces' build argument 'cmake_args' from command line to 'None'
[3.264s] Level 5:colcon.colcon_core.verb:set package 'stsl_interfaces' build argument 'cmake_target' from command line to 'None'
[3.264s] Level 5:colcon.colcon_core.verb:set package 'stsl_interfaces' build argument 'cmake_target_skip_unavailable' from command line to 'False'
[3.265s] Level 5:colcon.colcon_core.verb:set package 'stsl_interfaces' build argument 'cmake_clean_cache' from command line to 'False'
[3.265s] Level 5:colcon.colcon_core.verb:set package 'stsl_interfaces' build argument 'cmake_clean_first' from command line to 'False'
[3.265s] Level 5:colcon.colcon_core.verb:set package 'stsl_interfaces' build argument 'cmake_force_configure' from command line to 'False'
[3.266s] Level 5:colcon.colcon_core.verb:set package 'stsl_interfaces' build argument 'ament_cmake_args' from command line to 'None'
[3.266s] Level 5:colcon.colcon_core.verb:set package 'stsl_interfaces' build argument 'catkin_cmake_args' from command line to 'None'
[3.266s] Level 5:colcon.colcon_core.verb:set package 'stsl_interfaces' build argument 'catkin_skip_building_tests' from command line to 'False'
[3.266s] DEBUG:colcon.colcon_core.verb:Building package 'stsl_interfaces' with the following arguments: {'ament_cmake_args': None, 'build_base': '/home/ubuntu/rj_training_container/training_ws/build/stsl_interfaces', 'catkin_cmake_args': None, 'catkin_skip_building_tests': False, 'cmake_args': None, 'cmake_clean_cache': False, 'cmake_clean_first': False, 'cmake_force_configure': False, 'cmake_target': None, 'cmake_target_skip_unavailable': False, 'install_base': '/home/ubuntu/rj_training_container/training_ws/install/stsl_interfaces', 'merge_install': False, 'path': '/home/ubuntu/rj_training_container/training_ws/src/stsl/stsl_interfaces', 'symlink_install': False, 'test_result_base': None}
[3.267s] Level 5:colcon.colcon_core.verb:set package 'stsl_nav_plugins' build argument 'cmake_args' from command line to 'None'
[3.267s] Level 5:colcon.colcon_core.verb:set package 'stsl_nav_plugins' build argument 'cmake_target' from command line to 'None'
[3.268s] Level 5:colcon.colcon_core.verb:set package 'stsl_nav_plugins' build argument 'cmake_target_skip_unavailable' from command line to 'False'
[3.268s] Level 5:colcon.colcon_core.verb:set package 'stsl_nav_plugins' build argument 'cmake_clean_cache' from command line to 'False'
[3.268s] Level 5:colcon.colcon_core.verb:set package 'stsl_nav_plugins' build argument 'cmake_clean_first' from command line to 'False'
[3.268s] Level 5:colcon.colcon_core.verb:set package 'stsl_nav_plugins' build argument 'cmake_force_configure' from command line to 'False'
[3.269s] Level 5:colcon.colcon_core.verb:set package 'stsl_nav_plugins' build argument 'ament_cmake_args' from command line to 'None'
[3.269s] Level 5:colcon.colcon_core.verb:set package 'stsl_nav_plugins' build argument 'catkin_cmake_args' from command line to 'None'
[3.269s] Level 5:colcon.colcon_core.verb:set package 'stsl_nav_plugins' build argument 'catkin_skip_building_tests' from command line to 'False'
[3.270s] DEBUG:colcon.colcon_core.verb:Building package 'stsl_nav_plugins' with the following arguments: {'ament_cmake_args': None, 'build_base': '/home/ubuntu/rj_training_container/training_ws/build/stsl_nav_plugins', 'catkin_cmake_args': None, 'catkin_skip_building_tests': False, 'cmake_args': None, 'cmake_clean_cache': False, 'cmake_clean_first': False, 'cmake_force_configure': False, 'cmake_target': None, 'cmake_target_skip_unavailable': False, 'install_base': '/home/ubuntu/rj_training_container/training_ws/install/stsl_nav_plugins', 'merge_install': False, 'path': '/home/ubuntu/rj_training_container/training_ws/src/stsl/stsl_nav_plugins', 'symlink_install': False, 'test_result_base': None}
[3.271s] Level 5:colcon.colcon_core.verb:set package 'stsl_utils' build argument 'cmake_args' from command line to 'None'
[3.271s] Level 5:colcon.colcon_core.verb:set package 'stsl_utils' build argument 'cmake_target' from command line to 'None'
[3.271s] Level 5:colcon.colcon_core.verb:set package 'stsl_utils' build argument 'cmake_target_skip_unavailable' from command line to 'False'
[3.271s] Level 5:colcon.colcon_core.verb:set package 'stsl_utils' build argument 'cmake_clean_cache' from command line to 'False'
[3.272s] Level 5:colcon.colcon_core.verb:set package 'stsl_utils' build argument 'cmake_clean_first' from command line to 'False'
[3.272s] Level 5:colcon.colcon_core.verb:set package 'stsl_utils' build argument 'cmake_force_configure' from command line to 'False'
[3.272s] Level 5:colcon.colcon_core.verb:set package 'stsl_utils' build argument 'ament_cmake_args' from command line to 'None'
[3.272s] Level 5:colcon.colcon_core.verb:set package 'stsl_utils' build argument 'catkin_cmake_args' from command line to 'None'
[3.273s] Level 5:colcon.colcon_core.verb:set package 'stsl_utils' build argument 'catkin_skip_building_tests' from command line to 'False'
[3.273s] DEBUG:colcon.colcon_core.verb:Building package 'stsl_utils' with the following arguments: {'ament_cmake_args': None, 'build_base': '/home/ubuntu/rj_training_container/training_ws/build/stsl_utils', 'catkin_cmake_args': None, 'catkin_skip_building_tests': False, 'cmake_args': None, 'cmake_clean_cache': False, 'cmake_clean_first': False, 'cmake_force_configure': False, 'cmake_target': None, 'cmake_target_skip_unavailable': False, 'install_base': '/home/ubuntu/rj_training_container/training_ws/install/stsl_utils', 'merge_install': False, 'path': '/home/ubuntu/rj_training_container/training_ws/src/stsl/stsl_utils', 'symlink_install': False, 'test_result_base': None}
[3.274s] Level 5:colcon.colcon_core.verb:set package 'teleop' build argument 'cmake_args' from command line to 'None'
[3.274s] Level 5:colcon.colcon_core.verb:set package 'teleop' build argument 'cmake_target' from command line to 'None'
[3.274s] Level 5:colcon.colcon_core.verb:set package 'teleop' build argument 'cmake_target_skip_unavailable' from command line to 'False'
[3.275s] Level 5:colcon.colcon_core.verb:set package 'teleop' build argument 'cmake_clean_cache' from command line to 'False'
[3.275s] Level 5:colcon.colcon_core.verb:set package 'teleop' build argument 'cmake_clean_first' from command line to 'False'
[3.275s] Level 5:colcon.colcon_core.verb:set package 'teleop' build argument 'cmake_force_configure' from command line to 'False'
[3.275s] Level 5:colcon.colcon_core.verb:set package 'teleop' build argument 'ament_cmake_args' from command line to 'None'
[3.276s] Level 5:colcon.colcon_core.verb:set package 'teleop' build argument 'catkin_cmake_args' from command line to 'None'
[3.276s] Level 5:colcon.colcon_core.verb:set package 'teleop' build argument 'catkin_skip_building_tests' from command line to 'False'
[3.276s] DEBUG:colcon.colcon_core.verb:Building package 'teleop' with the following arguments: {'ament_cmake_args': None, 'build_base': '/home/ubuntu/rj_training_container/training_ws/build/teleop', 'catkin_cmake_args': None, 'catkin_skip_building_tests': False, 'cmake_args': None, 'cmake_clean_cache': False, 'cmake_clean_first': False, 'cmake_force_configure': False, 'cmake_target': None, 'cmake_target_skip_unavailable': False, 'install_base': '/home/ubuntu/rj_training_container/training_ws/install/teleop', 'merge_install': False, 'path': '/home/ubuntu/rj_training_container/training_ws/src/trainingv2/turtlesim_project/src/teleop', 'symlink_install': False, 'test_result_base': None}
[3.277s] Level 5:colcon.colcon_core.verb:set package 'traini_description' build argument 'cmake_args' from command line to 'None'
[3.277s] Level 5:colcon.colcon_core.verb:set package 'traini_description' build argument 'cmake_target' from command line to 'None'
[3.278s] Level 5:colcon.colcon_core.verb:set package 'traini_description' build argument 'cmake_target_skip_unavailable' from command line to 'False'
[3.278s] Level 5:colcon.colcon_core.verb:set package 'traini_description' build argument 'cmake_clean_cache' from command line to 'False'
[3.278s] Level 5:colcon.colcon_core.verb:set package 'traini_description' build argument 'cmake_clean_first' from command line to 'False'
[3.278s] Level 5:colcon.colcon_core.verb:set package 'traini_description' build argument 'cmake_force_configure' from command line to 'False'
[3.279s] Level 5:colcon.colcon_core.verb:set package 'traini_description' build argument 'ament_cmake_args' from command line to 'None'
[3.279s] Level 5:colcon.colcon_core.verb:set package 'traini_description' build argument 'catkin_cmake_args' from command line to 'None'
[3.279s] Level 5:colcon.colcon_core.verb:set package 'traini_description' build argument 'catkin_skip_building_tests' from command line to 'False'
[3.280s] DEBUG:colcon.colcon_core.verb:Building package 'traini_description' with the following arguments: {'ament_cmake_args': None, 'build_base': '/home/ubuntu/rj_training_container/training_ws/build/traini_description', 'catkin_cmake_args': None, 'catkin_skip_building_tests': False, 'cmake_args': None, 'cmake_clean_cache': False, 'cmake_clean_first': False, 'cmake_force_configure': False, 'cmake_target': None, 'cmake_target_skip_unavailable': False, 'install_base': '/home/ubuntu/rj_training_container/training_ws/install/traini_description', 'merge_install': False, 'path': '/home/ubuntu/rj_training_container/training_ws/src/stsl/traini_description', 'symlink_install': False, 'test_result_base': None}
[3.280s] Level 5:colcon.colcon_core.verb:set package 'coordinate_transform' build argument 'cmake_args' from command line to 'None'
[3.281s] Level 5:colcon.colcon_core.verb:set package 'coordinate_transform' build argument 'cmake_target' from command line to 'None'
[3.281s] Level 5:colcon.colcon_core.verb:set package 'coordinate_transform' build argument 'cmake_target_skip_unavailable' from command line to 'False'
[3.281s] Level 5:colcon.colcon_core.verb:set package 'coordinate_transform' build argument 'cmake_clean_cache' from command line to 'False'
[3.282s] Level 5:colcon.colcon_core.verb:set package 'coordinate_transform' build argument 'cmake_clean_first' from command line to 'False'
[3.282s] Level 5:colcon.colcon_core.verb:set package 'coordinate_transform' build argument 'cmake_force_configure' from command line to 'False'
[3.282s] Level 5:colcon.colcon_core.verb:set package 'coordinate_transform' build argument 'ament_cmake_args' from command line to 'None'
[3.282s] Level 5:colcon.colcon_core.verb:set package 'coordinate_transform' build argument 'catkin_cmake_args' from command line to 'None'
[3.283s] Level 5:colcon.colcon_core.verb:set package 'coordinate_transform' build argument 'catkin_skip_building_tests' from command line to 'False'
[3.283s] DEBUG:colcon.colcon_core.verb:Building package 'coordinate_transform' with the following arguments: {'ament_cmake_args': None, 'build_base': '/home/ubuntu/rj_training_container/training_ws/build/coordinate_transform', 'catkin_cmake_args': None, 'catkin_skip_building_tests': False, 'cmake_args': None, 'cmake_clean_cache': False, 'cmake_clean_first': False, 'cmake_force_configure': False, 'cmake_target': None, 'cmake_target_skip_unavailable': False, 'install_base': '/home/ubuntu/rj_training_container/training_ws/install/coordinate_transform', 'merge_install': False, 'path': '/home/ubuntu/rj_training_container/training_ws/src/software-training-old/coordinate_transform', 'symlink_install': False, 'test_result_base': None}
[3.284s] Level 5:colcon.colcon_core.verb:set package 'elevation_server' build argument 'cmake_args' from command line to 'None'
[3.284s] Level 5:colcon.colcon_core.verb:set package 'elevation_server' build argument 'cmake_target' from command line to 'None'
[3.284s] Level 5:colcon.colcon_core.verb:set package 'elevation_server' build argument 'cmake_target_skip_unavailable' from command line to 'False'
[3.284s] Level 5:colcon.colcon_core.verb:set package 'elevation_server' build argument 'cmake_clean_cache' from command line to 'False'
[3.285s] Level 5:colcon.colcon_core.verb:set package 'elevation_server' build argument 'cmake_clean_first' from command line to 'False'
[3.285s] Level 5:colcon.colcon_core.verb:set package 'elevation_server' build argument 'cmake_force_configure' from command line to 'False'
[3.285s] Level 5:colcon.colcon_core.verb:set package 'elevation_server' build argument 'ament_cmake_args' from command line to 'None'
[3.285s] Level 5:colcon.colcon_core.verb:set package 'elevation_server' build argument 'catkin_cmake_args' from command line to 'None'
[3.286s] Level 5:colcon.colcon_core.verb:set package 'elevation_server' build argument 'catkin_skip_building_tests' from command line to 'False'
[3.286s] DEBUG:colcon.colcon_core.verb:Building package 'elevation_server' with the following arguments: {'ament_cmake_args': None, 'build_base': '/home/ubuntu/rj_training_container/training_ws/build/elevation_server', 'catkin_cmake_args': None, 'catkin_skip_building_tests': False, 'cmake_args': None, 'cmake_clean_cache': False, 'cmake_clean_first': False, 'cmake_force_configure': False, 'cmake_target': None, 'cmake_target_skip_unavailable': False, 'install_base': '/home/ubuntu/rj_training_container/training_ws/install/elevation_server', 'merge_install': False, 'path': '/home/ubuntu/rj_training_container/training_ws/src/stsl/elevation_server', 'symlink_install': False, 'test_result_base': None}
[3.287s] Level 5:colcon.colcon_core.verb:set package 'joystick_package' build argument 'cmake_args' from command line to 'None'
[3.287s] Level 5:colcon.colcon_core.verb:set package 'joystick_package' build argument 'cmake_target' from command line to 'None'
[3.288s] Level 5:colcon.colcon_core.verb:set package 'joystick_package' build argument 'cmake_target_skip_unavailable' from command line to 'False'
[3.288s] Level 5:colcon.colcon_core.verb:set package 'joystick_package' build argument 'cmake_clean_cache' from command line to 'False'
[3.288s] Level 5:colcon.colcon_core.verb:set package 'joystick_package' build argument 'cmake_clean_first' from command line to 'False'
[3.288s] Level 5:colcon.colcon_core.verb:set package 'joystick_package' build argument 'cmake_force_configure' from command line to 'False'
[3.289s] Level 5:colcon.colcon_core.verb:set package 'joystick_package' build argument 'ament_cmake_args' from command line to 'None'
[3.289s] Level 5:colcon.colcon_core.verb:set package 'joystick_package' build argument 'catkin_cmake_args' from command line to 'None'
[3.289s] Level 5:colcon.colcon_core.verb:set package 'joystick_package' build argument 'catkin_skip_building_tests' from command line to 'False'
[3.290s] DEBUG:colcon.colcon_core.verb:Building package 'joystick_package' with the following arguments: {'ament_cmake_args': None, 'build_base': '/home/ubuntu/rj_training_container/training_ws/build/joystick_package', 'catkin_cmake_args': None, 'catkin_skip_building_tests': False, 'cmake_args': None, 'cmake_clean_cache': False, 'cmake_clean_first': False, 'cmake_force_configure': False, 'cmake_target': None, 'cmake_target_skip_unavailable': False, 'install_base': '/home/ubuntu/rj_training_container/training_ws/install/joystick_package', 'merge_install': False, 'path': '/home/ubuntu/rj_training_container/training_ws/src/trainingv2/controller_project/joystick_package', 'symlink_install': False, 'test_result_base': None}
[3.290s] Level 5:colcon.colcon_core.verb:set package 'localization' build argument 'cmake_args' from command line to 'None'
[3.291s] Level 5:colcon.colcon_core.verb:set package 'localization' build argument 'cmake_target' from command line to 'None'
[3.291s] Level 5:colcon.colcon_core.verb:set package 'localization' build argument 'cmake_target_skip_unavailable' from command line to 'False'
[3.291s] Level 5:colcon.colcon_core.verb:set package 'localization' build argument 'cmake_clean_cache' from command line to 'False'
[3.292s] Level 5:colcon.colcon_core.verb:set package 'localization' build argument 'cmake_clean_first' from command line to 'False'
[3.292s] Level 5:colcon.colcon_core.verb:set package 'localization' build argument 'cmake_force_configure' from command line to 'False'
[3.292s] Level 5:colcon.colcon_core.verb:set package 'localization' build argument 'ament_cmake_args' from command line to 'None'
[3.292s] Level 5:colcon.colcon_core.verb:set package 'localization' build argument 'catkin_cmake_args' from command line to 'None'
[3.293s] Level 5:colcon.colcon_core.verb:set package 'localization' build argument 'catkin_skip_building_tests' from command line to 'False'
[3.293s] DEBUG:colcon.colcon_core.verb:Building package 'localization' with the following arguments: {'ament_cmake_args': None, 'build_base': '/home/ubuntu/rj_training_container/training_ws/build/localization', 'catkin_cmake_args': None, 'catkin_skip_building_tests': False, 'cmake_args': None, 'cmake_clean_cache': False, 'cmake_clean_first': False, 'cmake_force_configure': False, 'cmake_target': None, 'cmake_target_skip_unavailable': False, 'install_base': '/home/ubuntu/rj_training_container/training_ws/install/localization', 'merge_install': False, 'path': '/home/ubuntu/rj_training_container/training_ws/src/software-training-old/localization', 'symlink_install': False, 'test_result_base': None}
[3.294s] Level 5:colcon.colcon_core.verb:set package 'mineral_deposit_detection' build argument 'cmake_args' from command line to 'None'
[3.294s] Level 5:colcon.colcon_core.verb:set package 'mineral_deposit_detection' build argument 'cmake_target' from command line to 'None'
[3.294s] Level 5:colcon.colcon_core.verb:set package 'mineral_deposit_detection' build argument 'cmake_target_skip_unavailable' from command line to 'False'
[3.294s] Level 5:colcon.colcon_core.verb:set package 'mineral_deposit_detection' build argument 'cmake_clean_cache' from command line to 'False'
[3.295s] Level 5:colcon.colcon_core.verb:set package 'mineral_deposit_detection' build argument 'cmake_clean_first' from command line to 'False'
[3.295s] Level 5:colcon.colcon_core.verb:set package 'mineral_deposit_detection' build argument 'cmake_force_configure' from command line to 'False'
[3.295s] Level 5:colcon.colcon_core.verb:set package 'mineral_deposit_detection' build argument 'ament_cmake_args' from command line to 'None'
[3.295s] Level 5:colcon.colcon_core.verb:set package 'mineral_deposit_detection' build argument 'catkin_cmake_args' from command line to 'None'
[3.296s] Level 5:colcon.colcon_core.verb:set package 'mineral_deposit_detection' build argument 'catkin_skip_building_tests' from command line to 'False'
[3.296s] DEBUG:colcon.colcon_core.verb:Building package 'mineral_deposit_detection' with the following arguments: {'ament_cmake_args': None, 'build_base': '/home/ubuntu/rj_training_container/training_ws/build/mineral_deposit_detection', 'catkin_cmake_args': None, 'catkin_skip_building_tests': False, 'cmake_args': None, 'cmake_clean_cache': False, 'cmake_clean_first': False, 'cmake_force_configure': False, 'cmake_target': None, 'cmake_target_skip_unavailable': False, 'install_base': '/home/ubuntu/rj_training_container/training_ws/install/mineral_deposit_detection', 'merge_install': False, 'path': '/home/ubuntu/rj_training_container/training_ws/src/stsl/mineral_deposit_detection', 'symlink_install': False, 'test_result_base': None}
[3.297s] Level 5:colcon.colcon_core.verb:set package 'mineral_deposit_tracking' build argument 'cmake_args' from command line to 'None'
[3.297s] Level 5:colcon.colcon_core.verb:set package 'mineral_deposit_tracking' build argument 'cmake_target' from command line to 'None'
[3.297s] Level 5:colcon.colcon_core.verb:set package 'mineral_deposit_tracking' build argument 'cmake_target_skip_unavailable' from command line to 'False'
[3.297s] Level 5:colcon.colcon_core.verb:set package 'mineral_deposit_tracking' build argument 'cmake_clean_cache' from command line to 'False'
[3.298s] Level 5:colcon.colcon_core.verb:set package 'mineral_deposit_tracking' build argument 'cmake_clean_first' from command line to 'False'
[3.298s] Level 5:colcon.colcon_core.verb:set package 'mineral_deposit_tracking' build argument 'cmake_force_configure' from command line to 'False'
[3.298s] Level 5:colcon.colcon_core.verb:set package 'mineral_deposit_tracking' build argument 'ament_cmake_args' from command line to 'None'
[3.298s] Level 5:colcon.colcon_core.verb:set package 'mineral_deposit_tracking' build argument 'catkin_cmake_args' from command line to 'None'
[3.299s] Level 5:colcon.colcon_core.verb:set package 'mineral_deposit_tracking' build argument 'catkin_skip_building_tests' from command line to 'False'
[3.299s] DEBUG:colcon.colcon_core.verb:Building package 'mineral_deposit_tracking' with the following arguments: {'ament_cmake_args': None, 'build_base': '/home/ubuntu/rj_training_container/training_ws/build/mineral_deposit_tracking', 'catkin_cmake_args': None, 'catkin_skip_building_tests': False, 'cmake_args': None, 'cmake_clean_cache': False, 'cmake_clean_first': False, 'cmake_force_configure': False, 'cmake_target': None, 'cmake_target_skip_unavailable': False, 'install_base': '/home/ubuntu/rj_training_container/training_ws/install/mineral_deposit_tracking', 'merge_install': False, 'path': '/home/ubuntu/rj_training_container/training_ws/src/software-training-old/mineral_deposit_tracking', 'symlink_install': False, 'test_result_base': None}
[3.300s] Level 5:colcon.colcon_core.verb:set package 'peak_finder' build argument 'cmake_args' from command line to 'None'
[3.300s] Level 5:colcon.colcon_core.verb:set package 'peak_finder' build argument 'cmake_target' from command line to 'None'
[3.301s] Level 5:colcon.colcon_core.verb:set package 'peak_finder' build argument 'cmake_target_skip_unavailable' from command line to 'False'
[3.301s] Level 5:colcon.colcon_core.verb:set package 'peak_finder' build argument 'cmake_clean_cache' from command line to 'False'
[3.301s] Level 5:colcon.colcon_core.verb:set package 'peak_finder' build argument 'cmake_clean_first' from command line to 'False'
[3.301s] Level 5:colcon.colcon_core.verb:set package 'peak_finder' build argument 'cmake_force_configure' from command line to 'False'
[3.302s] Level 5:colcon.colcon_core.verb:set package 'peak_finder' build argument 'ament_cmake_args' from command line to 'None'
[3.302s] Level 5:colcon.colcon_core.verb:set package 'peak_finder' build argument 'catkin_cmake_args' from command line to 'None'
[3.302s] Level 5:colcon.colcon_core.verb:set package 'peak_finder' build argument 'catkin_skip_building_tests' from command line to 'False'
[3.302s] DEBUG:colcon.colcon_core.verb:Building package 'peak_finder' with the following arguments: {'ament_cmake_args': None, 'build_base': '/home/ubuntu/rj_training_container/training_ws/build/peak_finder', 'catkin_cmake_args': None, 'catkin_skip_building_tests': False, 'cmake_args': None, 'cmake_clean_cache': False, 'cmake_clean_first': False, 'cmake_force_configure': False, 'cmake_target': None, 'cmake_target_skip_unavailable': False, 'install_base': '/home/ubuntu/rj_training_container/training_ws/install/peak_finder', 'merge_install': False, 'path': '/home/ubuntu/rj_training_container/training_ws/src/software-training-old/peak_finder', 'symlink_install': False, 'test_result_base': None}
[3.303s] Level 5:colcon.colcon_core.verb:set package 'stsl_aruco_tags' build argument 'cmake_args' from command line to 'None'
[3.303s] Level 5:colcon.colcon_core.verb:set package 'stsl_aruco_tags' build argument 'cmake_target' from command line to 'None'
[3.304s] Level 5:colcon.colcon_core.verb:set package 'stsl_aruco_tags' build argument 'cmake_target_skip_unavailable' from command line to 'False'
[3.304s] Level 5:colcon.colcon_core.verb:set package 'stsl_aruco_tags' build argument 'cmake_clean_cache' from command line to 'False'
[3.304s] Level 5:colcon.colcon_core.verb:set package 'stsl_aruco_tags' build argument 'cmake_clean_first' from command line to 'False'
[3.305s] Level 5:colcon.colcon_core.verb:set package 'stsl_aruco_tags' build argument 'cmake_force_configure' from command line to 'False'
[3.305s] Level 5:colcon.colcon_core.verb:set package 'stsl_aruco_tags' build argument 'ament_cmake_args' from command line to 'None'
[3.305s] Level 5:colcon.colcon_core.verb:set package 'stsl_aruco_tags' build argument 'catkin_cmake_args' from command line to 'None'
[3.305s] Level 5:colcon.colcon_core.verb:set package 'stsl_aruco_tags' build argument 'catkin_skip_building_tests' from command line to 'False'
[3.306s] DEBUG:colcon.colcon_core.verb:Building package 'stsl_aruco_tags' with the following arguments: {'ament_cmake_args': None, 'build_base': '/home/ubuntu/rj_training_container/training_ws/build/stsl_aruco_tags', 'catkin_cmake_args': None, 'catkin_skip_building_tests': False, 'cmake_args': None, 'cmake_clean_cache': False, 'cmake_clean_first': False, 'cmake_force_configure': False, 'cmake_target': None, 'cmake_target_skip_unavailable': False, 'install_base': '/home/ubuntu/rj_training_container/training_ws/install/stsl_aruco_tags', 'merge_install': False, 'path': '/home/ubuntu/rj_training_container/training_ws/src/stsl/stsl_aruco_tags', 'symlink_install': False, 'test_result_base': None}
[3.307s] Level 5:colcon.colcon_core.verb:set package 'stsl_bt_nodes' build argument 'cmake_args' from command line to 'None'
[3.307s] Level 5:colcon.colcon_core.verb:set package 'stsl_bt_nodes' build argument 'cmake_target' from command line to 'None'
[3.307s] Level 5:colcon.colcon_core.verb:set package 'stsl_bt_nodes' build argument 'cmake_target_skip_unavailable' from command line to 'False'
[3.307s] Level 5:colcon.colcon_core.verb:set package 'stsl_bt_nodes' build argument 'cmake_clean_cache' from command line to 'False'
[3.308s] Level 5:colcon.colcon_core.verb:set package 'stsl_bt_nodes' build argument 'cmake_clean_first' from command line to 'False'
[3.308s] Level 5:colcon.colcon_core.verb:set package 'stsl_bt_nodes' build argument 'cmake_force_configure' from command line to 'False'
[3.308s] Level 5:colcon.colcon_core.verb:set package 'stsl_bt_nodes' build argument 'ament_cmake_args' from command line to 'None'
[3.308s] Level 5:colcon.colcon_core.verb:set package 'stsl_bt_nodes' build argument 'catkin_cmake_args' from command line to 'None'
[3.309s] Level 5:colcon.colcon_core.verb:set package 'stsl_bt_nodes' build argument 'catkin_skip_building_tests' from command line to 'False'
[3.309s] DEBUG:colcon.colcon_core.verb:Building package 'stsl_bt_nodes' with the following arguments: {'ament_cmake_args': None, 'build_base': '/home/ubuntu/rj_training_container/training_ws/build/stsl_bt_nodes', 'catkin_cmake_args': None, 'catkin_skip_building_tests': False, 'cmake_args': None, 'cmake_clean_cache': False, 'cmake_clean_first': False, 'cmake_force_configure': False, 'cmake_target': None, 'cmake_target_skip_unavailable': False, 'install_base': '/home/ubuntu/rj_training_container/training_ws/install/stsl_bt_nodes', 'merge_install': False, 'path': '/home/ubuntu/rj_training_container/training_ws/src/stsl/stsl_bt_nodes', 'symlink_install': False, 'test_result_base': None}
[3.310s] Level 5:colcon.colcon_core.verb:set package 'stsl_rviz_plugins' build argument 'cmake_args' from command line to 'None'
[3.310s] Level 5:colcon.colcon_core.verb:set package 'stsl_rviz_plugins' build argument 'cmake_target' from command line to 'None'
[3.311s] Level 5:colcon.colcon_core.verb:set package 'stsl_rviz_plugins' build argument 'cmake_target_skip_unavailable' from command line to 'False'
[3.311s] Level 5:colcon.colcon_core.verb:set package 'stsl_rviz_plugins' build argument 'cmake_clean_cache' from command line to 'False'
[3.311s] Level 5:colcon.colcon_core.verb:set package 'stsl_rviz_plugins' build argument 'cmake_clean_first' from command line to 'False'
[3.311s] Level 5:colcon.colcon_core.verb:set package 'stsl_rviz_plugins' build argument 'cmake_force_configure' from command line to 'False'
[3.312s] Level 5:colcon.colcon_core.verb:set package 'stsl_rviz_plugins' build argument 'ament_cmake_args' from command line to 'None'
[3.312s] Level 5:colcon.colcon_core.verb:set package 'stsl_rviz_plugins' build argument 'catkin_cmake_args' from command line to 'None'
[3.312s] Level 5:colcon.colcon_core.verb:set package 'stsl_rviz_plugins' build argument 'catkin_skip_building_tests' from command line to 'False'
[3.312s] DEBUG:colcon.colcon_core.verb:Building package 'stsl_rviz_plugins' with the following arguments: {'ament_cmake_args': None, 'build_base': '/home/ubuntu/rj_training_container/training_ws/build/stsl_rviz_plugins', 'catkin_cmake_args': None, 'catkin_skip_building_tests': False, 'cmake_args': None, 'cmake_clean_cache': False, 'cmake_clean_first': False, 'cmake_force_configure': False, 'cmake_target': None, 'cmake_target_skip_unavailable': False, 'install_base': '/home/ubuntu/rj_training_container/training_ws/install/stsl_rviz_plugins', 'merge_install': False, 'path': '/home/ubuntu/rj_training_container/training_ws/src/stsl/stsl_rviz_plugins', 'symlink_install': False, 'test_result_base': None}
[3.313s] Level 5:colcon.colcon_core.verb:set package 'mission_orchestration' build argument 'cmake_args' from command line to 'None'
[3.313s] Level 5:colcon.colcon_core.verb:set package 'mission_orchestration' build argument 'cmake_target' from command line to 'None'
[3.314s] Level 5:colcon.colcon_core.verb:set package 'mission_orchestration' build argument 'cmake_target_skip_unavailable' from command line to 'False'
[3.314s] Level 5:colcon.colcon_core.verb:set package 'mission_orchestration' build argument 'cmake_clean_cache' from command line to 'False'
[3.314s] Level 5:colcon.colcon_core.verb:set package 'mission_orchestration' build argument 'cmake_clean_first' from command line to 'False'
[3.314s] Level 5:colcon.colcon_core.verb:set package 'mission_orchestration' build argument 'cmake_force_configure' from command line to 'False'
[3.315s] Level 5:colcon.colcon_core.verb:set package 'mission_orchestration' build argument 'ament_cmake_args' from command line to 'None'
[3.315s] Level 5:colcon.colcon_core.verb:set package 'mission_orchestration' build argument 'catkin_cmake_args' from command line to 'None'
[3.315s] Level 5:colcon.colcon_core.verb:set package 'mission_orchestration' build argument 'catkin_skip_building_tests' from command line to 'False'
[3.315s] DEBUG:colcon.colcon_core.verb:Building package 'mission_orchestration' with the following arguments: {'ament_cmake_args': None, 'build_base': '/home/ubuntu/rj_training_container/training_ws/build/mission_orchestration', 'catkin_cmake_args': None, 'catkin_skip_building_tests': False, 'cmake_args': None, 'cmake_clean_cache': False, 'cmake_clean_first': False, 'cmake_force_configure': False, 'cmake_target': None, 'cmake_target_skip_unavailable': False, 'install_base': '/home/ubuntu/rj_training_container/training_ws/install/mission_orchestration', 'merge_install': False, 'path': '/home/ubuntu/rj_training_container/training_ws/src/stsl/mission_orchestration', 'symlink_install': False, 'test_result_base': None}
[3.316s] Level 5:colcon.colcon_core.verb:set package 'traini_gazebo' build argument 'cmake_args' from command line to 'None'
[3.316s] Level 5:colcon.colcon_core.verb:set package 'traini_gazebo' build argument 'cmake_target' from command line to 'None'
[3.317s] Level 5:colcon.colcon_core.verb:set package 'traini_gazebo' build argument 'cmake_target_skip_unavailable' from command line to 'False'
[3.317s] Level 5:colcon.colcon_core.verb:set package 'traini_gazebo' build argument 'cmake_clean_cache' from command line to 'False'
[3.317s] Level 5:colcon.colcon_core.verb:set package 'traini_gazebo' build argument 'cmake_clean_first' from command line to 'False'
[3.317s] Level 5:colcon.colcon_core.verb:set package 'traini_gazebo' build argument 'cmake_force_configure' from command line to 'False'
[3.318s] Level 5:colcon.colcon_core.verb:set package 'traini_gazebo' build argument 'ament_cmake_args' from command line to 'None'
[3.318s] Level 5:colcon.colcon_core.verb:set package 'traini_gazebo' build argument 'catkin_cmake_args' from command line to 'None'
[3.318s] Level 5:colcon.colcon_core.verb:set package 'traini_gazebo' build argument 'catkin_skip_building_tests' from command line to 'False'
[3.319s] DEBUG:colcon.colcon_core.verb:Building package 'traini_gazebo' with the following arguments: {'ament_cmake_args': None, 'build_base': '/home/ubuntu/rj_training_container/training_ws/build/traini_gazebo', 'catkin_cmake_args': None, 'catkin_skip_building_tests': False, 'cmake_args': None, 'cmake_clean_cache': False, 'cmake_clean_first': False, 'cmake_force_configure': False, 'cmake_target': None, 'cmake_target_skip_unavailable': False, 'install_base': '/home/ubuntu/rj_training_container/training_ws/install/traini_gazebo', 'merge_install': False, 'path': '/home/ubuntu/rj_training_container/training_ws/src/stsl/traini_gazebo', 'symlink_install': False, 'test_result_base': None}
[3.319s] Level 5:colcon.colcon_core.verb:set package 'traini_bringup' build argument 'cmake_args' from command line to 'None'
[3.320s] Level 5:colcon.colcon_core.verb:set package 'traini_bringup' build argument 'cmake_target' from command line to 'None'
[3.320s] Level 5:colcon.colcon_core.verb:set package 'traini_bringup' build argument 'cmake_target_skip_unavailable' from command line to 'False'
[3.320s] Level 5:colcon.colcon_core.verb:set package 'traini_bringup' build argument 'cmake_clean_cache' from command line to 'False'
[3.321s] Level 5:colcon.colcon_core.verb:set package 'traini_bringup' build argument 'cmake_clean_first' from command line to 'False'
[3.321s] Level 5:colcon.colcon_core.verb:set package 'traini_bringup' build argument 'cmake_force_configure' from command line to 'False'
[3.321s] Level 5:colcon.colcon_core.verb:set package 'traini_bringup' build argument 'ament_cmake_args' from command line to 'None'
[3.322s] Level 5:colcon.colcon_core.verb:set package 'traini_bringup' build argument 'catkin_cmake_args' from command line to 'None'
[3.322s] Level 5:colcon.colcon_core.verb:set package 'traini_bringup' build argument 'catkin_skip_building_tests' from command line to 'False'
[3.322s] DEBUG:colcon.colcon_core.verb:Building package 'traini_bringup' with the following arguments: {'ament_cmake_args': None, 'build_base': '/home/ubuntu/rj_training_container/training_ws/build/traini_bringup', 'catkin_cmake_args': None, 'catkin_skip_building_tests': False, 'cmake_args': None, 'cmake_clean_cache': False, 'cmake_clean_first': False, 'cmake_force_configure': False, 'cmake_target': None, 'cmake_target_skip_unavailable': False, 'install_base': '/home/ubuntu/rj_training_container/training_ws/install/traini_bringup', 'merge_install': False, 'path': '/home/ubuntu/rj_training_container/training_ws/src/stsl/traini_bringup', 'symlink_install': False, 'test_result_base': None}
[3.323s] Level 5:colcon.colcon_core.verb:set package 'stsl_desktop' build argument 'cmake_args' from command line to 'None'
[3.323s] Level 5:colcon.colcon_core.verb:set package 'stsl_desktop' build argument 'cmake_target' from command line to 'None'
[3.324s] Level 5:colcon.colcon_core.verb:set package 'stsl_desktop' build argument 'cmake_target_skip_unavailable' from command line to 'False'
[3.324s] Level 5:colcon.colcon_core.verb:set package 'stsl_desktop' build argument 'cmake_clean_cache' from command line to 'False'
[3.324s] Level 5:colcon.colcon_core.verb:set package 'stsl_desktop' build argument 'cmake_clean_first' from command line to 'False'
[3.324s] Level 5:colcon.colcon_core.verb:set package 'stsl_desktop' build argument 'cmake_force_configure' from command line to 'False'
[3.325s] Level 5:colcon.colcon_core.verb:set package 'stsl_desktop' build argument 'ament_cmake_args' from command line to 'None'
[3.325s] Level 5:colcon.colcon_core.verb:set package 'stsl_desktop' build argument 'catkin_cmake_args' from command line to 'None'
[3.325s] Level 5:colcon.colcon_core.verb:set package 'stsl_desktop' build argument 'catkin_skip_building_tests' from command line to 'False'
[3.325s] DEBUG:colcon.colcon_core.verb:Building package 'stsl_desktop' with the following arguments: {'ament_cmake_args': None, 'build_base': '/home/ubuntu/rj_training_container/training_ws/build/stsl_desktop', 'catkin_cmake_args': None, 'catkin_skip_building_tests': False, 'cmake_args': None, 'cmake_clean_cache': False, 'cmake_clean_first': False, 'cmake_force_configure': False, 'cmake_target': None, 'cmake_target_skip_unavailable': False, 'install_base': '/home/ubuntu/rj_training_container/training_ws/install/stsl_desktop', 'merge_install': False, 'path': '/home/ubuntu/rj_training_container/training_ws/src/stsl/stsl_desktop', 'symlink_install': False, 'test_result_base': None}
[3.326s] INFO:colcon.colcon_core.executor:Executing jobs using 'parallel' executor
[3.327s] DEBUG:colcon.colcon_parallel_executor.executor.parallel:run_until_complete
[3.329s] INFO:colcon.colcon_ros.task.ament_cmake.build:Building ROS package in '/home/ubuntu/rj_training_container/training_ws/src/stsl/stsl_interfaces' with build type 'ament_cmake'
[3.329s] INFO:colcon.colcon_cmake.task.cmake.build:Building CMake package in '/home/ubuntu/rj_training_container/training_ws/src/stsl/stsl_interfaces'
[3.334s] INFO:colcon.colcon_core.plugin_system:Skipping extension 'colcon_core.shell.bat': Not used on non-Windows systems
[3.334s] INFO:colcon.colcon_core.shell:Skip shell extension 'powershell' for command environment: Not usable outside of PowerShell
[3.335s] DEBUG:colcon.colcon_core.shell:Skip shell extension 'dsv' for command environment
[3.349s] INFO:colcon.colcon_ros.task.ament_cmake.build:Building ROS package in '/home/ubuntu/rj_training_container/training_ws/src/stsl/stsl_gazebo_plugins' with build type 'ament_cmake'
[3.350s] INFO:colcon.colcon_cmake.task.cmake.build:Building CMake package in '/home/ubuntu/rj_training_container/training_ws/src/stsl/stsl_gazebo_plugins'
[3.351s] INFO:colcon.colcon_core.shell:Skip shell extension 'powershell' for command environment: Not usable outside of PowerShell
[3.351s] DEBUG:colcon.colcon_core.shell:Skip shell extension 'dsv' for command environment
[3.368s] INFO:colcon.colcon_ros.task.ament_cmake.build:Building ROS package in '/home/ubuntu/rj_training_container/training_ws/src/stsl/traini_description' with build type 'ament_cmake'
[3.368s] INFO:colcon.colcon_cmake.task.cmake.build:Building CMake package in '/home/ubuntu/rj_training_container/training_ws/src/stsl/traini_description'
[3.369s] INFO:colcon.colcon_core.shell:Skip shell extension 'powershell' for command environment: Not usable outside of PowerShell
[3.370s] DEBUG:colcon.colcon_core.shell:Skip shell extension 'dsv' for command environment
[3.385s] INFO:colcon.colcon_ros.task.ament_cmake.build:Building ROS package in '/home/ubuntu/rj_training_container/training_ws/src/trainingv2/controller_project/joystick_msgs' with build type 'ament_cmake'
[3.386s] INFO:colcon.colcon_cmake.task.cmake.build:Building CMake package in '/home/ubuntu/rj_training_container/training_ws/src/trainingv2/controller_project/joystick_msgs'
[3.386s] INFO:colcon.colcon_core.shell:Skip shell extension 'powershell' for command environment: Not usable outside of PowerShell
[3.387s] DEBUG:colcon.colcon_core.shell:Skip shell extension 'dsv' for command environment
[3.408s] INFO:colcon.colcon_ros.task.ament_cmake.build:Building ROS package in '/home/ubuntu/rj_training_container/training_ws/src/stsl/stsl_nav_plugins' with build type 'ament_cmake'
[3.408s] INFO:colcon.colcon_cmake.task.cmake.build:Building CMake package in '/home/ubuntu/rj_training_container/training_ws/src/stsl/stsl_nav_plugins'
[3.409s] INFO:colcon.colcon_core.shell:Skip shell extension 'powershell' for command environment: Not usable outside of PowerShell
[3.409s] DEBUG:colcon.colcon_core.shell:Skip shell extension 'dsv' for command environment
[3.440s] INFO:colcon.colcon_ros.task.ament_cmake.build:Building ROS package in '/home/ubuntu/rj_training_container/training_ws/src/stsl/stsl_utils' with build type 'ament_cmake'
[3.441s] INFO:colcon.colcon_cmake.task.cmake.build:Building CMake package in '/home/ubuntu/rj_training_container/training_ws/src/stsl/stsl_utils'
[3.441s] INFO:colcon.colcon_core.shell:Skip shell extension 'powershell' for command environment: Not usable outside of PowerShell
[3.442s] DEBUG:colcon.colcon_core.shell:Skip shell extension 'dsv' for command environment
[3.464s] INFO:colcon.colcon_ros.task.ament_cmake.build:Building ROS package in '/home/ubuntu/rj_training_container/training_ws/src/software-training-old/astar_path_planner' with build type 'ament_cmake'
[3.465s] INFO:colcon.colcon_cmake.task.cmake.build:Building CMake package in '/home/ubuntu/rj_training_container/training_ws/src/software-training-old/astar_path_planner'
[3.466s] INFO:colcon.colcon_core.shell:Skip shell extension 'powershell' for command environment: Not usable outside of PowerShell
[3.466s] DEBUG:colcon.colcon_core.shell:Skip shell extension 'dsv' for command environment
[3.483s] INFO:colcon.colcon_ros.task.ament_cmake.build:Building ROS package in '/home/ubuntu/rj_training_container/training_ws/src/software-training-old/controllers' with build type 'ament_cmake'
[3.484s] INFO:colcon.colcon_cmake.task.cmake.build:Building CMake package in '/home/ubuntu/rj_training_container/training_ws/src/software-training-old/controllers'
[3.486s] INFO:colcon.colcon_core.shell:Skip shell extension 'powershell' for command environment: Not usable outside of PowerShell
[3.486s] DEBUG:colcon.colcon_core.shell:Skip shell extension 'dsv' for command environment
[3.504s] INFO:colcon.colcon_ros.task.ament_python.build:Building ROS package in '/home/ubuntu/rj_training_container/training_ws/src/trainingv2/turtlesim_project/src/keyboard' with build type 'ament_python'
[3.505s] Level 1:colcon.colcon_core.shell:create_environment_hook('keyboard', 'ament_prefix_path')
[3.506s] INFO:colcon.colcon_core.shell:Creating environment hook '/home/ubuntu/rj_training_container/training_ws/install/keyboard/share/keyboard/hook/ament_prefix_path.ps1'
[3.535s] INFO:colcon.colcon_core.shell:Creating environment descriptor '/home/ubuntu/rj_training_container/training_ws/install/keyboard/share/keyboard/hook/ament_prefix_path.dsv'
[3.561s] INFO:colcon.colcon_core.shell:Creating environment hook '/home/ubuntu/rj_training_container/training_ws/install/keyboard/share/keyboard/hook/ament_prefix_path.sh'
[3.581s] INFO:colcon.colcon_core.shell:Skip shell extension 'powershell' for command environment: Not usable outside of PowerShell
[3.582s] DEBUG:colcon.colcon_core.shell:Skip shell extension 'dsv' for command environment
[3.601s] INFO:colcon.colcon_ros.task.ament_cmake.build:Building ROS package in '/home/ubuntu/rj_training_container/training_ws/src/software-training-old/mapping' with build type 'ament_cmake'
[3.602s] INFO:colcon.colcon_cmake.task.cmake.build:Building CMake package in '/home/ubuntu/rj_training_container/training_ws/src/software-training-old/mapping'
[3.602s] INFO:colcon.colcon_core.shell:Skip shell extension 'powershell' for command environment: Not usable outside of PowerShell
[3.603s] DEBUG:colcon.colcon_core.shell:Skip shell extension 'dsv' for command environment
[3.618s] INFO:colcon.colcon_ros.task.ament_cmake.build:Building ROS package in '/home/ubuntu/rj_training_container/training_ws/src/software-training-old/obstacle_detector' with build type 'ament_cmake'
[3.619s] INFO:colcon.colcon_cmake.task.cmake.build:Building CMake package in '/home/ubuntu/rj_training_container/training_ws/src/software-training-old/obstacle_detector'
[3.620s] INFO:colcon.colcon_core.shell:Skip shell extension 'powershell' for command environment: Not usable outside of PowerShell
[3.620s] DEBUG:colcon.colcon_core.shell:Skip shell extension 'dsv' for command environment
[3.636s] INFO:colcon.colcon_ros.task.ament_cmake.build:Building ROS package in '/home/ubuntu/rj_training_container/training_ws/src/software-training-old/rj_training_bringup' with build type 'ament_cmake'
[3.636s] INFO:colcon.colcon_cmake.task.cmake.build:Building CMake package in '/home/ubuntu/rj_training_container/training_ws/src/software-training-old/rj_training_bringup'
[3.637s] INFO:colcon.colcon_core.shell:Skip shell extension 'powershell' for command environment: Not usable outside of PowerShell
[3.638s] DEBUG:colcon.colcon_core.shell:Skip shell extension 'dsv' for command environment
[3.654s] INFO:colcon.colcon_ros.task.ament_cmake.build:Building ROS package in '/home/ubuntu/rj_training_container/training_ws/src/trainingv2/turtlesim_project/src/teleop' with build type 'ament_cmake'
[3.654s] INFO:colcon.colcon_cmake.task.cmake.build:Building CMake package in '/home/ubuntu/rj_training_container/training_ws/src/trainingv2/turtlesim_project/src/teleop'
[3.655s] INFO:colcon.colcon_core.shell:Skip shell extension 'powershell' for command environment: Not usable outside of PowerShell
[3.656s] DEBUG:colcon.colcon_core.shell:Skip shell extension 'dsv' for command environment
[3.723s] DEBUG:colcon.colcon_core.event_handler.log_command:Invoking command in '/home/ubuntu/rj_training_container/training_ws/build/stsl_interfaces': CMAKE_PREFIX_PATH=/opt/ros/humble /usr/bin/cmake /home/ubuntu/rj_training_container/training_ws/src/stsl/stsl_interfaces -DCMAKE_INSTALL_PREFIX=/home/ubuntu/rj_training_container/training_ws/install/stsl_interfaces
[3.741s] DEBUG:colcon.colcon_core.event_handler.log_command:Invoking command in '/home/ubuntu/rj_training_container/training_ws/build/stsl_gazebo_plugins': CMAKE_PREFIX_PATH=/opt/ros/humble /usr/bin/cmake /home/ubuntu/rj_training_container/training_ws/src/stsl/stsl_gazebo_plugins -DCMAKE_INSTALL_PREFIX=/home/ubuntu/rj_training_container/training_ws/install/stsl_gazebo_plugins
[3.764s] DEBUG:colcon.colcon_core.event_handler.log_command:Invoking command in '/home/ubuntu/rj_training_container/training_ws/build/traini_description': CMAKE_PREFIX_PATH=/opt/ros/humble /usr/bin/cmake /home/ubuntu/rj_training_container/training_ws/src/stsl/traini_description -DCMAKE_INSTALL_PREFIX=/home/ubuntu/rj_training_container/training_ws/install/traini_description
[3.819s] DEBUG:colcon.colcon_core.event_handler.log_command:Invoking command in '/home/ubuntu/rj_training_container/training_ws/build/joystick_msgs': CMAKE_PREFIX_PATH=/opt/ros/humble /usr/bin/cmake --build /home/ubuntu/rj_training_container/training_ws/build/joystick_msgs -- -j16 -l16
[3.847s] DEBUG:colcon.colcon_core.event_handler.log_command:Invoking command in '/home/ubuntu/rj_training_container/training_ws/build/stsl_nav_plugins': CMAKE_PREFIX_PATH=/opt/ros/humble /usr/bin/cmake /home/ubuntu/rj_training_container/training_ws/src/stsl/stsl_nav_plugins -DCMAKE_INSTALL_PREFIX=/home/ubuntu/rj_training_container/training_ws/install/stsl_nav_plugins
[3.874s] DEBUG:colcon.colcon_core.event_handler.log_command:Invoking command in '/home/ubuntu/rj_training_container/training_ws/build/stsl_utils': CMAKE_PREFIX_PATH=/opt/ros/humble /usr/bin/cmake /home/ubuntu/rj_training_container/training_ws/src/stsl/stsl_utils -DCMAKE_INSTALL_PREFIX=/home/ubuntu/rj_training_container/training_ws/install/stsl_utils
[3.926s] DEBUG:colcon.colcon_core.event_handler.log_command:Invoking command in '/home/ubuntu/rj_training_container/training_ws/build/astar_path_planner': CMAKE_PREFIX_PATH=/opt/ros/humble /usr/bin/cmake --build /home/ubuntu/rj_training_container/training_ws/build/astar_path_planner -- -j16 -l16
[3.995s] DEBUG:colcon.colcon_core.event_handler.log_command:Invoking command in '/home/ubuntu/rj_training_container/training_ws/build/controllers': CMAKE_PREFIX_PATH=/opt/ros/humble /usr/bin/cmake --build /home/ubuntu/rj_training_container/training_ws/build/controllers -- -j16 -l16
[4.594s] INFO:colcon.colcon_core.task.python.build:Building Python package in '/home/ubuntu/rj_training_container/training_ws/src/trainingv2/turtlesim_project/src/keyboard'
[4.595s] INFO:colcon.colcon_core.shell:Skip shell extension 'powershell' for command environment: Not usable outside of PowerShell
[4.596s] DEBUG:colcon.colcon_core.shell:Skip shell extension 'dsv' for command environment
[4.770s] DEBUG:colcon.colcon_core.event_handler.log_command:Invoking command in '/home/ubuntu/rj_training_container/training_ws/build/mapping': CMAKE_PREFIX_PATH=/opt/ros/humble /usr/bin/cmake --build /home/ubuntu/rj_training_container/training_ws/build/mapping -- -j16 -l16
[4.882s] DEBUG:colcon.colcon_core.event_handler.log_command:Invoking command in '/home/ubuntu/rj_training_container/training_ws/build/obstacle_detector': CMAKE_PREFIX_PATH=/opt/ros/humble /usr/bin/cmake --build /home/ubuntu/rj_training_container/training_ws/build/obstacle_detector -- -j16 -l16
[5.016s] DEBUG:colcon.colcon_core.event_handler.log_command:Invoking command in '/home/ubuntu/rj_training_container/training_ws/build/rj_training_bringup': CMAKE_PREFIX_PATH=/opt/ros/humble /usr/bin/cmake --build /home/ubuntu/rj_training_container/training_ws/build/rj_training_bringup -- -j16 -l16
[5.183s] DEBUG:colcon.colcon_core.event_handler.log_command:Invoking command in '/home/ubuntu/rj_training_container/training_ws/build/teleop': CMAKE_PREFIX_PATH=/opt/ros/humble /usr/bin/cmake --build /home/ubuntu/rj_training_container/training_ws/build/teleop -- -j16 -l16
[8.104s] DEBUG:colcon.colcon_core.event_handler.log_command:Invoked command in '/home/ubuntu/rj_training_container/training_ws/build/mapping' returned '0': CMAKE_PREFIX_PATH=/opt/ros/humble /usr/bin/cmake --build /home/ubuntu/rj_training_container/training_ws/build/mapping -- -j16 -l16
[8.116s] DEBUG:colcon.colcon_core.event_handler.log_command:Invoked command in '/home/ubuntu/rj_training_container/training_ws/build/rj_training_bringup' returned '0': CMAKE_PREFIX_PATH=/opt/ros/humble /usr/bin/cmake --build /home/ubuntu/rj_training_container/training_ws/build/rj_training_bringup -- -j16 -l16
[8.282s] DEBUG:colcon.colcon_core.event_handler.log_command:Invoking command in '/home/ubuntu/rj_training_container/training_ws/build/rj_training_bringup': CMAKE_PREFIX_PATH=/opt/ros/humble /usr/bin/cmake --install /home/ubuntu/rj_training_container/training_ws/build/rj_training_bringup
[8.290s] DEBUG:colcon.colcon_core.event_handler.log_command:Invoking command in '/home/ubuntu/rj_training_container/training_ws/build/mapping': CMAKE_PREFIX_PATH=/opt/ros/humble /usr/bin/cmake --install /home/ubuntu/rj_training_container/training_ws/build/mapping
[8.483s] DEBUG:colcon.colcon_core.event_handler.log_command:Invoked command in '/home/ubuntu/rj_training_container/training_ws/build/teleop' returned '0': CMAKE_PREFIX_PATH=/opt/ros/humble /usr/bin/cmake --build /home/ubuntu/rj_training_container/training_ws/build/teleop -- -j16 -l16
[8.652s] DEBUG:colcon.colcon_core.event_handler.log_command:Invoking command in '/home/ubuntu/rj_training_container/training_ws/build/teleop': CMAKE_PREFIX_PATH=/opt/ros/humble /usr/bin/cmake --install /home/ubuntu/rj_training_container/training_ws/build/teleop
[9.369s] DEBUG:colcon.colcon_core.event_handler.log_command:Invoked command in '/home/ubuntu/rj_training_container/training_ws/build/obstacle_detector' returned '0': CMAKE_PREFIX_PATH=/opt/ros/humble /usr/bin/cmake --build /home/ubuntu/rj_training_container/training_ws/build/obstacle_detector -- -j16 -l16
[9.543s] DEBUG:colcon.colcon_core.event_handler.log_command:Invoking command in '/home/ubuntu/rj_training_container/training_ws/build/obstacle_detector': CMAKE_PREFIX_PATH=/opt/ros/humble /usr/bin/cmake --install /home/ubuntu/rj_training_container/training_ws/build/obstacle_detector
[9.765s] DEBUG:colcon.colcon_core.event_handler.log_command:Invoking command in '/home/ubuntu/rj_training_container/training_ws/src/trainingv2/turtlesim_project/src/keyboard': PYTHONPATH=/home/ubuntu/rj_training_container/training_ws/build/keyboard/prefix_override:/usr/lib/python3/dist-packages/colcon_core/task/python/colcon_distutils_commands:/home/ubuntu/rj_training_container/training_ws/install/keyboard/lib/python3.10/site-packages:${PYTHONPATH} /usr/bin/python3 -W ignore:setup.py install is deprecated setup.py egg_info --egg-base ../../../../../build/keyboard build --build-base /home/ubuntu/rj_training_container/training_ws/build/keyboard/build install --record /home/ubuntu/rj_training_container/training_ws/build/keyboard/install.log --single-version-externally-managed install_data
[10.004s] DEBUG:colcon.colcon_core.event_handler.log_command:Invoked command in '/home/ubuntu/rj_training_container/training_ws/build/astar_path_planner' returned '0': CMAKE_PREFIX_PATH=/opt/ros/humble /usr/bin/cmake --build /home/ubuntu/rj_training_container/training_ws/build/astar_path_planner -- -j16 -l16
[10.153s] DEBUG:colcon.colcon_core.event_handler.log_command:Invoking command in '/home/ubuntu/rj_training_container/training_ws/build/astar_path_planner': CMAKE_PREFIX_PATH=/opt/ros/humble /usr/bin/cmake --install /home/ubuntu/rj_training_container/training_ws/build/astar_path_planner
[10.297s] DEBUG:colcon.colcon_core.event_handler.log_command:Invoked command in '/home/ubuntu/rj_training_container/training_ws/build/joystick_msgs' returned '0': CMAKE_PREFIX_PATH=/opt/ros/humble /usr/bin/cmake --build /home/ubuntu/rj_training_container/training_ws/build/joystick_msgs -- -j16 -l16
[10.431s] DEBUG:colcon.colcon_core.event_handler.log_command:Invoked command in '/home/ubuntu/rj_training_container/training_ws/build/controllers' returned '0': CMAKE_PREFIX_PATH=/opt/ros/humble /usr/bin/cmake --build /home/ubuntu/rj_training_container/training_ws/build/controllers -- -j16 -l16
[10.594s] DEBUG:colcon.colcon_core.event_handler.log_command:Invoking command in '/home/ubuntu/rj_training_container/training_ws/build/joystick_msgs': CMAKE_PREFIX_PATH=/opt/ros/humble /usr/bin/cmake --install /home/ubuntu/rj_training_container/training_ws/build/joystick_msgs
[10.609s] DEBUG:colcon.colcon_core.event_handler.log_command:Invoking command in '/home/ubuntu/rj_training_container/training_ws/build/controllers': CMAKE_PREFIX_PATH=/opt/ros/humble /usr/bin/cmake --install /home/ubuntu/rj_training_container/training_ws/build/controllers
[13.743s] Level 1:colcon.colcon_core.environment:create_environment_scripts_only(rj_training_bringup)
[13.749s] Level 1:colcon.colcon_core.environment:checking '/home/ubuntu/rj_training_container/training_ws/install/rj_training_bringup' for CMake module files
[13.749s] DEBUG:colcon.colcon_core.event_handler.log_command:Invoked command in '/home/ubuntu/rj_training_container/training_ws/build/rj_training_bringup' returned '0': CMAKE_PREFIX_PATH=/opt/ros/humble /usr/bin/cmake --install /home/ubuntu/rj_training_container/training_ws/build/rj_training_bringup
[14.084s] Level 1:colcon.colcon_core.environment:checking '/home/ubuntu/rj_training_container/training_ws/install/rj_training_bringup' for CMake config files
[14.314s] Level 1:colcon.colcon_core.shell:create_environment_hook('rj_training_bringup', 'cmake_prefix_path')
[14.316s] INFO:colcon.colcon_core.shell:Creating environment hook '/home/ubuntu/rj_training_container/training_ws/install/rj_training_bringup/share/rj_training_bringup/hook/cmake_prefix_path.ps1'
[14.359s] INFO:colcon.colcon_core.shell:Creating environment descriptor '/home/ubuntu/rj_training_container/training_ws/install/rj_training_bringup/share/rj_training_bringup/hook/cmake_prefix_path.dsv'
[14.419s] INFO:colcon.colcon_core.shell:Creating environment hook '/home/ubuntu/rj_training_container/training_ws/install/rj_training_bringup/share/rj_training_bringup/hook/cmake_prefix_path.sh'
[14.485s] Level 1:colcon.colcon_core.environment:checking '/home/ubuntu/rj_training_container/training_ws/install/rj_training_bringup/bin'
[14.490s] Level 1:colcon.colcon_core.environment:checking '/home/ubuntu/rj_training_container/training_ws/install/rj_training_bringup/lib/pkgconfig/rj_training_bringup.pc'
[14.494s] Level 1:colcon.colcon_core.environment:checking '/home/ubuntu/rj_training_container/training_ws/install/rj_training_bringup/lib/python3.10/site-packages'
[14.501s] Level 1:colcon.colcon_core.environment:checking '/home/ubuntu/rj_training_container/training_ws/install/rj_training_bringup/bin'
[14.505s] INFO:colcon.colcon_core.shell:Creating package script '/home/ubuntu/rj_training_container/training_ws/install/rj_training_bringup/share/rj_training_bringup/package.ps1'
[14.550s] INFO:colcon.colcon_core.shell:Creating package descriptor '/home/ubuntu/rj_training_container/training_ws/install/rj_training_bringup/share/rj_training_bringup/package.dsv'
[14.605s] INFO:colcon.colcon_core.shell:Creating package script '/home/ubuntu/rj_training_container/training_ws/install/rj_training_bringup/share/rj_training_bringup/package.sh'
[14.652s] INFO:colcon.colcon_core.shell:Creating package script '/home/ubuntu/rj_training_container/training_ws/install/rj_training_bringup/share/rj_training_bringup/package.bash'
[14.700s] INFO:colcon.colcon_core.shell:Creating package script '/home/ubuntu/rj_training_container/training_ws/install/rj_training_bringup/share/rj_training_bringup/package.zsh'
[14.744s] Level 1:colcon.colcon_core.environment:create_file_with_runtime_dependencies(/home/ubuntu/rj_training_container/training_ws/install/rj_training_bringup/share/colcon-core/packages/rj_training_bringup)
[14.899s] Level 1:colcon.colcon_core.environment:create_environment_scripts_only(rj_training_bringup)
[14.901s] Level 1:colcon.colcon_core.environment:checking '/home/ubuntu/rj_training_container/training_ws/install/rj_training_bringup' for CMake module files
[15.279s] Level 1:colcon.colcon_core.environment:checking '/home/ubuntu/rj_training_container/training_ws/install/rj_training_bringup' for CMake config files
[15.533s] Level 1:colcon.colcon_core.shell:create_environment_hook('rj_training_bringup', 'cmake_prefix_path')
[15.535s] INFO:colcon.colcon_core.shell:Creating environment hook '/home/ubuntu/rj_training_container/training_ws/install/rj_training_bringup/share/rj_training_bringup/hook/cmake_prefix_path.ps1'
[15.584s] INFO:colcon.colcon_core.shell:Creating environment descriptor '/home/ubuntu/rj_training_container/training_ws/install/rj_training_bringup/share/rj_training_bringup/hook/cmake_prefix_path.dsv'
[15.636s] INFO:colcon.colcon_core.shell:Creating environment hook '/home/ubuntu/rj_training_container/training_ws/install/rj_training_bringup/share/rj_training_bringup/hook/cmake_prefix_path.sh'
[15.690s] Level 1:colcon.colcon_core.environment:checking '/home/ubuntu/rj_training_container/training_ws/install/rj_training_bringup/bin'
[15.695s] Level 1:colcon.colcon_core.environment:checking '/home/ubuntu/rj_training_container/training_ws/install/rj_training_bringup/lib/pkgconfig/rj_training_bringup.pc'
[15.699s] Level 1:colcon.colcon_core.environment:checking '/home/ubuntu/rj_training_container/training_ws/install/rj_training_bringup/lib/python3.10/site-packages'
[15.702s] Level 1:colcon.colcon_core.environment:checking '/home/ubuntu/rj_training_container/training_ws/install/rj_training_bringup/bin'
[15.706s] INFO:colcon.colcon_core.shell:Creating package script '/home/ubuntu/rj_training_container/training_ws/install/rj_training_bringup/share/rj_training_bringup/package.ps1'
[15.741s] INFO:colcon.colcon_core.shell:Creating package descriptor '/home/ubuntu/rj_training_container/training_ws/install/rj_training_bringup/share/rj_training_bringup/package.dsv'
[15.781s] INFO:colcon.colcon_core.shell:Creating package script '/home/ubuntu/rj_training_container/training_ws/install/rj_training_bringup/share/rj_training_bringup/package.sh'
[15.820s] INFO:colcon.colcon_core.shell:Creating package script '/home/ubuntu/rj_training_container/training_ws/install/rj_training_bringup/share/rj_training_bringup/package.bash'
[15.859s] INFO:colcon.colcon_core.shell:Creating package script '/home/ubuntu/rj_training_container/training_ws/install/rj_training_bringup/share/rj_training_bringup/package.zsh'
[15.902s] Level 1:colcon.colcon_core.environment:create_file_with_runtime_dependencies(/home/ubuntu/rj_training_container/training_ws/install/rj_training_bringup/share/colcon-core/packages/rj_training_bringup)
[15.937s] Level 1:colcon.colcon_core.environment:checking '/home/ubuntu/rj_training_container/training_ws/install/keyboard' for CMake module files
[16.093s] DEBUG:colcon.colcon_core.event_handler.log_command:Invoked command in '/home/ubuntu/rj_training_container/training_ws/src/trainingv2/turtlesim_project/src/keyboard' returned '0': PYTHONPATH=/home/ubuntu/rj_training_container/training_ws/build/keyboard/prefix_override:/usr/lib/python3/dist-packages/colcon_core/task/python/colcon_distutils_commands:/home/ubuntu/rj_training_container/training_ws/install/keyboard/lib/python3.10/site-packages:${PYTHONPATH} /usr/bin/python3 -W ignore:setup.py install is deprecated setup.py egg_info --egg-base ../../../../../build/keyboard build --build-base /home/ubuntu/rj_training_container/training_ws/build/keyboard/build install --record /home/ubuntu/rj_training_container/training_ws/build/keyboard/install.log --single-version-externally-managed install_data
[16.132s] Level 1:colcon.colcon_core.environment:checking '/home/ubuntu/rj_training_container/training_ws/install/keyboard' for CMake config files
[16.502s] Level 1:colcon.colcon_core.environment:checking '/home/ubuntu/rj_training_container/training_ws/install/keyboard/lib'
[16.515s] Level 1:colcon.colcon_core.environment:checking '/home/ubuntu/rj_training_container/training_ws/install/keyboard/bin'
[16.519s] Level 1:colcon.colcon_core.environment:checking '/home/ubuntu/rj_training_container/training_ws/install/keyboard/lib/pkgconfig/keyboard.pc'
[16.524s] Level 1:colcon.colcon_core.environment:checking '/home/ubuntu/rj_training_container/training_ws/install/keyboard/lib/python3.10/site-packages'
[16.533s] Level 1:colcon.colcon_core.shell:create_environment_hook('keyboard', 'pythonpath')
[16.534s] INFO:colcon.colcon_core.shell:Creating environment hook '/home/ubuntu/rj_training_container/training_ws/install/keyboard/share/keyboard/hook/pythonpath.ps1'
[16.584s] INFO:colcon.colcon_core.shell:Creating environment descriptor '/home/ubuntu/rj_training_container/training_ws/install/keyboard/share/keyboard/hook/pythonpath.dsv'
[16.633s] INFO:colcon.colcon_core.shell:Creating environment hook '/home/ubuntu/rj_training_container/training_ws/install/keyboard/share/keyboard/hook/pythonpath.sh'
[16.679s] Level 1:colcon.colcon_core.environment:checking '/home/ubuntu/rj_training_container/training_ws/install/keyboard/bin'
[16.682s] Level 1:colcon.colcon_core.environment:create_environment_scripts_only(keyboard)
[16.684s] INFO:colcon.colcon_core.shell:Creating package script '/home/ubuntu/rj_training_container/training_ws/install/keyboard/share/keyboard/package.ps1'
[16.717s] INFO:colcon.colcon_core.shell:Creating package descriptor '/home/ubuntu/rj_training_container/training_ws/install/keyboard/share/keyboard/package.dsv'
[16.751s] INFO:colcon.colcon_core.shell:Creating package script '/home/ubuntu/rj_training_container/training_ws/install/keyboard/share/keyboard/package.sh'
[16.786s] INFO:colcon.colcon_core.shell:Creating package script '/home/ubuntu/rj_training_container/training_ws/install/keyboard/share/keyboard/package.bash'
[16.819s] INFO:colcon.colcon_core.shell:Creating package script '/home/ubuntu/rj_training_container/training_ws/install/keyboard/share/keyboard/package.zsh'
[16.849s] Level 1:colcon.colcon_core.environment:create_file_with_runtime_dependencies(/home/ubuntu/rj_training_container/training_ws/install/keyboard/share/colcon-core/packages/keyboard)
[16.874s] Level 1:colcon.colcon_core.environment:create_environment_scripts_only(mapping)
[16.875s] Level 1:colcon.colcon_core.environment:checking '/home/ubuntu/rj_training_container/training_ws/install/mapping' for CMake module files
[16.900s] DEBUG:colcon.colcon_core.event_handler.log_command:Invoked command in '/home/ubuntu/rj_training_container/training_ws/build/mapping' returned '0': CMAKE_PREFIX_PATH=/opt/ros/humble /usr/bin/cmake --install /home/ubuntu/rj_training_container/training_ws/build/mapping
[17.056s] Level 1:colcon.colcon_core.environment:checking '/home/ubuntu/rj_training_container/training_ws/install/mapping' for CMake config files
[17.200s] Level 1:colcon.colcon_core.shell:create_environment_hook('mapping', 'cmake_prefix_path')
[17.201s] INFO:colcon.colcon_core.shell:Creating environment hook '/home/ubuntu/rj_training_container/training_ws/install/mapping/share/mapping/hook/cmake_prefix_path.ps1'
[17.229s] INFO:colcon.colcon_core.shell:Creating environment descriptor '/home/ubuntu/rj_training_container/training_ws/install/mapping/share/mapping/hook/cmake_prefix_path.dsv'
[17.260s] INFO:colcon.colcon_core.shell:Creating environment hook '/home/ubuntu/rj_training_container/training_ws/install/mapping/share/mapping/hook/cmake_prefix_path.sh'
[17.300s] Level 1:colcon.colcon_core.environment:checking '/home/ubuntu/rj_training_container/training_ws/install/mapping/lib'
[17.309s] Level 1:colcon.colcon_core.shell:create_environment_hook('mapping', 'ld_library_path_lib')
[17.310s] INFO:colcon.colcon_core.shell:Creating environment hook '/home/ubuntu/rj_training_container/training_ws/install/mapping/share/mapping/hook/ld_library_path_lib.ps1'
[17.344s] INFO:colcon.colcon_core.shell:Creating environment descriptor '/home/ubuntu/rj_training_container/training_ws/install/mapping/share/mapping/hook/ld_library_path_lib.dsv'
[17.376s] INFO:colcon.colcon_core.shell:Creating environment hook '/home/ubuntu/rj_training_container/training_ws/install/mapping/share/mapping/hook/ld_library_path_lib.sh'
[17.408s] Level 1:colcon.colcon_core.environment:checking '/home/ubuntu/rj_training_container/training_ws/install/mapping/bin'
[17.411s] Level 1:colcon.colcon_core.environment:checking '/home/ubuntu/rj_training_container/training_ws/install/mapping/lib/pkgconfig/mapping.pc'
[17.415s] Level 1:colcon.colcon_core.environment:checking '/home/ubuntu/rj_training_container/training_ws/install/mapping/lib/python3.10/site-packages'
[17.420s] Level 1:colcon.colcon_core.environment:checking '/home/ubuntu/rj_training_container/training_ws/install/mapping/bin'
[17.424s] INFO:colcon.colcon_core.shell:Creating package script '/home/ubuntu/rj_training_container/training_ws/install/mapping/share/mapping/package.ps1'
[17.453s] INFO:colcon.colcon_core.shell:Creating package descriptor '/home/ubuntu/rj_training_container/training_ws/install/mapping/share/mapping/package.dsv'
[17.479s] INFO:colcon.colcon_core.shell:Creating package script '/home/ubuntu/rj_training_container/training_ws/install/mapping/share/mapping/package.sh'
[17.500s] INFO:colcon.colcon_core.shell:Creating package script '/home/ubuntu/rj_training_container/training_ws/install/mapping/share/mapping/package.bash'
[17.520s] INFO:colcon.colcon_core.shell:Creating package script '/home/ubuntu/rj_training_container/training_ws/install/mapping/share/mapping/package.zsh'
[17.539s] Level 1:colcon.colcon_core.environment:create_file_with_runtime_dependencies(/home/ubuntu/rj_training_container/training_ws/install/mapping/share/colcon-core/packages/mapping)
[17.573s] Level 1:colcon.colcon_core.environment:create_environment_scripts_only(obstacle_detector)
[17.574s] Level 1:colcon.colcon_core.environment:checking '/home/ubuntu/rj_training_container/training_ws/install/obstacle_detector' for CMake module files
[17.575s] DEBUG:colcon.colcon_core.event_handler.log_command:Invoked command in '/home/ubuntu/rj_training_container/training_ws/build/obstacle_detector' returned '0': CMAKE_PREFIX_PATH=/opt/ros/humble /usr/bin/cmake --install /home/ubuntu/rj_training_container/training_ws/build/obstacle_detector
[17.747s] Level 1:colcon.colcon_core.environment:checking '/home/ubuntu/rj_training_container/training_ws/install/obstacle_detector' for CMake config files
[17.884s] Level 1:colcon.colcon_core.shell:create_environment_hook('obstacle_detector', 'cmake_prefix_path')
[17.885s] INFO:colcon.colcon_core.shell:Creating environment hook '/home/ubuntu/rj_training_container/training_ws/install/obstacle_detector/share/obstacle_detector/hook/cmake_prefix_path.ps1'
[17.909s] INFO:colcon.colcon_core.shell:Creating environment descriptor '/home/ubuntu/rj_training_container/training_ws/install/obstacle_detector/share/obstacle_detector/hook/cmake_prefix_path.dsv'
[17.938s] INFO:colcon.colcon_core.shell:Creating environment hook '/home/ubuntu/rj_training_container/training_ws/install/obstacle_detector/share/obstacle_detector/hook/cmake_prefix_path.sh'
[17.987s] Level 1:colcon.colcon_core.environment:checking '/home/ubuntu/rj_training_container/training_ws/install/obstacle_detector/lib'
[17.995s] Level 1:colcon.colcon_core.shell:create_environment_hook('obstacle_detector', 'ld_library_path_lib')
[17.996s] INFO:colcon.colcon_core.shell:Creating environment hook '/home/ubuntu/rj_training_container/training_ws/install/obstacle_detector/share/obstacle_detector/hook/ld_library_path_lib.ps1'
[18.026s] INFO:colcon.colcon_core.shell:Creating environment descriptor '/home/ubuntu/rj_training_container/training_ws/install/obstacle_detector/share/obstacle_detector/hook/ld_library_path_lib.dsv'
[18.056s] INFO:colcon.colcon_core.shell:Creating environment hook '/home/ubuntu/rj_training_container/training_ws/install/obstacle_detector/share/obstacle_detector/hook/ld_library_path_lib.sh'
[18.086s] Level 1:colcon.colcon_core.environment:checking '/home/ubuntu/rj_training_container/training_ws/install/obstacle_detector/bin'
[18.088s] Level 1:colcon.colcon_core.environment:checking '/home/ubuntu/rj_training_container/training_ws/install/obstacle_detector/lib/pkgconfig/obstacle_detector.pc'
[18.092s] Level 1:colcon.colcon_core.environment:checking '/home/ubuntu/rj_training_container/training_ws/install/obstacle_detector/lib/python3.10/site-packages'
[18.096s] Level 1:colcon.colcon_core.environment:checking '/home/ubuntu/rj_training_container/training_ws/install/obstacle_detector/bin'
[18.098s] INFO:colcon.colcon_core.shell:Creating package script '/home/ubuntu/rj_training_container/training_ws/install/obstacle_detector/share/obstacle_detector/package.ps1'
[18.124s] INFO:colcon.colcon_core.shell:Creating package descriptor '/home/ubuntu/rj_training_container/training_ws/install/obstacle_detector/share/obstacle_detector/package.dsv'
[18.151s] INFO:colcon.colcon_core.shell:Creating package script '/home/ubuntu/rj_training_container/training_ws/install/obstacle_detector/share/obstacle_detector/package.sh'
[18.178s] INFO:colcon.colcon_core.shell:Creating package script '/home/ubuntu/rj_training_container/training_ws/install/obstacle_detector/share/obstacle_detector/package.bash'
[18.205s] INFO:colcon.colcon_core.shell:Creating package script '/home/ubuntu/rj_training_container/training_ws/install/obstacle_detector/share/obstacle_detector/package.zsh'
[18.232s] Level 1:colcon.colcon_core.environment:create_file_with_runtime_dependencies(/home/ubuntu/rj_training_container/training_ws/install/obstacle_detector/share/colcon-core/packages/obstacle_detector)
[18.268s] Level 1:colcon.colcon_core.environment:create_environment_scripts_only(astar_path_planner)
[18.269s] Level 1:colcon.colcon_core.environment:checking '/home/ubuntu/rj_training_container/training_ws/install/astar_path_planner' for CMake module files
[18.270s] DEBUG:colcon.colcon_core.event_handler.log_command:Invoked command in '/home/ubuntu/rj_training_container/training_ws/build/astar_path_planner' returned '0': CMAKE_PREFIX_PATH=/opt/ros/humble /usr/bin/cmake --install /home/ubuntu/rj_training_container/training_ws/build/astar_path_planner
[18.474s] Level 1:colcon.colcon_core.environment:checking '/home/ubuntu/rj_training_container/training_ws/install/astar_path_planner' for CMake config files
[18.620s] Level 1:colcon.colcon_core.shell:create_environment_hook('astar_path_planner', 'cmake_prefix_path')
[18.621s] INFO:colcon.colcon_core.shell:Creating environment hook '/home/ubuntu/rj_training_container/training_ws/install/astar_path_planner/share/astar_path_planner/hook/cmake_prefix_path.ps1'
[18.655s] INFO:colcon.colcon_core.shell:Creating environment descriptor '/home/ubuntu/rj_training_container/training_ws/install/astar_path_planner/share/astar_path_planner/hook/cmake_prefix_path.dsv'
[18.686s] INFO:colcon.colcon_core.shell:Creating environment hook '/home/ubuntu/rj_training_container/training_ws/install/astar_path_planner/share/astar_path_planner/hook/cmake_prefix_path.sh'
[18.719s] Level 1:colcon.colcon_core.environment:checking '/home/ubuntu/rj_training_container/training_ws/install/astar_path_planner/lib'
[18.728s] Level 1:colcon.colcon_core.shell:create_environment_hook('astar_path_planner', 'ld_library_path_lib')
[18.729s] INFO:colcon.colcon_core.shell:Creating environment hook '/home/ubuntu/rj_training_container/training_ws/install/astar_path_planner/share/astar_path_planner/hook/ld_library_path_lib.ps1'
[18.757s] INFO:colcon.colcon_core.shell:Creating environment descriptor '/home/ubuntu/rj_training_container/training_ws/install/astar_path_planner/share/astar_path_planner/hook/ld_library_path_lib.dsv'
[18.786s] INFO:colcon.colcon_core.shell:Creating environment hook '/home/ubuntu/rj_training_container/training_ws/install/astar_path_planner/share/astar_path_planner/hook/ld_library_path_lib.sh'
[18.821s] Level 1:colcon.colcon_core.environment:checking '/home/ubuntu/rj_training_container/training_ws/install/astar_path_planner/bin'
[18.824s] Level 1:colcon.colcon_core.environment:checking '/home/ubuntu/rj_training_container/training_ws/install/astar_path_planner/lib/pkgconfig/astar_path_planner.pc'
[18.829s] Level 1:colcon.colcon_core.environment:checking '/home/ubuntu/rj_training_container/training_ws/install/astar_path_planner/lib/python3.10/site-packages'
[18.833s] Level 1:colcon.colcon_core.environment:checking '/home/ubuntu/rj_training_container/training_ws/install/astar_path_planner/bin'
[18.836s] INFO:colcon.colcon_core.shell:Creating package script '/home/ubuntu/rj_training_container/training_ws/install/astar_path_planner/share/astar_path_planner/package.ps1'
[18.861s] INFO:colcon.colcon_core.shell:Creating package descriptor '/home/ubuntu/rj_training_container/training_ws/install/astar_path_planner/share/astar_path_planner/package.dsv'
[18.888s] INFO:colcon.colcon_core.shell:Creating package script '/home/ubuntu/rj_training_container/training_ws/install/astar_path_planner/share/astar_path_planner/package.sh'
[18.914s] INFO:colcon.colcon_core.shell:Creating package script '/home/ubuntu/rj_training_container/training_ws/install/astar_path_planner/share/astar_path_planner/package.bash'
[18.938s] INFO:colcon.colcon_core.shell:Creating package script '/home/ubuntu/rj_training_container/training_ws/install/astar_path_planner/share/astar_path_planner/package.zsh'
[18.959s] Level 1:colcon.colcon_core.environment:create_file_with_runtime_dependencies(/home/ubuntu/rj_training_container/training_ws/install/astar_path_planner/share/colcon-core/packages/astar_path_planner)
[18.993s] Level 1:colcon.colcon_core.environment:create_environment_scripts_only(controllers)
[18.994s] Level 1:colcon.colcon_core.environment:checking '/home/ubuntu/rj_training_container/training_ws/install/controllers' for CMake module files
[18.995s] DEBUG:colcon.colcon_core.event_handler.log_command:Invoked command in '/home/ubuntu/rj_training_container/training_ws/build/controllers' returned '0': CMAKE_PREFIX_PATH=/opt/ros/humble /usr/bin/cmake --install /home/ubuntu/rj_training_container/training_ws/build/controllers
[19.147s] Level 1:colcon.colcon_core.environment:checking '/home/ubuntu/rj_training_container/training_ws/install/controllers' for CMake config files
[19.273s] Level 1:colcon.colcon_core.shell:create_environment_hook('controllers', 'cmake_prefix_path')
[19.274s] INFO:colcon.colcon_core.shell:Creating environment hook '/home/ubuntu/rj_training_container/training_ws/install/controllers/share/controllers/hook/cmake_prefix_path.ps1'
[19.298s] INFO:colcon.colcon_core.shell:Creating environment descriptor '/home/ubuntu/rj_training_container/training_ws/install/controllers/share/controllers/hook/cmake_prefix_path.dsv'
[19.329s] INFO:colcon.colcon_core.shell:Creating environment hook '/home/ubuntu/rj_training_container/training_ws/install/controllers/share/controllers/hook/cmake_prefix_path.sh'
[19.364s] Level 1:colcon.colcon_core.environment:checking '/home/ubuntu/rj_training_container/training_ws/install/controllers/lib'
[19.374s] Level 1:colcon.colcon_core.shell:create_environment_hook('controllers', 'ld_library_path_lib')
[19.375s] INFO:colcon.colcon_core.shell:Creating environment hook '/home/ubuntu/rj_training_container/training_ws/install/controllers/share/controllers/hook/ld_library_path_lib.ps1'
[19.405s] INFO:colcon.colcon_core.shell:Creating environment descriptor '/home/ubuntu/rj_training_container/training_ws/install/controllers/share/controllers/hook/ld_library_path_lib.dsv'
[19.436s] INFO:colcon.colcon_core.shell:Creating environment hook '/home/ubuntu/rj_training_container/training_ws/install/controllers/share/controllers/hook/ld_library_path_lib.sh'
[19.467s] Level 1:colcon.colcon_core.environment:checking '/home/ubuntu/rj_training_container/training_ws/install/controllers/bin'
[19.470s] Level 1:colcon.colcon_core.environment:checking '/home/ubuntu/rj_training_container/training_ws/install/controllers/lib/pkgconfig/controllers.pc'
[19.474s] Level 1:colcon.colcon_core.environment:checking '/home/ubuntu/rj_training_container/training_ws/install/controllers/lib/python3.10/site-packages'
[19.477s] Level 1:colcon.colcon_core.environment:checking '/home/ubuntu/rj_training_container/training_ws/install/controllers/bin'
[19.481s] INFO:colcon.colcon_core.shell:Creating package script '/home/ubuntu/rj_training_container/training_ws/install/controllers/share/controllers/package.ps1'
[19.505s] INFO:colcon.colcon_core.shell:Creating package descriptor '/home/ubuntu/rj_training_container/training_ws/install/controllers/share/controllers/package.dsv'
[19.532s] INFO:colcon.colcon_core.shell:Creating package script '/home/ubuntu/rj_training_container/training_ws/install/controllers/share/controllers/package.sh'
[19.556s] INFO:colcon.colcon_core.shell:Creating package script '/home/ubuntu/rj_training_container/training_ws/install/controllers/share/controllers/package.bash'
[19.581s] INFO:colcon.colcon_core.shell:Creating package script '/home/ubuntu/rj_training_container/training_ws/install/controllers/share/controllers/package.zsh'
[19.606s] Level 1:colcon.colcon_core.environment:create_file_with_runtime_dependencies(/home/ubuntu/rj_training_container/training_ws/install/controllers/share/colcon-core/packages/controllers)
[19.643s] Level 1:colcon.colcon_core.environment:create_environment_scripts_only(teleop)
[19.644s] Level 1:colcon.colcon_core.environment:checking '/home/ubuntu/rj_training_container/training_ws/install/teleop' for CMake module files
[19.646s] DEBUG:colcon.colcon_core.event_handler.log_command:Invoked command in '/home/ubuntu/rj_training_container/training_ws/build/teleop' returned '0': CMAKE_PREFIX_PATH=/opt/ros/humble /usr/bin/cmake --install /home/ubuntu/rj_training_container/training_ws/build/teleop
[19.842s] Level 1:colcon.colcon_core.environment:checking '/home/ubuntu/rj_training_container/training_ws/install/teleop' for CMake config files
[20.001s] Level 1:colcon.colcon_core.shell:create_environment_hook('teleop', 'cmake_prefix_path')
[20.002s] INFO:colcon.colcon_core.shell:Creating environment hook '/home/ubuntu/rj_training_container/training_ws/install/teleop/share/teleop/hook/cmake_prefix_path.ps1'
[20.033s] INFO:colcon.colcon_core.shell:Creating environment descriptor '/home/ubuntu/rj_training_container/training_ws/install/teleop/share/teleop/hook/cmake_prefix_path.dsv'
[20.066s] INFO:colcon.colcon_core.shell:Creating environment hook '/home/ubuntu/rj_training_container/training_ws/install/teleop/share/teleop/hook/cmake_prefix_path.sh'
[20.120s] Level 1:colcon.colcon_core.environment:checking '/home/ubuntu/rj_training_container/training_ws/install/teleop/lib'
[20.131s] Level 1:colcon.colcon_core.shell:create_environment_hook('teleop', 'ld_library_path_lib')
[20.132s] INFO:colcon.colcon_core.shell:Creating environment hook '/home/ubuntu/rj_training_container/training_ws/install/teleop/share/teleop/hook/ld_library_path_lib.ps1'
[20.165s] INFO:colcon.colcon_core.shell:Creating environment descriptor '/home/ubuntu/rj_training_container/training_ws/install/teleop/share/teleop/hook/ld_library_path_lib.dsv'
[20.193s] INFO:colcon.colcon_core.shell:Creating environment hook '/home/ubuntu/rj_training_container/training_ws/install/teleop/share/teleop/hook/ld_library_path_lib.sh'
[20.220s] Level 1:colcon.colcon_core.environment:checking '/home/ubuntu/rj_training_container/training_ws/install/teleop/bin'
[20.223s] Level 1:colcon.colcon_core.environment:checking '/home/ubuntu/rj_training_container/training_ws/install/teleop/lib/pkgconfig/teleop.pc'
[20.226s] Level 1:colcon.colcon_core.environment:checking '/home/ubuntu/rj_training_container/training_ws/install/teleop/lib/python3.10/site-packages'
[20.229s] Level 1:colcon.colcon_core.environment:checking '/home/ubuntu/rj_training_container/training_ws/install/teleop/bin'
[20.232s] INFO:colcon.colcon_core.shell:Creating package script '/home/ubuntu/rj_training_container/training_ws/install/teleop/share/teleop/package.ps1'
[20.252s] INFO:colcon.colcon_core.shell:Creating package descriptor '/home/ubuntu/rj_training_container/training_ws/install/teleop/share/teleop/package.dsv'
[20.275s] INFO:colcon.colcon_core.shell:Creating package script '/home/ubuntu/rj_training_container/training_ws/install/teleop/share/teleop/package.sh'
[20.299s] INFO:colcon.colcon_core.shell:Creating package script '/home/ubuntu/rj_training_container/training_ws/install/teleop/share/teleop/package.bash'
[20.322s] INFO:colcon.colcon_core.shell:Creating package script '/home/ubuntu/rj_training_container/training_ws/install/teleop/share/teleop/package.zsh'
[20.345s] Level 1:colcon.colcon_core.environment:create_file_with_runtime_dependencies(/home/ubuntu/rj_training_container/training_ws/install/teleop/share/colcon-core/packages/teleop)
[20.391s] Level 1:colcon.colcon_core.environment:create_environment_scripts_only(mapping)
[20.392s] Level 1:colcon.colcon_core.environment:checking '/home/ubuntu/rj_training_container/training_ws/install/mapping' for CMake module files
[20.569s] Level 1:colcon.colcon_core.environment:checking '/home/ubuntu/rj_training_container/training_ws/install/mapping' for CMake config files
[20.722s] Level 1:colcon.colcon_core.shell:create_environment_hook('mapping', 'cmake_prefix_path')
[20.723s] INFO:colcon.colcon_core.shell:Creating environment hook '/home/ubuntu/rj_training_container/training_ws/install/mapping/share/mapping/hook/cmake_prefix_path.ps1'
[20.751s] INFO:colcon.colcon_core.shell:Creating environment descriptor '/home/ubuntu/rj_training_container/training_ws/install/mapping/share/mapping/hook/cmake_prefix_path.dsv'
[20.777s] INFO:colcon.colcon_core.shell:Creating environment hook '/home/ubuntu/rj_training_container/training_ws/install/mapping/share/mapping/hook/cmake_prefix_path.sh'
[20.812s] Level 1:colcon.colcon_core.environment:checking '/home/ubuntu/rj_training_container/training_ws/install/mapping/lib'
[20.819s] Level 1:colcon.colcon_core.shell:create_environment_hook('mapping', 'ld_library_path_lib')
[20.821s] INFO:colcon.colcon_core.shell:Creating environment hook '/home/ubuntu/rj_training_container/training_ws/install/mapping/share/mapping/hook/ld_library_path_lib.ps1'
[20.848s] INFO:colcon.colcon_core.shell:Creating environment descriptor '/home/ubuntu/rj_training_container/training_ws/install/mapping/share/mapping/hook/ld_library_path_lib.dsv'
[20.874s] INFO:colcon.colcon_core.shell:Creating environment hook '/home/ubuntu/rj_training_container/training_ws/install/mapping/share/mapping/hook/ld_library_path_lib.sh'
[20.899s] Level 1:colcon.colcon_core.environment:checking '/home/ubuntu/rj_training_container/training_ws/install/mapping/bin'
[20.901s] Level 1:colcon.colcon_core.environment:checking '/home/ubuntu/rj_training_container/training_ws/install/mapping/lib/pkgconfig/mapping.pc'
[20.905s] Level 1:colcon.colcon_core.environment:checking '/home/ubuntu/rj_training_container/training_ws/install/mapping/lib/python3.10/site-packages'
[20.907s] Level 1:colcon.colcon_core.environment:checking '/home/ubuntu/rj_training_container/training_ws/install/mapping/bin'
[20.910s] INFO:colcon.colcon_core.shell:Creating package script '/home/ubuntu/rj_training_container/training_ws/install/mapping/share/mapping/package.ps1'
[20.933s] INFO:colcon.colcon_core.shell:Creating package descriptor '/home/ubuntu/rj_training_container/training_ws/install/mapping/share/mapping/package.dsv'
[20.959s] INFO:colcon.colcon_core.shell:Creating package script '/home/ubuntu/rj_training_container/training_ws/install/mapping/share/mapping/package.sh'
[20.984s] INFO:colcon.colcon_core.shell:Creating package script '/home/ubuntu/rj_training_container/training_ws/install/mapping/share/mapping/package.bash'
[21.010s] INFO:colcon.colcon_core.shell:Creating package script '/home/ubuntu/rj_training_container/training_ws/install/mapping/share/mapping/package.zsh'
[21.033s] Level 1:colcon.colcon_core.environment:create_file_with_runtime_dependencies(/home/ubuntu/rj_training_container/training_ws/install/mapping/share/colcon-core/packages/mapping)
[21.054s] Level 1:colcon.colcon_core.environment:create_environment_scripts_only(obstacle_detector)
[21.056s] Level 1:colcon.colcon_core.environment:checking '/home/ubuntu/rj_training_container/training_ws/install/obstacle_detector' for CMake module files
[21.260s] Level 1:colcon.colcon_core.environment:checking '/home/ubuntu/rj_training_container/training_ws/install/obstacle_detector' for CMake config files
[21.427s] Level 1:colcon.colcon_core.shell:create_environment_hook('obstacle_detector', 'cmake_prefix_path')
[21.428s] INFO:colcon.colcon_core.shell:Creating environment hook '/home/ubuntu/rj_training_container/training_ws/install/obstacle_detector/share/obstacle_detector/hook/cmake_prefix_path.ps1'
[21.456s] INFO:colcon.colcon_core.shell:Creating environment descriptor '/home/ubuntu/rj_training_container/training_ws/install/obstacle_detector/share/obstacle_detector/hook/cmake_prefix_path.dsv'
[21.486s] INFO:colcon.colcon_core.shell:Creating environment hook '/home/ubuntu/rj_training_container/training_ws/install/obstacle_detector/share/obstacle_detector/hook/cmake_prefix_path.sh'
[21.524s] Level 1:colcon.colcon_core.environment:checking '/home/ubuntu/rj_training_container/training_ws/install/obstacle_detector/lib'
[21.532s] Level 1:colcon.colcon_core.shell:create_environment_hook('obstacle_detector', 'ld_library_path_lib')
[21.533s] INFO:colcon.colcon_core.shell:Creating environment hook '/home/ubuntu/rj_training_container/training_ws/install/obstacle_detector/share/obstacle_detector/hook/ld_library_path_lib.ps1'
[21.561s] INFO:colcon.colcon_core.shell:Creating environment descriptor '/home/ubuntu/rj_training_container/training_ws/install/obstacle_detector/share/obstacle_detector/hook/ld_library_path_lib.dsv'
[21.587s] INFO:colcon.colcon_core.shell:Creating environment hook '/home/ubuntu/rj_training_container/training_ws/install/obstacle_detector/share/obstacle_detector/hook/ld_library_path_lib.sh'
[21.616s] Level 1:colcon.colcon_core.environment:checking '/home/ubuntu/rj_training_container/training_ws/install/obstacle_detector/bin'
[21.618s] Level 1:colcon.colcon_core.environment:checking '/home/ubuntu/rj_training_container/training_ws/install/obstacle_detector/lib/pkgconfig/obstacle_detector.pc'
[21.621s] Level 1:colcon.colcon_core.environment:checking '/home/ubuntu/rj_training_container/training_ws/install/obstacle_detector/lib/python3.10/site-packages'
[21.625s] Level 1:colcon.colcon_core.environment:checking '/home/ubuntu/rj_training_container/training_ws/install/obstacle_detector/bin'
[21.627s] INFO:colcon.colcon_core.shell:Creating package script '/home/ubuntu/rj_training_container/training_ws/install/obstacle_detector/share/obstacle_detector/package.ps1'
[21.647s] INFO:colcon.colcon_core.shell:Creating package descriptor '/home/ubuntu/rj_training_container/training_ws/install/obstacle_detector/share/obstacle_detector/package.dsv'
[21.671s] INFO:colcon.colcon_core.shell:Creating package script '/home/ubuntu/rj_training_container/training_ws/install/obstacle_detector/share/obstacle_detector/package.sh'
[21.697s] INFO:colcon.colcon_core.shell:Creating package script '/home/ubuntu/rj_training_container/training_ws/install/obstacle_detector/share/obstacle_detector/package.bash'
[21.726s] INFO:colcon.colcon_core.shell:Creating package script '/home/ubuntu/rj_training_container/training_ws/install/obstacle_detector/share/obstacle_detector/package.zsh'
[21.752s] Level 1:colcon.colcon_core.environment:create_file_with_runtime_dependencies(/home/ubuntu/rj_training_container/training_ws/install/obstacle_detector/share/colcon-core/packages/obstacle_detector)
[21.771s] Level 1:colcon.colcon_core.environment:create_environment_scripts_only(astar_path_planner)
[21.772s] Level 1:colcon.colcon_core.environment:checking '/home/ubuntu/rj_training_container/training_ws/install/astar_path_planner' for CMake module files
[21.981s] Level 1:colcon.colcon_core.environment:checking '/home/ubuntu/rj_training_container/training_ws/install/astar_path_planner' for CMake config files
[22.109s] Level 1:colcon.colcon_core.shell:create_environment_hook('astar_path_planner', 'cmake_prefix_path')
[22.110s] INFO:colcon.colcon_core.shell:Creating environment hook '/home/ubuntu/rj_training_container/training_ws/install/astar_path_planner/share/astar_path_planner/hook/cmake_prefix_path.ps1'
[22.141s] INFO:colcon.colcon_core.shell:Creating environment descriptor '/home/ubuntu/rj_training_container/training_ws/install/astar_path_planner/share/astar_path_planner/hook/cmake_prefix_path.dsv'
[22.169s] INFO:colcon.colcon_core.shell:Creating environment hook '/home/ubuntu/rj_training_container/training_ws/install/astar_path_planner/share/astar_path_planner/hook/cmake_prefix_path.sh'
[22.210s] Level 1:colcon.colcon_core.environment:checking '/home/ubuntu/rj_training_container/training_ws/install/astar_path_planner/lib'
[22.219s] Level 1:colcon.colcon_core.shell:create_environment_hook('astar_path_planner', 'ld_library_path_lib')
[22.220s] INFO:colcon.colcon_core.shell:Creating environment hook '/home/ubuntu/rj_training_container/training_ws/install/astar_path_planner/share/astar_path_planner/hook/ld_library_path_lib.ps1'
[22.251s] INFO:colcon.colcon_core.shell:Creating environment descriptor '/home/ubuntu/rj_training_container/training_ws/install/astar_path_planner/share/astar_path_planner/hook/ld_library_path_lib.dsv'
[22.278s] INFO:colcon.colcon_core.shell:Creating environment hook '/home/ubuntu/rj_training_container/training_ws/install/astar_path_planner/share/astar_path_planner/hook/ld_library_path_lib.sh'
[22.307s] Level 1:colcon.colcon_core.environment:checking '/home/ubuntu/rj_training_container/training_ws/install/astar_path_planner/bin'
[22.310s] Level 1:colcon.colcon_core.environment:checking '/home/ubuntu/rj_training_container/training_ws/install/astar_path_planner/lib/pkgconfig/astar_path_planner.pc'
[22.313s] Level 1:colcon.colcon_core.environment:checking '/home/ubuntu/rj_training_container/training_ws/install/astar_path_planner/lib/python3.10/site-packages'
[22.316s] Level 1:colcon.colcon_core.environment:checking '/home/ubuntu/rj_training_container/training_ws/install/astar_path_planner/bin'
[22.319s] INFO:colcon.colcon_core.shell:Creating package script '/home/ubuntu/rj_training_container/training_ws/install/astar_path_planner/share/astar_path_planner/package.ps1'
[22.344s] INFO:colcon.colcon_core.shell:Creating package descriptor '/home/ubuntu/rj_training_container/training_ws/install/astar_path_planner/share/astar_path_planner/package.dsv'
[22.365s] INFO:colcon.colcon_core.shell:Creating package script '/home/ubuntu/rj_training_container/training_ws/install/astar_path_planner/share/astar_path_planner/package.sh'
[22.394s] INFO:colcon.colcon_core.shell:Creating package script '/home/ubuntu/rj_training_container/training_ws/install/astar_path_planner/share/astar_path_planner/package.bash'
[22.421s] INFO:colcon.colcon_core.shell:Creating package script '/home/ubuntu/rj_training_container/training_ws/install/astar_path_planner/share/astar_path_planner/package.zsh'
[22.446s] Level 1:colcon.colcon_core.environment:create_file_with_runtime_dependencies(/home/ubuntu/rj_training_container/training_ws/install/astar_path_planner/share/colcon-core/packages/astar_path_planner)
[22.465s] Level 1:colcon.colcon_core.environment:create_environment_scripts_only(controllers)
[22.466s] Level 1:colcon.colcon_core.environment:checking '/home/ubuntu/rj_training_container/training_ws/install/controllers' for CMake module files
[22.647s] Level 1:colcon.colcon_core.environment:checking '/home/ubuntu/rj_training_container/training_ws/install/controllers' for CMake config files
[22.791s] Level 1:colcon.colcon_core.shell:create_environment_hook('controllers', 'cmake_prefix_path')
[22.792s] INFO:colcon.colcon_core.shell:Creating environment hook '/home/ubuntu/rj_training_container/training_ws/install/controllers/share/controllers/hook/cmake_prefix_path.ps1'
[22.821s] INFO:colcon.colcon_core.shell:Creating environment descriptor '/home/ubuntu/rj_training_container/training_ws/install/controllers/share/controllers/hook/cmake_prefix_path.dsv'
[22.851s] INFO:colcon.colcon_core.shell:Creating environment hook '/home/ubuntu/rj_training_container/training_ws/install/controllers/share/controllers/hook/cmake_prefix_path.sh'
[22.888s] Level 1:colcon.colcon_core.environment:checking '/home/ubuntu/rj_training_container/training_ws/install/controllers/lib'
[22.897s] Level 1:colcon.colcon_core.shell:create_environment_hook('controllers', 'ld_library_path_lib')
[22.898s] INFO:colcon.colcon_core.shell:Creating environment hook '/home/ubuntu/rj_training_container/training_ws/install/controllers/share/controllers/hook/ld_library_path_lib.ps1'
[22.927s] INFO:colcon.colcon_core.shell:Creating environment descriptor '/home/ubuntu/rj_training_container/training_ws/install/controllers/share/controllers/hook/ld_library_path_lib.dsv'
[22.958s] INFO:colcon.colcon_core.shell:Creating environment hook '/home/ubuntu/rj_training_container/training_ws/install/controllers/share/controllers/hook/ld_library_path_lib.sh'
[22.988s] Level 1:colcon.colcon_core.environment:checking '/home/ubuntu/rj_training_container/training_ws/install/controllers/bin'
[22.990s] Level 1:colcon.colcon_core.environment:checking '/home/ubuntu/rj_training_container/training_ws/install/controllers/lib/pkgconfig/controllers.pc'
[22.995s] Level 1:colcon.colcon_core.environment:checking '/home/ubuntu/rj_training_container/training_ws/install/controllers/lib/python3.10/site-packages'
[22.999s] Level 1:colcon.colcon_core.environment:checking '/home/ubuntu/rj_training_container/training_ws/install/controllers/bin'
[23.003s] INFO:colcon.colcon_core.shell:Creating package script '/home/ubuntu/rj_training_container/training_ws/install/controllers/share/controllers/package.ps1'
[23.029s] INFO:colcon.colcon_core.shell:Creating package descriptor '/home/ubuntu/rj_training_container/training_ws/install/controllers/share/controllers/package.dsv'
[23.055s] INFO:colcon.colcon_core.shell:Creating package script '/home/ubuntu/rj_training_container/training_ws/install/controllers/share/controllers/package.sh'
[23.084s] INFO:colcon.colcon_core.shell:Creating package script '/home/ubuntu/rj_training_container/training_ws/install/controllers/share/controllers/package.bash'
[23.113s] INFO:colcon.colcon_core.shell:Creating package script '/home/ubuntu/rj_training_container/training_ws/install/controllers/share/controllers/package.zsh'
[23.138s] Level 1:colcon.colcon_core.environment:create_file_with_runtime_dependencies(/home/ubuntu/rj_training_container/training_ws/install/controllers/share/colcon-core/packages/controllers)
[23.176s] DEBUG:colcon.colcon_core.event_handler.log_command:Invoked command in '/home/ubuntu/rj_training_container/training_ws/build/traini_description' returned '0': CMAKE_PREFIX_PATH=/opt/ros/humble /usr/bin/cmake /home/ubuntu/rj_training_container/training_ws/src/stsl/traini_description -DCMAKE_INSTALL_PREFIX=/home/ubuntu/rj_training_container/training_ws/install/traini_description
[23.181s] Level 1:colcon.colcon_core.environment:create_environment_scripts_only(teleop)
[23.182s] Level 1:colcon.colcon_core.environment:checking '/home/ubuntu/rj_training_container/training_ws/install/teleop' for CMake module files
[23.184s] DEBUG:colcon.colcon_core.event_handler.log_command:Invoking command in '/home/ubuntu/rj_training_container/training_ws/build/traini_description': CMAKE_PREFIX_PATH=/opt/ros/humble /usr/bin/cmake --build /home/ubuntu/rj_training_container/training_ws/build/traini_description -- -j16 -l16
[23.447s] Level 1:colcon.colcon_core.environment:checking '/home/ubuntu/rj_training_container/training_ws/install/teleop' for CMake config files
[23.635s] Level 1:colcon.colcon_core.shell:create_environment_hook('teleop', 'cmake_prefix_path')
[23.636s] INFO:colcon.colcon_core.shell:Creating environment hook '/home/ubuntu/rj_training_container/training_ws/install/teleop/share/teleop/hook/cmake_prefix_path.ps1'
[23.666s] INFO:colcon.colcon_core.shell:Creating environment descriptor '/home/ubuntu/rj_training_container/training_ws/install/teleop/share/teleop/hook/cmake_prefix_path.dsv'
[23.699s] INFO:colcon.colcon_core.shell:Creating environment hook '/home/ubuntu/rj_training_container/training_ws/install/teleop/share/teleop/hook/cmake_prefix_path.sh'
[23.735s] Level 1:colcon.colcon_core.environment:checking '/home/ubuntu/rj_training_container/training_ws/install/teleop/lib'
[23.744s] Level 1:colcon.colcon_core.shell:create_environment_hook('teleop', 'ld_library_path_lib')
[23.745s] INFO:colcon.colcon_core.shell:Creating environment hook '/home/ubuntu/rj_training_container/training_ws/install/teleop/share/teleop/hook/ld_library_path_lib.ps1'
[23.773s] INFO:colcon.colcon_core.shell:Creating environment descriptor '/home/ubuntu/rj_training_container/training_ws/install/teleop/share/teleop/hook/ld_library_path_lib.dsv'
[23.803s] INFO:colcon.colcon_core.shell:Creating environment hook '/home/ubuntu/rj_training_container/training_ws/install/teleop/share/teleop/hook/ld_library_path_lib.sh'
[23.835s] Level 1:colcon.colcon_core.environment:checking '/home/ubuntu/rj_training_container/training_ws/install/teleop/bin'
[23.836s] Level 1:colcon.colcon_core.environment:checking '/home/ubuntu/rj_training_container/training_ws/install/teleop/lib/pkgconfig/teleop.pc'
[23.839s] Level 1:colcon.colcon_core.environment:checking '/home/ubuntu/rj_training_container/training_ws/install/teleop/lib/python3.10/site-packages'
[23.843s] Level 1:colcon.colcon_core.environment:checking '/home/ubuntu/rj_training_container/training_ws/install/teleop/bin'
[23.845s] INFO:colcon.colcon_core.shell:Creating package script '/home/ubuntu/rj_training_container/training_ws/install/teleop/share/teleop/package.ps1'
[23.866s] INFO:colcon.colcon_core.shell:Creating package descriptor '/home/ubuntu/rj_training_container/training_ws/install/teleop/share/teleop/package.dsv'
[23.888s] INFO:colcon.colcon_core.shell:Creating package script '/home/ubuntu/rj_training_container/training_ws/install/teleop/share/teleop/package.sh'
[23.906s] INFO:colcon.colcon_core.shell:Creating package script '/home/ubuntu/rj_training_container/training_ws/install/teleop/share/teleop/package.bash'
[23.923s] INFO:colcon.colcon_core.shell:Creating package script '/home/ubuntu/rj_training_container/training_ws/install/teleop/share/teleop/package.zsh'
[23.941s] Level 1:colcon.colcon_core.environment:create_file_with_runtime_dependencies(/home/ubuntu/rj_training_container/training_ws/install/teleop/share/colcon-core/packages/teleop)
[23.974s] DEBUG:colcon.colcon_core.event_handler.log_command:Invoked command in '/home/ubuntu/rj_training_container/training_ws/build/stsl_nav_plugins' returned '0': CMAKE_PREFIX_PATH=/opt/ros/humble /usr/bin/cmake /home/ubuntu/rj_training_container/training_ws/src/stsl/stsl_nav_plugins -DCMAKE_INSTALL_PREFIX=/home/ubuntu/rj_training_container/training_ws/install/stsl_nav_plugins
[23.983s] DEBUG:colcon.colcon_core.event_handler.log_command:Invoking command in '/home/ubuntu/rj_training_container/training_ws/build/stsl_nav_plugins': CMAKE_PREFIX_PATH=/opt/ros/humble /usr/bin/cmake --build /home/ubuntu/rj_training_container/training_ws/build/stsl_nav_plugins -- -j16 -l16
[23.986s] DEBUG:colcon.colcon_core.event_handler.log_command:Invoked command in '/home/ubuntu/rj_training_container/training_ws/build/traini_description' returned '0': CMAKE_PREFIX_PATH=/opt/ros/humble /usr/bin/cmake --build /home/ubuntu/rj_training_container/training_ws/build/traini_description -- -j16 -l16
[24.070s] DEBUG:colcon.colcon_core.event_handler.log_command:Invoking command in '/home/ubuntu/rj_training_container/training_ws/build/traini_description': CMAKE_PREFIX_PATH=/opt/ros/humble /usr/bin/cmake --install /home/ubuntu/rj_training_container/training_ws/build/traini_description
[24.923s] DEBUG:colcon.colcon_core.event_handler.log_command:Invoked command in '/home/ubuntu/rj_training_container/training_ws/build/stsl_gazebo_plugins' returned '0': CMAKE_PREFIX_PATH=/opt/ros/humble /usr/bin/cmake /home/ubuntu/rj_training_container/training_ws/src/stsl/stsl_gazebo_plugins -DCMAKE_INSTALL_PREFIX=/home/ubuntu/rj_training_container/training_ws/install/stsl_gazebo_plugins
[24.946s] DEBUG:colcon.colcon_core.event_handler.log_command:Invoking command in '/home/ubuntu/rj_training_container/training_ws/build/stsl_gazebo_plugins': CMAKE_PREFIX_PATH=/opt/ros/humble /usr/bin/cmake --build /home/ubuntu/rj_training_container/training_ws/build/stsl_gazebo_plugins -- -j16 -l16
[25.878s] DEBUG:colcon.colcon_core.event_handler.log_command:Invoked command in '/home/ubuntu/rj_training_container/training_ws/build/stsl_utils' returned '0': CMAKE_PREFIX_PATH=/opt/ros/humble /usr/bin/cmake /home/ubuntu/rj_training_container/training_ws/src/stsl/stsl_utils -DCMAKE_INSTALL_PREFIX=/home/ubuntu/rj_training_container/training_ws/install/stsl_utils
[25.898s] DEBUG:colcon.colcon_core.event_handler.log_command:Invoking command in '/home/ubuntu/rj_training_container/training_ws/build/stsl_utils': CMAKE_PREFIX_PATH=/opt/ros/humble /usr/bin/cmake --build /home/ubuntu/rj_training_container/training_ws/build/stsl_utils -- -j16 -l16
[27.743s] Level 1:colcon.colcon_core.environment:create_environment_scripts_only(traini_description)
[27.744s] Level 1:colcon.colcon_core.environment:checking '/home/ubuntu/rj_training_container/training_ws/install/traini_description' for CMake module files
[27.747s] DEBUG:colcon.colcon_core.event_handler.log_command:Invoked command in '/home/ubuntu/rj_training_container/training_ws/build/traini_description' returned '0': CMAKE_PREFIX_PATH=/opt/ros/humble /usr/bin/cmake --install /home/ubuntu/rj_training_container/training_ws/build/traini_description
[27.874s] Level 1:colcon.colcon_core.environment:checking '/home/ubuntu/rj_training_container/training_ws/install/traini_description' for CMake config files
[27.957s] Level 1:colcon.colcon_core.shell:create_environment_hook('traini_description', 'cmake_prefix_path')
[27.958s] INFO:colcon.colcon_core.shell:Creating environment hook '/home/ubuntu/rj_training_container/training_ws/install/traini_description/share/traini_description/hook/cmake_prefix_path.ps1'
[27.979s] INFO:colcon.colcon_core.shell:Creating environment descriptor '/home/ubuntu/rj_training_container/training_ws/install/traini_description/share/traini_description/hook/cmake_prefix_path.dsv'
[28.004s] INFO:colcon.colcon_core.shell:Creating environment hook '/home/ubuntu/rj_training_container/training_ws/install/traini_description/share/traini_description/hook/cmake_prefix_path.sh'
[28.031s] Level 1:colcon.colcon_core.environment:checking '/home/ubuntu/rj_training_container/training_ws/install/traini_description/bin'
[28.033s] Level 1:colcon.colcon_core.environment:checking '/home/ubuntu/rj_training_container/training_ws/install/traini_description/lib/pkgconfig/traini_description.pc'
[28.036s] Level 1:colcon.colcon_core.environment:checking '/home/ubuntu/rj_training_container/training_ws/install/traini_description/lib/python3.10/site-packages'
[28.038s] Level 1:colcon.colcon_core.environment:checking '/home/ubuntu/rj_training_container/training_ws/install/traini_description/bin'
[28.040s] INFO:colcon.colcon_core.shell:Creating package script '/home/ubuntu/rj_training_container/training_ws/install/traini_description/share/traini_description/package.ps1'
[28.062s] INFO:colcon.colcon_core.shell:Creating package descriptor '/home/ubuntu/rj_training_container/training_ws/install/traini_description/share/traini_description/package.dsv'
[28.083s] INFO:colcon.colcon_core.shell:Creating package script '/home/ubuntu/rj_training_container/training_ws/install/traini_description/share/traini_description/package.sh'
[28.103s] INFO:colcon.colcon_core.shell:Creating package script '/home/ubuntu/rj_training_container/training_ws/install/traini_description/share/traini_description/package.bash'
[28.124s] INFO:colcon.colcon_core.shell:Creating package script '/home/ubuntu/rj_training_container/training_ws/install/traini_description/share/traini_description/package.zsh'
[28.145s] Level 1:colcon.colcon_core.environment:create_file_with_runtime_dependencies(/home/ubuntu/rj_training_container/training_ws/install/traini_description/share/colcon-core/packages/traini_description)
[28.244s] Level 1:colcon.colcon_core.environment:create_environment_scripts_only(traini_description)
[28.245s] Level 1:colcon.colcon_core.environment:checking '/home/ubuntu/rj_training_container/training_ws/install/traini_description' for CMake module files
[28.389s] Level 1:colcon.colcon_core.environment:checking '/home/ubuntu/rj_training_container/training_ws/install/traini_description' for CMake config files
[28.498s] Level 1:colcon.colcon_core.shell:create_environment_hook('traini_description', 'cmake_prefix_path')
[28.499s] INFO:colcon.colcon_core.shell:Creating environment hook '/home/ubuntu/rj_training_container/training_ws/install/traini_description/share/traini_description/hook/cmake_prefix_path.ps1'
[28.527s] INFO:colcon.colcon_core.shell:Creating environment descriptor '/home/ubuntu/rj_training_container/training_ws/install/traini_description/share/traini_description/hook/cmake_prefix_path.dsv'
[28.552s] INFO:colcon.colcon_core.shell:Creating environment hook '/home/ubuntu/rj_training_container/training_ws/install/traini_description/share/traini_description/hook/cmake_prefix_path.sh'
[28.584s] Level 1:colcon.colcon_core.environment:checking '/home/ubuntu/rj_training_container/training_ws/install/traini_description/bin'
[28.586s] Level 1:colcon.colcon_core.environment:checking '/home/ubuntu/rj_training_container/training_ws/install/traini_description/lib/pkgconfig/traini_description.pc'
[28.589s] Level 1:colcon.colcon_core.environment:checking '/home/ubuntu/rj_training_container/training_ws/install/traini_description/lib/python3.10/site-packages'
[28.591s] Level 1:colcon.colcon_core.environment:checking '/home/ubuntu/rj_training_container/training_ws/install/traini_description/bin'
[28.593s] INFO:colcon.colcon_core.shell:Creating package script '/home/ubuntu/rj_training_container/training_ws/install/traini_description/share/traini_description/package.ps1'
[28.615s] INFO:colcon.colcon_core.shell:Creating package descriptor '/home/ubuntu/rj_training_container/training_ws/install/traini_description/share/traini_description/package.dsv'
[28.637s] INFO:colcon.colcon_core.shell:Creating package script '/home/ubuntu/rj_training_container/training_ws/install/traini_description/share/traini_description/package.sh'
[28.660s] INFO:colcon.colcon_core.shell:Creating package script '/home/ubuntu/rj_training_container/training_ws/install/traini_description/share/traini_description/package.bash'
[28.682s] INFO:colcon.colcon_core.shell:Creating package script '/home/ubuntu/rj_training_container/training_ws/install/traini_description/share/traini_description/package.zsh'
[28.704s] Level 1:colcon.colcon_core.environment:create_file_with_runtime_dependencies(/home/ubuntu/rj_training_container/training_ws/install/traini_description/share/colcon-core/packages/traini_description)
[33.360s] Level 1:colcon.colcon_core.environment:create_environment_scripts_only(joystick_msgs)
[33.361s] Level 1:colcon.colcon_core.environment:checking '/home/ubuntu/rj_training_container/training_ws/install/joystick_msgs' for CMake module files
[33.362s] DEBUG:colcon.colcon_core.event_handler.log_command:Invoked command in '/home/ubuntu/rj_training_container/training_ws/build/joystick_msgs' returned '0': CMAKE_PREFIX_PATH=/opt/ros/humble /usr/bin/cmake --install /home/ubuntu/rj_training_container/training_ws/build/joystick_msgs
[33.710s] Level 1:colcon.colcon_core.environment:checking '/home/ubuntu/rj_training_container/training_ws/install/joystick_msgs' for CMake config files
[33.998s] Level 1:colcon.colcon_core.shell:create_environment_hook('joystick_msgs', 'cmake_prefix_path')
[33.998s] INFO:colcon.colcon_core.shell:Creating environment hook '/home/ubuntu/rj_training_container/training_ws/install/joystick_msgs/share/joystick_msgs/hook/cmake_prefix_path.ps1'
[34.016s] INFO:colcon.colcon_core.shell:Creating environment descriptor '/home/ubuntu/rj_training_container/training_ws/install/joystick_msgs/share/joystick_msgs/hook/cmake_prefix_path.dsv'
[34.038s] INFO:colcon.colcon_core.shell:Creating environment hook '/home/ubuntu/rj_training_container/training_ws/install/joystick_msgs/share/joystick_msgs/hook/cmake_prefix_path.sh'
[34.066s] Level 1:colcon.colcon_core.environment:checking '/home/ubuntu/rj_training_container/training_ws/install/joystick_msgs/lib'
[34.073s] Level 1:colcon.colcon_core.shell:create_environment_hook('joystick_msgs', 'ld_library_path_lib')
[34.074s] INFO:colcon.colcon_core.shell:Creating environment hook '/home/ubuntu/rj_training_container/training_ws/install/joystick_msgs/share/joystick_msgs/hook/ld_library_path_lib.ps1'
[34.097s] INFO:colcon.colcon_core.shell:Creating environment descriptor '/home/ubuntu/rj_training_container/training_ws/install/joystick_msgs/share/joystick_msgs/hook/ld_library_path_lib.dsv'
[34.117s] INFO:colcon.colcon_core.shell:Creating environment hook '/home/ubuntu/rj_training_container/training_ws/install/joystick_msgs/share/joystick_msgs/hook/ld_library_path_lib.sh'
[34.139s] Level 1:colcon.colcon_core.environment:checking '/home/ubuntu/rj_training_container/training_ws/install/joystick_msgs/bin'
[34.141s] Level 1:colcon.colcon_core.environment:checking '/home/ubuntu/rj_training_container/training_ws/install/joystick_msgs/lib/pkgconfig/joystick_msgs.pc'
[34.144s] Level 1:colcon.colcon_core.environment:checking '/home/ubuntu/rj_training_container/training_ws/install/joystick_msgs/lib/python3.10/site-packages'
[34.147s] Level 1:colcon.colcon_core.environment:checking '/home/ubuntu/rj_training_container/training_ws/install/joystick_msgs/bin'
[34.150s] INFO:colcon.colcon_core.shell:Creating package script '/home/ubuntu/rj_training_container/training_ws/install/joystick_msgs/share/joystick_msgs/package.ps1'
[34.169s] INFO:colcon.colcon_core.shell:Creating package descriptor '/home/ubuntu/rj_training_container/training_ws/install/joystick_msgs/share/joystick_msgs/package.dsv'
[34.192s] INFO:colcon.colcon_core.shell:Creating package script '/home/ubuntu/rj_training_container/training_ws/install/joystick_msgs/share/joystick_msgs/package.sh'
[34.213s] INFO:colcon.colcon_core.shell:Creating package script '/home/ubuntu/rj_training_container/training_ws/install/joystick_msgs/share/joystick_msgs/package.bash'
[34.233s] INFO:colcon.colcon_core.shell:Creating package script '/home/ubuntu/rj_training_container/training_ws/install/joystick_msgs/share/joystick_msgs/package.zsh'
[34.253s] Level 1:colcon.colcon_core.environment:create_file_with_runtime_dependencies(/home/ubuntu/rj_training_container/training_ws/install/joystick_msgs/share/colcon-core/packages/joystick_msgs)
[34.437s] Level 1:colcon.colcon_core.environment:create_environment_scripts_only(joystick_msgs)
[34.438s] Level 1:colcon.colcon_core.environment:checking '/home/ubuntu/rj_training_container/training_ws/install/joystick_msgs' for CMake module files
[34.822s] Level 1:colcon.colcon_core.environment:checking '/home/ubuntu/rj_training_container/training_ws/install/joystick_msgs' for CMake config files
[35.183s] Level 1:colcon.colcon_core.shell:create_environment_hook('joystick_msgs', 'cmake_prefix_path')
[35.184s] INFO:colcon.colcon_core.shell:Creating environment hook '/home/ubuntu/rj_training_container/training_ws/install/joystick_msgs/share/joystick_msgs/hook/cmake_prefix_path.ps1'
[35.212s] INFO:colcon.colcon_core.shell:Creating environment descriptor '/home/ubuntu/rj_training_container/training_ws/install/joystick_msgs/share/joystick_msgs/hook/cmake_prefix_path.dsv'
[35.243s] INFO:colcon.colcon_core.shell:Creating environment hook '/home/ubuntu/rj_training_container/training_ws/install/joystick_msgs/share/joystick_msgs/hook/cmake_prefix_path.sh'
[35.281s] Level 1:colcon.colcon_core.environment:checking '/home/ubuntu/rj_training_container/training_ws/install/joystick_msgs/lib'
[35.291s] Level 1:colcon.colcon_core.shell:create_environment_hook('joystick_msgs', 'ld_library_path_lib')
[35.292s] INFO:colcon.colcon_core.shell:Creating environment hook '/home/ubuntu/rj_training_container/training_ws/install/joystick_msgs/share/joystick_msgs/hook/ld_library_path_lib.ps1'
[35.324s] INFO:colcon.colcon_core.shell:Creating environment descriptor '/home/ubuntu/rj_training_container/training_ws/install/joystick_msgs/share/joystick_msgs/hook/ld_library_path_lib.dsv'
[35.358s] INFO:colcon.colcon_core.shell:Creating environment hook '/home/ubuntu/rj_training_container/training_ws/install/joystick_msgs/share/joystick_msgs/hook/ld_library_path_lib.sh'
[35.392s] Level 1:colcon.colcon_core.environment:checking '/home/ubuntu/rj_training_container/training_ws/install/joystick_msgs/bin'
[35.395s] Level 1:colcon.colcon_core.environment:checking '/home/ubuntu/rj_training_container/training_ws/install/joystick_msgs/lib/pkgconfig/joystick_msgs.pc'
[35.399s] Level 1:colcon.colcon_core.environment:checking '/home/ubuntu/rj_training_container/training_ws/install/joystick_msgs/lib/python3.10/site-packages'
[35.404s] Level 1:colcon.colcon_core.environment:checking '/home/ubuntu/rj_training_container/training_ws/install/joystick_msgs/bin'
[35.408s] INFO:colcon.colcon_core.shell:Creating package script '/home/ubuntu/rj_training_container/training_ws/install/joystick_msgs/share/joystick_msgs/package.ps1'
[35.436s] INFO:colcon.colcon_core.shell:Creating package descriptor '/home/ubuntu/rj_training_container/training_ws/install/joystick_msgs/share/joystick_msgs/package.dsv'
[35.463s] INFO:colcon.colcon_core.shell:Creating package script '/home/ubuntu/rj_training_container/training_ws/install/joystick_msgs/share/joystick_msgs/package.sh'
[35.489s] INFO:colcon.colcon_core.shell:Creating package script '/home/ubuntu/rj_training_container/training_ws/install/joystick_msgs/share/joystick_msgs/package.bash'
[35.516s] INFO:colcon.colcon_core.shell:Creating package script '/home/ubuntu/rj_training_container/training_ws/install/joystick_msgs/share/joystick_msgs/package.zsh'
[35.542s] Level 1:colcon.colcon_core.environment:create_file_with_runtime_dependencies(/home/ubuntu/rj_training_container/training_ws/install/joystick_msgs/share/colcon-core/packages/joystick_msgs)
[35.561s] INFO:colcon.colcon_ros.task.ament_cmake.build:Building ROS package in '/home/ubuntu/rj_training_container/training_ws/src/trainingv2/controller_project/joystick_package' with build type 'ament_cmake'
[35.562s] INFO:colcon.colcon_cmake.task.cmake.build:Building CMake package in '/home/ubuntu/rj_training_container/training_ws/src/trainingv2/controller_project/joystick_package'
[35.563s] INFO:colcon.colcon_core.shell:Skip shell extension 'powershell' for command environment: Not usable outside of PowerShell
[35.564s] DEBUG:colcon.colcon_core.shell:Skip shell extension 'dsv' for command environment
[35.804s] DEBUG:colcon.colcon_core.event_handler.log_command:Invoking command in '/home/ubuntu/rj_training_container/training_ws/build/joystick_package': AMENT_PREFIX_PATH=/home/ubuntu/rj_training_container/training_ws/install/joystick_msgs:${AMENT_PREFIX_PATH} CMAKE_PREFIX_PATH=/home/ubuntu/rj_training_container/training_ws/install/joystick_msgs:/opt/ros/humble LD_LIBRARY_PATH=/home/ubuntu/rj_training_container/training_ws/install/joystick_msgs/lib:${LD_LIBRARY_PATH} PYTHONPATH=/home/ubuntu/rj_training_container/training_ws/install/joystick_msgs/local/lib/python3.10/dist-packages:${PYTHONPATH} /usr/bin/cmake /home/ubuntu/rj_training_container/training_ws/src/trainingv2/controller_project/joystick_package -DCMAKE_INSTALL_PREFIX=/home/ubuntu/rj_training_container/training_ws/install/joystick_package
[37.652s] DEBUG:colcon.colcon_core.event_handler.log_command:Invoked command in '/home/ubuntu/rj_training_container/training_ws/build/stsl_nav_plugins' returned '0': CMAKE_PREFIX_PATH=/opt/ros/humble /usr/bin/cmake --build /home/ubuntu/rj_training_container/training_ws/build/stsl_nav_plugins -- -j16 -l16
[37.757s] DEBUG:colcon.colcon_core.event_handler.log_command:Invoking command in '/home/ubuntu/rj_training_container/training_ws/build/stsl_nav_plugins': CMAKE_PREFIX_PATH=/opt/ros/humble /usr/bin/cmake --install /home/ubuntu/rj_training_container/training_ws/build/stsl_nav_plugins
[38.842s] DEBUG:colcon.colcon_core.event_handler.log_command:Invoked command in '/home/ubuntu/rj_training_container/training_ws/build/stsl_interfaces' returned '0': CMAKE_PREFIX_PATH=/opt/ros/humble /usr/bin/cmake /home/ubuntu/rj_training_container/training_ws/src/stsl/stsl_interfaces -DCMAKE_INSTALL_PREFIX=/home/ubuntu/rj_training_container/training_ws/install/stsl_interfaces
[38.858s] DEBUG:colcon.colcon_core.event_handler.log_command:Invoking command in '/home/ubuntu/rj_training_container/training_ws/build/stsl_interfaces': CMAKE_PREFIX_PATH=/opt/ros/humble /usr/bin/cmake --build /home/ubuntu/rj_training_container/training_ws/build/stsl_interfaces -- -j16 -l16
[39.700s] DEBUG:colcon.colcon_core.event_handler.log_command:Invoked command in '/home/ubuntu/rj_training_container/training_ws/build/stsl_utils' returned '0': CMAKE_PREFIX_PATH=/opt/ros/humble /usr/bin/cmake --build /home/ubuntu/rj_training_container/training_ws/build/stsl_utils -- -j16 -l16
[39.806s] DEBUG:colcon.colcon_core.event_handler.log_command:Invoking command in '/home/ubuntu/rj_training_container/training_ws/build/stsl_utils': CMAKE_PREFIX_PATH=/opt/ros/humble /usr/bin/cmake --install /home/ubuntu/rj_training_container/training_ws/build/stsl_utils
[40.879s] Level 1:colcon.colcon_core.environment:create_environment_scripts_only(stsl_nav_plugins)
[40.880s] Level 1:colcon.colcon_core.environment:checking '/home/ubuntu/rj_training_container/training_ws/install/stsl_nav_plugins' for CMake module files
[40.882s] DEBUG:colcon.colcon_core.event_handler.log_command:Invoked command in '/home/ubuntu/rj_training_container/training_ws/build/stsl_nav_plugins' returned '0': CMAKE_PREFIX_PATH=/opt/ros/humble /usr/bin/cmake --install /home/ubuntu/rj_training_container/training_ws/build/stsl_nav_plugins
[41.008s] Level 1:colcon.colcon_core.environment:checking '/home/ubuntu/rj_training_container/training_ws/install/stsl_nav_plugins' for CMake config files
[41.117s] Level 1:colcon.colcon_core.shell:create_environment_hook('stsl_nav_plugins', 'cmake_prefix_path')
[41.118s] INFO:colcon.colcon_core.shell:Creating environment hook '/home/ubuntu/rj_training_container/training_ws/install/stsl_nav_plugins/share/stsl_nav_plugins/hook/cmake_prefix_path.ps1'
[41.139s] INFO:colcon.colcon_core.shell:Creating environment descriptor '/home/ubuntu/rj_training_container/training_ws/install/stsl_nav_plugins/share/stsl_nav_plugins/hook/cmake_prefix_path.dsv'
[41.164s] INFO:colcon.colcon_core.shell:Creating environment hook '/home/ubuntu/rj_training_container/training_ws/install/stsl_nav_plugins/share/stsl_nav_plugins/hook/cmake_prefix_path.sh'
[41.189s] Level 1:colcon.colcon_core.environment:checking '/home/ubuntu/rj_training_container/training_ws/install/stsl_nav_plugins/lib'
[41.196s] Level 1:colcon.colcon_core.shell:create_environment_hook('stsl_nav_plugins', 'ld_library_path_lib')
[41.197s] INFO:colcon.colcon_core.shell:Creating environment hook '/home/ubuntu/rj_training_container/training_ws/install/stsl_nav_plugins/share/stsl_nav_plugins/hook/ld_library_path_lib.ps1'
[41.220s] INFO:colcon.colcon_core.shell:Creating environment descriptor '/home/ubuntu/rj_training_container/training_ws/install/stsl_nav_plugins/share/stsl_nav_plugins/hook/ld_library_path_lib.dsv'
[41.240s] INFO:colcon.colcon_core.shell:Creating environment hook '/home/ubuntu/rj_training_container/training_ws/install/stsl_nav_plugins/share/stsl_nav_plugins/hook/ld_library_path_lib.sh'
[41.261s] Level 1:colcon.colcon_core.environment:checking '/home/ubuntu/rj_training_container/training_ws/install/stsl_nav_plugins/bin'
[41.263s] Level 1:colcon.colcon_core.environment:checking '/home/ubuntu/rj_training_container/training_ws/install/stsl_nav_plugins/lib/pkgconfig/stsl_nav_plugins.pc'
[41.266s] Level 1:colcon.colcon_core.environment:checking '/home/ubuntu/rj_training_container/training_ws/install/stsl_nav_plugins/lib/python3.10/site-packages'
[41.268s] Level 1:colcon.colcon_core.environment:checking '/home/ubuntu/rj_training_container/training_ws/install/stsl_nav_plugins/bin'
[41.270s] INFO:colcon.colcon_core.shell:Creating package script '/home/ubuntu/rj_training_container/training_ws/install/stsl_nav_plugins/share/stsl_nav_plugins/package.ps1'
[41.288s] INFO:colcon.colcon_core.shell:Creating package descriptor '/home/ubuntu/rj_training_container/training_ws/install/stsl_nav_plugins/share/stsl_nav_plugins/package.dsv'
[41.310s] INFO:colcon.colcon_core.shell:Creating package script '/home/ubuntu/rj_training_container/training_ws/install/stsl_nav_plugins/share/stsl_nav_plugins/package.sh'
[41.328s] INFO:colcon.colcon_core.shell:Creating package script '/home/ubuntu/rj_training_container/training_ws/install/stsl_nav_plugins/share/stsl_nav_plugins/package.bash'
[41.350s] INFO:colcon.colcon_core.shell:Creating package script '/home/ubuntu/rj_training_container/training_ws/install/stsl_nav_plugins/share/stsl_nav_plugins/package.zsh'
[41.367s] Level 1:colcon.colcon_core.environment:create_file_with_runtime_dependencies(/home/ubuntu/rj_training_container/training_ws/install/stsl_nav_plugins/share/colcon-core/packages/stsl_nav_plugins)
[41.480s] Level 1:colcon.colcon_core.environment:create_environment_scripts_only(stsl_nav_plugins)
[41.481s] Level 1:colcon.colcon_core.environment:checking '/home/ubuntu/rj_training_container/training_ws/install/stsl_nav_plugins' for CMake module files
[41.613s] Level 1:colcon.colcon_core.environment:checking '/home/ubuntu/rj_training_container/training_ws/install/stsl_nav_plugins' for CMake config files
[41.730s] Level 1:colcon.colcon_core.shell:create_environment_hook('stsl_nav_plugins', 'cmake_prefix_path')
[41.731s] INFO:colcon.colcon_core.shell:Creating environment hook '/home/ubuntu/rj_training_container/training_ws/install/stsl_nav_plugins/share/stsl_nav_plugins/hook/cmake_prefix_path.ps1'
[41.752s] INFO:colcon.colcon_core.shell:Creating environment descriptor '/home/ubuntu/rj_training_container/training_ws/install/stsl_nav_plugins/share/stsl_nav_plugins/hook/cmake_prefix_path.dsv'
[41.774s] INFO:colcon.colcon_core.shell:Creating environment hook '/home/ubuntu/rj_training_container/training_ws/install/stsl_nav_plugins/share/stsl_nav_plugins/hook/cmake_prefix_path.sh'
[41.805s] Level 1:colcon.colcon_core.environment:checking '/home/ubuntu/rj_training_container/training_ws/install/stsl_nav_plugins/lib'
[41.812s] Level 1:colcon.colcon_core.shell:create_environment_hook('stsl_nav_plugins', 'ld_library_path_lib')
[41.813s] INFO:colcon.colcon_core.shell:Creating environment hook '/home/ubuntu/rj_training_container/training_ws/install/stsl_nav_plugins/share/stsl_nav_plugins/hook/ld_library_path_lib.ps1'
[41.835s] INFO:colcon.colcon_core.shell:Creating environment descriptor '/home/ubuntu/rj_training_container/training_ws/install/stsl_nav_plugins/share/stsl_nav_plugins/hook/ld_library_path_lib.dsv'
[41.855s] INFO:colcon.colcon_core.shell:Creating environment hook '/home/ubuntu/rj_training_container/training_ws/install/stsl_nav_plugins/share/stsl_nav_plugins/hook/ld_library_path_lib.sh'
[41.878s] Level 1:colcon.colcon_core.environment:checking '/home/ubuntu/rj_training_container/training_ws/install/stsl_nav_plugins/bin'
[41.880s] Level 1:colcon.colcon_core.environment:checking '/home/ubuntu/rj_training_container/training_ws/install/stsl_nav_plugins/lib/pkgconfig/stsl_nav_plugins.pc'
[41.884s] Level 1:colcon.colcon_core.environment:checking '/home/ubuntu/rj_training_container/training_ws/install/stsl_nav_plugins/lib/python3.10/site-packages'
[41.887s] Level 1:colcon.colcon_core.environment:checking '/home/ubuntu/rj_training_container/training_ws/install/stsl_nav_plugins/bin'
[41.890s] INFO:colcon.colcon_core.shell:Creating package script '/home/ubuntu/rj_training_container/training_ws/install/stsl_nav_plugins/share/stsl_nav_plugins/package.ps1'
[41.909s] INFO:colcon.colcon_core.shell:Creating package descriptor '/home/ubuntu/rj_training_container/training_ws/install/stsl_nav_plugins/share/stsl_nav_plugins/package.dsv'
[41.928s] INFO:colcon.colcon_core.shell:Creating package script '/home/ubuntu/rj_training_container/training_ws/install/stsl_nav_plugins/share/stsl_nav_plugins/package.sh'
[41.948s] INFO:colcon.colcon_core.shell:Creating package script '/home/ubuntu/rj_training_container/training_ws/install/stsl_nav_plugins/share/stsl_nav_plugins/package.bash'
[41.968s] INFO:colcon.colcon_core.shell:Creating package script '/home/ubuntu/rj_training_container/training_ws/install/stsl_nav_plugins/share/stsl_nav_plugins/package.zsh'
[41.987s] Level 1:colcon.colcon_core.environment:create_file_with_runtime_dependencies(/home/ubuntu/rj_training_container/training_ws/install/stsl_nav_plugins/share/colcon-core/packages/stsl_nav_plugins)
[43.474s] Level 1:colcon.colcon_core.environment:create_environment_scripts_only(stsl_utils)
[43.475s] Level 1:colcon.colcon_core.environment:checking '/home/ubuntu/rj_training_container/training_ws/install/stsl_utils' for CMake module files
[43.477s] DEBUG:colcon.colcon_core.event_handler.log_command:Invoked command in '/home/ubuntu/rj_training_container/training_ws/build/stsl_utils' returned '0': CMAKE_PREFIX_PATH=/opt/ros/humble /usr/bin/cmake --install /home/ubuntu/rj_training_container/training_ws/build/stsl_utils
[43.624s] Level 1:colcon.colcon_core.environment:checking '/home/ubuntu/rj_training_container/training_ws/install/stsl_utils' for CMake config files
[43.749s] Level 1:colcon.colcon_core.shell:create_environment_hook('stsl_utils', 'cmake_prefix_path')
[43.750s] INFO:colcon.colcon_core.shell:Creating environment hook '/home/ubuntu/rj_training_container/training_ws/install/stsl_utils/share/stsl_utils/hook/cmake_prefix_path.ps1'
[43.777s] INFO:colcon.colcon_core.shell:Creating environment descriptor '/home/ubuntu/rj_training_container/training_ws/install/stsl_utils/share/stsl_utils/hook/cmake_prefix_path.dsv'
[43.823s] INFO:colcon.colcon_core.shell:Creating environment hook '/home/ubuntu/rj_training_container/training_ws/install/stsl_utils/share/stsl_utils/hook/cmake_prefix_path.sh'
[43.895s] Level 1:colcon.colcon_core.environment:checking '/home/ubuntu/rj_training_container/training_ws/install/stsl_utils/lib'
[43.911s] Level 1:colcon.colcon_core.shell:create_environment_hook('stsl_utils', 'ld_library_path_lib')
[43.913s] INFO:colcon.colcon_core.shell:Creating environment hook '/home/ubuntu/rj_training_container/training_ws/install/stsl_utils/share/stsl_utils/hook/ld_library_path_lib.ps1'
[43.966s] INFO:colcon.colcon_core.shell:Creating environment descriptor '/home/ubuntu/rj_training_container/training_ws/install/stsl_utils/share/stsl_utils/hook/ld_library_path_lib.dsv'
[44.018s] INFO:colcon.colcon_core.shell:Creating environment hook '/home/ubuntu/rj_training_container/training_ws/install/stsl_utils/share/stsl_utils/hook/ld_library_path_lib.sh'
[44.075s] Level 1:colcon.colcon_core.environment:checking '/home/ubuntu/rj_training_container/training_ws/install/stsl_utils/bin'
[44.078s] Level 1:colcon.colcon_core.environment:checking '/home/ubuntu/rj_training_container/training_ws/install/stsl_utils/lib/pkgconfig/stsl_utils.pc'
[44.083s] Level 1:colcon.colcon_core.environment:checking '/home/ubuntu/rj_training_container/training_ws/install/stsl_utils/lib/python3.10/site-packages'
[44.087s] Level 1:colcon.colcon_core.environment:checking '/home/ubuntu/rj_training_container/training_ws/install/stsl_utils/bin'
[44.090s] INFO:colcon.colcon_core.shell:Creating package script '/home/ubuntu/rj_training_container/training_ws/install/stsl_utils/share/stsl_utils/package.ps1'
[44.116s] INFO:colcon.colcon_core.shell:Creating package descriptor '/home/ubuntu/rj_training_container/training_ws/install/stsl_utils/share/stsl_utils/package.dsv'
[44.151s] INFO:colcon.colcon_core.shell:Creating package script '/home/ubuntu/rj_training_container/training_ws/install/stsl_utils/share/stsl_utils/package.sh'
[44.174s] INFO:colcon.colcon_core.shell:Creating package script '/home/ubuntu/rj_training_container/training_ws/install/stsl_utils/share/stsl_utils/package.bash'
[44.195s] INFO:colcon.colcon_core.shell:Creating package script '/home/ubuntu/rj_training_container/training_ws/install/stsl_utils/share/stsl_utils/package.zsh'
[44.212s] Level 1:colcon.colcon_core.environment:create_file_with_runtime_dependencies(/home/ubuntu/rj_training_container/training_ws/install/stsl_utils/share/colcon-core/packages/stsl_utils)
[44.334s] Level 1:colcon.colcon_core.environment:create_environment_scripts_only(stsl_utils)
[44.335s] Level 1:colcon.colcon_core.environment:checking '/home/ubuntu/rj_training_container/training_ws/install/stsl_utils' for CMake module files
[44.482s] Level 1:colcon.colcon_core.environment:checking '/home/ubuntu/rj_training_container/training_ws/install/stsl_utils' for CMake config files
[44.631s] Level 1:colcon.colcon_core.shell:create_environment_hook('stsl_utils', 'cmake_prefix_path')
[44.631s] INFO:colcon.colcon_core.shell:Creating environment hook '/home/ubuntu/rj_training_container/training_ws/install/stsl_utils/share/stsl_utils/hook/cmake_prefix_path.ps1'
[44.658s] INFO:colcon.colcon_core.shell:Creating environment descriptor '/home/ubuntu/rj_training_container/training_ws/install/stsl_utils/share/stsl_utils/hook/cmake_prefix_path.dsv'
[44.688s] INFO:colcon.colcon_core.shell:Creating environment hook '/home/ubuntu/rj_training_container/training_ws/install/stsl_utils/share/stsl_utils/hook/cmake_prefix_path.sh'
[44.724s] Level 1:colcon.colcon_core.environment:checking '/home/ubuntu/rj_training_container/training_ws/install/stsl_utils/lib'
[44.731s] Level 1:colcon.colcon_core.shell:create_environment_hook('stsl_utils', 'ld_library_path_lib')
[44.732s] INFO:colcon.colcon_core.shell:Creating environment hook '/home/ubuntu/rj_training_container/training_ws/install/stsl_utils/share/stsl_utils/hook/ld_library_path_lib.ps1'
[44.761s] INFO:colcon.colcon_core.shell:Creating environment descriptor '/home/ubuntu/rj_training_container/training_ws/install/stsl_utils/share/stsl_utils/hook/ld_library_path_lib.dsv'
[44.790s] INFO:colcon.colcon_core.shell:Creating environment hook '/home/ubuntu/rj_training_container/training_ws/install/stsl_utils/share/stsl_utils/hook/ld_library_path_lib.sh'
[44.831s] Level 1:colcon.colcon_core.environment:checking '/home/ubuntu/rj_training_container/training_ws/install/stsl_utils/bin'
[44.834s] Level 1:colcon.colcon_core.environment:checking '/home/ubuntu/rj_training_container/training_ws/install/stsl_utils/lib/pkgconfig/stsl_utils.pc'
[44.839s] Level 1:colcon.colcon_core.environment:checking '/home/ubuntu/rj_training_container/training_ws/install/stsl_utils/lib/python3.10/site-packages'
[44.847s] Level 1:colcon.colcon_core.environment:checking '/home/ubuntu/rj_training_container/training_ws/install/stsl_utils/bin'
[44.853s] INFO:colcon.colcon_core.shell:Creating package script '/home/ubuntu/rj_training_container/training_ws/install/stsl_utils/share/stsl_utils/package.ps1'
[44.894s] INFO:colcon.colcon_core.shell:Creating package descriptor '/home/ubuntu/rj_training_container/training_ws/install/stsl_utils/share/stsl_utils/package.dsv'
[44.939s] INFO:colcon.colcon_core.shell:Creating package script '/home/ubuntu/rj_training_container/training_ws/install/stsl_utils/share/stsl_utils/package.sh'
[44.977s] INFO:colcon.colcon_core.shell:Creating package script '/home/ubuntu/rj_training_container/training_ws/install/stsl_utils/share/stsl_utils/package.bash'
[45.011s] INFO:colcon.colcon_core.shell:Creating package script '/home/ubuntu/rj_training_container/training_ws/install/stsl_utils/share/stsl_utils/package.zsh'
[45.048s] Level 1:colcon.colcon_core.environment:create_file_with_runtime_dependencies(/home/ubuntu/rj_training_container/training_ws/install/stsl_utils/share/colcon-core/packages/stsl_utils)
[60.934s] DEBUG:colcon.colcon_core.event_handler.log_command:Invoked command in '/home/ubuntu/rj_training_container/training_ws/build/stsl_interfaces' returned '0': CMAKE_PREFIX_PATH=/opt/ros/humble /usr/bin/cmake --build /home/ubuntu/rj_training_container/training_ws/build/stsl_interfaces -- -j16 -l16
[61.453s] DEBUG:colcon.colcon_core.event_handler.log_command:Invoking command in '/home/ubuntu/rj_training_container/training_ws/build/stsl_interfaces': CMAKE_PREFIX_PATH=/opt/ros/humble /usr/bin/cmake --install /home/ubuntu/rj_training_container/training_ws/build/stsl_interfaces
[69.527s] DEBUG:colcon.colcon_core.event_handler.log_command:Invoked command in '/home/ubuntu/rj_training_container/training_ws/build/stsl_gazebo_plugins' returned '0': CMAKE_PREFIX_PATH=/opt/ros/humble /usr/bin/cmake --build /home/ubuntu/rj_training_container/training_ws/build/stsl_gazebo_plugins -- -j16 -l16
[69.625s] DEBUG:colcon.colcon_core.event_handler.log_command:Invoking command in '/home/ubuntu/rj_training_container/training_ws/build/stsl_gazebo_plugins': CMAKE_PREFIX_PATH=/opt/ros/humble /usr/bin/cmake --install /home/ubuntu/rj_training_container/training_ws/build/stsl_gazebo_plugins
[70.334s] DEBUG:colcon.colcon_core.event_handler.log_command:Invoked command in '/home/ubuntu/rj_training_container/training_ws/build/joystick_package' returned '0': AMENT_PREFIX_PATH=/home/ubuntu/rj_training_container/training_ws/install/joystick_msgs:${AMENT_PREFIX_PATH} CMAKE_PREFIX_PATH=/home/ubuntu/rj_training_container/training_ws/install/joystick_msgs:/opt/ros/humble LD_LIBRARY_PATH=/home/ubuntu/rj_training_container/training_ws/install/joystick_msgs/lib:${LD_LIBRARY_PATH} PYTHONPATH=/home/ubuntu/rj_training_container/training_ws/install/joystick_msgs/local/lib/python3.10/dist-packages:${PYTHONPATH} /usr/bin/cmake /home/ubuntu/rj_training_container/training_ws/src/trainingv2/controller_project/joystick_package -DCMAKE_INSTALL_PREFIX=/home/ubuntu/rj_training_container/training_ws/install/joystick_package
[70.347s] DEBUG:colcon.colcon_core.event_handler.log_command:Invoking command in '/home/ubuntu/rj_training_container/training_ws/build/joystick_package': AMENT_PREFIX_PATH=/home/ubuntu/rj_training_container/training_ws/install/joystick_msgs:${AMENT_PREFIX_PATH} CMAKE_PREFIX_PATH=/home/ubuntu/rj_training_container/training_ws/install/joystick_msgs:/opt/ros/humble LD_LIBRARY_PATH=/home/ubuntu/rj_training_container/training_ws/install/joystick_msgs/lib:${LD_LIBRARY_PATH} PYTHONPATH=/home/ubuntu/rj_training_container/training_ws/install/joystick_msgs/local/lib/python3.10/dist-packages:${PYTHONPATH} /usr/bin/cmake --build /home/ubuntu/rj_training_container/training_ws/build/joystick_package -- -j16 -l16
[73.276s] Level 1:colcon.colcon_core.environment:create_environment_scripts_only(stsl_gazebo_plugins)
[73.277s] Level 1:colcon.colcon_core.environment:checking '/home/ubuntu/rj_training_container/training_ws/install/stsl_gazebo_plugins' for CMake module files
[73.278s] DEBUG:colcon.colcon_core.event_handler.log_command:Invoked command in '/home/ubuntu/rj_training_container/training_ws/build/stsl_gazebo_plugins' returned '0': CMAKE_PREFIX_PATH=/opt/ros/humble /usr/bin/cmake --install /home/ubuntu/rj_training_container/training_ws/build/stsl_gazebo_plugins
[73.377s] Level 1:colcon.colcon_core.environment:checking '/home/ubuntu/rj_training_container/training_ws/install/stsl_gazebo_plugins' for CMake config files
[73.453s] Level 1:colcon.colcon_core.shell:create_environment_hook('stsl_gazebo_plugins', 'cmake_prefix_path')
[73.454s] INFO:colcon.colcon_core.shell:Creating environment hook '/home/ubuntu/rj_training_container/training_ws/install/stsl_gazebo_plugins/share/stsl_gazebo_plugins/hook/cmake_prefix_path.ps1'
[73.471s] INFO:colcon.colcon_core.shell:Creating environment descriptor '/home/ubuntu/rj_training_container/training_ws/install/stsl_gazebo_plugins/share/stsl_gazebo_plugins/hook/cmake_prefix_path.dsv'
[73.498s] INFO:colcon.colcon_core.shell:Creating environment hook '/home/ubuntu/rj_training_container/training_ws/install/stsl_gazebo_plugins/share/stsl_gazebo_plugins/hook/cmake_prefix_path.sh'
[73.525s] Level 1:colcon.colcon_core.environment:checking '/home/ubuntu/rj_training_container/training_ws/install/stsl_gazebo_plugins/lib'
[73.531s] Level 1:colcon.colcon_core.shell:create_environment_hook('stsl_gazebo_plugins', 'ld_library_path_lib')
[73.532s] INFO:colcon.colcon_core.shell:Creating environment hook '/home/ubuntu/rj_training_container/training_ws/install/stsl_gazebo_plugins/share/stsl_gazebo_plugins/hook/ld_library_path_lib.ps1'
[73.552s] INFO:colcon.colcon_core.shell:Creating environment descriptor '/home/ubuntu/rj_training_container/training_ws/install/stsl_gazebo_plugins/share/stsl_gazebo_plugins/hook/ld_library_path_lib.dsv'
[73.573s] INFO:colcon.colcon_core.shell:Creating environment hook '/home/ubuntu/rj_training_container/training_ws/install/stsl_gazebo_plugins/share/stsl_gazebo_plugins/hook/ld_library_path_lib.sh'
[73.596s] Level 1:colcon.colcon_core.environment:checking '/home/ubuntu/rj_training_container/training_ws/install/stsl_gazebo_plugins/bin'
[73.598s] Level 1:colcon.colcon_core.environment:checking '/home/ubuntu/rj_training_container/training_ws/install/stsl_gazebo_plugins/lib/pkgconfig/stsl_gazebo_plugins.pc'
[73.601s] Level 1:colcon.colcon_core.environment:checking '/home/ubuntu/rj_training_container/training_ws/install/stsl_gazebo_plugins/lib/python3.10/site-packages'
[73.604s] Level 1:colcon.colcon_core.environment:checking '/home/ubuntu/rj_training_container/training_ws/install/stsl_gazebo_plugins/bin'
[73.606s] INFO:colcon.colcon_core.shell:Creating package script '/home/ubuntu/rj_training_container/training_ws/install/stsl_gazebo_plugins/share/stsl_gazebo_plugins/package.ps1'
[73.622s] INFO:colcon.colcon_core.shell:Creating package descriptor '/home/ubuntu/rj_training_container/training_ws/install/stsl_gazebo_plugins/share/stsl_gazebo_plugins/package.dsv'
[73.641s] INFO:colcon.colcon_core.shell:Creating package script '/home/ubuntu/rj_training_container/training_ws/install/stsl_gazebo_plugins/share/stsl_gazebo_plugins/package.sh'
[73.657s] INFO:colcon.colcon_core.shell:Creating package script '/home/ubuntu/rj_training_container/training_ws/install/stsl_gazebo_plugins/share/stsl_gazebo_plugins/package.bash'
[73.674s] INFO:colcon.colcon_core.shell:Creating package script '/home/ubuntu/rj_training_container/training_ws/install/stsl_gazebo_plugins/share/stsl_gazebo_plugins/package.zsh'
[73.690s] Level 1:colcon.colcon_core.environment:create_file_with_runtime_dependencies(/home/ubuntu/rj_training_container/training_ws/install/stsl_gazebo_plugins/share/colcon-core/packages/stsl_gazebo_plugins)
[73.788s] Level 1:colcon.colcon_core.environment:create_environment_scripts_only(stsl_gazebo_plugins)
[73.788s] Level 1:colcon.colcon_core.environment:checking '/home/ubuntu/rj_training_container/training_ws/install/stsl_gazebo_plugins' for CMake module files
[73.908s] Level 1:colcon.colcon_core.environment:checking '/home/ubuntu/rj_training_container/training_ws/install/stsl_gazebo_plugins' for CMake config files
[74.004s] Level 1:colcon.colcon_core.shell:create_environment_hook('stsl_gazebo_plugins', 'cmake_prefix_path')
[74.005s] INFO:colcon.colcon_core.shell:Creating environment hook '/home/ubuntu/rj_training_container/training_ws/install/stsl_gazebo_plugins/share/stsl_gazebo_plugins/hook/cmake_prefix_path.ps1'
[74.025s] INFO:colcon.colcon_core.shell:Creating environment descriptor '/home/ubuntu/rj_training_container/training_ws/install/stsl_gazebo_plugins/share/stsl_gazebo_plugins/hook/cmake_prefix_path.dsv'
[74.046s] INFO:colcon.colcon_core.shell:Creating environment hook '/home/ubuntu/rj_training_container/training_ws/install/stsl_gazebo_plugins/share/stsl_gazebo_plugins/hook/cmake_prefix_path.sh'
[74.072s] Level 1:colcon.colcon_core.environment:checking '/home/ubuntu/rj_training_container/training_ws/install/stsl_gazebo_plugins/lib'
[74.078s] Level 1:colcon.colcon_core.shell:create_environment_hook('stsl_gazebo_plugins', 'ld_library_path_lib')
[74.078s] INFO:colcon.colcon_core.shell:Creating environment hook '/home/ubuntu/rj_training_container/training_ws/install/stsl_gazebo_plugins/share/stsl_gazebo_plugins/hook/ld_library_path_lib.ps1'
[74.097s] INFO:colcon.colcon_core.shell:Creating environment descriptor '/home/ubuntu/rj_training_container/training_ws/install/stsl_gazebo_plugins/share/stsl_gazebo_plugins/hook/ld_library_path_lib.dsv'
[74.120s] INFO:colcon.colcon_core.shell:Creating environment hook '/home/ubuntu/rj_training_container/training_ws/install/stsl_gazebo_plugins/share/stsl_gazebo_plugins/hook/ld_library_path_lib.sh'
[74.141s] Level 1:colcon.colcon_core.environment:checking '/home/ubuntu/rj_training_container/training_ws/install/stsl_gazebo_plugins/bin'
[74.143s] Level 1:colcon.colcon_core.environment:checking '/home/ubuntu/rj_training_container/training_ws/install/stsl_gazebo_plugins/lib/pkgconfig/stsl_gazebo_plugins.pc'
[74.145s] Level 1:colcon.colcon_core.environment:checking '/home/ubuntu/rj_training_container/training_ws/install/stsl_gazebo_plugins/lib/python3.10/site-packages'
[74.148s] Level 1:colcon.colcon_core.environment:checking '/home/ubuntu/rj_training_container/training_ws/install/stsl_gazebo_plugins/bin'
[74.150s] INFO:colcon.colcon_core.shell:Creating package script '/home/ubuntu/rj_training_container/training_ws/install/stsl_gazebo_plugins/share/stsl_gazebo_plugins/package.ps1'
[74.167s] INFO:colcon.colcon_core.shell:Creating package descriptor '/home/ubuntu/rj_training_container/training_ws/install/stsl_gazebo_plugins/share/stsl_gazebo_plugins/package.dsv'
[74.184s] INFO:colcon.colcon_core.shell:Creating package script '/home/ubuntu/rj_training_container/training_ws/install/stsl_gazebo_plugins/share/stsl_gazebo_plugins/package.sh'
[74.205s] INFO:colcon.colcon_core.shell:Creating package script '/home/ubuntu/rj_training_container/training_ws/install/stsl_gazebo_plugins/share/stsl_gazebo_plugins/package.bash'
[74.225s] INFO:colcon.colcon_core.shell:Creating package script '/home/ubuntu/rj_training_container/training_ws/install/stsl_gazebo_plugins/share/stsl_gazebo_plugins/package.zsh'
[74.242s] Level 1:colcon.colcon_core.environment:create_file_with_runtime_dependencies(/home/ubuntu/rj_training_container/training_ws/install/stsl_gazebo_plugins/share/colcon-core/packages/stsl_gazebo_plugins)
[98.436s] Level 1:colcon.colcon_core.environment:create_environment_scripts_only(stsl_interfaces)
[98.436s] Level 1:colcon.colcon_core.environment:checking '/home/ubuntu/rj_training_container/training_ws/install/stsl_interfaces' for CMake module files
[98.437s] DEBUG:colcon.colcon_core.event_handler.log_command:Invoked command in '/home/ubuntu/rj_training_container/training_ws/build/stsl_interfaces' returned '0': CMAKE_PREFIX_PATH=/opt/ros/humble /usr/bin/cmake --install /home/ubuntu/rj_training_container/training_ws/build/stsl_interfaces
[98.717s] Level 1:colcon.colcon_core.environment:checking '/home/ubuntu/rj_training_container/training_ws/install/stsl_interfaces' for CMake config files
[99.052s] Level 1:colcon.colcon_core.shell:create_environment_hook('stsl_interfaces', 'cmake_prefix_path')
[99.053s] INFO:colcon.colcon_core.shell:Creating environment hook '/home/ubuntu/rj_training_container/training_ws/install/stsl_interfaces/share/stsl_interfaces/hook/cmake_prefix_path.ps1'
[99.069s] INFO:colcon.colcon_core.shell:Creating environment descriptor '/home/ubuntu/rj_training_container/training_ws/install/stsl_interfaces/share/stsl_interfaces/hook/cmake_prefix_path.dsv'
[99.085s] INFO:colcon.colcon_core.shell:Creating environment hook '/home/ubuntu/rj_training_container/training_ws/install/stsl_interfaces/share/stsl_interfaces/hook/cmake_prefix_path.sh'
[99.107s] Level 1:colcon.colcon_core.environment:checking '/home/ubuntu/rj_training_container/training_ws/install/stsl_interfaces/lib'
[99.112s] Level 1:colcon.colcon_core.shell:create_environment_hook('stsl_interfaces', 'ld_library_path_lib')
[99.113s] INFO:colcon.colcon_core.shell:Creating environment hook '/home/ubuntu/rj_training_container/training_ws/install/stsl_interfaces/share/stsl_interfaces/hook/ld_library_path_lib.ps1'
[99.131s] INFO:colcon.colcon_core.shell:Creating environment descriptor '/home/ubuntu/rj_training_container/training_ws/install/stsl_interfaces/share/stsl_interfaces/hook/ld_library_path_lib.dsv'
[99.148s] INFO:colcon.colcon_core.shell:Creating environment hook '/home/ubuntu/rj_training_container/training_ws/install/stsl_interfaces/share/stsl_interfaces/hook/ld_library_path_lib.sh'
[99.165s] Level 1:colcon.colcon_core.environment:checking '/home/ubuntu/rj_training_container/training_ws/install/stsl_interfaces/bin'
[99.167s] Level 1:colcon.colcon_core.environment:checking '/home/ubuntu/rj_training_container/training_ws/install/stsl_interfaces/lib/pkgconfig/stsl_interfaces.pc'
[99.169s] Level 1:colcon.colcon_core.environment:checking '/home/ubuntu/rj_training_container/training_ws/install/stsl_interfaces/lib/python3.10/site-packages'
[99.172s] Level 1:colcon.colcon_core.environment:checking '/home/ubuntu/rj_training_container/training_ws/install/stsl_interfaces/bin'
[99.175s] INFO:colcon.colcon_core.shell:Creating package script '/home/ubuntu/rj_training_container/training_ws/install/stsl_interfaces/share/stsl_interfaces/package.ps1'
[99.190s] INFO:colcon.colcon_core.shell:Creating package descriptor '/home/ubuntu/rj_training_container/training_ws/install/stsl_interfaces/share/stsl_interfaces/package.dsv'
[99.210s] INFO:colcon.colcon_core.shell:Creating package script '/home/ubuntu/rj_training_container/training_ws/install/stsl_interfaces/share/stsl_interfaces/package.sh'
[99.232s] INFO:colcon.colcon_core.shell:Creating package script '/home/ubuntu/rj_training_container/training_ws/install/stsl_interfaces/share/stsl_interfaces/package.bash'
[99.251s] INFO:colcon.colcon_core.shell:Creating package script '/home/ubuntu/rj_training_container/training_ws/install/stsl_interfaces/share/stsl_interfaces/package.zsh'
[99.269s] Level 1:colcon.colcon_core.environment:create_file_with_runtime_dependencies(/home/ubuntu/rj_training_container/training_ws/install/stsl_interfaces/share/colcon-core/packages/stsl_interfaces)
[99.301s] DEBUG:colcon.colcon_core.event_handler.log_command:Invoked command in '/home/ubuntu/rj_training_container/training_ws/build/joystick_package' returned '0': AMENT_PREFIX_PATH=/home/ubuntu/rj_training_container/training_ws/install/joystick_msgs:${AMENT_PREFIX_PATH} CMAKE_PREFIX_PATH=/home/ubuntu/rj_training_container/training_ws/install/joystick_msgs:/opt/ros/humble LD_LIBRARY_PATH=/home/ubuntu/rj_training_container/training_ws/install/joystick_msgs/lib:${LD_LIBRARY_PATH} PYTHONPATH=/home/ubuntu/rj_training_container/training_ws/install/joystick_msgs/local/lib/python3.10/dist-packages:${PYTHONPATH} /usr/bin/cmake --build /home/ubuntu/rj_training_container/training_ws/build/joystick_package -- -j16 -l16
[99.380s] DEBUG:colcon.colcon_core.event_handler.log_command:Invoking command in '/home/ubuntu/rj_training_container/training_ws/build/joystick_package': AMENT_PREFIX_PATH=/home/ubuntu/rj_training_container/training_ws/install/joystick_msgs:${AMENT_PREFIX_PATH} CMAKE_PREFIX_PATH=/home/ubuntu/rj_training_container/training_ws/install/joystick_msgs:/opt/ros/humble LD_LIBRARY_PATH=/home/ubuntu/rj_training_container/training_ws/install/joystick_msgs/lib:${LD_LIBRARY_PATH} PYTHONPATH=/home/ubuntu/rj_training_container/training_ws/install/joystick_msgs/local/lib/python3.10/dist-packages:${PYTHONPATH} /usr/bin/cmake --install /home/ubuntu/rj_training_container/training_ws/build/joystick_package
[99.812s] Level 1:colcon.colcon_core.environment:create_environment_scripts_only(stsl_interfaces)
[99.813s] Level 1:colcon.colcon_core.environment:checking '/home/ubuntu/rj_training_container/training_ws/install/stsl_interfaces' for CMake module files
[100.093s] Level 1:colcon.colcon_core.environment:checking '/home/ubuntu/rj_training_container/training_ws/install/stsl_interfaces' for CMake config files
[100.447s] Level 1:colcon.colcon_core.shell:create_environment_hook('stsl_interfaces', 'cmake_prefix_path')
[100.448s] INFO:colcon.colcon_core.shell:Creating environment hook '/home/ubuntu/rj_training_container/training_ws/install/stsl_interfaces/share/stsl_interfaces/hook/cmake_prefix_path.ps1'
[100.465s] INFO:colcon.colcon_core.shell:Creating environment descriptor '/home/ubuntu/rj_training_container/training_ws/install/stsl_interfaces/share/stsl_interfaces/hook/cmake_prefix_path.dsv'
[100.484s] INFO:colcon.colcon_core.shell:Creating environment hook '/home/ubuntu/rj_training_container/training_ws/install/stsl_interfaces/share/stsl_interfaces/hook/cmake_prefix_path.sh'
[100.505s] Level 1:colcon.colcon_core.environment:checking '/home/ubuntu/rj_training_container/training_ws/install/stsl_interfaces/lib'
[100.510s] Level 1:colcon.colcon_core.shell:create_environment_hook('stsl_interfaces', 'ld_library_path_lib')
[100.511s] INFO:colcon.colcon_core.shell:Creating environment hook '/home/ubuntu/rj_training_container/training_ws/install/stsl_interfaces/share/stsl_interfaces/hook/ld_library_path_lib.ps1'
[100.528s] INFO:colcon.colcon_core.shell:Creating environment descriptor '/home/ubuntu/rj_training_container/training_ws/install/stsl_interfaces/share/stsl_interfaces/hook/ld_library_path_lib.dsv'
[100.545s] INFO:colcon.colcon_core.shell:Creating environment hook '/home/ubuntu/rj_training_container/training_ws/install/stsl_interfaces/share/stsl_interfaces/hook/ld_library_path_lib.sh'
[100.563s] Level 1:colcon.colcon_core.environment:checking '/home/ubuntu/rj_training_container/training_ws/install/stsl_interfaces/bin'
[100.564s] Level 1:colcon.colcon_core.environment:checking '/home/ubuntu/rj_training_container/training_ws/install/stsl_interfaces/lib/pkgconfig/stsl_interfaces.pc'
[100.567s] Level 1:colcon.colcon_core.environment:checking '/home/ubuntu/rj_training_container/training_ws/install/stsl_interfaces/lib/python3.10/site-packages'
[100.569s] Level 1:colcon.colcon_core.environment:checking '/home/ubuntu/rj_training_container/training_ws/install/stsl_interfaces/bin'
[100.571s] INFO:colcon.colcon_core.shell:Creating package script '/home/ubuntu/rj_training_container/training_ws/install/stsl_interfaces/share/stsl_interfaces/package.ps1'
[100.586s] INFO:colcon.colcon_core.shell:Creating package descriptor '/home/ubuntu/rj_training_container/training_ws/install/stsl_interfaces/share/stsl_interfaces/package.dsv'
[100.602s] INFO:colcon.colcon_core.shell:Creating package script '/home/ubuntu/rj_training_container/training_ws/install/stsl_interfaces/share/stsl_interfaces/package.sh'
[100.618s] INFO:colcon.colcon_core.shell:Creating package script '/home/ubuntu/rj_training_container/training_ws/install/stsl_interfaces/share/stsl_interfaces/package.bash'
[100.634s] INFO:colcon.colcon_core.shell:Creating package script '/home/ubuntu/rj_training_container/training_ws/install/stsl_interfaces/share/stsl_interfaces/package.zsh'
[100.648s] Level 1:colcon.colcon_core.environment:create_file_with_runtime_dependencies(/home/ubuntu/rj_training_container/training_ws/install/stsl_interfaces/share/colcon-core/packages/stsl_interfaces)
[100.660s] INFO:colcon.colcon_ros.task.ament_cmake.build:Building ROS package in '/home/ubuntu/rj_training_container/training_ws/src/stsl/stsl_aruco_tags' with build type 'ament_cmake'
[100.661s] INFO:colcon.colcon_cmake.task.cmake.build:Building CMake package in '/home/ubuntu/rj_training_container/training_ws/src/stsl/stsl_aruco_tags'
[100.661s] INFO:colcon.colcon_core.shell:Skip shell extension 'powershell' for command environment: Not usable outside of PowerShell
[100.662s] DEBUG:colcon.colcon_core.shell:Skip shell extension 'dsv' for command environment
[100.688s] INFO:colcon.colcon_ros.task.ament_cmake.build:Building ROS package in '/home/ubuntu/rj_training_container/training_ws/src/stsl/stsl_bt_nodes' with build type 'ament_cmake'
[100.689s] INFO:colcon.colcon_cmake.task.cmake.build:Building CMake package in '/home/ubuntu/rj_training_container/training_ws/src/stsl/stsl_bt_nodes'
[100.690s] INFO:colcon.colcon_core.shell:Skip shell extension 'powershell' for command environment: Not usable outside of PowerShell
[100.690s] DEBUG:colcon.colcon_core.shell:Skip shell extension 'dsv' for command environment
[100.708s] INFO:colcon.colcon_ros.task.ament_cmake.build:Building ROS package in '/home/ubuntu/rj_training_container/training_ws/src/stsl/elevation_server' with build type 'ament_cmake'
[100.708s] INFO:colcon.colcon_cmake.task.cmake.build:Building CMake package in '/home/ubuntu/rj_training_container/training_ws/src/stsl/elevation_server'
[100.709s] INFO:colcon.colcon_core.shell:Skip shell extension 'powershell' for command environment: Not usable outside of PowerShell
[100.709s] DEBUG:colcon.colcon_core.shell:Skip shell extension 'dsv' for command environment
[100.725s] INFO:colcon.colcon_ros.task.ament_cmake.build:Building ROS package in '/home/ubuntu/rj_training_container/training_ws/src/stsl/mineral_deposit_detection' with build type 'ament_cmake'
[100.726s] INFO:colcon.colcon_cmake.task.cmake.build:Building CMake package in '/home/ubuntu/rj_training_container/training_ws/src/stsl/mineral_deposit_detection'
[100.727s] INFO:colcon.colcon_core.shell:Skip shell extension 'powershell' for command environment: Not usable outside of PowerShell
[100.727s] DEBUG:colcon.colcon_core.shell:Skip shell extension 'dsv' for command environment
[100.746s] INFO:colcon.colcon_ros.task.ament_cmake.build:Building ROS package in '/home/ubuntu/rj_training_container/training_ws/src/stsl/stsl_rviz_plugins' with build type 'ament_cmake'
[100.747s] INFO:colcon.colcon_cmake.task.cmake.build:Building CMake package in '/home/ubuntu/rj_training_container/training_ws/src/stsl/stsl_rviz_plugins'
[100.748s] INFO:colcon.colcon_core.shell:Skip shell extension 'powershell' for command environment: Not usable outside of PowerShell
[100.749s] DEBUG:colcon.colcon_core.shell:Skip shell extension 'dsv' for command environment
[100.771s] INFO:colcon.colcon_ros.task.ament_cmake.build:Building ROS package in '/home/ubuntu/rj_training_container/training_ws/src/software-training-old/coordinate_transform' with build type 'ament_cmake'
[100.772s] INFO:colcon.colcon_cmake.task.cmake.build:Building CMake package in '/home/ubuntu/rj_training_container/training_ws/src/software-training-old/coordinate_transform'
[100.774s] INFO:colcon.colcon_core.shell:Skip shell extension 'powershell' for command environment: Not usable outside of PowerShell
[100.775s] DEBUG:colcon.colcon_core.shell:Skip shell extension 'dsv' for command environment
[100.796s] INFO:colcon.colcon_ros.task.ament_cmake.build:Building ROS package in '/home/ubuntu/rj_training_container/training_ws/src/software-training-old/localization' with build type 'ament_cmake'
[100.797s] INFO:colcon.colcon_cmake.task.cmake.build:Building CMake package in '/home/ubuntu/rj_training_container/training_ws/src/software-training-old/localization'
[100.799s] INFO:colcon.colcon_core.shell:Skip shell extension 'powershell' for command environment: Not usable outside of PowerShell
[100.800s] DEBUG:colcon.colcon_core.shell:Skip shell extension 'dsv' for command environment
[100.820s] INFO:colcon.colcon_ros.task.ament_cmake.build:Building ROS package in '/home/ubuntu/rj_training_container/training_ws/src/software-training-old/mineral_deposit_tracking' with build type 'ament_cmake'
[100.821s] INFO:colcon.colcon_cmake.task.cmake.build:Building CMake package in '/home/ubuntu/rj_training_container/training_ws/src/software-training-old/mineral_deposit_tracking'
[100.822s] INFO:colcon.colcon_core.shell:Skip shell extension 'powershell' for command environment: Not usable outside of PowerShell
[100.823s] DEBUG:colcon.colcon_core.shell:Skip shell extension 'dsv' for command environment
[100.847s] INFO:colcon.colcon_ros.task.ament_cmake.build:Building ROS package in '/home/ubuntu/rj_training_container/training_ws/src/software-training-old/peak_finder' with build type 'ament_cmake'
[100.847s] INFO:colcon.colcon_cmake.task.cmake.build:Building CMake package in '/home/ubuntu/rj_training_container/training_ws/src/software-training-old/peak_finder'
[100.848s] INFO:colcon.colcon_core.shell:Skip shell extension 'powershell' for command environment: Not usable outside of PowerShell
[100.849s] DEBUG:colcon.colcon_core.shell:Skip shell extension 'dsv' for command environment
[100.916s] DEBUG:colcon.colcon_core.event_handler.log_command:Invoking command in '/home/ubuntu/rj_training_container/training_ws/build/stsl_aruco_tags': AMENT_PREFIX_PATH=/home/ubuntu/rj_training_container/training_ws/install/stsl_interfaces:${AMENT_PREFIX_PATH} CMAKE_PREFIX_PATH=/home/ubuntu/rj_training_container/training_ws/install/stsl_interfaces:/opt/ros/humble LD_LIBRARY_PATH=/home/ubuntu/rj_training_container/training_ws/install/stsl_interfaces/lib:${LD_LIBRARY_PATH} PYTHONPATH=/home/ubuntu/rj_training_container/training_ws/install/stsl_interfaces/local/lib/python3.10/dist-packages:${PYTHONPATH} /usr/bin/cmake /home/ubuntu/rj_training_container/training_ws/src/stsl/stsl_aruco_tags -DCMAKE_INSTALL_PREFIX=/home/ubuntu/rj_training_container/training_ws/install/stsl_aruco_tags
[100.944s] DEBUG:colcon.colcon_core.event_handler.log_command:Invoking command in '/home/ubuntu/rj_training_container/training_ws/build/stsl_bt_nodes': AMENT_PREFIX_PATH=/home/ubuntu/rj_training_container/training_ws/install/stsl_interfaces:${AMENT_PREFIX_PATH} CMAKE_PREFIX_PATH=/home/ubuntu/rj_training_container/training_ws/install/stsl_interfaces:/opt/ros/humble LD_LIBRARY_PATH=/home/ubuntu/rj_training_container/training_ws/install/stsl_interfaces/lib:${LD_LIBRARY_PATH} PYTHONPATH=/home/ubuntu/rj_training_container/training_ws/install/stsl_interfaces/local/lib/python3.10/dist-packages:${PYTHONPATH} /usr/bin/cmake /home/ubuntu/rj_training_container/training_ws/src/stsl/stsl_bt_nodes -DCMAKE_INSTALL_PREFIX=/home/ubuntu/rj_training_container/training_ws/install/stsl_bt_nodes
[100.967s] DEBUG:colcon.colcon_core.event_handler.log_command:Invoking command in '/home/ubuntu/rj_training_container/training_ws/build/elevation_server': AMENT_PREFIX_PATH=/home/ubuntu/rj_training_container/training_ws/install/stsl_interfaces:${AMENT_PREFIX_PATH} CMAKE_PREFIX_PATH=/home/ubuntu/rj_training_container/training_ws/install/stsl_interfaces:/opt/ros/humble LD_LIBRARY_PATH=/home/ubuntu/rj_training_container/training_ws/install/stsl_interfaces/lib:${LD_LIBRARY_PATH} PYTHONPATH=/home/ubuntu/rj_training_container/training_ws/install/stsl_interfaces/local/lib/python3.10/dist-packages:${PYTHONPATH} /usr/bin/cmake /home/ubuntu/rj_training_container/training_ws/src/stsl/elevation_server -DCMAKE_INSTALL_PREFIX=/home/ubuntu/rj_training_container/training_ws/install/elevation_server
[100.997s] DEBUG:colcon.colcon_core.event_handler.log_command:Invoking command in '/home/ubuntu/rj_training_container/training_ws/build/mineral_deposit_detection': AMENT_PREFIX_PATH=/home/ubuntu/rj_training_container/training_ws/install/stsl_interfaces:${AMENT_PREFIX_PATH} CMAKE_PREFIX_PATH=/home/ubuntu/rj_training_container/training_ws/install/stsl_interfaces:/opt/ros/humble LD_LIBRARY_PATH=/home/ubuntu/rj_training_container/training_ws/install/stsl_interfaces/lib:${LD_LIBRARY_PATH} PYTHONPATH=/home/ubuntu/rj_training_container/training_ws/install/stsl_interfaces/local/lib/python3.10/dist-packages:${PYTHONPATH} /usr/bin/cmake /home/ubuntu/rj_training_container/training_ws/src/stsl/mineral_deposit_detection -DCMAKE_INSTALL_PREFIX=/home/ubuntu/rj_training_container/training_ws/install/mineral_deposit_detection
[101.023s] DEBUG:colcon.colcon_core.event_handler.log_command:Invoking command in '/home/ubuntu/rj_training_container/training_ws/build/stsl_rviz_plugins': AMENT_PREFIX_PATH=/home/ubuntu/rj_training_container/training_ws/install/stsl_interfaces:${AMENT_PREFIX_PATH} CMAKE_PREFIX_PATH=/home/ubuntu/rj_training_container/training_ws/install/stsl_interfaces:/opt/ros/humble LD_LIBRARY_PATH=/home/ubuntu/rj_training_container/training_ws/install/stsl_interfaces/lib:${LD_LIBRARY_PATH} PYTHONPATH=/home/ubuntu/rj_training_container/training_ws/install/stsl_interfaces/local/lib/python3.10/dist-packages:${PYTHONPATH} /usr/bin/cmake /home/ubuntu/rj_training_container/training_ws/src/stsl/stsl_rviz_plugins -DCMAKE_INSTALL_PREFIX=/home/ubuntu/rj_training_container/training_ws/install/stsl_rviz_plugins
[101.061s] DEBUG:colcon.colcon_core.event_handler.log_command:Invoking command in '/home/ubuntu/rj_training_container/training_ws/build/coordinate_transform': AMENT_PREFIX_PATH=/home/ubuntu/rj_training_container/training_ws/install/stsl_interfaces:${AMENT_PREFIX_PATH} CMAKE_PREFIX_PATH=/home/ubuntu/rj_training_container/training_ws/install/stsl_interfaces:/opt/ros/humble LD_LIBRARY_PATH=/home/ubuntu/rj_training_container/training_ws/install/stsl_interfaces/lib:${LD_LIBRARY_PATH} PYTHONPATH=/home/ubuntu/rj_training_container/training_ws/install/stsl_interfaces/local/lib/python3.10/dist-packages:${PYTHONPATH} /usr/bin/cmake /home/ubuntu/rj_training_container/training_ws/src/software-training-old/coordinate_transform -DCMAKE_INSTALL_PREFIX=/home/ubuntu/rj_training_container/training_ws/install/coordinate_transform
[101.118s] DEBUG:colcon.colcon_core.event_handler.log_command:Invoking command in '/home/ubuntu/rj_training_container/training_ws/build/localization': AMENT_PREFIX_PATH=/home/ubuntu/rj_training_container/training_ws/install/stsl_interfaces:${AMENT_PREFIX_PATH} CMAKE_PREFIX_PATH=/home/ubuntu/rj_training_container/training_ws/install/stsl_interfaces:/opt/ros/humble LD_LIBRARY_PATH=/home/ubuntu/rj_training_container/training_ws/install/stsl_interfaces/lib:${LD_LIBRARY_PATH} PYTHONPATH=/home/ubuntu/rj_training_container/training_ws/install/stsl_interfaces/local/lib/python3.10/dist-packages:${PYTHONPATH} /usr/bin/cmake /home/ubuntu/rj_training_container/training_ws/src/software-training-old/localization -DCMAKE_INSTALL_PREFIX=/home/ubuntu/rj_training_container/training_ws/install/localization
[101.177s] DEBUG:colcon.colcon_core.event_handler.log_command:Invoking command in '/home/ubuntu/rj_training_container/training_ws/build/mineral_deposit_tracking': AMENT_PREFIX_PATH=/home/ubuntu/rj_training_container/training_ws/install/stsl_interfaces:${AMENT_PREFIX_PATH} CMAKE_PREFIX_PATH=/home/ubuntu/rj_training_container/training_ws/install/stsl_interfaces:/opt/ros/humble LD_LIBRARY_PATH=/home/ubuntu/rj_training_container/training_ws/install/stsl_interfaces/lib:${LD_LIBRARY_PATH} PYTHONPATH=/home/ubuntu/rj_training_container/training_ws/install/stsl_interfaces/local/lib/python3.10/dist-packages:${PYTHONPATH} /usr/bin/cmake /home/ubuntu/rj_training_container/training_ws/src/software-training-old/mineral_deposit_tracking -DCMAKE_INSTALL_PREFIX=/home/ubuntu/rj_training_container/training_ws/install/mineral_deposit_tracking
[101.241s] DEBUG:colcon.colcon_core.event_handler.log_command:Invoking command in '/home/ubuntu/rj_training_container/training_ws/build/peak_finder': AMENT_PREFIX_PATH=/home/ubuntu/rj_training_container/training_ws/install/stsl_interfaces:${AMENT_PREFIX_PATH} CMAKE_PREFIX_PATH=/home/ubuntu/rj_training_container/training_ws/install/stsl_interfaces:/opt/ros/humble LD_LIBRARY_PATH=/home/ubuntu/rj_training_container/training_ws/install/stsl_interfaces/lib:${LD_LIBRARY_PATH} PYTHONPATH=/home/ubuntu/rj_training_container/training_ws/install/stsl_interfaces/local/lib/python3.10/dist-packages:${PYTHONPATH} /usr/bin/cmake /home/ubuntu/rj_training_container/training_ws/src/software-training-old/peak_finder -DCMAKE_INSTALL_PREFIX=/home/ubuntu/rj_training_container/training_ws/install/peak_finder
[105.540s] Level 1:colcon.colcon_core.environment:create_environment_scripts_only(joystick_package)
[105.541s] Level 1:colcon.colcon_core.environment:checking '/home/ubuntu/rj_training_container/training_ws/install/joystick_package' for CMake module files
[105.543s] DEBUG:colcon.colcon_core.event_handler.log_command:Invoked command in '/home/ubuntu/rj_training_container/training_ws/build/joystick_package' returned '0': AMENT_PREFIX_PATH=/home/ubuntu/rj_training_container/training_ws/install/joystick_msgs:${AMENT_PREFIX_PATH} CMAKE_PREFIX_PATH=/home/ubuntu/rj_training_container/training_ws/install/joystick_msgs:/opt/ros/humble LD_LIBRARY_PATH=/home/ubuntu/rj_training_container/training_ws/install/joystick_msgs/lib:${LD_LIBRARY_PATH} PYTHONPATH=/home/ubuntu/rj_training_container/training_ws/install/joystick_msgs/local/lib/python3.10/dist-packages:${PYTHONPATH} /usr/bin/cmake --install /home/ubuntu/rj_training_container/training_ws/build/joystick_package
[105.812s] Level 1:colcon.colcon_core.environment:checking '/home/ubuntu/rj_training_container/training_ws/install/joystick_package' for CMake config files
[106.002s] Level 1:colcon.colcon_core.shell:create_environment_hook('joystick_package', 'cmake_prefix_path')
[106.004s] INFO:colcon.colcon_core.shell:Creating environment hook '/home/ubuntu/rj_training_container/training_ws/install/joystick_package/share/joystick_package/hook/cmake_prefix_path.ps1'
[106.039s] INFO:colcon.colcon_core.shell:Creating environment descriptor '/home/ubuntu/rj_training_container/training_ws/install/joystick_package/share/joystick_package/hook/cmake_prefix_path.dsv'
[106.083s] INFO:colcon.colcon_core.shell:Creating environment hook '/home/ubuntu/rj_training_container/training_ws/install/joystick_package/share/joystick_package/hook/cmake_prefix_path.sh'
[106.135s] Level 1:colcon.colcon_core.environment:checking '/home/ubuntu/rj_training_container/training_ws/install/joystick_package/lib'
[106.148s] Level 1:colcon.colcon_core.shell:create_environment_hook('joystick_package', 'ld_library_path_lib')
[106.149s] INFO:colcon.colcon_core.shell:Creating environment hook '/home/ubuntu/rj_training_container/training_ws/install/joystick_package/share/joystick_package/hook/ld_library_path_lib.ps1'
[106.194s] INFO:colcon.colcon_core.shell:Creating environment descriptor '/home/ubuntu/rj_training_container/training_ws/install/joystick_package/share/joystick_package/hook/ld_library_path_lib.dsv'
[106.237s] INFO:colcon.colcon_core.shell:Creating environment hook '/home/ubuntu/rj_training_container/training_ws/install/joystick_package/share/joystick_package/hook/ld_library_path_lib.sh'
[106.282s] Level 1:colcon.colcon_core.environment:checking '/home/ubuntu/rj_training_container/training_ws/install/joystick_package/bin'
[106.285s] Level 1:colcon.colcon_core.environment:checking '/home/ubuntu/rj_training_container/training_ws/install/joystick_package/lib/pkgconfig/joystick_package.pc'
[106.291s] Level 1:colcon.colcon_core.environment:checking '/home/ubuntu/rj_training_container/training_ws/install/joystick_package/lib/python3.10/site-packages'
[106.296s] Level 1:colcon.colcon_core.environment:checking '/home/ubuntu/rj_training_container/training_ws/install/joystick_package/bin'
[106.300s] INFO:colcon.colcon_core.shell:Creating package script '/home/ubuntu/rj_training_container/training_ws/install/joystick_package/share/joystick_package/package.ps1'
[106.335s] INFO:colcon.colcon_core.shell:Creating package descriptor '/home/ubuntu/rj_training_container/training_ws/install/joystick_package/share/joystick_package/package.dsv'
[106.373s] INFO:colcon.colcon_core.shell:Creating package script '/home/ubuntu/rj_training_container/training_ws/install/joystick_package/share/joystick_package/package.sh'
[106.406s] INFO:colcon.colcon_core.shell:Creating package script '/home/ubuntu/rj_training_container/training_ws/install/joystick_package/share/joystick_package/package.bash'
[106.441s] INFO:colcon.colcon_core.shell:Creating package script '/home/ubuntu/rj_training_container/training_ws/install/joystick_package/share/joystick_package/package.zsh'
[106.474s] Level 1:colcon.colcon_core.environment:create_file_with_runtime_dependencies(/home/ubuntu/rj_training_container/training_ws/install/joystick_package/share/colcon-core/packages/joystick_package)
[106.618s] Level 1:colcon.colcon_core.environment:create_environment_scripts_only(joystick_package)
[106.619s] Level 1:colcon.colcon_core.environment:checking '/home/ubuntu/rj_training_container/training_ws/install/joystick_package' for CMake module files
[106.961s] Level 1:colcon.colcon_core.environment:checking '/home/ubuntu/rj_training_container/training_ws/install/joystick_package' for CMake config files
[107.189s] Level 1:colcon.colcon_core.shell:create_environment_hook('joystick_package', 'cmake_prefix_path')
[107.190s] INFO:colcon.colcon_core.shell:Creating environment hook '/home/ubuntu/rj_training_container/training_ws/install/joystick_package/share/joystick_package/hook/cmake_prefix_path.ps1'
[107.228s] INFO:colcon.colcon_core.shell:Creating environment descriptor '/home/ubuntu/rj_training_container/training_ws/install/joystick_package/share/joystick_package/hook/cmake_prefix_path.dsv'
[107.265s] INFO:colcon.colcon_core.shell:Creating environment hook '/home/ubuntu/rj_training_container/training_ws/install/joystick_package/share/joystick_package/hook/cmake_prefix_path.sh'
[107.315s] Level 1:colcon.colcon_core.environment:checking '/home/ubuntu/rj_training_container/training_ws/install/joystick_package/lib'
[107.326s] Level 1:colcon.colcon_core.shell:create_environment_hook('joystick_package', 'ld_library_path_lib')
[107.327s] INFO:colcon.colcon_core.shell:Creating environment hook '/home/ubuntu/rj_training_container/training_ws/install/joystick_package/share/joystick_package/hook/ld_library_path_lib.ps1'
[107.365s] INFO:colcon.colcon_core.shell:Creating environment descriptor '/home/ubuntu/rj_training_container/training_ws/install/joystick_package/share/joystick_package/hook/ld_library_path_lib.dsv'
[107.408s] INFO:colcon.colcon_core.shell:Creating environment hook '/home/ubuntu/rj_training_container/training_ws/install/joystick_package/share/joystick_package/hook/ld_library_path_lib.sh'
[107.446s] Level 1:colcon.colcon_core.environment:checking '/home/ubuntu/rj_training_container/training_ws/install/joystick_package/bin'
[107.449s] Level 1:colcon.colcon_core.environment:checking '/home/ubuntu/rj_training_container/training_ws/install/joystick_package/lib/pkgconfig/joystick_package.pc'
[107.455s] Level 1:colcon.colcon_core.environment:checking '/home/ubuntu/rj_training_container/training_ws/install/joystick_package/lib/python3.10/site-packages'
[107.460s] Level 1:colcon.colcon_core.environment:checking '/home/ubuntu/rj_training_container/training_ws/install/joystick_package/bin'
[107.464s] INFO:colcon.colcon_core.shell:Creating package script '/home/ubuntu/rj_training_container/training_ws/install/joystick_package/share/joystick_package/package.ps1'
[107.499s] INFO:colcon.colcon_core.shell:Creating package descriptor '/home/ubuntu/rj_training_container/training_ws/install/joystick_package/share/joystick_package/package.dsv'
[107.536s] INFO:colcon.colcon_core.shell:Creating package script '/home/ubuntu/rj_training_container/training_ws/install/joystick_package/share/joystick_package/package.sh'
[107.569s] INFO:colcon.colcon_core.shell:Creating package script '/home/ubuntu/rj_training_container/training_ws/install/joystick_package/share/joystick_package/package.bash'
[107.604s] INFO:colcon.colcon_core.shell:Creating package script '/home/ubuntu/rj_training_container/training_ws/install/joystick_package/share/joystick_package/package.zsh'
[107.638s] Level 1:colcon.colcon_core.environment:create_file_with_runtime_dependencies(/home/ubuntu/rj_training_container/training_ws/install/joystick_package/share/colcon-core/packages/joystick_package)
[110.686s] DEBUG:colcon.colcon_core.event_handler.log_command:Invoked command in '/home/ubuntu/rj_training_container/training_ws/build/coordinate_transform' returned '0': AMENT_PREFIX_PATH=/home/ubuntu/rj_training_container/training_ws/install/stsl_interfaces:${AMENT_PREFIX_PATH} CMAKE_PREFIX_PATH=/home/ubuntu/rj_training_container/training_ws/install/stsl_interfaces:/opt/ros/humble LD_LIBRARY_PATH=/home/ubuntu/rj_training_container/training_ws/install/stsl_interfaces/lib:${LD_LIBRARY_PATH} PYTHONPATH=/home/ubuntu/rj_training_container/training_ws/install/stsl_interfaces/local/lib/python3.10/dist-packages:${PYTHONPATH} /usr/bin/cmake /home/ubuntu/rj_training_container/training_ws/src/software-training-old/coordinate_transform -DCMAKE_INSTALL_PREFIX=/home/ubuntu/rj_training_container/training_ws/install/coordinate_transform
[110.711s] DEBUG:colcon.colcon_core.event_handler.log_command:Invoking command in '/home/ubuntu/rj_training_container/training_ws/build/coordinate_transform': AMENT_PREFIX_PATH=/home/ubuntu/rj_training_container/training_ws/install/stsl_interfaces:${AMENT_PREFIX_PATH} CMAKE_PREFIX_PATH=/home/ubuntu/rj_training_container/training_ws/install/stsl_interfaces:/opt/ros/humble LD_LIBRARY_PATH=/home/ubuntu/rj_training_container/training_ws/install/stsl_interfaces/lib:${LD_LIBRARY_PATH} PYTHONPATH=/home/ubuntu/rj_training_container/training_ws/install/stsl_interfaces/local/lib/python3.10/dist-packages:${PYTHONPATH} /usr/bin/cmake --build /home/ubuntu/rj_training_container/training_ws/build/coordinate_transform -- -j16 -l16
[111.464s] DEBUG:colcon.colcon_core.event_handler.log_command:Invoked command in '/home/ubuntu/rj_training_container/training_ws/build/mineral_deposit_tracking' returned '0': AMENT_PREFIX_PATH=/home/ubuntu/rj_training_container/training_ws/install/stsl_interfaces:${AMENT_PREFIX_PATH} CMAKE_PREFIX_PATH=/home/ubuntu/rj_training_container/training_ws/install/stsl_interfaces:/opt/ros/humble LD_LIBRARY_PATH=/home/ubuntu/rj_training_container/training_ws/install/stsl_interfaces/lib:${LD_LIBRARY_PATH} PYTHONPATH=/home/ubuntu/rj_training_container/training_ws/install/stsl_interfaces/local/lib/python3.10/dist-packages:${PYTHONPATH} /usr/bin/cmake /home/ubuntu/rj_training_container/training_ws/src/software-training-old/mineral_deposit_tracking -DCMAKE_INSTALL_PREFIX=/home/ubuntu/rj_training_container/training_ws/install/mineral_deposit_tracking
[111.490s] DEBUG:colcon.colcon_core.event_handler.log_command:Invoking command in '/home/ubuntu/rj_training_container/training_ws/build/mineral_deposit_tracking': AMENT_PREFIX_PATH=/home/ubuntu/rj_training_container/training_ws/install/stsl_interfaces:${AMENT_PREFIX_PATH} CMAKE_PREFIX_PATH=/home/ubuntu/rj_training_container/training_ws/install/stsl_interfaces:/opt/ros/humble LD_LIBRARY_PATH=/home/ubuntu/rj_training_container/training_ws/install/stsl_interfaces/lib:${LD_LIBRARY_PATH} PYTHONPATH=/home/ubuntu/rj_training_container/training_ws/install/stsl_interfaces/local/lib/python3.10/dist-packages:${PYTHONPATH} /usr/bin/cmake --build /home/ubuntu/rj_training_container/training_ws/build/mineral_deposit_tracking -- -j16 -l16
[111.710s] DEBUG:colcon.colcon_core.event_handler.log_command:Invoked command in '/home/ubuntu/rj_training_container/training_ws/build/peak_finder' returned '0': AMENT_PREFIX_PATH=/home/ubuntu/rj_training_container/training_ws/install/stsl_interfaces:${AMENT_PREFIX_PATH} CMAKE_PREFIX_PATH=/home/ubuntu/rj_training_container/training_ws/install/stsl_interfaces:/opt/ros/humble LD_LIBRARY_PATH=/home/ubuntu/rj_training_container/training_ws/install/stsl_interfaces/lib:${LD_LIBRARY_PATH} PYTHONPATH=/home/ubuntu/rj_training_container/training_ws/install/stsl_interfaces/local/lib/python3.10/dist-packages:${PYTHONPATH} /usr/bin/cmake /home/ubuntu/rj_training_container/training_ws/src/software-training-old/peak_finder -DCMAKE_INSTALL_PREFIX=/home/ubuntu/rj_training_container/training_ws/install/peak_finder
[111.742s] DEBUG:colcon.colcon_core.event_handler.log_command:Invoking command in '/home/ubuntu/rj_training_container/training_ws/build/peak_finder': AMENT_PREFIX_PATH=/home/ubuntu/rj_training_container/training_ws/install/stsl_interfaces:${AMENT_PREFIX_PATH} CMAKE_PREFIX_PATH=/home/ubuntu/rj_training_container/training_ws/install/stsl_interfaces:/opt/ros/humble LD_LIBRARY_PATH=/home/ubuntu/rj_training_container/training_ws/install/stsl_interfaces/lib:${LD_LIBRARY_PATH} PYTHONPATH=/home/ubuntu/rj_training_container/training_ws/install/stsl_interfaces/local/lib/python3.10/dist-packages:${PYTHONPATH} /usr/bin/cmake --build /home/ubuntu/rj_training_container/training_ws/build/peak_finder -- -j16 -l16
[117.764s] DEBUG:colcon.colcon_core.event_handler.log_command:Invoked command in '/home/ubuntu/rj_training_container/training_ws/build/localization' returned '0': AMENT_PREFIX_PATH=/home/ubuntu/rj_training_container/training_ws/install/stsl_interfaces:${AMENT_PREFIX_PATH} CMAKE_PREFIX_PATH=/home/ubuntu/rj_training_container/training_ws/install/stsl_interfaces:/opt/ros/humble LD_LIBRARY_PATH=/home/ubuntu/rj_training_container/training_ws/install/stsl_interfaces/lib:${LD_LIBRARY_PATH} PYTHONPATH=/home/ubuntu/rj_training_container/training_ws/install/stsl_interfaces/local/lib/python3.10/dist-packages:${PYTHONPATH} /usr/bin/cmake /home/ubuntu/rj_training_container/training_ws/src/software-training-old/localization -DCMAKE_INSTALL_PREFIX=/home/ubuntu/rj_training_container/training_ws/install/localization
[117.788s] DEBUG:colcon.colcon_core.event_handler.log_command:Invoking command in '/home/ubuntu/rj_training_container/training_ws/build/localization': AMENT_PREFIX_PATH=/home/ubuntu/rj_training_container/training_ws/install/stsl_interfaces:${AMENT_PREFIX_PATH} CMAKE_PREFIX_PATH=/home/ubuntu/rj_training_container/training_ws/install/stsl_interfaces:/opt/ros/humble LD_LIBRARY_PATH=/home/ubuntu/rj_training_container/training_ws/install/stsl_interfaces/lib:${LD_LIBRARY_PATH} PYTHONPATH=/home/ubuntu/rj_training_container/training_ws/install/stsl_interfaces/local/lib/python3.10/dist-packages:${PYTHONPATH} /usr/bin/cmake --build /home/ubuntu/rj_training_container/training_ws/build/localization -- -j16 -l16
[124.200s] DEBUG:colcon.colcon_core.event_handler.log_command:Invoked command in '/home/ubuntu/rj_training_container/training_ws/build/mineral_deposit_detection' returned '0': AMENT_PREFIX_PATH=/home/ubuntu/rj_training_container/training_ws/install/stsl_interfaces:${AMENT_PREFIX_PATH} CMAKE_PREFIX_PATH=/home/ubuntu/rj_training_container/training_ws/install/stsl_interfaces:/opt/ros/humble LD_LIBRARY_PATH=/home/ubuntu/rj_training_container/training_ws/install/stsl_interfaces/lib:${LD_LIBRARY_PATH} PYTHONPATH=/home/ubuntu/rj_training_container/training_ws/install/stsl_interfaces/local/lib/python3.10/dist-packages:${PYTHONPATH} /usr/bin/cmake /home/ubuntu/rj_training_container/training_ws/src/stsl/mineral_deposit_detection -DCMAKE_INSTALL_PREFIX=/home/ubuntu/rj_training_container/training_ws/install/mineral_deposit_detection
[124.220s] DEBUG:colcon.colcon_core.event_handler.log_command:Invoking command in '/home/ubuntu/rj_training_container/training_ws/build/mineral_deposit_detection': AMENT_PREFIX_PATH=/home/ubuntu/rj_training_container/training_ws/install/stsl_interfaces:${AMENT_PREFIX_PATH} CMAKE_PREFIX_PATH=/home/ubuntu/rj_training_container/training_ws/install/stsl_interfaces:/opt/ros/humble LD_LIBRARY_PATH=/home/ubuntu/rj_training_container/training_ws/install/stsl_interfaces/lib:${LD_LIBRARY_PATH} PYTHONPATH=/home/ubuntu/rj_training_container/training_ws/install/stsl_interfaces/local/lib/python3.10/dist-packages:${PYTHONPATH} /usr/bin/cmake --build /home/ubuntu/rj_training_container/training_ws/build/mineral_deposit_detection -- -j16 -l16
[126.129s] DEBUG:colcon.colcon_core.event_handler.log_command:Invoked command in '/home/ubuntu/rj_training_container/training_ws/build/stsl_aruco_tags' returned '0': AMENT_PREFIX_PATH=/home/ubuntu/rj_training_container/training_ws/install/stsl_interfaces:${AMENT_PREFIX_PATH} CMAKE_PREFIX_PATH=/home/ubuntu/rj_training_container/training_ws/install/stsl_interfaces:/opt/ros/humble LD_LIBRARY_PATH=/home/ubuntu/rj_training_container/training_ws/install/stsl_interfaces/lib:${LD_LIBRARY_PATH} PYTHONPATH=/home/ubuntu/rj_training_container/training_ws/install/stsl_interfaces/local/lib/python3.10/dist-packages:${PYTHONPATH} /usr/bin/cmake /home/ubuntu/rj_training_container/training_ws/src/stsl/stsl_aruco_tags -DCMAKE_INSTALL_PREFIX=/home/ubuntu/rj_training_container/training_ws/install/stsl_aruco_tags
[126.152s] DEBUG:colcon.colcon_core.event_handler.log_command:Invoking command in '/home/ubuntu/rj_training_container/training_ws/build/stsl_aruco_tags': AMENT_PREFIX_PATH=/home/ubuntu/rj_training_container/training_ws/install/stsl_interfaces:${AMENT_PREFIX_PATH} CMAKE_PREFIX_PATH=/home/ubuntu/rj_training_container/training_ws/install/stsl_interfaces:/opt/ros/humble LD_LIBRARY_PATH=/home/ubuntu/rj_training_container/training_ws/install/stsl_interfaces/lib:${LD_LIBRARY_PATH} PYTHONPATH=/home/ubuntu/rj_training_container/training_ws/install/stsl_interfaces/local/lib/python3.10/dist-packages:${PYTHONPATH} /usr/bin/cmake --build /home/ubuntu/rj_training_container/training_ws/build/stsl_aruco_tags -- -j16 -l16
[126.192s] DEBUG:colcon.colcon_core.event_handler.log_command:Invoked command in '/home/ubuntu/rj_training_container/training_ws/build/elevation_server' returned '0': AMENT_PREFIX_PATH=/home/ubuntu/rj_training_container/training_ws/install/stsl_interfaces:${AMENT_PREFIX_PATH} CMAKE_PREFIX_PATH=/home/ubuntu/rj_training_container/training_ws/install/stsl_interfaces:/opt/ros/humble LD_LIBRARY_PATH=/home/ubuntu/rj_training_container/training_ws/install/stsl_interfaces/lib:${LD_LIBRARY_PATH} PYTHONPATH=/home/ubuntu/rj_training_container/training_ws/install/stsl_interfaces/local/lib/python3.10/dist-packages:${PYTHONPATH} /usr/bin/cmake /home/ubuntu/rj_training_container/training_ws/src/stsl/elevation_server -DCMAKE_INSTALL_PREFIX=/home/ubuntu/rj_training_container/training_ws/install/elevation_server
[126.212s] DEBUG:colcon.colcon_core.event_handler.log_command:Invoking command in '/home/ubuntu/rj_training_container/training_ws/build/elevation_server': AMENT_PREFIX_PATH=/home/ubuntu/rj_training_container/training_ws/install/stsl_interfaces:${AMENT_PREFIX_PATH} CMAKE_PREFIX_PATH=/home/ubuntu/rj_training_container/training_ws/install/stsl_interfaces:/opt/ros/humble LD_LIBRARY_PATH=/home/ubuntu/rj_training_container/training_ws/install/stsl_interfaces/lib:${LD_LIBRARY_PATH} PYTHONPATH=/home/ubuntu/rj_training_container/training_ws/install/stsl_interfaces/local/lib/python3.10/dist-packages:${PYTHONPATH} /usr/bin/cmake --build /home/ubuntu/rj_training_container/training_ws/build/elevation_server -- -j16 -l16
[129.397s] DEBUG:colcon.colcon_core.event_handler.log_command:Invoked command in '/home/ubuntu/rj_training_container/training_ws/build/stsl_bt_nodes' returned '0': AMENT_PREFIX_PATH=/home/ubuntu/rj_training_container/training_ws/install/stsl_interfaces:${AMENT_PREFIX_PATH} CMAKE_PREFIX_PATH=/home/ubuntu/rj_training_container/training_ws/install/stsl_interfaces:/opt/ros/humble LD_LIBRARY_PATH=/home/ubuntu/rj_training_container/training_ws/install/stsl_interfaces/lib:${LD_LIBRARY_PATH} PYTHONPATH=/home/ubuntu/rj_training_container/training_ws/install/stsl_interfaces/local/lib/python3.10/dist-packages:${PYTHONPATH} /usr/bin/cmake /home/ubuntu/rj_training_container/training_ws/src/stsl/stsl_bt_nodes -DCMAKE_INSTALL_PREFIX=/home/ubuntu/rj_training_container/training_ws/install/stsl_bt_nodes
[129.423s] DEBUG:colcon.colcon_core.event_handler.log_command:Invoking command in '/home/ubuntu/rj_training_container/training_ws/build/stsl_bt_nodes': AMENT_PREFIX_PATH=/home/ubuntu/rj_training_container/training_ws/install/stsl_interfaces:${AMENT_PREFIX_PATH} CMAKE_PREFIX_PATH=/home/ubuntu/rj_training_container/training_ws/install/stsl_interfaces:/opt/ros/humble LD_LIBRARY_PATH=/home/ubuntu/rj_training_container/training_ws/install/stsl_interfaces/lib:${LD_LIBRARY_PATH} PYTHONPATH=/home/ubuntu/rj_training_container/training_ws/install/stsl_interfaces/local/lib/python3.10/dist-packages:${PYTHONPATH} /usr/bin/cmake --build /home/ubuntu/rj_training_container/training_ws/build/stsl_bt_nodes -- -j16 -l16
[133.813s] DEBUG:colcon.colcon_core.event_handler.log_command:Invoked command in '/home/ubuntu/rj_training_container/training_ws/build/peak_finder' returned '0': AMENT_PREFIX_PATH=/home/ubuntu/rj_training_container/training_ws/install/stsl_interfaces:${AMENT_PREFIX_PATH} CMAKE_PREFIX_PATH=/home/ubuntu/rj_training_container/training_ws/install/stsl_interfaces:/opt/ros/humble LD_LIBRARY_PATH=/home/ubuntu/rj_training_container/training_ws/install/stsl_interfaces/lib:${LD_LIBRARY_PATH} PYTHONPATH=/home/ubuntu/rj_training_container/training_ws/install/stsl_interfaces/local/lib/python3.10/dist-packages:${PYTHONPATH} /usr/bin/cmake --build /home/ubuntu/rj_training_container/training_ws/build/peak_finder -- -j16 -l16
[134.411s] DEBUG:colcon.colcon_core.event_handler.log_command:Invoking command in '/home/ubuntu/rj_training_container/training_ws/build/peak_finder': AMENT_PREFIX_PATH=/home/ubuntu/rj_training_container/training_ws/install/stsl_interfaces:${AMENT_PREFIX_PATH} CMAKE_PREFIX_PATH=/home/ubuntu/rj_training_container/training_ws/install/stsl_interfaces:/opt/ros/humble LD_LIBRARY_PATH=/home/ubuntu/rj_training_container/training_ws/install/stsl_interfaces/lib:${LD_LIBRARY_PATH} PYTHONPATH=/home/ubuntu/rj_training_container/training_ws/install/stsl_interfaces/local/lib/python3.10/dist-packages:${PYTHONPATH} /usr/bin/cmake --install /home/ubuntu/rj_training_container/training_ws/build/peak_finder
[138.408s] Level 1:colcon.colcon_core.environment:create_environment_scripts_only(peak_finder)
[138.409s] Level 1:colcon.colcon_core.environment:checking '/home/ubuntu/rj_training_container/training_ws/install/peak_finder' for CMake module files
[138.410s] DEBUG:colcon.colcon_core.event_handler.log_command:Invoked command in '/home/ubuntu/rj_training_container/training_ws/build/peak_finder' returned '0': AMENT_PREFIX_PATH=/home/ubuntu/rj_training_container/training_ws/install/stsl_interfaces:${AMENT_PREFIX_PATH} CMAKE_PREFIX_PATH=/home/ubuntu/rj_training_container/training_ws/install/stsl_interfaces:/opt/ros/humble LD_LIBRARY_PATH=/home/ubuntu/rj_training_container/training_ws/install/stsl_interfaces/lib:${LD_LIBRARY_PATH} PYTHONPATH=/home/ubuntu/rj_training_container/training_ws/install/stsl_interfaces/local/lib/python3.10/dist-packages:${PYTHONPATH} /usr/bin/cmake --install /home/ubuntu/rj_training_container/training_ws/build/peak_finder
[138.531s] Level 1:colcon.colcon_core.environment:checking '/home/ubuntu/rj_training_container/training_ws/install/peak_finder' for CMake config files
[138.654s] Level 1:colcon.colcon_core.shell:create_environment_hook('peak_finder', 'cmake_prefix_path')
[138.655s] INFO:colcon.colcon_core.shell:Creating environment hook '/home/ubuntu/rj_training_container/training_ws/install/peak_finder/share/peak_finder/hook/cmake_prefix_path.ps1'
[138.677s] INFO:colcon.colcon_core.shell:Creating environment descriptor '/home/ubuntu/rj_training_container/training_ws/install/peak_finder/share/peak_finder/hook/cmake_prefix_path.dsv'
[138.709s] INFO:colcon.colcon_core.shell:Creating environment hook '/home/ubuntu/rj_training_container/training_ws/install/peak_finder/share/peak_finder/hook/cmake_prefix_path.sh'
[138.746s] Level 1:colcon.colcon_core.environment:checking '/home/ubuntu/rj_training_container/training_ws/install/peak_finder/lib'
[138.756s] Level 1:colcon.colcon_core.shell:create_environment_hook('peak_finder', 'ld_library_path_lib')
[138.757s] INFO:colcon.colcon_core.shell:Creating environment hook '/home/ubuntu/rj_training_container/training_ws/install/peak_finder/share/peak_finder/hook/ld_library_path_lib.ps1'
[138.783s] INFO:colcon.colcon_core.shell:Creating environment descriptor '/home/ubuntu/rj_training_container/training_ws/install/peak_finder/share/peak_finder/hook/ld_library_path_lib.dsv'
[138.808s] INFO:colcon.colcon_core.shell:Creating environment hook '/home/ubuntu/rj_training_container/training_ws/install/peak_finder/share/peak_finder/hook/ld_library_path_lib.sh'
[138.837s] Level 1:colcon.colcon_core.environment:checking '/home/ubuntu/rj_training_container/training_ws/install/peak_finder/bin'
[138.839s] Level 1:colcon.colcon_core.environment:checking '/home/ubuntu/rj_training_container/training_ws/install/peak_finder/lib/pkgconfig/peak_finder.pc'
[138.842s] Level 1:colcon.colcon_core.environment:checking '/home/ubuntu/rj_training_container/training_ws/install/peak_finder/lib/python3.10/site-packages'
[138.846s] Level 1:colcon.colcon_core.environment:checking '/home/ubuntu/rj_training_container/training_ws/install/peak_finder/bin'
[138.849s] INFO:colcon.colcon_core.shell:Creating package script '/home/ubuntu/rj_training_container/training_ws/install/peak_finder/share/peak_finder/package.ps1'
[138.870s] INFO:colcon.colcon_core.shell:Creating package descriptor '/home/ubuntu/rj_training_container/training_ws/install/peak_finder/share/peak_finder/package.dsv'
[138.892s] INFO:colcon.colcon_core.shell:Creating package script '/home/ubuntu/rj_training_container/training_ws/install/peak_finder/share/peak_finder/package.sh'
[138.913s] INFO:colcon.colcon_core.shell:Creating package script '/home/ubuntu/rj_training_container/training_ws/install/peak_finder/share/peak_finder/package.bash'
[138.944s] INFO:colcon.colcon_core.shell:Creating package script '/home/ubuntu/rj_training_container/training_ws/install/peak_finder/share/peak_finder/package.zsh'
[138.974s] Level 1:colcon.colcon_core.environment:create_file_with_runtime_dependencies(/home/ubuntu/rj_training_container/training_ws/install/peak_finder/share/colcon-core/packages/peak_finder)
[139.109s] Level 1:colcon.colcon_core.environment:create_environment_scripts_only(peak_finder)
[139.110s] Level 1:colcon.colcon_core.environment:checking '/home/ubuntu/rj_training_container/training_ws/install/peak_finder' for CMake module files
[139.355s] Level 1:colcon.colcon_core.environment:checking '/home/ubuntu/rj_training_container/training_ws/install/peak_finder' for CMake config files
[139.574s] Level 1:colcon.colcon_core.shell:create_environment_hook('peak_finder', 'cmake_prefix_path')
[139.576s] INFO:colcon.colcon_core.shell:Creating environment hook '/home/ubuntu/rj_training_container/training_ws/install/peak_finder/share/peak_finder/hook/cmake_prefix_path.ps1'
[139.630s] INFO:colcon.colcon_core.shell:Creating environment descriptor '/home/ubuntu/rj_training_container/training_ws/install/peak_finder/share/peak_finder/hook/cmake_prefix_path.dsv'
[139.668s] INFO:colcon.colcon_core.shell:Creating environment hook '/home/ubuntu/rj_training_container/training_ws/install/peak_finder/share/peak_finder/hook/cmake_prefix_path.sh'
[139.714s] Level 1:colcon.colcon_core.environment:checking '/home/ubuntu/rj_training_container/training_ws/install/peak_finder/lib'
[139.730s] Level 1:colcon.colcon_core.shell:create_environment_hook('peak_finder', 'ld_library_path_lib')
[139.731s] INFO:colcon.colcon_core.shell:Creating environment hook '/home/ubuntu/rj_training_container/training_ws/install/peak_finder/share/peak_finder/hook/ld_library_path_lib.ps1'
[139.774s] INFO:colcon.colcon_core.shell:Creating environment descriptor '/home/ubuntu/rj_training_container/training_ws/install/peak_finder/share/peak_finder/hook/ld_library_path_lib.dsv'
[139.808s] INFO:colcon.colcon_core.shell:Creating environment hook '/home/ubuntu/rj_training_container/training_ws/install/peak_finder/share/peak_finder/hook/ld_library_path_lib.sh'
[139.845s] Level 1:colcon.colcon_core.environment:checking '/home/ubuntu/rj_training_container/training_ws/install/peak_finder/bin'
[139.849s] Level 1:colcon.colcon_core.environment:checking '/home/ubuntu/rj_training_container/training_ws/install/peak_finder/lib/pkgconfig/peak_finder.pc'
[139.855s] Level 1:colcon.colcon_core.environment:checking '/home/ubuntu/rj_training_container/training_ws/install/peak_finder/lib/python3.10/site-packages'
[139.860s] Level 1:colcon.colcon_core.environment:checking '/home/ubuntu/rj_training_container/training_ws/install/peak_finder/bin'
[139.864s] INFO:colcon.colcon_core.shell:Creating package script '/home/ubuntu/rj_training_container/training_ws/install/peak_finder/share/peak_finder/package.ps1'
[139.893s] INFO:colcon.colcon_core.shell:Creating package descriptor '/home/ubuntu/rj_training_container/training_ws/install/peak_finder/share/peak_finder/package.dsv'
[139.919s] INFO:colcon.colcon_core.shell:Creating package script '/home/ubuntu/rj_training_container/training_ws/install/peak_finder/share/peak_finder/package.sh'
[139.946s] INFO:colcon.colcon_core.shell:Creating package script '/home/ubuntu/rj_training_container/training_ws/install/peak_finder/share/peak_finder/package.bash'
[139.974s] INFO:colcon.colcon_core.shell:Creating package script '/home/ubuntu/rj_training_container/training_ws/install/peak_finder/share/peak_finder/package.zsh'
[140.000s] Level 1:colcon.colcon_core.environment:create_file_with_runtime_dependencies(/home/ubuntu/rj_training_container/training_ws/install/peak_finder/share/colcon-core/packages/peak_finder)
[144.862s] DEBUG:colcon.colcon_core.event_handler.log_command:Invoked command in '/home/ubuntu/rj_training_container/training_ws/build/stsl_rviz_plugins' returned '0': AMENT_PREFIX_PATH=/home/ubuntu/rj_training_container/training_ws/install/stsl_interfaces:${AMENT_PREFIX_PATH} CMAKE_PREFIX_PATH=/home/ubuntu/rj_training_container/training_ws/install/stsl_interfaces:/opt/ros/humble LD_LIBRARY_PATH=/home/ubuntu/rj_training_container/training_ws/install/stsl_interfaces/lib:${LD_LIBRARY_PATH} PYTHONPATH=/home/ubuntu/rj_training_container/training_ws/install/stsl_interfaces/local/lib/python3.10/dist-packages:${PYTHONPATH} /usr/bin/cmake /home/ubuntu/rj_training_container/training_ws/src/stsl/stsl_rviz_plugins -DCMAKE_INSTALL_PREFIX=/home/ubuntu/rj_training_container/training_ws/install/stsl_rviz_plugins
[144.880s] DEBUG:colcon.colcon_core.event_handler.log_command:Invoking command in '/home/ubuntu/rj_training_container/training_ws/build/stsl_rviz_plugins': AMENT_PREFIX_PATH=/home/ubuntu/rj_training_container/training_ws/install/stsl_interfaces:${AMENT_PREFIX_PATH} CMAKE_PREFIX_PATH=/home/ubuntu/rj_training_container/training_ws/install/stsl_interfaces:/opt/ros/humble LD_LIBRARY_PATH=/home/ubuntu/rj_training_container/training_ws/install/stsl_interfaces/lib:${LD_LIBRARY_PATH} PYTHONPATH=/home/ubuntu/rj_training_container/training_ws/install/stsl_interfaces/local/lib/python3.10/dist-packages:${PYTHONPATH} /usr/bin/cmake --build /home/ubuntu/rj_training_container/training_ws/build/stsl_rviz_plugins -- -j16 -l16
[148.157s] DEBUG:colcon.colcon_core.event_handler.log_command:Invoked command in '/home/ubuntu/rj_training_container/training_ws/build/elevation_server' returned '0': AMENT_PREFIX_PATH=/home/ubuntu/rj_training_container/training_ws/install/stsl_interfaces:${AMENT_PREFIX_PATH} CMAKE_PREFIX_PATH=/home/ubuntu/rj_training_container/training_ws/install/stsl_interfaces:/opt/ros/humble LD_LIBRARY_PATH=/home/ubuntu/rj_training_container/training_ws/install/stsl_interfaces/lib:${LD_LIBRARY_PATH} PYTHONPATH=/home/ubuntu/rj_training_container/training_ws/install/stsl_interfaces/local/lib/python3.10/dist-packages:${PYTHONPATH} /usr/bin/cmake --build /home/ubuntu/rj_training_container/training_ws/build/elevation_server -- -j16 -l16
[148.282s] DEBUG:colcon.colcon_core.event_handler.log_command:Invoking command in '/home/ubuntu/rj_training_container/training_ws/build/elevation_server': AMENT_PREFIX_PATH=/home/ubuntu/rj_training_container/training_ws/install/stsl_interfaces:${AMENT_PREFIX_PATH} CMAKE_PREFIX_PATH=/home/ubuntu/rj_training_container/training_ws/install/stsl_interfaces:/opt/ros/humble LD_LIBRARY_PATH=/home/ubuntu/rj_training_container/training_ws/install/stsl_interfaces/lib:${LD_LIBRARY_PATH} PYTHONPATH=/home/ubuntu/rj_training_container/training_ws/install/stsl_interfaces/local/lib/python3.10/dist-packages:${PYTHONPATH} /usr/bin/cmake --install /home/ubuntu/rj_training_container/training_ws/build/elevation_server
[148.596s] DEBUG:colcon.colcon_core.event_handler.log_command:Invoked command in '/home/ubuntu/rj_training_container/training_ws/build/coordinate_transform' returned '0': AMENT_PREFIX_PATH=/home/ubuntu/rj_training_container/training_ws/install/stsl_interfaces:${AMENT_PREFIX_PATH} CMAKE_PREFIX_PATH=/home/ubuntu/rj_training_container/training_ws/install/stsl_interfaces:/opt/ros/humble LD_LIBRARY_PATH=/home/ubuntu/rj_training_container/training_ws/install/stsl_interfaces/lib:${LD_LIBRARY_PATH} PYTHONPATH=/home/ubuntu/rj_training_container/training_ws/install/stsl_interfaces/local/lib/python3.10/dist-packages:${PYTHONPATH} /usr/bin/cmake --build /home/ubuntu/rj_training_container/training_ws/build/coordinate_transform -- -j16 -l16
[148.714s] DEBUG:colcon.colcon_core.event_handler.log_command:Invoking command in '/home/ubuntu/rj_training_container/training_ws/build/coordinate_transform': AMENT_PREFIX_PATH=/home/ubuntu/rj_training_container/training_ws/install/stsl_interfaces:${AMENT_PREFIX_PATH} CMAKE_PREFIX_PATH=/home/ubuntu/rj_training_container/training_ws/install/stsl_interfaces:/opt/ros/humble LD_LIBRARY_PATH=/home/ubuntu/rj_training_container/training_ws/install/stsl_interfaces/lib:${LD_LIBRARY_PATH} PYTHONPATH=/home/ubuntu/rj_training_container/training_ws/install/stsl_interfaces/local/lib/python3.10/dist-packages:${PYTHONPATH} /usr/bin/cmake --install /home/ubuntu/rj_training_container/training_ws/build/coordinate_transform
[152.927s] DEBUG:colcon.colcon_core.event_handler.log_command:Invoked command in '/home/ubuntu/rj_training_container/training_ws/build/mineral_deposit_tracking' returned '0': AMENT_PREFIX_PATH=/home/ubuntu/rj_training_container/training_ws/install/stsl_interfaces:${AMENT_PREFIX_PATH} CMAKE_PREFIX_PATH=/home/ubuntu/rj_training_container/training_ws/install/stsl_interfaces:/opt/ros/humble LD_LIBRARY_PATH=/home/ubuntu/rj_training_container/training_ws/install/stsl_interfaces/lib:${LD_LIBRARY_PATH} PYTHONPATH=/home/ubuntu/rj_training_container/training_ws/install/stsl_interfaces/local/lib/python3.10/dist-packages:${PYTHONPATH} /usr/bin/cmake --build /home/ubuntu/rj_training_container/training_ws/build/mineral_deposit_tracking -- -j16 -l16
[153.055s] DEBUG:colcon.colcon_core.event_handler.log_command:Invoking command in '/home/ubuntu/rj_training_container/training_ws/build/mineral_deposit_tracking': AMENT_PREFIX_PATH=/home/ubuntu/rj_training_container/training_ws/install/stsl_interfaces:${AMENT_PREFIX_PATH} CMAKE_PREFIX_PATH=/home/ubuntu/rj_training_container/training_ws/install/stsl_interfaces:/opt/ros/humble LD_LIBRARY_PATH=/home/ubuntu/rj_training_container/training_ws/install/stsl_interfaces/lib:${LD_LIBRARY_PATH} PYTHONPATH=/home/ubuntu/rj_training_container/training_ws/install/stsl_interfaces/local/lib/python3.10/dist-packages:${PYTHONPATH} /usr/bin/cmake --install /home/ubuntu/rj_training_container/training_ws/build/mineral_deposit_tracking
[154.021s] Level 1:colcon.colcon_core.environment:create_environment_scripts_only(elevation_server)
[154.023s] Level 1:colcon.colcon_core.environment:checking '/home/ubuntu/rj_training_container/training_ws/install/elevation_server' for CMake module files
[154.024s] DEBUG:colcon.colcon_core.event_handler.log_command:Invoked command in '/home/ubuntu/rj_training_container/training_ws/build/elevation_server' returned '0': AMENT_PREFIX_PATH=/home/ubuntu/rj_training_container/training_ws/install/stsl_interfaces:${AMENT_PREFIX_PATH} CMAKE_PREFIX_PATH=/home/ubuntu/rj_training_container/training_ws/install/stsl_interfaces:/opt/ros/humble LD_LIBRARY_PATH=/home/ubuntu/rj_training_container/training_ws/install/stsl_interfaces/lib:${LD_LIBRARY_PATH} PYTHONPATH=/home/ubuntu/rj_training_container/training_ws/install/stsl_interfaces/local/lib/python3.10/dist-packages:${PYTHONPATH} /usr/bin/cmake --install /home/ubuntu/rj_training_container/training_ws/build/elevation_server
[154.222s] Level 1:colcon.colcon_core.environment:checking '/home/ubuntu/rj_training_container/training_ws/install/elevation_server' for CMake config files
[154.369s] Level 1:colcon.colcon_core.shell:create_environment_hook('elevation_server', 'cmake_prefix_path')
[154.371s] INFO:colcon.colcon_core.shell:Creating environment hook '/home/ubuntu/rj_training_container/training_ws/install/elevation_server/share/elevation_server/hook/cmake_prefix_path.ps1'
[154.401s] INFO:colcon.colcon_core.shell:Creating environment descriptor '/home/ubuntu/rj_training_container/training_ws/install/elevation_server/share/elevation_server/hook/cmake_prefix_path.dsv'
[154.429s] INFO:colcon.colcon_core.shell:Creating environment hook '/home/ubuntu/rj_training_container/training_ws/install/elevation_server/share/elevation_server/hook/cmake_prefix_path.sh'
[154.468s] Level 1:colcon.colcon_core.environment:checking '/home/ubuntu/rj_training_container/training_ws/install/elevation_server/lib'
[154.478s] Level 1:colcon.colcon_core.shell:create_environment_hook('elevation_server', 'ld_library_path_lib')
[154.479s] INFO:colcon.colcon_core.shell:Creating environment hook '/home/ubuntu/rj_training_container/training_ws/install/elevation_server/share/elevation_server/hook/ld_library_path_lib.ps1'
[154.508s] INFO:colcon.colcon_core.shell:Creating environment descriptor '/home/ubuntu/rj_training_container/training_ws/install/elevation_server/share/elevation_server/hook/ld_library_path_lib.dsv'
[154.539s] INFO:colcon.colcon_core.shell:Creating environment hook '/home/ubuntu/rj_training_container/training_ws/install/elevation_server/share/elevation_server/hook/ld_library_path_lib.sh'
[154.573s] Level 1:colcon.colcon_core.environment:checking '/home/ubuntu/rj_training_container/training_ws/install/elevation_server/bin'
[154.575s] Level 1:colcon.colcon_core.environment:checking '/home/ubuntu/rj_training_container/training_ws/install/elevation_server/lib/pkgconfig/elevation_server.pc'
[154.579s] Level 1:colcon.colcon_core.environment:checking '/home/ubuntu/rj_training_container/training_ws/install/elevation_server/lib/python3.10/site-packages'
[154.583s] Level 1:colcon.colcon_core.environment:checking '/home/ubuntu/rj_training_container/training_ws/install/elevation_server/bin'
[154.587s] INFO:colcon.colcon_core.shell:Creating package script '/home/ubuntu/rj_training_container/training_ws/install/elevation_server/share/elevation_server/package.ps1'
[154.609s] INFO:colcon.colcon_core.shell:Creating package descriptor '/home/ubuntu/rj_training_container/training_ws/install/elevation_server/share/elevation_server/package.dsv'
[154.633s] INFO:colcon.colcon_core.shell:Creating package script '/home/ubuntu/rj_training_container/training_ws/install/elevation_server/share/elevation_server/package.sh'
[154.662s] INFO:colcon.colcon_core.shell:Creating package script '/home/ubuntu/rj_training_container/training_ws/install/elevation_server/share/elevation_server/package.bash'
[154.684s] INFO:colcon.colcon_core.shell:Creating package script '/home/ubuntu/rj_training_container/training_ws/install/elevation_server/share/elevation_server/package.zsh'
[154.705s] Level 1:colcon.colcon_core.environment:create_file_with_runtime_dependencies(/home/ubuntu/rj_training_container/training_ws/install/elevation_server/share/colcon-core/packages/elevation_server)
[154.742s] Level 1:colcon.colcon_core.environment:create_environment_scripts_only(coordinate_transform)
[154.744s] Level 1:colcon.colcon_core.environment:checking '/home/ubuntu/rj_training_container/training_ws/install/coordinate_transform' for CMake module files
[154.745s] DEBUG:colcon.colcon_core.event_handler.log_command:Invoked command in '/home/ubuntu/rj_training_container/training_ws/build/coordinate_transform' returned '0': AMENT_PREFIX_PATH=/home/ubuntu/rj_training_container/training_ws/install/stsl_interfaces:${AMENT_PREFIX_PATH} CMAKE_PREFIX_PATH=/home/ubuntu/rj_training_container/training_ws/install/stsl_interfaces:/opt/ros/humble LD_LIBRARY_PATH=/home/ubuntu/rj_training_container/training_ws/install/stsl_interfaces/lib:${LD_LIBRARY_PATH} PYTHONPATH=/home/ubuntu/rj_training_container/training_ws/install/stsl_interfaces/local/lib/python3.10/dist-packages:${PYTHONPATH} /usr/bin/cmake --install /home/ubuntu/rj_training_container/training_ws/build/coordinate_transform
[154.902s] Level 1:colcon.colcon_core.environment:checking '/home/ubuntu/rj_training_container/training_ws/install/coordinate_transform' for CMake config files
[155.046s] Level 1:colcon.colcon_core.shell:create_environment_hook('coordinate_transform', 'cmake_prefix_path')
[155.048s] INFO:colcon.colcon_core.shell:Creating environment hook '/home/ubuntu/rj_training_container/training_ws/install/coordinate_transform/share/coordinate_transform/hook/cmake_prefix_path.ps1'
[155.075s] INFO:colcon.colcon_core.shell:Creating environment descriptor '/home/ubuntu/rj_training_container/training_ws/install/coordinate_transform/share/coordinate_transform/hook/cmake_prefix_path.dsv'
[155.109s] INFO:colcon.colcon_core.shell:Creating environment hook '/home/ubuntu/rj_training_container/training_ws/install/coordinate_transform/share/coordinate_transform/hook/cmake_prefix_path.sh'
[155.145s] Level 1:colcon.colcon_core.environment:checking '/home/ubuntu/rj_training_container/training_ws/install/coordinate_transform/lib'
[155.154s] Level 1:colcon.colcon_core.shell:create_environment_hook('coordinate_transform', 'ld_library_path_lib')
[155.155s] INFO:colcon.colcon_core.shell:Creating environment hook '/home/ubuntu/rj_training_container/training_ws/install/coordinate_transform/share/coordinate_transform/hook/ld_library_path_lib.ps1'
[155.185s] INFO:colcon.colcon_core.shell:Creating environment descriptor '/home/ubuntu/rj_training_container/training_ws/install/coordinate_transform/share/coordinate_transform/hook/ld_library_path_lib.dsv'
[155.217s] INFO:colcon.colcon_core.shell:Creating environment hook '/home/ubuntu/rj_training_container/training_ws/install/coordinate_transform/share/coordinate_transform/hook/ld_library_path_lib.sh'
[155.248s] Level 1:colcon.colcon_core.environment:checking '/home/ubuntu/rj_training_container/training_ws/install/coordinate_transform/bin'
[155.251s] Level 1:colcon.colcon_core.environment:checking '/home/ubuntu/rj_training_container/training_ws/install/coordinate_transform/lib/pkgconfig/coordinate_transform.pc'
[155.255s] Level 1:colcon.colcon_core.environment:checking '/home/ubuntu/rj_training_container/training_ws/install/coordinate_transform/lib/python3.10/site-packages'
[155.259s] Level 1:colcon.colcon_core.environment:checking '/home/ubuntu/rj_training_container/training_ws/install/coordinate_transform/bin'
[155.262s] INFO:colcon.colcon_core.shell:Creating package script '/home/ubuntu/rj_training_container/training_ws/install/coordinate_transform/share/coordinate_transform/package.ps1'
[155.287s] INFO:colcon.colcon_core.shell:Creating package descriptor '/home/ubuntu/rj_training_container/training_ws/install/coordinate_transform/share/coordinate_transform/package.dsv'
[155.313s] INFO:colcon.colcon_core.shell:Creating package script '/home/ubuntu/rj_training_container/training_ws/install/coordinate_transform/share/coordinate_transform/package.sh'
[155.337s] INFO:colcon.colcon_core.shell:Creating package script '/home/ubuntu/rj_training_container/training_ws/install/coordinate_transform/share/coordinate_transform/package.bash'
[155.361s] INFO:colcon.colcon_core.shell:Creating package script '/home/ubuntu/rj_training_container/training_ws/install/coordinate_transform/share/coordinate_transform/package.zsh'
[155.385s] Level 1:colcon.colcon_core.environment:create_file_with_runtime_dependencies(/home/ubuntu/rj_training_container/training_ws/install/coordinate_transform/share/colcon-core/packages/coordinate_transform)
[155.423s] Level 1:colcon.colcon_core.environment:create_environment_scripts_only(elevation_server)
[155.424s] Level 1:colcon.colcon_core.environment:checking '/home/ubuntu/rj_training_container/training_ws/install/elevation_server' for CMake module files
[155.638s] Level 1:colcon.colcon_core.environment:checking '/home/ubuntu/rj_training_container/training_ws/install/elevation_server' for CMake config files
[155.809s] Level 1:colcon.colcon_core.shell:create_environment_hook('elevation_server', 'cmake_prefix_path')
[155.810s] INFO:colcon.colcon_core.shell:Creating environment hook '/home/ubuntu/rj_training_container/training_ws/install/elevation_server/share/elevation_server/hook/cmake_prefix_path.ps1'
[155.845s] INFO:colcon.colcon_core.shell:Creating environment descriptor '/home/ubuntu/rj_training_container/training_ws/install/elevation_server/share/elevation_server/hook/cmake_prefix_path.dsv'
[155.881s] INFO:colcon.colcon_core.shell:Creating environment hook '/home/ubuntu/rj_training_container/training_ws/install/elevation_server/share/elevation_server/hook/cmake_prefix_path.sh'
[155.922s] Level 1:colcon.colcon_core.environment:checking '/home/ubuntu/rj_training_container/training_ws/install/elevation_server/lib'
[155.932s] Level 1:colcon.colcon_core.shell:create_environment_hook('elevation_server', 'ld_library_path_lib')
[155.934s] INFO:colcon.colcon_core.shell:Creating environment hook '/home/ubuntu/rj_training_container/training_ws/install/elevation_server/share/elevation_server/hook/ld_library_path_lib.ps1'
[155.969s] INFO:colcon.colcon_core.shell:Creating environment descriptor '/home/ubuntu/rj_training_container/training_ws/install/elevation_server/share/elevation_server/hook/ld_library_path_lib.dsv'
[156.002s] INFO:colcon.colcon_core.shell:Creating environment hook '/home/ubuntu/rj_training_container/training_ws/install/elevation_server/share/elevation_server/hook/ld_library_path_lib.sh'
[156.040s] Level 1:colcon.colcon_core.environment:checking '/home/ubuntu/rj_training_container/training_ws/install/elevation_server/bin'
[156.043s] Level 1:colcon.colcon_core.environment:checking '/home/ubuntu/rj_training_container/training_ws/install/elevation_server/lib/pkgconfig/elevation_server.pc'
[156.047s] Level 1:colcon.colcon_core.environment:checking '/home/ubuntu/rj_training_container/training_ws/install/elevation_server/lib/python3.10/site-packages'
[156.051s] Level 1:colcon.colcon_core.environment:checking '/home/ubuntu/rj_training_container/training_ws/install/elevation_server/bin'
[156.054s] INFO:colcon.colcon_core.shell:Creating package script '/home/ubuntu/rj_training_container/training_ws/install/elevation_server/share/elevation_server/package.ps1'
[156.081s] INFO:colcon.colcon_core.shell:Creating package descriptor '/home/ubuntu/rj_training_container/training_ws/install/elevation_server/share/elevation_server/package.dsv'
[156.106s] INFO:colcon.colcon_core.shell:Creating package script '/home/ubuntu/rj_training_container/training_ws/install/elevation_server/share/elevation_server/package.sh'
[156.132s] INFO:colcon.colcon_core.shell:Creating package script '/home/ubuntu/rj_training_container/training_ws/install/elevation_server/share/elevation_server/package.bash'
[156.162s] INFO:colcon.colcon_core.shell:Creating package script '/home/ubuntu/rj_training_container/training_ws/install/elevation_server/share/elevation_server/package.zsh'
[156.192s] Level 1:colcon.colcon_core.environment:create_file_with_runtime_dependencies(/home/ubuntu/rj_training_container/training_ws/install/elevation_server/share/colcon-core/packages/elevation_server)
[156.216s] Level 1:colcon.colcon_core.environment:create_environment_scripts_only(coordinate_transform)
[156.217s] Level 1:colcon.colcon_core.environment:checking '/home/ubuntu/rj_training_container/training_ws/install/coordinate_transform' for CMake module files
[156.420s] Level 1:colcon.colcon_core.environment:checking '/home/ubuntu/rj_training_container/training_ws/install/coordinate_transform' for CMake config files
[156.577s] Level 1:colcon.colcon_core.shell:create_environment_hook('coordinate_transform', 'cmake_prefix_path')
[156.578s] INFO:colcon.colcon_core.shell:Creating environment hook '/home/ubuntu/rj_training_container/training_ws/install/coordinate_transform/share/coordinate_transform/hook/cmake_prefix_path.ps1'
[156.607s] INFO:colcon.colcon_core.shell:Creating environment descriptor '/home/ubuntu/rj_training_container/training_ws/install/coordinate_transform/share/coordinate_transform/hook/cmake_prefix_path.dsv'
[156.636s] INFO:colcon.colcon_core.shell:Creating environment hook '/home/ubuntu/rj_training_container/training_ws/install/coordinate_transform/share/coordinate_transform/hook/cmake_prefix_path.sh'
[156.673s] Level 1:colcon.colcon_core.environment:checking '/home/ubuntu/rj_training_container/training_ws/install/coordinate_transform/lib'
[156.681s] Level 1:colcon.colcon_core.shell:create_environment_hook('coordinate_transform', 'ld_library_path_lib')
[156.682s] INFO:colcon.colcon_core.shell:Creating environment hook '/home/ubuntu/rj_training_container/training_ws/install/coordinate_transform/share/coordinate_transform/hook/ld_library_path_lib.ps1'
[156.710s] INFO:colcon.colcon_core.shell:Creating environment descriptor '/home/ubuntu/rj_training_container/training_ws/install/coordinate_transform/share/coordinate_transform/hook/ld_library_path_lib.dsv'
[156.739s] INFO:colcon.colcon_core.shell:Creating environment hook '/home/ubuntu/rj_training_container/training_ws/install/coordinate_transform/share/coordinate_transform/hook/ld_library_path_lib.sh'
[156.771s] Level 1:colcon.colcon_core.environment:checking '/home/ubuntu/rj_training_container/training_ws/install/coordinate_transform/bin'
[156.773s] Level 1:colcon.colcon_core.environment:checking '/home/ubuntu/rj_training_container/training_ws/install/coordinate_transform/lib/pkgconfig/coordinate_transform.pc'
[156.777s] Level 1:colcon.colcon_core.environment:checking '/home/ubuntu/rj_training_container/training_ws/install/coordinate_transform/lib/python3.10/site-packages'
[156.780s] Level 1:colcon.colcon_core.environment:checking '/home/ubuntu/rj_training_container/training_ws/install/coordinate_transform/bin'
[156.783s] INFO:colcon.colcon_core.shell:Creating package script '/home/ubuntu/rj_training_container/training_ws/install/coordinate_transform/share/coordinate_transform/package.ps1'
[156.806s] INFO:colcon.colcon_core.shell:Creating package descriptor '/home/ubuntu/rj_training_container/training_ws/install/coordinate_transform/share/coordinate_transform/package.dsv'
[156.828s] INFO:colcon.colcon_core.shell:Creating package script '/home/ubuntu/rj_training_container/training_ws/install/coordinate_transform/share/coordinate_transform/package.sh'
[156.854s] INFO:colcon.colcon_core.shell:Creating package script '/home/ubuntu/rj_training_container/training_ws/install/coordinate_transform/share/coordinate_transform/package.bash'
[156.879s] INFO:colcon.colcon_core.shell:Creating package script '/home/ubuntu/rj_training_container/training_ws/install/coordinate_transform/share/coordinate_transform/package.zsh'
[156.902s] Level 1:colcon.colcon_core.environment:create_file_with_runtime_dependencies(/home/ubuntu/rj_training_container/training_ws/install/coordinate_transform/share/colcon-core/packages/coordinate_transform)
[156.941s] DEBUG:colcon.colcon_core.event_handler.log_command:Invoked command in '/home/ubuntu/rj_training_container/training_ws/build/stsl_bt_nodes' returned '0': AMENT_PREFIX_PATH=/home/ubuntu/rj_training_container/training_ws/install/stsl_interfaces:${AMENT_PREFIX_PATH} CMAKE_PREFIX_PATH=/home/ubuntu/rj_training_container/training_ws/install/stsl_interfaces:/opt/ros/humble LD_LIBRARY_PATH=/home/ubuntu/rj_training_container/training_ws/install/stsl_interfaces/lib:${LD_LIBRARY_PATH} PYTHONPATH=/home/ubuntu/rj_training_container/training_ws/install/stsl_interfaces/local/lib/python3.10/dist-packages:${PYTHONPATH} /usr/bin/cmake --build /home/ubuntu/rj_training_container/training_ws/build/stsl_bt_nodes -- -j16 -l16
[157.063s] DEBUG:colcon.colcon_core.event_handler.log_command:Invoking command in '/home/ubuntu/rj_training_container/training_ws/build/stsl_bt_nodes': AMENT_PREFIX_PATH=/home/ubuntu/rj_training_container/training_ws/install/stsl_interfaces:${AMENT_PREFIX_PATH} CMAKE_PREFIX_PATH=/home/ubuntu/rj_training_container/training_ws/install/stsl_interfaces:/opt/ros/humble LD_LIBRARY_PATH=/home/ubuntu/rj_training_container/training_ws/install/stsl_interfaces/lib:${LD_LIBRARY_PATH} PYTHONPATH=/home/ubuntu/rj_training_container/training_ws/install/stsl_interfaces/local/lib/python3.10/dist-packages:${PYTHONPATH} /usr/bin/cmake --install /home/ubuntu/rj_training_container/training_ws/build/stsl_bt_nodes
[157.923s] Level 1:colcon.colcon_core.environment:create_environment_scripts_only(mineral_deposit_tracking)
[157.924s] Level 1:colcon.colcon_core.environment:checking '/home/ubuntu/rj_training_container/training_ws/install/mineral_deposit_tracking' for CMake module files
[157.926s] DEBUG:colcon.colcon_core.event_handler.log_command:Invoked command in '/home/ubuntu/rj_training_container/training_ws/build/mineral_deposit_tracking' returned '0': AMENT_PREFIX_PATH=/home/ubuntu/rj_training_container/training_ws/install/stsl_interfaces:${AMENT_PREFIX_PATH} CMAKE_PREFIX_PATH=/home/ubuntu/rj_training_container/training_ws/install/stsl_interfaces:/opt/ros/humble LD_LIBRARY_PATH=/home/ubuntu/rj_training_container/training_ws/install/stsl_interfaces/lib:${LD_LIBRARY_PATH} PYTHONPATH=/home/ubuntu/rj_training_container/training_ws/install/stsl_interfaces/local/lib/python3.10/dist-packages:${PYTHONPATH} /usr/bin/cmake --install /home/ubuntu/rj_training_container/training_ws/build/mineral_deposit_tracking
[158.093s] Level 1:colcon.colcon_core.environment:checking '/home/ubuntu/rj_training_container/training_ws/install/mineral_deposit_tracking' for CMake config files
[158.243s] Level 1:colcon.colcon_core.shell:create_environment_hook('mineral_deposit_tracking', 'cmake_prefix_path')
[158.244s] INFO:colcon.colcon_core.shell:Creating environment hook '/home/ubuntu/rj_training_container/training_ws/install/mineral_deposit_tracking/share/mineral_deposit_tracking/hook/cmake_prefix_path.ps1'
[158.267s] INFO:colcon.colcon_core.shell:Creating environment descriptor '/home/ubuntu/rj_training_container/training_ws/install/mineral_deposit_tracking/share/mineral_deposit_tracking/hook/cmake_prefix_path.dsv'
[158.293s] INFO:colcon.colcon_core.shell:Creating environment hook '/home/ubuntu/rj_training_container/training_ws/install/mineral_deposit_tracking/share/mineral_deposit_tracking/hook/cmake_prefix_path.sh'
[158.323s] Level 1:colcon.colcon_core.environment:checking '/home/ubuntu/rj_training_container/training_ws/install/mineral_deposit_tracking/lib'
[158.330s] Level 1:colcon.colcon_core.shell:create_environment_hook('mineral_deposit_tracking', 'ld_library_path_lib')
[158.331s] INFO:colcon.colcon_core.shell:Creating environment hook '/home/ubuntu/rj_training_container/training_ws/install/mineral_deposit_tracking/share/mineral_deposit_tracking/hook/ld_library_path_lib.ps1'
[158.358s] INFO:colcon.colcon_core.shell:Creating environment descriptor '/home/ubuntu/rj_training_container/training_ws/install/mineral_deposit_tracking/share/mineral_deposit_tracking/hook/ld_library_path_lib.dsv'
[158.383s] INFO:colcon.colcon_core.shell:Creating environment hook '/home/ubuntu/rj_training_container/training_ws/install/mineral_deposit_tracking/share/mineral_deposit_tracking/hook/ld_library_path_lib.sh'
[158.408s] Level 1:colcon.colcon_core.environment:checking '/home/ubuntu/rj_training_container/training_ws/install/mineral_deposit_tracking/bin'
[158.410s] Level 1:colcon.colcon_core.environment:checking '/home/ubuntu/rj_training_container/training_ws/install/mineral_deposit_tracking/lib/pkgconfig/mineral_deposit_tracking.pc'
[158.413s] Level 1:colcon.colcon_core.environment:checking '/home/ubuntu/rj_training_container/training_ws/install/mineral_deposit_tracking/lib/python3.10/site-packages'
[158.416s] Level 1:colcon.colcon_core.environment:checking '/home/ubuntu/rj_training_container/training_ws/install/mineral_deposit_tracking/bin'
[158.419s] INFO:colcon.colcon_core.shell:Creating package script '/home/ubuntu/rj_training_container/training_ws/install/mineral_deposit_tracking/share/mineral_deposit_tracking/package.ps1'
[158.440s] INFO:colcon.colcon_core.shell:Creating package descriptor '/home/ubuntu/rj_training_container/training_ws/install/mineral_deposit_tracking/share/mineral_deposit_tracking/package.dsv'
[158.464s] INFO:colcon.colcon_core.shell:Creating package script '/home/ubuntu/rj_training_container/training_ws/install/mineral_deposit_tracking/share/mineral_deposit_tracking/package.sh'
[158.486s] INFO:colcon.colcon_core.shell:Creating package script '/home/ubuntu/rj_training_container/training_ws/install/mineral_deposit_tracking/share/mineral_deposit_tracking/package.bash'
[158.508s] INFO:colcon.colcon_core.shell:Creating package script '/home/ubuntu/rj_training_container/training_ws/install/mineral_deposit_tracking/share/mineral_deposit_tracking/package.zsh'
[158.528s] Level 1:colcon.colcon_core.environment:create_file_with_runtime_dependencies(/home/ubuntu/rj_training_container/training_ws/install/mineral_deposit_tracking/share/colcon-core/packages/mineral_deposit_tracking)
[158.630s] Level 1:colcon.colcon_core.environment:create_environment_scripts_only(mineral_deposit_tracking)
[158.631s] Level 1:colcon.colcon_core.environment:checking '/home/ubuntu/rj_training_container/training_ws/install/mineral_deposit_tracking' for CMake module files
[158.777s] Level 1:colcon.colcon_core.environment:checking '/home/ubuntu/rj_training_container/training_ws/install/mineral_deposit_tracking' for CMake config files
[158.916s] Level 1:colcon.colcon_core.shell:create_environment_hook('mineral_deposit_tracking', 'cmake_prefix_path')
[158.917s] INFO:colcon.colcon_core.shell:Creating environment hook '/home/ubuntu/rj_training_container/training_ws/install/mineral_deposit_tracking/share/mineral_deposit_tracking/hook/cmake_prefix_path.ps1'
[158.942s] INFO:colcon.colcon_core.shell:Creating environment descriptor '/home/ubuntu/rj_training_container/training_ws/install/mineral_deposit_tracking/share/mineral_deposit_tracking/hook/cmake_prefix_path.dsv'
[158.969s] INFO:colcon.colcon_core.shell:Creating environment hook '/home/ubuntu/rj_training_container/training_ws/install/mineral_deposit_tracking/share/mineral_deposit_tracking/hook/cmake_prefix_path.sh'
[159.000s] Level 1:colcon.colcon_core.environment:checking '/home/ubuntu/rj_training_container/training_ws/install/mineral_deposit_tracking/lib'
[159.007s] Level 1:colcon.colcon_core.shell:create_environment_hook('mineral_deposit_tracking', 'ld_library_path_lib')
[159.008s] INFO:colcon.colcon_core.shell:Creating environment hook '/home/ubuntu/rj_training_container/training_ws/install/mineral_deposit_tracking/share/mineral_deposit_tracking/hook/ld_library_path_lib.ps1'
[159.032s] INFO:colcon.colcon_core.shell:Creating environment descriptor '/home/ubuntu/rj_training_container/training_ws/install/mineral_deposit_tracking/share/mineral_deposit_tracking/hook/ld_library_path_lib.dsv'
[159.058s] INFO:colcon.colcon_core.shell:Creating environment hook '/home/ubuntu/rj_training_container/training_ws/install/mineral_deposit_tracking/share/mineral_deposit_tracking/hook/ld_library_path_lib.sh'
[159.086s] Level 1:colcon.colcon_core.environment:checking '/home/ubuntu/rj_training_container/training_ws/install/mineral_deposit_tracking/bin'
[159.088s] Level 1:colcon.colcon_core.environment:checking '/home/ubuntu/rj_training_container/training_ws/install/mineral_deposit_tracking/lib/pkgconfig/mineral_deposit_tracking.pc'
[159.093s] Level 1:colcon.colcon_core.environment:checking '/home/ubuntu/rj_training_container/training_ws/install/mineral_deposit_tracking/lib/python3.10/site-packages'
[159.097s] Level 1:colcon.colcon_core.environment:checking '/home/ubuntu/rj_training_container/training_ws/install/mineral_deposit_tracking/bin'
[159.099s] INFO:colcon.colcon_core.shell:Creating package script '/home/ubuntu/rj_training_container/training_ws/install/mineral_deposit_tracking/share/mineral_deposit_tracking/package.ps1'
[159.119s] INFO:colcon.colcon_core.shell:Creating package descriptor '/home/ubuntu/rj_training_container/training_ws/install/mineral_deposit_tracking/share/mineral_deposit_tracking/package.dsv'
[159.140s] INFO:colcon.colcon_core.shell:Creating package script '/home/ubuntu/rj_training_container/training_ws/install/mineral_deposit_tracking/share/mineral_deposit_tracking/package.sh'
[159.162s] INFO:colcon.colcon_core.shell:Creating package script '/home/ubuntu/rj_training_container/training_ws/install/mineral_deposit_tracking/share/mineral_deposit_tracking/package.bash'
[159.183s] INFO:colcon.colcon_core.shell:Creating package script '/home/ubuntu/rj_training_container/training_ws/install/mineral_deposit_tracking/share/mineral_deposit_tracking/package.zsh'
[159.206s] Level 1:colcon.colcon_core.environment:create_file_with_runtime_dependencies(/home/ubuntu/rj_training_container/training_ws/install/mineral_deposit_tracking/share/colcon-core/packages/mineral_deposit_tracking)
[160.199s] DEBUG:colcon.colcon_core.event_handler.log_command:Invoked command in '/home/ubuntu/rj_training_container/training_ws/build/mineral_deposit_detection' returned '0': AMENT_PREFIX_PATH=/home/ubuntu/rj_training_container/training_ws/install/stsl_interfaces:${AMENT_PREFIX_PATH} CMAKE_PREFIX_PATH=/home/ubuntu/rj_training_container/training_ws/install/stsl_interfaces:/opt/ros/humble LD_LIBRARY_PATH=/home/ubuntu/rj_training_container/training_ws/install/stsl_interfaces/lib:${LD_LIBRARY_PATH} PYTHONPATH=/home/ubuntu/rj_training_container/training_ws/install/stsl_interfaces/local/lib/python3.10/dist-packages:${PYTHONPATH} /usr/bin/cmake --build /home/ubuntu/rj_training_container/training_ws/build/mineral_deposit_detection -- -j16 -l16
[160.291s] DEBUG:colcon.colcon_core.event_handler.log_command:Invoking command in '/home/ubuntu/rj_training_container/training_ws/build/mineral_deposit_detection': AMENT_PREFIX_PATH=/home/ubuntu/rj_training_container/training_ws/install/stsl_interfaces:${AMENT_PREFIX_PATH} CMAKE_PREFIX_PATH=/home/ubuntu/rj_training_container/training_ws/install/stsl_interfaces:/opt/ros/humble LD_LIBRARY_PATH=/home/ubuntu/rj_training_container/training_ws/install/stsl_interfaces/lib:${LD_LIBRARY_PATH} PYTHONPATH=/home/ubuntu/rj_training_container/training_ws/install/stsl_interfaces/local/lib/python3.10/dist-packages:${PYTHONPATH} /usr/bin/cmake --install /home/ubuntu/rj_training_container/training_ws/build/mineral_deposit_detection
[160.349s] DEBUG:colcon.colcon_core.event_handler.log_command:Invoked command in '/home/ubuntu/rj_training_container/training_ws/build/localization' returned '0': AMENT_PREFIX_PATH=/home/ubuntu/rj_training_container/training_ws/install/stsl_interfaces:${AMENT_PREFIX_PATH} CMAKE_PREFIX_PATH=/home/ubuntu/rj_training_container/training_ws/install/stsl_interfaces:/opt/ros/humble LD_LIBRARY_PATH=/home/ubuntu/rj_training_container/training_ws/install/stsl_interfaces/lib:${LD_LIBRARY_PATH} PYTHONPATH=/home/ubuntu/rj_training_container/training_ws/install/stsl_interfaces/local/lib/python3.10/dist-packages:${PYTHONPATH} /usr/bin/cmake --build /home/ubuntu/rj_training_container/training_ws/build/localization -- -j16 -l16
[160.464s] DEBUG:colcon.colcon_core.event_handler.log_command:Invoking command in '/home/ubuntu/rj_training_container/training_ws/build/localization': AMENT_PREFIX_PATH=/home/ubuntu/rj_training_container/training_ws/install/stsl_interfaces:${AMENT_PREFIX_PATH} CMAKE_PREFIX_PATH=/home/ubuntu/rj_training_container/training_ws/install/stsl_interfaces:/opt/ros/humble LD_LIBRARY_PATH=/home/ubuntu/rj_training_container/training_ws/install/stsl_interfaces/lib:${LD_LIBRARY_PATH} PYTHONPATH=/home/ubuntu/rj_training_container/training_ws/install/stsl_interfaces/local/lib/python3.10/dist-packages:${PYTHONPATH} /usr/bin/cmake --install /home/ubuntu/rj_training_container/training_ws/build/localization
[160.497s] Level 1:colcon.colcon_core.environment:create_environment_scripts_only(stsl_bt_nodes)
[160.498s] Level 1:colcon.colcon_core.environment:checking '/home/ubuntu/rj_training_container/training_ws/install/stsl_bt_nodes' for CMake module files
[160.500s] DEBUG:colcon.colcon_core.event_handler.log_command:Invoked command in '/home/ubuntu/rj_training_container/training_ws/build/stsl_bt_nodes' returned '0': AMENT_PREFIX_PATH=/home/ubuntu/rj_training_container/training_ws/install/stsl_interfaces:${AMENT_PREFIX_PATH} CMAKE_PREFIX_PATH=/home/ubuntu/rj_training_container/training_ws/install/stsl_interfaces:/opt/ros/humble LD_LIBRARY_PATH=/home/ubuntu/rj_training_container/training_ws/install/stsl_interfaces/lib:${LD_LIBRARY_PATH} PYTHONPATH=/home/ubuntu/rj_training_container/training_ws/install/stsl_interfaces/local/lib/python3.10/dist-packages:${PYTHONPATH} /usr/bin/cmake --install /home/ubuntu/rj_training_container/training_ws/build/stsl_bt_nodes
[160.633s] Level 1:colcon.colcon_core.environment:checking '/home/ubuntu/rj_training_container/training_ws/install/stsl_bt_nodes' for CMake config files
[160.722s] Level 1:colcon.colcon_core.shell:create_environment_hook('stsl_bt_nodes', 'cmake_prefix_path')
[160.723s] INFO:colcon.colcon_core.shell:Creating environment hook '/home/ubuntu/rj_training_container/training_ws/install/stsl_bt_nodes/share/stsl_bt_nodes/hook/cmake_prefix_path.ps1'
[160.743s] INFO:colcon.colcon_core.shell:Creating environment descriptor '/home/ubuntu/rj_training_container/training_ws/install/stsl_bt_nodes/share/stsl_bt_nodes/hook/cmake_prefix_path.dsv'
[160.766s] INFO:colcon.colcon_core.shell:Creating environment hook '/home/ubuntu/rj_training_container/training_ws/install/stsl_bt_nodes/share/stsl_bt_nodes/hook/cmake_prefix_path.sh'
[160.797s] Level 1:colcon.colcon_core.environment:checking '/home/ubuntu/rj_training_container/training_ws/install/stsl_bt_nodes/lib'
[160.803s] Level 1:colcon.colcon_core.shell:create_environment_hook('stsl_bt_nodes', 'ld_library_path_lib')
[160.804s] INFO:colcon.colcon_core.shell:Creating environment hook '/home/ubuntu/rj_training_container/training_ws/install/stsl_bt_nodes/share/stsl_bt_nodes/hook/ld_library_path_lib.ps1'
[160.829s] INFO:colcon.colcon_core.shell:Creating environment descriptor '/home/ubuntu/rj_training_container/training_ws/install/stsl_bt_nodes/share/stsl_bt_nodes/hook/ld_library_path_lib.dsv'
[160.851s] INFO:colcon.colcon_core.shell:Creating environment hook '/home/ubuntu/rj_training_container/training_ws/install/stsl_bt_nodes/share/stsl_bt_nodes/hook/ld_library_path_lib.sh'
[160.875s] Level 1:colcon.colcon_core.environment:checking '/home/ubuntu/rj_training_container/training_ws/install/stsl_bt_nodes/bin'
[160.877s] Level 1:colcon.colcon_core.environment:checking '/home/ubuntu/rj_training_container/training_ws/install/stsl_bt_nodes/lib/pkgconfig/stsl_bt_nodes.pc'
[160.880s] Level 1:colcon.colcon_core.environment:checking '/home/ubuntu/rj_training_container/training_ws/install/stsl_bt_nodes/lib/python3.10/site-packages'
[160.883s] Level 1:colcon.colcon_core.environment:checking '/home/ubuntu/rj_training_container/training_ws/install/stsl_bt_nodes/bin'
[160.885s] INFO:colcon.colcon_core.shell:Creating package script '/home/ubuntu/rj_training_container/training_ws/install/stsl_bt_nodes/share/stsl_bt_nodes/package.ps1'
[160.905s] INFO:colcon.colcon_core.shell:Creating package descriptor '/home/ubuntu/rj_training_container/training_ws/install/stsl_bt_nodes/share/stsl_bt_nodes/package.dsv'
[160.926s] INFO:colcon.colcon_core.shell:Creating package script '/home/ubuntu/rj_training_container/training_ws/install/stsl_bt_nodes/share/stsl_bt_nodes/package.sh'
[160.944s] INFO:colcon.colcon_core.shell:Creating package script '/home/ubuntu/rj_training_container/training_ws/install/stsl_bt_nodes/share/stsl_bt_nodes/package.bash'
[160.962s] INFO:colcon.colcon_core.shell:Creating package script '/home/ubuntu/rj_training_container/training_ws/install/stsl_bt_nodes/share/stsl_bt_nodes/package.zsh'
[160.984s] Level 1:colcon.colcon_core.environment:create_file_with_runtime_dependencies(/home/ubuntu/rj_training_container/training_ws/install/stsl_bt_nodes/share/colcon-core/packages/stsl_bt_nodes)
[161.109s] Level 1:colcon.colcon_core.environment:create_environment_scripts_only(stsl_bt_nodes)
[161.109s] Level 1:colcon.colcon_core.environment:checking '/home/ubuntu/rj_training_container/training_ws/install/stsl_bt_nodes' for CMake module files
[161.257s] Level 1:colcon.colcon_core.environment:checking '/home/ubuntu/rj_training_container/training_ws/install/stsl_bt_nodes' for CMake config files
[161.361s] Level 1:colcon.colcon_core.shell:create_environment_hook('stsl_bt_nodes', 'cmake_prefix_path')
[161.362s] INFO:colcon.colcon_core.shell:Creating environment hook '/home/ubuntu/rj_training_container/training_ws/install/stsl_bt_nodes/share/stsl_bt_nodes/hook/cmake_prefix_path.ps1'
[161.384s] INFO:colcon.colcon_core.shell:Creating environment descriptor '/home/ubuntu/rj_training_container/training_ws/install/stsl_bt_nodes/share/stsl_bt_nodes/hook/cmake_prefix_path.dsv'
[161.408s] INFO:colcon.colcon_core.shell:Creating environment hook '/home/ubuntu/rj_training_container/training_ws/install/stsl_bt_nodes/share/stsl_bt_nodes/hook/cmake_prefix_path.sh'
[161.435s] Level 1:colcon.colcon_core.environment:checking '/home/ubuntu/rj_training_container/training_ws/install/stsl_bt_nodes/lib'
[161.442s] Level 1:colcon.colcon_core.shell:create_environment_hook('stsl_bt_nodes', 'ld_library_path_lib')
[161.442s] INFO:colcon.colcon_core.shell:Creating environment hook '/home/ubuntu/rj_training_container/training_ws/install/stsl_bt_nodes/share/stsl_bt_nodes/hook/ld_library_path_lib.ps1'
[161.464s] INFO:colcon.colcon_core.shell:Creating environment descriptor '/home/ubuntu/rj_training_container/training_ws/install/stsl_bt_nodes/share/stsl_bt_nodes/hook/ld_library_path_lib.dsv'
[161.490s] INFO:colcon.colcon_core.shell:Creating environment hook '/home/ubuntu/rj_training_container/training_ws/install/stsl_bt_nodes/share/stsl_bt_nodes/hook/ld_library_path_lib.sh'
[161.514s] Level 1:colcon.colcon_core.environment:checking '/home/ubuntu/rj_training_container/training_ws/install/stsl_bt_nodes/bin'
[161.515s] Level 1:colcon.colcon_core.environment:checking '/home/ubuntu/rj_training_container/training_ws/install/stsl_bt_nodes/lib/pkgconfig/stsl_bt_nodes.pc'
[161.518s] Level 1:colcon.colcon_core.environment:checking '/home/ubuntu/rj_training_container/training_ws/install/stsl_bt_nodes/lib/python3.10/site-packages'
[161.520s] Level 1:colcon.colcon_core.environment:checking '/home/ubuntu/rj_training_container/training_ws/install/stsl_bt_nodes/bin'
[161.523s] INFO:colcon.colcon_core.shell:Creating package script '/home/ubuntu/rj_training_container/training_ws/install/stsl_bt_nodes/share/stsl_bt_nodes/package.ps1'
[161.541s] INFO:colcon.colcon_core.shell:Creating package descriptor '/home/ubuntu/rj_training_container/training_ws/install/stsl_bt_nodes/share/stsl_bt_nodes/package.dsv'
[161.559s] INFO:colcon.colcon_core.shell:Creating package script '/home/ubuntu/rj_training_container/training_ws/install/stsl_bt_nodes/share/stsl_bt_nodes/package.sh'
[161.578s] INFO:colcon.colcon_core.shell:Creating package script '/home/ubuntu/rj_training_container/training_ws/install/stsl_bt_nodes/share/stsl_bt_nodes/package.bash'
[161.598s] INFO:colcon.colcon_core.shell:Creating package script '/home/ubuntu/rj_training_container/training_ws/install/stsl_bt_nodes/share/stsl_bt_nodes/package.zsh'
[161.616s] Level 1:colcon.colcon_core.environment:create_file_with_runtime_dependencies(/home/ubuntu/rj_training_container/training_ws/install/stsl_bt_nodes/share/colcon-core/packages/stsl_bt_nodes)
[161.631s] INFO:colcon.colcon_ros.task.ament_cmake.build:Building ROS package in '/home/ubuntu/rj_training_container/training_ws/src/stsl/mission_orchestration' with build type 'ament_cmake'
[161.632s] INFO:colcon.colcon_cmake.task.cmake.build:Building CMake package in '/home/ubuntu/rj_training_container/training_ws/src/stsl/mission_orchestration'
[161.633s] INFO:colcon.colcon_core.shell:Skip shell extension 'powershell' for command environment: Not usable outside of PowerShell
[161.633s] DEBUG:colcon.colcon_core.shell:Skip shell extension 'dsv' for command environment
[161.747s] DEBUG:colcon.colcon_core.event_handler.log_command:Invoked command in '/home/ubuntu/rj_training_container/training_ws/build/stsl_aruco_tags' returned '0': AMENT_PREFIX_PATH=/home/ubuntu/rj_training_container/training_ws/install/stsl_interfaces:${AMENT_PREFIX_PATH} CMAKE_PREFIX_PATH=/home/ubuntu/rj_training_container/training_ws/install/stsl_interfaces:/opt/ros/humble LD_LIBRARY_PATH=/home/ubuntu/rj_training_container/training_ws/install/stsl_interfaces/lib:${LD_LIBRARY_PATH} PYTHONPATH=/home/ubuntu/rj_training_container/training_ws/install/stsl_interfaces/local/lib/python3.10/dist-packages:${PYTHONPATH} /usr/bin/cmake --build /home/ubuntu/rj_training_container/training_ws/build/stsl_aruco_tags -- -j16 -l16
[161.867s] DEBUG:colcon.colcon_core.event_handler.log_command:Invoking command in '/home/ubuntu/rj_training_container/training_ws/build/stsl_aruco_tags': AMENT_PREFIX_PATH=/home/ubuntu/rj_training_container/training_ws/install/stsl_interfaces:${AMENT_PREFIX_PATH} CMAKE_PREFIX_PATH=/home/ubuntu/rj_training_container/training_ws/install/stsl_interfaces:/opt/ros/humble LD_LIBRARY_PATH=/home/ubuntu/rj_training_container/training_ws/install/stsl_interfaces/lib:${LD_LIBRARY_PATH} PYTHONPATH=/home/ubuntu/rj_training_container/training_ws/install/stsl_interfaces/local/lib/python3.10/dist-packages:${PYTHONPATH} /usr/bin/cmake --install /home/ubuntu/rj_training_container/training_ws/build/stsl_aruco_tags
[161.975s] DEBUG:colcon.colcon_core.event_handler.log_command:Invoking command in '/home/ubuntu/rj_training_container/training_ws/build/mission_orchestration': AMENT_PREFIX_PATH=/home/ubuntu/rj_training_container/training_ws/install/stsl_bt_nodes:/home/ubuntu/rj_training_container/training_ws/install/stsl_interfaces:${AMENT_PREFIX_PATH} CMAKE_PREFIX_PATH=/home/ubuntu/rj_training_container/training_ws/install/stsl_bt_nodes:/home/ubuntu/rj_training_container/training_ws/install/stsl_interfaces:/opt/ros/humble LD_LIBRARY_PATH=/home/ubuntu/rj_training_container/training_ws/install/stsl_bt_nodes/lib:/home/ubuntu/rj_training_container/training_ws/install/stsl_interfaces/lib:${LD_LIBRARY_PATH} PYTHONPATH=/home/ubuntu/rj_training_container/training_ws/install/stsl_interfaces/local/lib/python3.10/dist-packages:${PYTHONPATH} /usr/bin/cmake /home/ubuntu/rj_training_container/training_ws/src/stsl/mission_orchestration -DCMAKE_INSTALL_PREFIX=/home/ubuntu/rj_training_container/training_ws/install/mission_orchestration
[163.647s] Level 1:colcon.colcon_core.environment:create_environment_scripts_only(mineral_deposit_detection)
[163.648s] Level 1:colcon.colcon_core.environment:checking '/home/ubuntu/rj_training_container/training_ws/install/mineral_deposit_detection' for CMake module files
[163.649s] DEBUG:colcon.colcon_core.event_handler.log_command:Invoked command in '/home/ubuntu/rj_training_container/training_ws/build/mineral_deposit_detection' returned '0': AMENT_PREFIX_PATH=/home/ubuntu/rj_training_container/training_ws/install/stsl_interfaces:${AMENT_PREFIX_PATH} CMAKE_PREFIX_PATH=/home/ubuntu/rj_training_container/training_ws/install/stsl_interfaces:/opt/ros/humble LD_LIBRARY_PATH=/home/ubuntu/rj_training_container/training_ws/install/stsl_interfaces/lib:${LD_LIBRARY_PATH} PYTHONPATH=/home/ubuntu/rj_training_container/training_ws/install/stsl_interfaces/local/lib/python3.10/dist-packages:${PYTHONPATH} /usr/bin/cmake --install /home/ubuntu/rj_training_container/training_ws/build/mineral_deposit_detection
[163.763s] Level 1:colcon.colcon_core.environment:checking '/home/ubuntu/rj_training_container/training_ws/install/mineral_deposit_detection' for CMake config files
[163.873s] Level 1:colcon.colcon_core.shell:create_environment_hook('mineral_deposit_detection', 'cmake_prefix_path')
[163.874s] INFO:colcon.colcon_core.shell:Creating environment hook '/home/ubuntu/rj_training_container/training_ws/install/mineral_deposit_detection/share/mineral_deposit_detection/hook/cmake_prefix_path.ps1'
[163.893s] INFO:colcon.colcon_core.shell:Creating environment descriptor '/home/ubuntu/rj_training_container/training_ws/install/mineral_deposit_detection/share/mineral_deposit_detection/hook/cmake_prefix_path.dsv'
[163.919s] INFO:colcon.colcon_core.shell:Creating environment hook '/home/ubuntu/rj_training_container/training_ws/install/mineral_deposit_detection/share/mineral_deposit_detection/hook/cmake_prefix_path.sh'
[163.947s] Level 1:colcon.colcon_core.environment:checking '/home/ubuntu/rj_training_container/training_ws/install/mineral_deposit_detection/lib'
[163.953s] Level 1:colcon.colcon_core.shell:create_environment_hook('mineral_deposit_detection', 'ld_library_path_lib')
[163.954s] INFO:colcon.colcon_core.shell:Creating environment hook '/home/ubuntu/rj_training_container/training_ws/install/mineral_deposit_detection/share/mineral_deposit_detection/hook/ld_library_path_lib.ps1'
[163.976s] INFO:colcon.colcon_core.shell:Creating environment descriptor '/home/ubuntu/rj_training_container/training_ws/install/mineral_deposit_detection/share/mineral_deposit_detection/hook/ld_library_path_lib.dsv'
[164.000s] INFO:colcon.colcon_core.shell:Creating environment hook '/home/ubuntu/rj_training_container/training_ws/install/mineral_deposit_detection/share/mineral_deposit_detection/hook/ld_library_path_lib.sh'
[164.021s] Level 1:colcon.colcon_core.environment:checking '/home/ubuntu/rj_training_container/training_ws/install/mineral_deposit_detection/bin'
[164.023s] Level 1:colcon.colcon_core.environment:checking '/home/ubuntu/rj_training_container/training_ws/install/mineral_deposit_detection/lib/pkgconfig/mineral_deposit_detection.pc'
[164.026s] Level 1:colcon.colcon_core.environment:checking '/home/ubuntu/rj_training_container/training_ws/install/mineral_deposit_detection/lib/python3.10/site-packages'
[164.029s] Level 1:colcon.colcon_core.environment:checking '/home/ubuntu/rj_training_container/training_ws/install/mineral_deposit_detection/bin'
[164.031s] INFO:colcon.colcon_core.shell:Creating package script '/home/ubuntu/rj_training_container/training_ws/install/mineral_deposit_detection/share/mineral_deposit_detection/package.ps1'
[164.048s] INFO:colcon.colcon_core.shell:Creating package descriptor '/home/ubuntu/rj_training_container/training_ws/install/mineral_deposit_detection/share/mineral_deposit_detection/package.dsv'
[164.068s] INFO:colcon.colcon_core.shell:Creating package script '/home/ubuntu/rj_training_container/training_ws/install/mineral_deposit_detection/share/mineral_deposit_detection/package.sh'
[164.086s] INFO:colcon.colcon_core.shell:Creating package script '/home/ubuntu/rj_training_container/training_ws/install/mineral_deposit_detection/share/mineral_deposit_detection/package.bash'
[164.105s] INFO:colcon.colcon_core.shell:Creating package script '/home/ubuntu/rj_training_container/training_ws/install/mineral_deposit_detection/share/mineral_deposit_detection/package.zsh'
[164.122s] Level 1:colcon.colcon_core.environment:create_file_with_runtime_dependencies(/home/ubuntu/rj_training_container/training_ws/install/mineral_deposit_detection/share/colcon-core/packages/mineral_deposit_detection)
[164.220s] Level 1:colcon.colcon_core.environment:create_environment_scripts_only(mineral_deposit_detection)
[164.221s] Level 1:colcon.colcon_core.environment:checking '/home/ubuntu/rj_training_container/training_ws/install/mineral_deposit_detection' for CMake module files
[164.363s] Level 1:colcon.colcon_core.environment:checking '/home/ubuntu/rj_training_container/training_ws/install/mineral_deposit_detection' for CMake config files
[164.485s] Level 1:colcon.colcon_core.shell:create_environment_hook('mineral_deposit_detection', 'cmake_prefix_path')
[164.486s] INFO:colcon.colcon_core.shell:Creating environment hook '/home/ubuntu/rj_training_container/training_ws/install/mineral_deposit_detection/share/mineral_deposit_detection/hook/cmake_prefix_path.ps1'
[164.508s] INFO:colcon.colcon_core.shell:Creating environment descriptor '/home/ubuntu/rj_training_container/training_ws/install/mineral_deposit_detection/share/mineral_deposit_detection/hook/cmake_prefix_path.dsv'
[164.531s] INFO:colcon.colcon_core.shell:Creating environment hook '/home/ubuntu/rj_training_container/training_ws/install/mineral_deposit_detection/share/mineral_deposit_detection/hook/cmake_prefix_path.sh'
[164.563s] Level 1:colcon.colcon_core.environment:checking '/home/ubuntu/rj_training_container/training_ws/install/mineral_deposit_detection/lib'
[164.571s] Level 1:colcon.colcon_core.shell:create_environment_hook('mineral_deposit_detection', 'ld_library_path_lib')
[164.572s] INFO:colcon.colcon_core.shell:Creating environment hook '/home/ubuntu/rj_training_container/training_ws/install/mineral_deposit_detection/share/mineral_deposit_detection/hook/ld_library_path_lib.ps1'
[164.596s] INFO:colcon.colcon_core.shell:Creating environment descriptor '/home/ubuntu/rj_training_container/training_ws/install/mineral_deposit_detection/share/mineral_deposit_detection/hook/ld_library_path_lib.dsv'
[164.621s] INFO:colcon.colcon_core.shell:Creating environment hook '/home/ubuntu/rj_training_container/training_ws/install/mineral_deposit_detection/share/mineral_deposit_detection/hook/ld_library_path_lib.sh'
[164.644s] Level 1:colcon.colcon_core.environment:checking '/home/ubuntu/rj_training_container/training_ws/install/mineral_deposit_detection/bin'
[164.645s] Level 1:colcon.colcon_core.environment:checking '/home/ubuntu/rj_training_container/training_ws/install/mineral_deposit_detection/lib/pkgconfig/mineral_deposit_detection.pc'
[164.648s] Level 1:colcon.colcon_core.environment:checking '/home/ubuntu/rj_training_container/training_ws/install/mineral_deposit_detection/lib/python3.10/site-packages'
[164.651s] Level 1:colcon.colcon_core.environment:checking '/home/ubuntu/rj_training_container/training_ws/install/mineral_deposit_detection/bin'
[164.653s] INFO:colcon.colcon_core.shell:Creating package script '/home/ubuntu/rj_training_container/training_ws/install/mineral_deposit_detection/share/mineral_deposit_detection/package.ps1'
[164.673s] INFO:colcon.colcon_core.shell:Creating package descriptor '/home/ubuntu/rj_training_container/training_ws/install/mineral_deposit_detection/share/mineral_deposit_detection/package.dsv'
[164.693s] INFO:colcon.colcon_core.shell:Creating package script '/home/ubuntu/rj_training_container/training_ws/install/mineral_deposit_detection/share/mineral_deposit_detection/package.sh'
[164.712s] INFO:colcon.colcon_core.shell:Creating package script '/home/ubuntu/rj_training_container/training_ws/install/mineral_deposit_detection/share/mineral_deposit_detection/package.bash'
[164.731s] INFO:colcon.colcon_core.shell:Creating package script '/home/ubuntu/rj_training_container/training_ws/install/mineral_deposit_detection/share/mineral_deposit_detection/package.zsh'
[164.752s] Level 1:colcon.colcon_core.environment:create_file_with_runtime_dependencies(/home/ubuntu/rj_training_container/training_ws/install/mineral_deposit_detection/share/colcon-core/packages/mineral_deposit_detection)
[164.769s] Level 1:colcon.colcon_core.environment:create_environment_scripts_only(localization)
[164.770s] Level 1:colcon.colcon_core.environment:checking '/home/ubuntu/rj_training_container/training_ws/install/localization' for CMake module files
[164.784s] DEBUG:colcon.colcon_core.event_handler.log_command:Invoked command in '/home/ubuntu/rj_training_container/training_ws/build/localization' returned '0': AMENT_PREFIX_PATH=/home/ubuntu/rj_training_container/training_ws/install/stsl_interfaces:${AMENT_PREFIX_PATH} CMAKE_PREFIX_PATH=/home/ubuntu/rj_training_container/training_ws/install/stsl_interfaces:/opt/ros/humble LD_LIBRARY_PATH=/home/ubuntu/rj_training_container/training_ws/install/stsl_interfaces/lib:${LD_LIBRARY_PATH} PYTHONPATH=/home/ubuntu/rj_training_container/training_ws/install/stsl_interfaces/local/lib/python3.10/dist-packages:${PYTHONPATH} /usr/bin/cmake --install /home/ubuntu/rj_training_container/training_ws/build/localization
[164.907s] Level 1:colcon.colcon_core.environment:checking '/home/ubuntu/rj_training_container/training_ws/install/localization' for CMake config files
[165.025s] Level 1:colcon.colcon_core.shell:create_environment_hook('localization', 'cmake_prefix_path')
[165.026s] INFO:colcon.colcon_core.shell:Creating environment hook '/home/ubuntu/rj_training_container/training_ws/install/localization/share/localization/hook/cmake_prefix_path.ps1'
[165.044s] INFO:colcon.colcon_core.shell:Creating environment descriptor '/home/ubuntu/rj_training_container/training_ws/install/localization/share/localization/hook/cmake_prefix_path.dsv'
[165.065s] INFO:colcon.colcon_core.shell:Creating environment hook '/home/ubuntu/rj_training_container/training_ws/install/localization/share/localization/hook/cmake_prefix_path.sh'
[165.089s] Level 1:colcon.colcon_core.environment:checking '/home/ubuntu/rj_training_container/training_ws/install/localization/lib'
[165.095s] Level 1:colcon.colcon_core.shell:create_environment_hook('localization', 'ld_library_path_lib')
[165.095s] INFO:colcon.colcon_core.shell:Creating environment hook '/home/ubuntu/rj_training_container/training_ws/install/localization/share/localization/hook/ld_library_path_lib.ps1'
[165.115s] INFO:colcon.colcon_core.shell:Creating environment descriptor '/home/ubuntu/rj_training_container/training_ws/install/localization/share/localization/hook/ld_library_path_lib.dsv'
[165.133s] INFO:colcon.colcon_core.shell:Creating environment hook '/home/ubuntu/rj_training_container/training_ws/install/localization/share/localization/hook/ld_library_path_lib.sh'
[165.152s] Level 1:colcon.colcon_core.environment:checking '/home/ubuntu/rj_training_container/training_ws/install/localization/bin'
[165.153s] Level 1:colcon.colcon_core.environment:checking '/home/ubuntu/rj_training_container/training_ws/install/localization/lib/pkgconfig/localization.pc'
[165.156s] Level 1:colcon.colcon_core.environment:checking '/home/ubuntu/rj_training_container/training_ws/install/localization/lib/python3.10/site-packages'
[165.159s] Level 1:colcon.colcon_core.environment:checking '/home/ubuntu/rj_training_container/training_ws/install/localization/bin'
[165.161s] INFO:colcon.colcon_core.shell:Creating package script '/home/ubuntu/rj_training_container/training_ws/install/localization/share/localization/package.ps1'
[165.177s] INFO:colcon.colcon_core.shell:Creating package descriptor '/home/ubuntu/rj_training_container/training_ws/install/localization/share/localization/package.dsv'
[165.194s] INFO:colcon.colcon_core.shell:Creating package script '/home/ubuntu/rj_training_container/training_ws/install/localization/share/localization/package.sh'
[165.211s] INFO:colcon.colcon_core.shell:Creating package script '/home/ubuntu/rj_training_container/training_ws/install/localization/share/localization/package.bash'
[165.228s] INFO:colcon.colcon_core.shell:Creating package script '/home/ubuntu/rj_training_container/training_ws/install/localization/share/localization/package.zsh'
[165.244s] Level 1:colcon.colcon_core.environment:create_file_with_runtime_dependencies(/home/ubuntu/rj_training_container/training_ws/install/localization/share/colcon-core/packages/localization)
[165.346s] Level 1:colcon.colcon_core.environment:create_environment_scripts_only(localization)
[165.347s] Level 1:colcon.colcon_core.environment:checking '/home/ubuntu/rj_training_container/training_ws/install/localization' for CMake module files
[165.476s] Level 1:colcon.colcon_core.environment:checking '/home/ubuntu/rj_training_container/training_ws/install/localization' for CMake config files
[165.595s] Level 1:colcon.colcon_core.shell:create_environment_hook('localization', 'cmake_prefix_path')
[165.595s] INFO:colcon.colcon_core.shell:Creating environment hook '/home/ubuntu/rj_training_container/training_ws/install/localization/share/localization/hook/cmake_prefix_path.ps1'
[165.619s] INFO:colcon.colcon_core.shell:Creating environment descriptor '/home/ubuntu/rj_training_container/training_ws/install/localization/share/localization/hook/cmake_prefix_path.dsv'
[165.640s] INFO:colcon.colcon_core.shell:Creating environment hook '/home/ubuntu/rj_training_container/training_ws/install/localization/share/localization/hook/cmake_prefix_path.sh'
[165.664s] Level 1:colcon.colcon_core.environment:checking '/home/ubuntu/rj_training_container/training_ws/install/localization/lib'
[165.671s] Level 1:colcon.colcon_core.shell:create_environment_hook('localization', 'ld_library_path_lib')
[165.672s] INFO:colcon.colcon_core.shell:Creating environment hook '/home/ubuntu/rj_training_container/training_ws/install/localization/share/localization/hook/ld_library_path_lib.ps1'
[165.695s] INFO:colcon.colcon_core.shell:Creating environment descriptor '/home/ubuntu/rj_training_container/training_ws/install/localization/share/localization/hook/ld_library_path_lib.dsv'
[165.720s] INFO:colcon.colcon_core.shell:Creating environment hook '/home/ubuntu/rj_training_container/training_ws/install/localization/share/localization/hook/ld_library_path_lib.sh'
[165.745s] Level 1:colcon.colcon_core.environment:checking '/home/ubuntu/rj_training_container/training_ws/install/localization/bin'
[165.746s] Level 1:colcon.colcon_core.environment:checking '/home/ubuntu/rj_training_container/training_ws/install/localization/lib/pkgconfig/localization.pc'
[165.749s] Level 1:colcon.colcon_core.environment:checking '/home/ubuntu/rj_training_container/training_ws/install/localization/lib/python3.10/site-packages'
[165.753s] Level 1:colcon.colcon_core.environment:checking '/home/ubuntu/rj_training_container/training_ws/install/localization/bin'
[165.755s] INFO:colcon.colcon_core.shell:Creating package script '/home/ubuntu/rj_training_container/training_ws/install/localization/share/localization/package.ps1'
[165.775s] INFO:colcon.colcon_core.shell:Creating package descriptor '/home/ubuntu/rj_training_container/training_ws/install/localization/share/localization/package.dsv'
[165.796s] INFO:colcon.colcon_core.shell:Creating package script '/home/ubuntu/rj_training_container/training_ws/install/localization/share/localization/package.sh'
[165.816s] INFO:colcon.colcon_core.shell:Creating package script '/home/ubuntu/rj_training_container/training_ws/install/localization/share/localization/package.bash'
[165.838s] INFO:colcon.colcon_core.shell:Creating package script '/home/ubuntu/rj_training_container/training_ws/install/localization/share/localization/package.zsh'
[165.858s] Level 1:colcon.colcon_core.environment:create_file_with_runtime_dependencies(/home/ubuntu/rj_training_container/training_ws/install/localization/share/colcon-core/packages/localization)
[166.207s] Level 1:colcon.colcon_core.environment:create_environment_scripts_only(stsl_aruco_tags)
[166.208s] Level 1:colcon.colcon_core.environment:checking '/home/ubuntu/rj_training_container/training_ws/install/stsl_aruco_tags' for CMake module files
[166.209s] DEBUG:colcon.colcon_core.event_handler.log_command:Invoked command in '/home/ubuntu/rj_training_container/training_ws/build/stsl_aruco_tags' returned '0': AMENT_PREFIX_PATH=/home/ubuntu/rj_training_container/training_ws/install/stsl_interfaces:${AMENT_PREFIX_PATH} CMAKE_PREFIX_PATH=/home/ubuntu/rj_training_container/training_ws/install/stsl_interfaces:/opt/ros/humble LD_LIBRARY_PATH=/home/ubuntu/rj_training_container/training_ws/install/stsl_interfaces/lib:${LD_LIBRARY_PATH} PYTHONPATH=/home/ubuntu/rj_training_container/training_ws/install/stsl_interfaces/local/lib/python3.10/dist-packages:${PYTHONPATH} /usr/bin/cmake --install /home/ubuntu/rj_training_container/training_ws/build/stsl_aruco_tags
[166.345s] Level 1:colcon.colcon_core.environment:checking '/home/ubuntu/rj_training_container/training_ws/install/stsl_aruco_tags' for CMake config files
[166.430s] Level 1:colcon.colcon_core.shell:create_environment_hook('stsl_aruco_tags', 'cmake_prefix_path')
[166.431s] INFO:colcon.colcon_core.shell:Creating environment hook '/home/ubuntu/rj_training_container/training_ws/install/stsl_aruco_tags/share/stsl_aruco_tags/hook/cmake_prefix_path.ps1'
[166.447s] INFO:colcon.colcon_core.shell:Creating environment descriptor '/home/ubuntu/rj_training_container/training_ws/install/stsl_aruco_tags/share/stsl_aruco_tags/hook/cmake_prefix_path.dsv'
[166.465s] INFO:colcon.colcon_core.shell:Creating environment hook '/home/ubuntu/rj_training_container/training_ws/install/stsl_aruco_tags/share/stsl_aruco_tags/hook/cmake_prefix_path.sh'
[166.492s] Level 1:colcon.colcon_core.environment:checking '/home/ubuntu/rj_training_container/training_ws/install/stsl_aruco_tags/lib'
[166.498s] Level 1:colcon.colcon_core.shell:create_environment_hook('stsl_aruco_tags', 'ld_library_path_lib')
[166.499s] INFO:colcon.colcon_core.shell:Creating environment hook '/home/ubuntu/rj_training_container/training_ws/install/stsl_aruco_tags/share/stsl_aruco_tags/hook/ld_library_path_lib.ps1'
[166.517s] INFO:colcon.colcon_core.shell:Creating environment descriptor '/home/ubuntu/rj_training_container/training_ws/install/stsl_aruco_tags/share/stsl_aruco_tags/hook/ld_library_path_lib.dsv'
[166.534s] INFO:colcon.colcon_core.shell:Creating environment hook '/home/ubuntu/rj_training_container/training_ws/install/stsl_aruco_tags/share/stsl_aruco_tags/hook/ld_library_path_lib.sh'
[166.553s] Level 1:colcon.colcon_core.environment:checking '/home/ubuntu/rj_training_container/training_ws/install/stsl_aruco_tags/bin'
[166.555s] Level 1:colcon.colcon_core.environment:checking '/home/ubuntu/rj_training_container/training_ws/install/stsl_aruco_tags/lib/pkgconfig/stsl_aruco_tags.pc'
[166.557s] Level 1:colcon.colcon_core.environment:checking '/home/ubuntu/rj_training_container/training_ws/install/stsl_aruco_tags/lib/python3.10/site-packages'
[166.560s] Level 1:colcon.colcon_core.environment:checking '/home/ubuntu/rj_training_container/training_ws/install/stsl_aruco_tags/bin'
[166.562s] INFO:colcon.colcon_core.shell:Creating package script '/home/ubuntu/rj_training_container/training_ws/install/stsl_aruco_tags/share/stsl_aruco_tags/package.ps1'
[166.576s] INFO:colcon.colcon_core.shell:Creating package descriptor '/home/ubuntu/rj_training_container/training_ws/install/stsl_aruco_tags/share/stsl_aruco_tags/package.dsv'
[166.593s] INFO:colcon.colcon_core.shell:Creating package script '/home/ubuntu/rj_training_container/training_ws/install/stsl_aruco_tags/share/stsl_aruco_tags/package.sh'
[166.610s] INFO:colcon.colcon_core.shell:Creating package script '/home/ubuntu/rj_training_container/training_ws/install/stsl_aruco_tags/share/stsl_aruco_tags/package.bash'
[166.624s] INFO:colcon.colcon_core.shell:Creating package script '/home/ubuntu/rj_training_container/training_ws/install/stsl_aruco_tags/share/stsl_aruco_tags/package.zsh'
[166.639s] Level 1:colcon.colcon_core.environment:create_file_with_runtime_dependencies(/home/ubuntu/rj_training_container/training_ws/install/stsl_aruco_tags/share/colcon-core/packages/stsl_aruco_tags)
[166.747s] Level 1:colcon.colcon_core.environment:create_environment_scripts_only(stsl_aruco_tags)
[166.748s] Level 1:colcon.colcon_core.environment:checking '/home/ubuntu/rj_training_container/training_ws/install/stsl_aruco_tags' for CMake module files
[166.933s] Level 1:colcon.colcon_core.environment:checking '/home/ubuntu/rj_training_container/training_ws/install/stsl_aruco_tags' for CMake config files
[167.072s] Level 1:colcon.colcon_core.shell:create_environment_hook('stsl_aruco_tags', 'cmake_prefix_path')
[167.073s] INFO:colcon.colcon_core.shell:Creating environment hook '/home/ubuntu/rj_training_container/training_ws/install/stsl_aruco_tags/share/stsl_aruco_tags/hook/cmake_prefix_path.ps1'
[167.099s] INFO:colcon.colcon_core.shell:Creating environment descriptor '/home/ubuntu/rj_training_container/training_ws/install/stsl_aruco_tags/share/stsl_aruco_tags/hook/cmake_prefix_path.dsv'
[167.126s] INFO:colcon.colcon_core.shell:Creating environment hook '/home/ubuntu/rj_training_container/training_ws/install/stsl_aruco_tags/share/stsl_aruco_tags/hook/cmake_prefix_path.sh'
[167.154s] Level 1:colcon.colcon_core.environment:checking '/home/ubuntu/rj_training_container/training_ws/install/stsl_aruco_tags/lib'
[167.162s] Level 1:colcon.colcon_core.shell:create_environment_hook('stsl_aruco_tags', 'ld_library_path_lib')
[167.163s] INFO:colcon.colcon_core.shell:Creating environment hook '/home/ubuntu/rj_training_container/training_ws/install/stsl_aruco_tags/share/stsl_aruco_tags/hook/ld_library_path_lib.ps1'
[167.188s] INFO:colcon.colcon_core.shell:Creating environment descriptor '/home/ubuntu/rj_training_container/training_ws/install/stsl_aruco_tags/share/stsl_aruco_tags/hook/ld_library_path_lib.dsv'
[167.213s] INFO:colcon.colcon_core.shell:Creating environment hook '/home/ubuntu/rj_training_container/training_ws/install/stsl_aruco_tags/share/stsl_aruco_tags/hook/ld_library_path_lib.sh'
[167.234s] Level 1:colcon.colcon_core.environment:checking '/home/ubuntu/rj_training_container/training_ws/install/stsl_aruco_tags/bin'
[167.236s] Level 1:colcon.colcon_core.environment:checking '/home/ubuntu/rj_training_container/training_ws/install/stsl_aruco_tags/lib/pkgconfig/stsl_aruco_tags.pc'
[167.239s] Level 1:colcon.colcon_core.environment:checking '/home/ubuntu/rj_training_container/training_ws/install/stsl_aruco_tags/lib/python3.10/site-packages'
[167.242s] Level 1:colcon.colcon_core.environment:checking '/home/ubuntu/rj_training_container/training_ws/install/stsl_aruco_tags/bin'
[167.244s] INFO:colcon.colcon_core.shell:Creating package script '/home/ubuntu/rj_training_container/training_ws/install/stsl_aruco_tags/share/stsl_aruco_tags/package.ps1'
[167.263s] INFO:colcon.colcon_core.shell:Creating package descriptor '/home/ubuntu/rj_training_container/training_ws/install/stsl_aruco_tags/share/stsl_aruco_tags/package.dsv'
[167.285s] INFO:colcon.colcon_core.shell:Creating package script '/home/ubuntu/rj_training_container/training_ws/install/stsl_aruco_tags/share/stsl_aruco_tags/package.sh'
[167.304s] INFO:colcon.colcon_core.shell:Creating package script '/home/ubuntu/rj_training_container/training_ws/install/stsl_aruco_tags/share/stsl_aruco_tags/package.bash'
[167.327s] INFO:colcon.colcon_core.shell:Creating package script '/home/ubuntu/rj_training_container/training_ws/install/stsl_aruco_tags/share/stsl_aruco_tags/package.zsh'
[167.346s] Level 1:colcon.colcon_core.environment:create_file_with_runtime_dependencies(/home/ubuntu/rj_training_container/training_ws/install/stsl_aruco_tags/share/colcon-core/packages/stsl_aruco_tags)
[167.361s] INFO:colcon.colcon_ros.task.ament_cmake.build:Building ROS package in '/home/ubuntu/rj_training_container/training_ws/src/stsl/traini_gazebo' with build type 'ament_cmake'
[167.362s] INFO:colcon.colcon_cmake.task.cmake.build:Building CMake package in '/home/ubuntu/rj_training_container/training_ws/src/stsl/traini_gazebo'
[167.362s] INFO:colcon.colcon_core.shell:Skip shell extension 'powershell' for command environment: Not usable outside of PowerShell
[167.363s] DEBUG:colcon.colcon_core.shell:Skip shell extension 'dsv' for command environment
[167.658s] DEBUG:colcon.colcon_core.event_handler.log_command:Invoking command in '/home/ubuntu/rj_training_container/training_ws/build/traini_gazebo': AMENT_PREFIX_PATH=/home/ubuntu/rj_training_container/training_ws/install/stsl_aruco_tags:/home/ubuntu/rj_training_container/training_ws/install/stsl_interfaces:/home/ubuntu/rj_training_container/training_ws/install/stsl_gazebo_plugins:${AMENT_PREFIX_PATH} CMAKE_PREFIX_PATH=/home/ubuntu/rj_training_container/training_ws/install/stsl_aruco_tags:/home/ubuntu/rj_training_container/training_ws/install/stsl_interfaces:/home/ubuntu/rj_training_container/training_ws/install/stsl_gazebo_plugins:/opt/ros/humble LD_LIBRARY_PATH=/home/ubuntu/rj_training_container/training_ws/install/stsl_aruco_tags/lib:/home/ubuntu/rj_training_container/training_ws/install/stsl_interfaces/lib:/home/ubuntu/rj_training_container/training_ws/install/stsl_gazebo_plugins/lib:${LD_LIBRARY_PATH} PYTHONPATH=/home/ubuntu/rj_training_container/training_ws/install/stsl_interfaces/local/lib/python3.10/dist-packages:${PYTHONPATH} /usr/bin/cmake /home/ubuntu/rj_training_container/training_ws/src/stsl/traini_gazebo -DCMAKE_INSTALL_PREFIX=/home/ubuntu/rj_training_container/training_ws/install/traini_gazebo
[171.540s] DEBUG:colcon.colcon_core.event_handler.log_command:Invoked command in '/home/ubuntu/rj_training_container/training_ws/build/stsl_rviz_plugins' returned '0': AMENT_PREFIX_PATH=/home/ubuntu/rj_training_container/training_ws/install/stsl_interfaces:${AMENT_PREFIX_PATH} CMAKE_PREFIX_PATH=/home/ubuntu/rj_training_container/training_ws/install/stsl_interfaces:/opt/ros/humble LD_LIBRARY_PATH=/home/ubuntu/rj_training_container/training_ws/install/stsl_interfaces/lib:${LD_LIBRARY_PATH} PYTHONPATH=/home/ubuntu/rj_training_container/training_ws/install/stsl_interfaces/local/lib/python3.10/dist-packages:${PYTHONPATH} /usr/bin/cmake --build /home/ubuntu/rj_training_container/training_ws/build/stsl_rviz_plugins -- -j16 -l16
[171.633s] DEBUG:colcon.colcon_core.event_handler.log_command:Invoking command in '/home/ubuntu/rj_training_container/training_ws/build/stsl_rviz_plugins': AMENT_PREFIX_PATH=/home/ubuntu/rj_training_container/training_ws/install/stsl_interfaces:${AMENT_PREFIX_PATH} CMAKE_PREFIX_PATH=/home/ubuntu/rj_training_container/training_ws/install/stsl_interfaces:/opt/ros/humble LD_LIBRARY_PATH=/home/ubuntu/rj_training_container/training_ws/install/stsl_interfaces/lib:${LD_LIBRARY_PATH} PYTHONPATH=/home/ubuntu/rj_training_container/training_ws/install/stsl_interfaces/local/lib/python3.10/dist-packages:${PYTHONPATH} /usr/bin/cmake --install /home/ubuntu/rj_training_container/training_ws/build/stsl_rviz_plugins
[173.977s] Level 1:colcon.colcon_core.environment:create_environment_scripts_only(stsl_rviz_plugins)
[173.978s] Level 1:colcon.colcon_core.environment:checking '/home/ubuntu/rj_training_container/training_ws/install/stsl_rviz_plugins' for CMake module files
[173.979s] DEBUG:colcon.colcon_core.event_handler.log_command:Invoked command in '/home/ubuntu/rj_training_container/training_ws/build/stsl_rviz_plugins' returned '0': AMENT_PREFIX_PATH=/home/ubuntu/rj_training_container/training_ws/install/stsl_interfaces:${AMENT_PREFIX_PATH} CMAKE_PREFIX_PATH=/home/ubuntu/rj_training_container/training_ws/install/stsl_interfaces:/opt/ros/humble LD_LIBRARY_PATH=/home/ubuntu/rj_training_container/training_ws/install/stsl_interfaces/lib:${LD_LIBRARY_PATH} PYTHONPATH=/home/ubuntu/rj_training_container/training_ws/install/stsl_interfaces/local/lib/python3.10/dist-packages:${PYTHONPATH} /usr/bin/cmake --install /home/ubuntu/rj_training_container/training_ws/build/stsl_rviz_plugins
[174.066s] Level 1:colcon.colcon_core.environment:checking '/home/ubuntu/rj_training_container/training_ws/install/stsl_rviz_plugins' for CMake config files
[174.147s] Level 1:colcon.colcon_core.shell:create_environment_hook('stsl_rviz_plugins', 'cmake_prefix_path')
[174.148s] INFO:colcon.colcon_core.shell:Creating environment hook '/home/ubuntu/rj_training_container/training_ws/install/stsl_rviz_plugins/share/stsl_rviz_plugins/hook/cmake_prefix_path.ps1'
[174.166s] INFO:colcon.colcon_core.shell:Creating environment descriptor '/home/ubuntu/rj_training_container/training_ws/install/stsl_rviz_plugins/share/stsl_rviz_plugins/hook/cmake_prefix_path.dsv'
[174.184s] INFO:colcon.colcon_core.shell:Creating environment hook '/home/ubuntu/rj_training_container/training_ws/install/stsl_rviz_plugins/share/stsl_rviz_plugins/hook/cmake_prefix_path.sh'
[174.206s] Level 1:colcon.colcon_core.environment:checking '/home/ubuntu/rj_training_container/training_ws/install/stsl_rviz_plugins/lib'
[174.211s] Level 1:colcon.colcon_core.shell:create_environment_hook('stsl_rviz_plugins', 'ld_library_path_lib')
[174.212s] INFO:colcon.colcon_core.shell:Creating environment hook '/home/ubuntu/rj_training_container/training_ws/install/stsl_rviz_plugins/share/stsl_rviz_plugins/hook/ld_library_path_lib.ps1'
[174.231s] INFO:colcon.colcon_core.shell:Creating environment descriptor '/home/ubuntu/rj_training_container/training_ws/install/stsl_rviz_plugins/share/stsl_rviz_plugins/hook/ld_library_path_lib.dsv'
[174.251s] INFO:colcon.colcon_core.shell:Creating environment hook '/home/ubuntu/rj_training_container/training_ws/install/stsl_rviz_plugins/share/stsl_rviz_plugins/hook/ld_library_path_lib.sh'
[174.271s] Level 1:colcon.colcon_core.environment:checking '/home/ubuntu/rj_training_container/training_ws/install/stsl_rviz_plugins/bin'
[174.273s] Level 1:colcon.colcon_core.environment:checking '/home/ubuntu/rj_training_container/training_ws/install/stsl_rviz_plugins/lib/pkgconfig/stsl_rviz_plugins.pc'
[174.275s] Level 1:colcon.colcon_core.environment:checking '/home/ubuntu/rj_training_container/training_ws/install/stsl_rviz_plugins/lib/python3.10/site-packages'
[174.278s] Level 1:colcon.colcon_core.environment:checking '/home/ubuntu/rj_training_container/training_ws/install/stsl_rviz_plugins/bin'
[174.280s] INFO:colcon.colcon_core.shell:Creating package script '/home/ubuntu/rj_training_container/training_ws/install/stsl_rviz_plugins/share/stsl_rviz_plugins/package.ps1'
[174.295s] INFO:colcon.colcon_core.shell:Creating package descriptor '/home/ubuntu/rj_training_container/training_ws/install/stsl_rviz_plugins/share/stsl_rviz_plugins/package.dsv'
[174.311s] INFO:colcon.colcon_core.shell:Creating package script '/home/ubuntu/rj_training_container/training_ws/install/stsl_rviz_plugins/share/stsl_rviz_plugins/package.sh'
[174.328s] INFO:colcon.colcon_core.shell:Creating package script '/home/ubuntu/rj_training_container/training_ws/install/stsl_rviz_plugins/share/stsl_rviz_plugins/package.bash'
[174.344s] INFO:colcon.colcon_core.shell:Creating package script '/home/ubuntu/rj_training_container/training_ws/install/stsl_rviz_plugins/share/stsl_rviz_plugins/package.zsh'
[174.360s] Level 1:colcon.colcon_core.environment:create_file_with_runtime_dependencies(/home/ubuntu/rj_training_container/training_ws/install/stsl_rviz_plugins/share/colcon-core/packages/stsl_rviz_plugins)
[174.467s] Level 1:colcon.colcon_core.environment:create_environment_scripts_only(stsl_rviz_plugins)
[174.468s] Level 1:colcon.colcon_core.environment:checking '/home/ubuntu/rj_training_container/training_ws/install/stsl_rviz_plugins' for CMake module files
[174.579s] Level 1:colcon.colcon_core.environment:checking '/home/ubuntu/rj_training_container/training_ws/install/stsl_rviz_plugins' for CMake config files
[174.676s] Level 1:colcon.colcon_core.shell:create_environment_hook('stsl_rviz_plugins', 'cmake_prefix_path')
[174.676s] INFO:colcon.colcon_core.shell:Creating environment hook '/home/ubuntu/rj_training_container/training_ws/install/stsl_rviz_plugins/share/stsl_rviz_plugins/hook/cmake_prefix_path.ps1'
[174.695s] INFO:colcon.colcon_core.shell:Creating environment descriptor '/home/ubuntu/rj_training_container/training_ws/install/stsl_rviz_plugins/share/stsl_rviz_plugins/hook/cmake_prefix_path.dsv'
[174.714s] INFO:colcon.colcon_core.shell:Creating environment hook '/home/ubuntu/rj_training_container/training_ws/install/stsl_rviz_plugins/share/stsl_rviz_plugins/hook/cmake_prefix_path.sh'
[174.737s] Level 1:colcon.colcon_core.environment:checking '/home/ubuntu/rj_training_container/training_ws/install/stsl_rviz_plugins/lib'
[174.742s] Level 1:colcon.colcon_core.shell:create_environment_hook('stsl_rviz_plugins', 'ld_library_path_lib')
[174.743s] INFO:colcon.colcon_core.shell:Creating environment hook '/home/ubuntu/rj_training_container/training_ws/install/stsl_rviz_plugins/share/stsl_rviz_plugins/hook/ld_library_path_lib.ps1'
[174.763s] INFO:colcon.colcon_core.shell:Creating environment descriptor '/home/ubuntu/rj_training_container/training_ws/install/stsl_rviz_plugins/share/stsl_rviz_plugins/hook/ld_library_path_lib.dsv'
[174.782s] INFO:colcon.colcon_core.shell:Creating environment hook '/home/ubuntu/rj_training_container/training_ws/install/stsl_rviz_plugins/share/stsl_rviz_plugins/hook/ld_library_path_lib.sh'
[174.801s] Level 1:colcon.colcon_core.environment:checking '/home/ubuntu/rj_training_container/training_ws/install/stsl_rviz_plugins/bin'
[174.803s] Level 1:colcon.colcon_core.environment:checking '/home/ubuntu/rj_training_container/training_ws/install/stsl_rviz_plugins/lib/pkgconfig/stsl_rviz_plugins.pc'
[174.806s] Level 1:colcon.colcon_core.environment:checking '/home/ubuntu/rj_training_container/training_ws/install/stsl_rviz_plugins/lib/python3.10/site-packages'
[174.808s] Level 1:colcon.colcon_core.environment:checking '/home/ubuntu/rj_training_container/training_ws/install/stsl_rviz_plugins/bin'
[174.810s] INFO:colcon.colcon_core.shell:Creating package script '/home/ubuntu/rj_training_container/training_ws/install/stsl_rviz_plugins/share/stsl_rviz_plugins/package.ps1'
[174.825s] INFO:colcon.colcon_core.shell:Creating package descriptor '/home/ubuntu/rj_training_container/training_ws/install/stsl_rviz_plugins/share/stsl_rviz_plugins/package.dsv'
[174.841s] INFO:colcon.colcon_core.shell:Creating package script '/home/ubuntu/rj_training_container/training_ws/install/stsl_rviz_plugins/share/stsl_rviz_plugins/package.sh'
[174.859s] INFO:colcon.colcon_core.shell:Creating package script '/home/ubuntu/rj_training_container/training_ws/install/stsl_rviz_plugins/share/stsl_rviz_plugins/package.bash'
[174.874s] INFO:colcon.colcon_core.shell:Creating package script '/home/ubuntu/rj_training_container/training_ws/install/stsl_rviz_plugins/share/stsl_rviz_plugins/package.zsh'
[174.890s] Level 1:colcon.colcon_core.environment:create_file_with_runtime_dependencies(/home/ubuntu/rj_training_container/training_ws/install/stsl_rviz_plugins/share/colcon-core/packages/stsl_rviz_plugins)
[192.088s] DEBUG:colcon.colcon_core.event_handler.log_command:Invoked command in '/home/ubuntu/rj_training_container/training_ws/build/traini_gazebo' returned '0': AMENT_PREFIX_PATH=/home/ubuntu/rj_training_container/training_ws/install/stsl_aruco_tags:/home/ubuntu/rj_training_container/training_ws/install/stsl_interfaces:/home/ubuntu/rj_training_container/training_ws/install/stsl_gazebo_plugins:${AMENT_PREFIX_PATH} CMAKE_PREFIX_PATH=/home/ubuntu/rj_training_container/training_ws/install/stsl_aruco_tags:/home/ubuntu/rj_training_container/training_ws/install/stsl_interfaces:/home/ubuntu/rj_training_container/training_ws/install/stsl_gazebo_plugins:/opt/ros/humble LD_LIBRARY_PATH=/home/ubuntu/rj_training_container/training_ws/install/stsl_aruco_tags/lib:/home/ubuntu/rj_training_container/training_ws/install/stsl_interfaces/lib:/home/ubuntu/rj_training_container/training_ws/install/stsl_gazebo_plugins/lib:${LD_LIBRARY_PATH} PYTHONPATH=/home/ubuntu/rj_training_container/training_ws/install/stsl_interfaces/local/lib/python3.10/dist-packages:${PYTHONPATH} /usr/bin/cmake /home/ubuntu/rj_training_container/training_ws/src/stsl/traini_gazebo -DCMAKE_INSTALL_PREFIX=/home/ubuntu/rj_training_container/training_ws/install/traini_gazebo
[192.100s] DEBUG:colcon.colcon_core.event_handler.log_command:Invoking command in '/home/ubuntu/rj_training_container/training_ws/build/traini_gazebo': AMENT_PREFIX_PATH=/home/ubuntu/rj_training_container/training_ws/install/stsl_aruco_tags:/home/ubuntu/rj_training_container/training_ws/install/stsl_interfaces:/home/ubuntu/rj_training_container/training_ws/install/stsl_gazebo_plugins:${AMENT_PREFIX_PATH} CMAKE_PREFIX_PATH=/home/ubuntu/rj_training_container/training_ws/install/stsl_aruco_tags:/home/ubuntu/rj_training_container/training_ws/install/stsl_interfaces:/home/ubuntu/rj_training_container/training_ws/install/stsl_gazebo_plugins:/opt/ros/humble LD_LIBRARY_PATH=/home/ubuntu/rj_training_container/training_ws/install/stsl_aruco_tags/lib:/home/ubuntu/rj_training_container/training_ws/install/stsl_interfaces/lib:/home/ubuntu/rj_training_container/training_ws/install/stsl_gazebo_plugins/lib:${LD_LIBRARY_PATH} PYTHONPATH=/home/ubuntu/rj_training_container/training_ws/install/stsl_interfaces/local/lib/python3.10/dist-packages:${PYTHONPATH} /usr/bin/cmake --build /home/ubuntu/rj_training_container/training_ws/build/traini_gazebo -- -j16 -l16
[202.536s] DEBUG:colcon.colcon_core.event_handler.log_command:Invoked command in '/home/ubuntu/rj_training_container/training_ws/build/traini_gazebo' returned '0': AMENT_PREFIX_PATH=/home/ubuntu/rj_training_container/training_ws/install/stsl_aruco_tags:/home/ubuntu/rj_training_container/training_ws/install/stsl_interfaces:/home/ubuntu/rj_training_container/training_ws/install/stsl_gazebo_plugins:${AMENT_PREFIX_PATH} CMAKE_PREFIX_PATH=/home/ubuntu/rj_training_container/training_ws/install/stsl_aruco_tags:/home/ubuntu/rj_training_container/training_ws/install/stsl_interfaces:/home/ubuntu/rj_training_container/training_ws/install/stsl_gazebo_plugins:/opt/ros/humble LD_LIBRARY_PATH=/home/ubuntu/rj_training_container/training_ws/install/stsl_aruco_tags/lib:/home/ubuntu/rj_training_container/training_ws/install/stsl_interfaces/lib:/home/ubuntu/rj_training_container/training_ws/install/stsl_gazebo_plugins/lib:${LD_LIBRARY_PATH} PYTHONPATH=/home/ubuntu/rj_training_container/training_ws/install/stsl_interfaces/local/lib/python3.10/dist-packages:${PYTHONPATH} /usr/bin/cmake --build /home/ubuntu/rj_training_container/training_ws/build/traini_gazebo -- -j16 -l16
[202.599s] DEBUG:colcon.colcon_core.event_handler.log_command:Invoking command in '/home/ubuntu/rj_training_container/training_ws/build/traini_gazebo': AMENT_PREFIX_PATH=/home/ubuntu/rj_training_container/training_ws/install/stsl_aruco_tags:/home/ubuntu/rj_training_container/training_ws/install/stsl_interfaces:/home/ubuntu/rj_training_container/training_ws/install/stsl_gazebo_plugins:${AMENT_PREFIX_PATH} CMAKE_PREFIX_PATH=/home/ubuntu/rj_training_container/training_ws/install/stsl_aruco_tags:/home/ubuntu/rj_training_container/training_ws/install/stsl_interfaces:/home/ubuntu/rj_training_container/training_ws/install/stsl_gazebo_plugins:/opt/ros/humble LD_LIBRARY_PATH=/home/ubuntu/rj_training_container/training_ws/install/stsl_aruco_tags/lib:/home/ubuntu/rj_training_container/training_ws/install/stsl_interfaces/lib:/home/ubuntu/rj_training_container/training_ws/install/stsl_gazebo_plugins/lib:${LD_LIBRARY_PATH} PYTHONPATH=/home/ubuntu/rj_training_container/training_ws/install/stsl_interfaces/local/lib/python3.10/dist-packages:${PYTHONPATH} /usr/bin/cmake --install /home/ubuntu/rj_training_container/training_ws/build/traini_gazebo
[202.966s] DEBUG:colcon.colcon_core.event_handler.log_command:Invoked command in '/home/ubuntu/rj_training_container/training_ws/build/mission_orchestration' returned '0': AMENT_PREFIX_PATH=/home/ubuntu/rj_training_container/training_ws/install/stsl_bt_nodes:/home/ubuntu/rj_training_container/training_ws/install/stsl_interfaces:${AMENT_PREFIX_PATH} CMAKE_PREFIX_PATH=/home/ubuntu/rj_training_container/training_ws/install/stsl_bt_nodes:/home/ubuntu/rj_training_container/training_ws/install/stsl_interfaces:/opt/ros/humble LD_LIBRARY_PATH=/home/ubuntu/rj_training_container/training_ws/install/stsl_bt_nodes/lib:/home/ubuntu/rj_training_container/training_ws/install/stsl_interfaces/lib:${LD_LIBRARY_PATH} PYTHONPATH=/home/ubuntu/rj_training_container/training_ws/install/stsl_interfaces/local/lib/python3.10/dist-packages:${PYTHONPATH} /usr/bin/cmake /home/ubuntu/rj_training_container/training_ws/src/stsl/mission_orchestration -DCMAKE_INSTALL_PREFIX=/home/ubuntu/rj_training_container/training_ws/install/mission_orchestration
[202.978s] DEBUG:colcon.colcon_core.event_handler.log_command:Invoking command in '/home/ubuntu/rj_training_container/training_ws/build/mission_orchestration': AMENT_PREFIX_PATH=/home/ubuntu/rj_training_container/training_ws/install/stsl_bt_nodes:/home/ubuntu/rj_training_container/training_ws/install/stsl_interfaces:${AMENT_PREFIX_PATH} CMAKE_PREFIX_PATH=/home/ubuntu/rj_training_container/training_ws/install/stsl_bt_nodes:/home/ubuntu/rj_training_container/training_ws/install/stsl_interfaces:/opt/ros/humble LD_LIBRARY_PATH=/home/ubuntu/rj_training_container/training_ws/install/stsl_bt_nodes/lib:/home/ubuntu/rj_training_container/training_ws/install/stsl_interfaces/lib:${LD_LIBRARY_PATH} PYTHONPATH=/home/ubuntu/rj_training_container/training_ws/install/stsl_interfaces/local/lib/python3.10/dist-packages:${PYTHONPATH} /usr/bin/cmake --build /home/ubuntu/rj_training_container/training_ws/build/mission_orchestration -- -j16 -l16
[223.253s] DEBUG:colcon.colcon_core.event_handler.log_command:Invoked command in '/home/ubuntu/rj_training_container/training_ws/build/mission_orchestration' returned '0': AMENT_PREFIX_PATH=/home/ubuntu/rj_training_container/training_ws/install/stsl_bt_nodes:/home/ubuntu/rj_training_container/training_ws/install/stsl_interfaces:${AMENT_PREFIX_PATH} CMAKE_PREFIX_PATH=/home/ubuntu/rj_training_container/training_ws/install/stsl_bt_nodes:/home/ubuntu/rj_training_container/training_ws/install/stsl_interfaces:/opt/ros/humble LD_LIBRARY_PATH=/home/ubuntu/rj_training_container/training_ws/install/stsl_bt_nodes/lib:/home/ubuntu/rj_training_container/training_ws/install/stsl_interfaces/lib:${LD_LIBRARY_PATH} PYTHONPATH=/home/ubuntu/rj_training_container/training_ws/install/stsl_interfaces/local/lib/python3.10/dist-packages:${PYTHONPATH} /usr/bin/cmake --build /home/ubuntu/rj_training_container/training_ws/build/mission_orchestration -- -j16 -l16
[223.338s] DEBUG:colcon.colcon_core.event_handler.log_command:Invoking command in '/home/ubuntu/rj_training_container/training_ws/build/mission_orchestration': AMENT_PREFIX_PATH=/home/ubuntu/rj_training_container/training_ws/install/stsl_bt_nodes:/home/ubuntu/rj_training_container/training_ws/install/stsl_interfaces:${AMENT_PREFIX_PATH} CMAKE_PREFIX_PATH=/home/ubuntu/rj_training_container/training_ws/install/stsl_bt_nodes:/home/ubuntu/rj_training_container/training_ws/install/stsl_interfaces:/opt/ros/humble LD_LIBRARY_PATH=/home/ubuntu/rj_training_container/training_ws/install/stsl_bt_nodes/lib:/home/ubuntu/rj_training_container/training_ws/install/stsl_interfaces/lib:${LD_LIBRARY_PATH} PYTHONPATH=/home/ubuntu/rj_training_container/training_ws/install/stsl_interfaces/local/lib/python3.10/dist-packages:${PYTHONPATH} /usr/bin/cmake --install /home/ubuntu/rj_training_container/training_ws/build/mission_orchestration
[226.110s] Level 1:colcon.colcon_core.environment:create_environment_scripts_only(mission_orchestration)
[226.111s] Level 1:colcon.colcon_core.environment:checking '/home/ubuntu/rj_training_container/training_ws/install/mission_orchestration' for CMake module files
[226.113s] DEBUG:colcon.colcon_core.event_handler.log_command:Invoked command in '/home/ubuntu/rj_training_container/training_ws/build/mission_orchestration' returned '0': AMENT_PREFIX_PATH=/home/ubuntu/rj_training_container/training_ws/install/stsl_bt_nodes:/home/ubuntu/rj_training_container/training_ws/install/stsl_interfaces:${AMENT_PREFIX_PATH} CMAKE_PREFIX_PATH=/home/ubuntu/rj_training_container/training_ws/install/stsl_bt_nodes:/home/ubuntu/rj_training_container/training_ws/install/stsl_interfaces:/opt/ros/humble LD_LIBRARY_PATH=/home/ubuntu/rj_training_container/training_ws/install/stsl_bt_nodes/lib:/home/ubuntu/rj_training_container/training_ws/install/stsl_interfaces/lib:${LD_LIBRARY_PATH} PYTHONPATH=/home/ubuntu/rj_training_container/training_ws/install/stsl_interfaces/local/lib/python3.10/dist-packages:${PYTHONPATH} /usr/bin/cmake --install /home/ubuntu/rj_training_container/training_ws/build/mission_orchestration
[226.215s] Level 1:colcon.colcon_core.environment:checking '/home/ubuntu/rj_training_container/training_ws/install/mission_orchestration' for CMake config files
[226.306s] Level 1:colcon.colcon_core.shell:create_environment_hook('mission_orchestration', 'cmake_prefix_path')
[226.306s] INFO:colcon.colcon_core.shell:Creating environment hook '/home/ubuntu/rj_training_container/training_ws/install/mission_orchestration/share/mission_orchestration/hook/cmake_prefix_path.ps1'
[226.319s] INFO:colcon.colcon_core.shell:Creating environment descriptor '/home/ubuntu/rj_training_container/training_ws/install/mission_orchestration/share/mission_orchestration/hook/cmake_prefix_path.dsv'
[226.335s] INFO:colcon.colcon_core.shell:Creating environment hook '/home/ubuntu/rj_training_container/training_ws/install/mission_orchestration/share/mission_orchestration/hook/cmake_prefix_path.sh'
[226.355s] Level 1:colcon.colcon_core.environment:checking '/home/ubuntu/rj_training_container/training_ws/install/mission_orchestration/lib'
[226.361s] Level 1:colcon.colcon_core.shell:create_environment_hook('mission_orchestration', 'ld_library_path_lib')
[226.362s] INFO:colcon.colcon_core.shell:Creating environment hook '/home/ubuntu/rj_training_container/training_ws/install/mission_orchestration/share/mission_orchestration/hook/ld_library_path_lib.ps1'
[226.377s] INFO:colcon.colcon_core.shell:Creating environment descriptor '/home/ubuntu/rj_training_container/training_ws/install/mission_orchestration/share/mission_orchestration/hook/ld_library_path_lib.dsv'
[226.392s] INFO:colcon.colcon_core.shell:Creating environment hook '/home/ubuntu/rj_training_container/training_ws/install/mission_orchestration/share/mission_orchestration/hook/ld_library_path_lib.sh'
[226.408s] Level 1:colcon.colcon_core.environment:checking '/home/ubuntu/rj_training_container/training_ws/install/mission_orchestration/bin'
[226.409s] Level 1:colcon.colcon_core.environment:checking '/home/ubuntu/rj_training_container/training_ws/install/mission_orchestration/lib/pkgconfig/mission_orchestration.pc'
[226.411s] Level 1:colcon.colcon_core.environment:checking '/home/ubuntu/rj_training_container/training_ws/install/mission_orchestration/lib/python3.10/site-packages'
[226.413s] Level 1:colcon.colcon_core.environment:checking '/home/ubuntu/rj_training_container/training_ws/install/mission_orchestration/bin'
[226.415s] INFO:colcon.colcon_core.shell:Creating package script '/home/ubuntu/rj_training_container/training_ws/install/mission_orchestration/share/mission_orchestration/package.ps1'
[226.427s] INFO:colcon.colcon_core.shell:Creating package descriptor '/home/ubuntu/rj_training_container/training_ws/install/mission_orchestration/share/mission_orchestration/package.dsv'
[226.440s] INFO:colcon.colcon_core.shell:Creating package script '/home/ubuntu/rj_training_container/training_ws/install/mission_orchestration/share/mission_orchestration/package.sh'
[226.455s] INFO:colcon.colcon_core.shell:Creating package script '/home/ubuntu/rj_training_container/training_ws/install/mission_orchestration/share/mission_orchestration/package.bash'
[226.467s] INFO:colcon.colcon_core.shell:Creating package script '/home/ubuntu/rj_training_container/training_ws/install/mission_orchestration/share/mission_orchestration/package.zsh'
[226.481s] Level 1:colcon.colcon_core.environment:create_file_with_runtime_dependencies(/home/ubuntu/rj_training_container/training_ws/install/mission_orchestration/share/colcon-core/packages/mission_orchestration)
[226.566s] Level 1:colcon.colcon_core.environment:create_environment_scripts_only(mission_orchestration)
[226.566s] Level 1:colcon.colcon_core.environment:checking '/home/ubuntu/rj_training_container/training_ws/install/mission_orchestration' for CMake module files
[226.667s] Level 1:colcon.colcon_core.environment:checking '/home/ubuntu/rj_training_container/training_ws/install/mission_orchestration' for CMake config files
[226.760s] Level 1:colcon.colcon_core.shell:create_environment_hook('mission_orchestration', 'cmake_prefix_path')
[226.761s] INFO:colcon.colcon_core.shell:Creating environment hook '/home/ubuntu/rj_training_container/training_ws/install/mission_orchestration/share/mission_orchestration/hook/cmake_prefix_path.ps1'
[226.775s] INFO:colcon.colcon_core.shell:Creating environment descriptor '/home/ubuntu/rj_training_container/training_ws/install/mission_orchestration/share/mission_orchestration/hook/cmake_prefix_path.dsv'
[226.792s] INFO:colcon.colcon_core.shell:Creating environment hook '/home/ubuntu/rj_training_container/training_ws/install/mission_orchestration/share/mission_orchestration/hook/cmake_prefix_path.sh'
[226.813s] Level 1:colcon.colcon_core.environment:checking '/home/ubuntu/rj_training_container/training_ws/install/mission_orchestration/lib'
[226.818s] Level 1:colcon.colcon_core.shell:create_environment_hook('mission_orchestration', 'ld_library_path_lib')
[226.819s] INFO:colcon.colcon_core.shell:Creating environment hook '/home/ubuntu/rj_training_container/training_ws/install/mission_orchestration/share/mission_orchestration/hook/ld_library_path_lib.ps1'
[226.837s] INFO:colcon.colcon_core.shell:Creating environment descriptor '/home/ubuntu/rj_training_container/training_ws/install/mission_orchestration/share/mission_orchestration/hook/ld_library_path_lib.dsv'
[226.854s] INFO:colcon.colcon_core.shell:Creating environment hook '/home/ubuntu/rj_training_container/training_ws/install/mission_orchestration/share/mission_orchestration/hook/ld_library_path_lib.sh'
[226.870s] Level 1:colcon.colcon_core.environment:checking '/home/ubuntu/rj_training_container/training_ws/install/mission_orchestration/bin'
[226.872s] Level 1:colcon.colcon_core.environment:checking '/home/ubuntu/rj_training_container/training_ws/install/mission_orchestration/lib/pkgconfig/mission_orchestration.pc'
[226.874s] Level 1:colcon.colcon_core.environment:checking '/home/ubuntu/rj_training_container/training_ws/install/mission_orchestration/lib/python3.10/site-packages'
[226.876s] Level 1:colcon.colcon_core.environment:checking '/home/ubuntu/rj_training_container/training_ws/install/mission_orchestration/bin'
[226.877s] INFO:colcon.colcon_core.shell:Creating package script '/home/ubuntu/rj_training_container/training_ws/install/mission_orchestration/share/mission_orchestration/package.ps1'
[226.890s] INFO:colcon.colcon_core.shell:Creating package descriptor '/home/ubuntu/rj_training_container/training_ws/install/mission_orchestration/share/mission_orchestration/package.dsv'
[226.904s] INFO:colcon.colcon_core.shell:Creating package script '/home/ubuntu/rj_training_container/training_ws/install/mission_orchestration/share/mission_orchestration/package.sh'
[226.918s] INFO:colcon.colcon_core.shell:Creating package script '/home/ubuntu/rj_training_container/training_ws/install/mission_orchestration/share/mission_orchestration/package.bash'
[226.934s] INFO:colcon.colcon_core.shell:Creating package script '/home/ubuntu/rj_training_container/training_ws/install/mission_orchestration/share/mission_orchestration/package.zsh'
[226.948s] Level 1:colcon.colcon_core.environment:create_file_with_runtime_dependencies(/home/ubuntu/rj_training_container/training_ws/install/mission_orchestration/share/colcon-core/packages/mission_orchestration)
[235.361s] Level 1:colcon.colcon_core.environment:create_environment_scripts_only(traini_gazebo)
[235.362s] Level 1:colcon.colcon_core.environment:checking '/home/ubuntu/rj_training_container/training_ws/install/traini_gazebo' for CMake module files
[235.363s] DEBUG:colcon.colcon_core.event_handler.log_command:Invoked command in '/home/ubuntu/rj_training_container/training_ws/build/traini_gazebo' returned '0': AMENT_PREFIX_PATH=/home/ubuntu/rj_training_container/training_ws/install/stsl_aruco_tags:/home/ubuntu/rj_training_container/training_ws/install/stsl_interfaces:/home/ubuntu/rj_training_container/training_ws/install/stsl_gazebo_plugins:${AMENT_PREFIX_PATH} CMAKE_PREFIX_PATH=/home/ubuntu/rj_training_container/training_ws/install/stsl_aruco_tags:/home/ubuntu/rj_training_container/training_ws/install/stsl_interfaces:/home/ubuntu/rj_training_container/training_ws/install/stsl_gazebo_plugins:/opt/ros/humble LD_LIBRARY_PATH=/home/ubuntu/rj_training_container/training_ws/install/stsl_aruco_tags/lib:/home/ubuntu/rj_training_container/training_ws/install/stsl_interfaces/lib:/home/ubuntu/rj_training_container/training_ws/install/stsl_gazebo_plugins/lib:${LD_LIBRARY_PATH} PYTHONPATH=/home/ubuntu/rj_training_container/training_ws/install/stsl_interfaces/local/lib/python3.10/dist-packages:${PYTHONPATH} /usr/bin/cmake --install /home/ubuntu/rj_training_container/training_ws/build/traini_gazebo
[235.460s] Level 1:colcon.colcon_core.environment:checking '/home/ubuntu/rj_training_container/training_ws/install/traini_gazebo' for CMake config files
[235.538s] Level 1:colcon.colcon_core.shell:create_environment_hook('traini_gazebo', 'cmake_prefix_path')
[235.539s] INFO:colcon.colcon_core.shell:Creating environment hook '/home/ubuntu/rj_training_container/training_ws/install/traini_gazebo/share/traini_gazebo/hook/cmake_prefix_path.ps1'
[235.573s] INFO:colcon.colcon_core.shell:Creating environment descriptor '/home/ubuntu/rj_training_container/training_ws/install/traini_gazebo/share/traini_gazebo/hook/cmake_prefix_path.dsv'
[235.590s] INFO:colcon.colcon_core.shell:Creating environment hook '/home/ubuntu/rj_training_container/training_ws/install/traini_gazebo/share/traini_gazebo/hook/cmake_prefix_path.sh'
[235.613s] Level 1:colcon.colcon_core.environment:checking '/home/ubuntu/rj_training_container/training_ws/install/traini_gazebo/lib'
[235.619s] Level 1:colcon.colcon_core.environment:checking '/home/ubuntu/rj_training_container/training_ws/install/traini_gazebo/bin'
[235.620s] Level 1:colcon.colcon_core.environment:checking '/home/ubuntu/rj_training_container/training_ws/install/traini_gazebo/lib/pkgconfig/traini_gazebo.pc'
[235.623s] Level 1:colcon.colcon_core.environment:checking '/home/ubuntu/rj_training_container/training_ws/install/traini_gazebo/lib/python3.10/site-packages'
[235.625s] Level 1:colcon.colcon_core.environment:checking '/home/ubuntu/rj_training_container/training_ws/install/traini_gazebo/bin'
[235.628s] INFO:colcon.colcon_core.shell:Creating package script '/home/ubuntu/rj_training_container/training_ws/install/traini_gazebo/share/traini_gazebo/package.ps1'
[235.643s] INFO:colcon.colcon_core.shell:Creating package descriptor '/home/ubuntu/rj_training_container/training_ws/install/traini_gazebo/share/traini_gazebo/package.dsv'
[235.658s] INFO:colcon.colcon_core.shell:Creating package script '/home/ubuntu/rj_training_container/training_ws/install/traini_gazebo/share/traini_gazebo/package.sh'
[235.675s] INFO:colcon.colcon_core.shell:Creating package script '/home/ubuntu/rj_training_container/training_ws/install/traini_gazebo/share/traini_gazebo/package.bash'
[235.689s] INFO:colcon.colcon_core.shell:Creating package script '/home/ubuntu/rj_training_container/training_ws/install/traini_gazebo/share/traini_gazebo/package.zsh'
[235.704s] Level 1:colcon.colcon_core.environment:create_file_with_runtime_dependencies(/home/ubuntu/rj_training_container/training_ws/install/traini_gazebo/share/colcon-core/packages/traini_gazebo)
[235.775s] Level 1:colcon.colcon_core.environment:create_environment_scripts_only(traini_gazebo)
[235.776s] Level 1:colcon.colcon_core.environment:checking '/home/ubuntu/rj_training_container/training_ws/install/traini_gazebo' for CMake module files
[235.897s] Level 1:colcon.colcon_core.environment:checking '/home/ubuntu/rj_training_container/training_ws/install/traini_gazebo' for CMake config files
[235.978s] Level 1:colcon.colcon_core.shell:create_environment_hook('traini_gazebo', 'cmake_prefix_path')
[235.979s] INFO:colcon.colcon_core.shell:Creating environment hook '/home/ubuntu/rj_training_container/training_ws/install/traini_gazebo/share/traini_gazebo/hook/cmake_prefix_path.ps1'
[235.995s] INFO:colcon.colcon_core.shell:Creating environment descriptor '/home/ubuntu/rj_training_container/training_ws/install/traini_gazebo/share/traini_gazebo/hook/cmake_prefix_path.dsv'
[236.010s] INFO:colcon.colcon_core.shell:Creating environment hook '/home/ubuntu/rj_training_container/training_ws/install/traini_gazebo/share/traini_gazebo/hook/cmake_prefix_path.sh'
[236.030s] Level 1:colcon.colcon_core.environment:checking '/home/ubuntu/rj_training_container/training_ws/install/traini_gazebo/lib'
[236.036s] Level 1:colcon.colcon_core.environment:checking '/home/ubuntu/rj_training_container/training_ws/install/traini_gazebo/bin'
[236.038s] Level 1:colcon.colcon_core.environment:checking '/home/ubuntu/rj_training_container/training_ws/install/traini_gazebo/lib/pkgconfig/traini_gazebo.pc'
[236.041s] Level 1:colcon.colcon_core.environment:checking '/home/ubuntu/rj_training_container/training_ws/install/traini_gazebo/lib/python3.10/site-packages'
[236.044s] Level 1:colcon.colcon_core.environment:checking '/home/ubuntu/rj_training_container/training_ws/install/traini_gazebo/bin'
[236.046s] INFO:colcon.colcon_core.shell:Creating package script '/home/ubuntu/rj_training_container/training_ws/install/traini_gazebo/share/traini_gazebo/package.ps1'
[236.061s] INFO:colcon.colcon_core.shell:Creating package descriptor '/home/ubuntu/rj_training_container/training_ws/install/traini_gazebo/share/traini_gazebo/package.dsv'
[236.078s] INFO:colcon.colcon_core.shell:Creating package script '/home/ubuntu/rj_training_container/training_ws/install/traini_gazebo/share/traini_gazebo/package.sh'
[236.092s] INFO:colcon.colcon_core.shell:Creating package script '/home/ubuntu/rj_training_container/training_ws/install/traini_gazebo/share/traini_gazebo/package.bash'
[236.107s] INFO:colcon.colcon_core.shell:Creating package script '/home/ubuntu/rj_training_container/training_ws/install/traini_gazebo/share/traini_gazebo/package.zsh'
[236.121s] Level 1:colcon.colcon_core.environment:create_file_with_runtime_dependencies(/home/ubuntu/rj_training_container/training_ws/install/traini_gazebo/share/colcon-core/packages/traini_gazebo)
[236.133s] INFO:colcon.colcon_ros.task.ament_cmake.build:Building ROS package in '/home/ubuntu/rj_training_container/training_ws/src/stsl/traini_bringup' with build type 'ament_cmake'
[236.134s] INFO:colcon.colcon_cmake.task.cmake.build:Building CMake package in '/home/ubuntu/rj_training_container/training_ws/src/stsl/traini_bringup'
[236.134s] INFO:colcon.colcon_core.shell:Skip shell extension 'powershell' for command environment: Not usable outside of PowerShell
[236.135s] DEBUG:colcon.colcon_core.shell:Skip shell extension 'dsv' for command environment
[236.555s] DEBUG:colcon.colcon_core.event_handler.log_command:Invoking command in '/home/ubuntu/rj_training_container/training_ws/build/traini_bringup': AMENT_PREFIX_PATH=/home/ubuntu/rj_training_container/training_ws/install/traini_gazebo:/home/ubuntu/rj_training_container/training_ws/install/stsl_aruco_tags:/home/ubuntu/rj_training_container/training_ws/install/traini_description:/home/ubuntu/rj_training_container/training_ws/install/stsl_interfaces:/home/ubuntu/rj_training_container/training_ws/install/stsl_gazebo_plugins:${AMENT_PREFIX_PATH} CMAKE_PREFIX_PATH=/home/ubuntu/rj_training_container/training_ws/install/traini_gazebo:/home/ubuntu/rj_training_container/training_ws/install/stsl_aruco_tags:/home/ubuntu/rj_training_container/training_ws/install/traini_description:/home/ubuntu/rj_training_container/training_ws/install/stsl_interfaces:/home/ubuntu/rj_training_container/training_ws/install/stsl_gazebo_plugins:/opt/ros/humble LD_LIBRARY_PATH=/home/ubuntu/rj_training_container/training_ws/install/stsl_aruco_tags/lib:/home/ubuntu/rj_training_container/training_ws/install/stsl_interfaces/lib:/home/ubuntu/rj_training_container/training_ws/install/stsl_gazebo_plugins/lib:${LD_LIBRARY_PATH} PYTHONPATH=/home/ubuntu/rj_training_container/training_ws/install/stsl_interfaces/local/lib/python3.10/dist-packages:${PYTHONPATH} /usr/bin/cmake /home/ubuntu/rj_training_container/training_ws/src/stsl/traini_bringup -DCMAKE_INSTALL_PREFIX=/home/ubuntu/rj_training_container/training_ws/install/traini_bringup
[261.759s] DEBUG:colcon.colcon_core.event_handler.log_command:Invoked command in '/home/ubuntu/rj_training_container/training_ws/build/traini_bringup' returned '0': AMENT_PREFIX_PATH=/home/ubuntu/rj_training_container/training_ws/install/traini_gazebo:/home/ubuntu/rj_training_container/training_ws/install/stsl_aruco_tags:/home/ubuntu/rj_training_container/training_ws/install/traini_description:/home/ubuntu/rj_training_container/training_ws/install/stsl_interfaces:/home/ubuntu/rj_training_container/training_ws/install/stsl_gazebo_plugins:${AMENT_PREFIX_PATH} CMAKE_PREFIX_PATH=/home/ubuntu/rj_training_container/training_ws/install/traini_gazebo:/home/ubuntu/rj_training_container/training_ws/install/stsl_aruco_tags:/home/ubuntu/rj_training_container/training_ws/install/traini_description:/home/ubuntu/rj_training_container/training_ws/install/stsl_interfaces:/home/ubuntu/rj_training_container/training_ws/install/stsl_gazebo_plugins:/opt/ros/humble LD_LIBRARY_PATH=/home/ubuntu/rj_training_container/training_ws/install/stsl_aruco_tags/lib:/home/ubuntu/rj_training_container/training_ws/install/stsl_interfaces/lib:/home/ubuntu/rj_training_container/training_ws/install/stsl_gazebo_plugins/lib:${LD_LIBRARY_PATH} PYTHONPATH=/home/ubuntu/rj_training_container/training_ws/install/stsl_interfaces/local/lib/python3.10/dist-packages:${PYTHONPATH} /usr/bin/cmake /home/ubuntu/rj_training_container/training_ws/src/stsl/traini_bringup -DCMAKE_INSTALL_PREFIX=/home/ubuntu/rj_training_container/training_ws/install/traini_bringup
[261.777s] DEBUG:colcon.colcon_core.event_handler.log_command:Invoking command in '/home/ubuntu/rj_training_container/training_ws/build/traini_bringup': AMENT_PREFIX_PATH=/home/ubuntu/rj_training_container/training_ws/install/traini_gazebo:/home/ubuntu/rj_training_container/training_ws/install/stsl_aruco_tags:/home/ubuntu/rj_training_container/training_ws/install/traini_description:/home/ubuntu/rj_training_container/training_ws/install/stsl_interfaces:/home/ubuntu/rj_training_container/training_ws/install/stsl_gazebo_plugins:${AMENT_PREFIX_PATH} CMAKE_PREFIX_PATH=/home/ubuntu/rj_training_container/training_ws/install/traini_gazebo:/home/ubuntu/rj_training_container/training_ws/install/stsl_aruco_tags:/home/ubuntu/rj_training_container/training_ws/install/traini_description:/home/ubuntu/rj_training_container/training_ws/install/stsl_interfaces:/home/ubuntu/rj_training_container/training_ws/install/stsl_gazebo_plugins:/opt/ros/humble LD_LIBRARY_PATH=/home/ubuntu/rj_training_container/training_ws/install/stsl_aruco_tags/lib:/home/ubuntu/rj_training_container/training_ws/install/stsl_interfaces/lib:/home/ubuntu/rj_training_container/training_ws/install/stsl_gazebo_plugins/lib:${LD_LIBRARY_PATH} PYTHONPATH=/home/ubuntu/rj_training_container/training_ws/install/stsl_interfaces/local/lib/python3.10/dist-packages:${PYTHONPATH} /usr/bin/cmake --build /home/ubuntu/rj_training_container/training_ws/build/traini_bringup -- -j16 -l16
[263.832s] DEBUG:colcon.colcon_core.event_handler.log_command:Invoked command in '/home/ubuntu/rj_training_container/training_ws/build/traini_bringup' returned '0': AMENT_PREFIX_PATH=/home/ubuntu/rj_training_container/training_ws/install/traini_gazebo:/home/ubuntu/rj_training_container/training_ws/install/stsl_aruco_tags:/home/ubuntu/rj_training_container/training_ws/install/traini_description:/home/ubuntu/rj_training_container/training_ws/install/stsl_interfaces:/home/ubuntu/rj_training_container/training_ws/install/stsl_gazebo_plugins:${AMENT_PREFIX_PATH} CMAKE_PREFIX_PATH=/home/ubuntu/rj_training_container/training_ws/install/traini_gazebo:/home/ubuntu/rj_training_container/training_ws/install/stsl_aruco_tags:/home/ubuntu/rj_training_container/training_ws/install/traini_description:/home/ubuntu/rj_training_container/training_ws/install/stsl_interfaces:/home/ubuntu/rj_training_container/training_ws/install/stsl_gazebo_plugins:/opt/ros/humble LD_LIBRARY_PATH=/home/ubuntu/rj_training_container/training_ws/install/stsl_aruco_tags/lib:/home/ubuntu/rj_training_container/training_ws/install/stsl_interfaces/lib:/home/ubuntu/rj_training_container/training_ws/install/stsl_gazebo_plugins/lib:${LD_LIBRARY_PATH} PYTHONPATH=/home/ubuntu/rj_training_container/training_ws/install/stsl_interfaces/local/lib/python3.10/dist-packages:${PYTHONPATH} /usr/bin/cmake --build /home/ubuntu/rj_training_container/training_ws/build/traini_bringup -- -j16 -l16
[263.907s] DEBUG:colcon.colcon_core.event_handler.log_command:Invoking command in '/home/ubuntu/rj_training_container/training_ws/build/traini_bringup': AMENT_PREFIX_PATH=/home/ubuntu/rj_training_container/training_ws/install/traini_gazebo:/home/ubuntu/rj_training_container/training_ws/install/stsl_aruco_tags:/home/ubuntu/rj_training_container/training_ws/install/traini_description:/home/ubuntu/rj_training_container/training_ws/install/stsl_interfaces:/home/ubuntu/rj_training_container/training_ws/install/stsl_gazebo_plugins:${AMENT_PREFIX_PATH} CMAKE_PREFIX_PATH=/home/ubuntu/rj_training_container/training_ws/install/traini_gazebo:/home/ubuntu/rj_training_container/training_ws/install/stsl_aruco_tags:/home/ubuntu/rj_training_container/training_ws/install/traini_description:/home/ubuntu/rj_training_container/training_ws/install/stsl_interfaces:/home/ubuntu/rj_training_container/training_ws/install/stsl_gazebo_plugins:/opt/ros/humble LD_LIBRARY_PATH=/home/ubuntu/rj_training_container/training_ws/install/stsl_aruco_tags/lib:/home/ubuntu/rj_training_container/training_ws/install/stsl_interfaces/lib:/home/ubuntu/rj_training_container/training_ws/install/stsl_gazebo_plugins/lib:${LD_LIBRARY_PATH} PYTHONPATH=/home/ubuntu/rj_training_container/training_ws/install/stsl_interfaces/local/lib/python3.10/dist-packages:${PYTHONPATH} /usr/bin/cmake --install /home/ubuntu/rj_training_container/training_ws/build/traini_bringup
[266.506s] Level 1:colcon.colcon_core.environment:create_environment_scripts_only(traini_bringup)
[266.507s] Level 1:colcon.colcon_core.environment:checking '/home/ubuntu/rj_training_container/training_ws/install/traini_bringup' for CMake module files
[266.508s] DEBUG:colcon.colcon_core.event_handler.log_command:Invoked command in '/home/ubuntu/rj_training_container/training_ws/build/traini_bringup' returned '0': AMENT_PREFIX_PATH=/home/ubuntu/rj_training_container/training_ws/install/traini_gazebo:/home/ubuntu/rj_training_container/training_ws/install/stsl_aruco_tags:/home/ubuntu/rj_training_container/training_ws/install/traini_description:/home/ubuntu/rj_training_container/training_ws/install/stsl_interfaces:/home/ubuntu/rj_training_container/training_ws/install/stsl_gazebo_plugins:${AMENT_PREFIX_PATH} CMAKE_PREFIX_PATH=/home/ubuntu/rj_training_container/training_ws/install/traini_gazebo:/home/ubuntu/rj_training_container/training_ws/install/stsl_aruco_tags:/home/ubuntu/rj_training_container/training_ws/install/traini_description:/home/ubuntu/rj_training_container/training_ws/install/stsl_interfaces:/home/ubuntu/rj_training_container/training_ws/install/stsl_gazebo_plugins:/opt/ros/humble LD_LIBRARY_PATH=/home/ubuntu/rj_training_container/training_ws/install/stsl_aruco_tags/lib:/home/ubuntu/rj_training_container/training_ws/install/stsl_interfaces/lib:/home/ubuntu/rj_training_container/training_ws/install/stsl_gazebo_plugins/lib:${LD_LIBRARY_PATH} PYTHONPATH=/home/ubuntu/rj_training_container/training_ws/install/stsl_interfaces/local/lib/python3.10/dist-packages:${PYTHONPATH} /usr/bin/cmake --install /home/ubuntu/rj_training_container/training_ws/build/traini_bringup
[266.599s] Level 1:colcon.colcon_core.environment:checking '/home/ubuntu/rj_training_container/training_ws/install/traini_bringup' for CMake config files
[266.661s] Level 1:colcon.colcon_core.shell:create_environment_hook('traini_bringup', 'cmake_prefix_path')
[266.662s] INFO:colcon.colcon_core.shell:Creating environment hook '/home/ubuntu/rj_training_container/training_ws/install/traini_bringup/share/traini_bringup/hook/cmake_prefix_path.ps1'
[266.685s] INFO:colcon.colcon_core.shell:Creating environment descriptor '/home/ubuntu/rj_training_container/training_ws/install/traini_bringup/share/traini_bringup/hook/cmake_prefix_path.dsv'
[266.705s] INFO:colcon.colcon_core.shell:Creating environment hook '/home/ubuntu/rj_training_container/training_ws/install/traini_bringup/share/traini_bringup/hook/cmake_prefix_path.sh'
[266.728s] Level 1:colcon.colcon_core.environment:checking '/home/ubuntu/rj_training_container/training_ws/install/traini_bringup/bin'
[266.729s] Level 1:colcon.colcon_core.environment:checking '/home/ubuntu/rj_training_container/training_ws/install/traini_bringup/lib/pkgconfig/traini_bringup.pc'
[266.731s] Level 1:colcon.colcon_core.environment:checking '/home/ubuntu/rj_training_container/training_ws/install/traini_bringup/lib/python3.10/site-packages'
[266.733s] Level 1:colcon.colcon_core.environment:checking '/home/ubuntu/rj_training_container/training_ws/install/traini_bringup/bin'
[266.735s] INFO:colcon.colcon_core.shell:Creating package script '/home/ubuntu/rj_training_container/training_ws/install/traini_bringup/share/traini_bringup/package.ps1'
[266.749s] INFO:colcon.colcon_core.shell:Creating package descriptor '/home/ubuntu/rj_training_container/training_ws/install/traini_bringup/share/traini_bringup/package.dsv'
[266.768s] INFO:colcon.colcon_core.shell:Creating package script '/home/ubuntu/rj_training_container/training_ws/install/traini_bringup/share/traini_bringup/package.sh'
[266.784s] INFO:colcon.colcon_core.shell:Creating package script '/home/ubuntu/rj_training_container/training_ws/install/traini_bringup/share/traini_bringup/package.bash'
[266.801s] INFO:colcon.colcon_core.shell:Creating package script '/home/ubuntu/rj_training_container/training_ws/install/traini_bringup/share/traini_bringup/package.zsh'
[266.816s] Level 1:colcon.colcon_core.environment:create_file_with_runtime_dependencies(/home/ubuntu/rj_training_container/training_ws/install/traini_bringup/share/colcon-core/packages/traini_bringup)
[266.890s] Level 1:colcon.colcon_core.environment:create_environment_scripts_only(traini_bringup)
[266.891s] Level 1:colcon.colcon_core.environment:checking '/home/ubuntu/rj_training_container/training_ws/install/traini_bringup' for CMake module files
[266.985s] Level 1:colcon.colcon_core.environment:checking '/home/ubuntu/rj_training_container/training_ws/install/traini_bringup' for CMake config files
[267.052s] Level 1:colcon.colcon_core.shell:create_environment_hook('traini_bringup', 'cmake_prefix_path')
[267.053s] INFO:colcon.colcon_core.shell:Creating environment hook '/home/ubuntu/rj_training_container/training_ws/install/traini_bringup/share/traini_bringup/hook/cmake_prefix_path.ps1'
[267.071s] INFO:colcon.colcon_core.shell:Creating environment descriptor '/home/ubuntu/rj_training_container/training_ws/install/traini_bringup/share/traini_bringup/hook/cmake_prefix_path.dsv'
[267.092s] INFO:colcon.colcon_core.shell:Creating environment hook '/home/ubuntu/rj_training_container/training_ws/install/traini_bringup/share/traini_bringup/hook/cmake_prefix_path.sh'
[267.116s] Level 1:colcon.colcon_core.environment:checking '/home/ubuntu/rj_training_container/training_ws/install/traini_bringup/bin'
[267.118s] Level 1:colcon.colcon_core.environment:checking '/home/ubuntu/rj_training_container/training_ws/install/traini_bringup/lib/pkgconfig/traini_bringup.pc'
[267.120s] Level 1:colcon.colcon_core.environment:checking '/home/ubuntu/rj_training_container/training_ws/install/traini_bringup/lib/python3.10/site-packages'
[267.122s] Level 1:colcon.colcon_core.environment:checking '/home/ubuntu/rj_training_container/training_ws/install/traini_bringup/bin'
[267.124s] INFO:colcon.colcon_core.shell:Creating package script '/home/ubuntu/rj_training_container/training_ws/install/traini_bringup/share/traini_bringup/package.ps1'
[267.141s] INFO:colcon.colcon_core.shell:Creating package descriptor '/home/ubuntu/rj_training_container/training_ws/install/traini_bringup/share/traini_bringup/package.dsv'
[267.156s] INFO:colcon.colcon_core.shell:Creating package script '/home/ubuntu/rj_training_container/training_ws/install/traini_bringup/share/traini_bringup/package.sh'
[267.175s] INFO:colcon.colcon_core.shell:Creating package script '/home/ubuntu/rj_training_container/training_ws/install/traini_bringup/share/traini_bringup/package.bash'
[267.194s] INFO:colcon.colcon_core.shell:Creating package script '/home/ubuntu/rj_training_container/training_ws/install/traini_bringup/share/traini_bringup/package.zsh'
[267.209s] Level 1:colcon.colcon_core.environment:create_file_with_runtime_dependencies(/home/ubuntu/rj_training_container/training_ws/install/traini_bringup/share/colcon-core/packages/traini_bringup)
[267.220s] INFO:colcon.colcon_ros.task.ament_cmake.build:Building ROS package in '/home/ubuntu/rj_training_container/training_ws/src/stsl/stsl_desktop' with build type 'ament_cmake'
[267.221s] INFO:colcon.colcon_cmake.task.cmake.build:Building CMake package in '/home/ubuntu/rj_training_container/training_ws/src/stsl/stsl_desktop'
[267.221s] INFO:colcon.colcon_core.shell:Skip shell extension 'powershell' for command environment: Not usable outside of PowerShell
[267.222s] DEBUG:colcon.colcon_core.shell:Skip shell extension 'dsv' for command environment
[268.411s] DEBUG:colcon.colcon_core.event_handler.log_command:Invoking command in '/home/ubuntu/rj_training_container/training_ws/build/stsl_desktop': AMENT_PREFIX_PATH=/home/ubuntu/rj_training_container/training_ws/install/traini_bringup:/home/ubuntu/rj_training_container/training_ws/install/traini_gazebo:/home/ubuntu/rj_training_container/training_ws/install/mission_orchestration:/home/ubuntu/rj_training_container/training_ws/install/stsl_rviz_plugins:/home/ubuntu/rj_training_container/training_ws/install/stsl_bt_nodes:/home/ubuntu/rj_training_container/training_ws/install/stsl_aruco_tags:/home/ubuntu/rj_training_container/training_ws/install/mineral_deposit_detection:/home/ubuntu/rj_training_container/training_ws/install/elevation_server:/home/ubuntu/rj_training_container/training_ws/install/traini_description:/home/ubuntu/rj_training_container/training_ws/install/stsl_utils:/home/ubuntu/rj_training_container/training_ws/install/stsl_nav_plugins:/home/ubuntu/rj_training_container/training_ws/install/stsl_interfaces:/home/ubuntu/rj_training_container/training_ws/install/stsl_gazebo_plugins:${AMENT_PREFIX_PATH} CMAKE_PREFIX_PATH=/home/ubuntu/rj_training_container/training_ws/install/traini_bringup:/home/ubuntu/rj_training_container/training_ws/install/traini_gazebo:/home/ubuntu/rj_training_container/training_ws/install/mission_orchestration:/home/ubuntu/rj_training_container/training_ws/install/stsl_rviz_plugins:/home/ubuntu/rj_training_container/training_ws/install/stsl_bt_nodes:/home/ubuntu/rj_training_container/training_ws/install/stsl_aruco_tags:/home/ubuntu/rj_training_container/training_ws/install/mineral_deposit_detection:/home/ubuntu/rj_training_container/training_ws/install/elevation_server:/home/ubuntu/rj_training_container/training_ws/install/traini_description:/home/ubuntu/rj_training_container/training_ws/install/stsl_utils:/home/ubuntu/rj_training_container/training_ws/install/stsl_nav_plugins:/home/ubuntu/rj_training_container/training_ws/install/stsl_interfaces:/home/ubuntu/rj_training_container/training_ws/install/stsl_gazebo_plugins:/opt/ros/humble LD_LIBRARY_PATH=/home/ubuntu/rj_training_container/training_ws/install/mission_orchestration/lib:/home/ubuntu/rj_training_container/training_ws/install/stsl_rviz_plugins/lib:/home/ubuntu/rj_training_container/training_ws/install/stsl_bt_nodes/lib:/home/ubuntu/rj_training_container/training_ws/install/stsl_aruco_tags/lib:/home/ubuntu/rj_training_container/training_ws/install/mineral_deposit_detection/lib:/home/ubuntu/rj_training_container/training_ws/install/elevation_server/lib:/home/ubuntu/rj_training_container/training_ws/install/stsl_utils/lib:/home/ubuntu/rj_training_container/training_ws/install/stsl_nav_plugins/lib:/home/ubuntu/rj_training_container/training_ws/install/stsl_interfaces/lib:/home/ubuntu/rj_training_container/training_ws/install/stsl_gazebo_plugins/lib:${LD_LIBRARY_PATH} PYTHONPATH=/home/ubuntu/rj_training_container/training_ws/install/stsl_interfaces/local/lib/python3.10/dist-packages:${PYTHONPATH} /usr/bin/cmake /home/ubuntu/rj_training_container/training_ws/src/stsl/stsl_desktop -DCMAKE_INSTALL_PREFIX=/home/ubuntu/rj_training_container/training_ws/install/stsl_desktop
[317.721s] DEBUG:colcon.colcon_core.event_handler.log_command:Invoked command in '/home/ubuntu/rj_training_container/training_ws/build/stsl_desktop' returned '0': AMENT_PREFIX_PATH=/home/ubuntu/rj_training_container/training_ws/install/traini_bringup:/home/ubuntu/rj_training_container/training_ws/install/traini_gazebo:/home/ubuntu/rj_training_container/training_ws/install/mission_orchestration:/home/ubuntu/rj_training_container/training_ws/install/stsl_rviz_plugins:/home/ubuntu/rj_training_container/training_ws/install/stsl_bt_nodes:/home/ubuntu/rj_training_container/training_ws/install/stsl_aruco_tags:/home/ubuntu/rj_training_container/training_ws/install/mineral_deposit_detection:/home/ubuntu/rj_training_container/training_ws/install/elevation_server:/home/ubuntu/rj_training_container/training_ws/install/traini_description:/home/ubuntu/rj_training_container/training_ws/install/stsl_utils:/home/ubuntu/rj_training_container/training_ws/install/stsl_nav_plugins:/home/ubuntu/rj_training_container/training_ws/install/stsl_interfaces:/home/ubuntu/rj_training_container/training_ws/install/stsl_gazebo_plugins:${AMENT_PREFIX_PATH} CMAKE_PREFIX_PATH=/home/ubuntu/rj_training_container/training_ws/install/traini_bringup:/home/ubuntu/rj_training_container/training_ws/install/traini_gazebo:/home/ubuntu/rj_training_container/training_ws/install/mission_orchestration:/home/ubuntu/rj_training_container/training_ws/install/stsl_rviz_plugins:/home/ubuntu/rj_training_container/training_ws/install/stsl_bt_nodes:/home/ubuntu/rj_training_container/training_ws/install/stsl_aruco_tags:/home/ubuntu/rj_training_container/training_ws/install/mineral_deposit_detection:/home/ubuntu/rj_training_container/training_ws/install/elevation_server:/home/ubuntu/rj_training_container/training_ws/install/traini_description:/home/ubuntu/rj_training_container/training_ws/install/stsl_utils:/home/ubuntu/rj_training_container/training_ws/install/stsl_nav_plugins:/home/ubuntu/rj_training_container/training_ws/install/stsl_interfaces:/home/ubuntu/rj_training_container/training_ws/install/stsl_gazebo_plugins:/opt/ros/humble LD_LIBRARY_PATH=/home/ubuntu/rj_training_container/training_ws/install/mission_orchestration/lib:/home/ubuntu/rj_training_container/training_ws/install/stsl_rviz_plugins/lib:/home/ubuntu/rj_training_container/training_ws/install/stsl_bt_nodes/lib:/home/ubuntu/rj_training_container/training_ws/install/stsl_aruco_tags/lib:/home/ubuntu/rj_training_container/training_ws/install/mineral_deposit_detection/lib:/home/ubuntu/rj_training_container/training_ws/install/elevation_server/lib:/home/ubuntu/rj_training_container/training_ws/install/stsl_utils/lib:/home/ubuntu/rj_training_container/training_ws/install/stsl_nav_plugins/lib:/home/ubuntu/rj_training_container/training_ws/install/stsl_interfaces/lib:/home/ubuntu/rj_training_container/training_ws/install/stsl_gazebo_plugins/lib:${LD_LIBRARY_PATH} PYTHONPATH=/home/ubuntu/rj_training_container/training_ws/install/stsl_interfaces/local/lib/python3.10/dist-packages:${PYTHONPATH} /usr/bin/cmake /home/ubuntu/rj_training_container/training_ws/src/stsl/stsl_desktop -DCMAKE_INSTALL_PREFIX=/home/ubuntu/rj_training_container/training_ws/install/stsl_desktop
[317.735s] DEBUG:colcon.colcon_core.event_handler.log_command:Invoking command in '/home/ubuntu/rj_training_container/training_ws/build/stsl_desktop': AMENT_PREFIX_PATH=/home/ubuntu/rj_training_container/training_ws/install/traini_bringup:/home/ubuntu/rj_training_container/training_ws/install/traini_gazebo:/home/ubuntu/rj_training_container/training_ws/install/mission_orchestration:/home/ubuntu/rj_training_container/training_ws/install/stsl_rviz_plugins:/home/ubuntu/rj_training_container/training_ws/install/stsl_bt_nodes:/home/ubuntu/rj_training_container/training_ws/install/stsl_aruco_tags:/home/ubuntu/rj_training_container/training_ws/install/mineral_deposit_detection:/home/ubuntu/rj_training_container/training_ws/install/elevation_server:/home/ubuntu/rj_training_container/training_ws/install/traini_description:/home/ubuntu/rj_training_container/training_ws/install/stsl_utils:/home/ubuntu/rj_training_container/training_ws/install/stsl_nav_plugins:/home/ubuntu/rj_training_container/training_ws/install/stsl_interfaces:/home/ubuntu/rj_training_container/training_ws/install/stsl_gazebo_plugins:${AMENT_PREFIX_PATH} CMAKE_PREFIX_PATH=/home/ubuntu/rj_training_container/training_ws/install/traini_bringup:/home/ubuntu/rj_training_container/training_ws/install/traini_gazebo:/home/ubuntu/rj_training_container/training_ws/install/mission_orchestration:/home/ubuntu/rj_training_container/training_ws/install/stsl_rviz_plugins:/home/ubuntu/rj_training_container/training_ws/install/stsl_bt_nodes:/home/ubuntu/rj_training_container/training_ws/install/stsl_aruco_tags:/home/ubuntu/rj_training_container/training_ws/install/mineral_deposit_detection:/home/ubuntu/rj_training_container/training_ws/install/elevation_server:/home/ubuntu/rj_training_container/training_ws/install/traini_description:/home/ubuntu/rj_training_container/training_ws/install/stsl_utils:/home/ubuntu/rj_training_container/training_ws/install/stsl_nav_plugins:/home/ubuntu/rj_training_container/training_ws/install/stsl_interfaces:/home/ubuntu/rj_training_container/training_ws/install/stsl_gazebo_plugins:/opt/ros/humble LD_LIBRARY_PATH=/home/ubuntu/rj_training_container/training_ws/install/mission_orchestration/lib:/home/ubuntu/rj_training_container/training_ws/install/stsl_rviz_plugins/lib:/home/ubuntu/rj_training_container/training_ws/install/stsl_bt_nodes/lib:/home/ubuntu/rj_training_container/training_ws/install/stsl_aruco_tags/lib:/home/ubuntu/rj_training_container/training_ws/install/mineral_deposit_detection/lib:/home/ubuntu/rj_training_container/training_ws/install/elevation_server/lib:/home/ubuntu/rj_training_container/training_ws/install/stsl_utils/lib:/home/ubuntu/rj_training_container/training_ws/install/stsl_nav_plugins/lib:/home/ubuntu/rj_training_container/training_ws/install/stsl_interfaces/lib:/home/ubuntu/rj_training_container/training_ws/install/stsl_gazebo_plugins/lib:${LD_LIBRARY_PATH} PYTHONPATH=/home/ubuntu/rj_training_container/training_ws/install/stsl_interfaces/local/lib/python3.10/dist-packages:${PYTHONPATH} /usr/bin/cmake --build /home/ubuntu/rj_training_container/training_ws/build/stsl_desktop -- -j16 -l16
[323.732s] DEBUG:colcon.colcon_core.event_handler.log_command:Invoked command in '/home/ubuntu/rj_training_container/training_ws/build/stsl_desktop' returned '0': AMENT_PREFIX_PATH=/home/ubuntu/rj_training_container/training_ws/install/traini_bringup:/home/ubuntu/rj_training_container/training_ws/install/traini_gazebo:/home/ubuntu/rj_training_container/training_ws/install/mission_orchestration:/home/ubuntu/rj_training_container/training_ws/install/stsl_rviz_plugins:/home/ubuntu/rj_training_container/training_ws/install/stsl_bt_nodes:/home/ubuntu/rj_training_container/training_ws/install/stsl_aruco_tags:/home/ubuntu/rj_training_container/training_ws/install/mineral_deposit_detection:/home/ubuntu/rj_training_container/training_ws/install/elevation_server:/home/ubuntu/rj_training_container/training_ws/install/traini_description:/home/ubuntu/rj_training_container/training_ws/install/stsl_utils:/home/ubuntu/rj_training_container/training_ws/install/stsl_nav_plugins:/home/ubuntu/rj_training_container/training_ws/install/stsl_interfaces:/home/ubuntu/rj_training_container/training_ws/install/stsl_gazebo_plugins:${AMENT_PREFIX_PATH} CMAKE_PREFIX_PATH=/home/ubuntu/rj_training_container/training_ws/install/traini_bringup:/home/ubuntu/rj_training_container/training_ws/install/traini_gazebo:/home/ubuntu/rj_training_container/training_ws/install/mission_orchestration:/home/ubuntu/rj_training_container/training_ws/install/stsl_rviz_plugins:/home/ubuntu/rj_training_container/training_ws/install/stsl_bt_nodes:/home/ubuntu/rj_training_container/training_ws/install/stsl_aruco_tags:/home/ubuntu/rj_training_container/training_ws/install/mineral_deposit_detection:/home/ubuntu/rj_training_container/training_ws/install/elevation_server:/home/ubuntu/rj_training_container/training_ws/install/traini_description:/home/ubuntu/rj_training_container/training_ws/install/stsl_utils:/home/ubuntu/rj_training_container/training_ws/install/stsl_nav_plugins:/home/ubuntu/rj_training_container/training_ws/install/stsl_interfaces:/home/ubuntu/rj_training_container/training_ws/install/stsl_gazebo_plugins:/opt/ros/humble LD_LIBRARY_PATH=/home/ubuntu/rj_training_container/training_ws/install/mission_orchestration/lib:/home/ubuntu/rj_training_container/training_ws/install/stsl_rviz_plugins/lib:/home/ubuntu/rj_training_container/training_ws/install/stsl_bt_nodes/lib:/home/ubuntu/rj_training_container/training_ws/install/stsl_aruco_tags/lib:/home/ubuntu/rj_training_container/training_ws/install/mineral_deposit_detection/lib:/home/ubuntu/rj_training_container/training_ws/install/elevation_server/lib:/home/ubuntu/rj_training_container/training_ws/install/stsl_utils/lib:/home/ubuntu/rj_training_container/training_ws/install/stsl_nav_plugins/lib:/home/ubuntu/rj_training_container/training_ws/install/stsl_interfaces/lib:/home/ubuntu/rj_training_container/training_ws/install/stsl_gazebo_plugins/lib:${LD_LIBRARY_PATH} PYTHONPATH=/home/ubuntu/rj_training_container/training_ws/install/stsl_interfaces/local/lib/python3.10/dist-packages:${PYTHONPATH} /usr/bin/cmake --build /home/ubuntu/rj_training_container/training_ws/build/stsl_desktop -- -j16 -l16
[323.797s] DEBUG:colcon.colcon_core.event_handler.log_command:Invoking command in '/home/ubuntu/rj_training_container/training_ws/build/stsl_desktop': AMENT_PREFIX_PATH=/home/ubuntu/rj_training_container/training_ws/install/traini_bringup:/home/ubuntu/rj_training_container/training_ws/install/traini_gazebo:/home/ubuntu/rj_training_container/training_ws/install/mission_orchestration:/home/ubuntu/rj_training_container/training_ws/install/stsl_rviz_plugins:/home/ubuntu/rj_training_container/training_ws/install/stsl_bt_nodes:/home/ubuntu/rj_training_container/training_ws/install/stsl_aruco_tags:/home/ubuntu/rj_training_container/training_ws/install/mineral_deposit_detection:/home/ubuntu/rj_training_container/training_ws/install/elevation_server:/home/ubuntu/rj_training_container/training_ws/install/traini_description:/home/ubuntu/rj_training_container/training_ws/install/stsl_utils:/home/ubuntu/rj_training_container/training_ws/install/stsl_nav_plugins:/home/ubuntu/rj_training_container/training_ws/install/stsl_interfaces:/home/ubuntu/rj_training_container/training_ws/install/stsl_gazebo_plugins:${AMENT_PREFIX_PATH} CMAKE_PREFIX_PATH=/home/ubuntu/rj_training_container/training_ws/install/traini_bringup:/home/ubuntu/rj_training_container/training_ws/install/traini_gazebo:/home/ubuntu/rj_training_container/training_ws/install/mission_orchestration:/home/ubuntu/rj_training_container/training_ws/install/stsl_rviz_plugins:/home/ubuntu/rj_training_container/training_ws/install/stsl_bt_nodes:/home/ubuntu/rj_training_container/training_ws/install/stsl_aruco_tags:/home/ubuntu/rj_training_container/training_ws/install/mineral_deposit_detection:/home/ubuntu/rj_training_container/training_ws/install/elevation_server:/home/ubuntu/rj_training_container/training_ws/install/traini_description:/home/ubuntu/rj_training_container/training_ws/install/stsl_utils:/home/ubuntu/rj_training_container/training_ws/install/stsl_nav_plugins:/home/ubuntu/rj_training_container/training_ws/install/stsl_interfaces:/home/ubuntu/rj_training_container/training_ws/install/stsl_gazebo_plugins:/opt/ros/humble LD_LIBRARY_PATH=/home/ubuntu/rj_training_container/training_ws/install/mission_orchestration/lib:/home/ubuntu/rj_training_container/training_ws/install/stsl_rviz_plugins/lib:/home/ubuntu/rj_training_container/training_ws/install/stsl_bt_nodes/lib:/home/ubuntu/rj_training_container/training_ws/install/stsl_aruco_tags/lib:/home/ubuntu/rj_training_container/training_ws/install/mineral_deposit_detection/lib:/home/ubuntu/rj_training_container/training_ws/install/elevation_server/lib:/home/ubuntu/rj_training_container/training_ws/install/stsl_utils/lib:/home/ubuntu/rj_training_container/training_ws/install/stsl_nav_plugins/lib:/home/ubuntu/rj_training_container/training_ws/install/stsl_interfaces/lib:/home/ubuntu/rj_training_container/training_ws/install/stsl_gazebo_plugins/lib:${LD_LIBRARY_PATH} PYTHONPATH=/home/ubuntu/rj_training_container/training_ws/install/stsl_interfaces/local/lib/python3.10/dist-packages:${PYTHONPATH} /usr/bin/cmake --install /home/ubuntu/rj_training_container/training_ws/build/stsl_desktop
[326.602s] Level 1:colcon.colcon_core.environment:create_environment_scripts_only(stsl_desktop)
[326.603s] Level 1:colcon.colcon_core.environment:checking '/home/ubuntu/rj_training_container/training_ws/install/stsl_desktop' for CMake module files
[326.604s] DEBUG:colcon.colcon_core.event_handler.log_command:Invoked command in '/home/ubuntu/rj_training_container/training_ws/build/stsl_desktop' returned '0': AMENT_PREFIX_PATH=/home/ubuntu/rj_training_container/training_ws/install/traini_bringup:/home/ubuntu/rj_training_container/training_ws/install/traini_gazebo:/home/ubuntu/rj_training_container/training_ws/install/mission_orchestration:/home/ubuntu/rj_training_container/training_ws/install/stsl_rviz_plugins:/home/ubuntu/rj_training_container/training_ws/install/stsl_bt_nodes:/home/ubuntu/rj_training_container/training_ws/install/stsl_aruco_tags:/home/ubuntu/rj_training_container/training_ws/install/mineral_deposit_detection:/home/ubuntu/rj_training_container/training_ws/install/elevation_server:/home/ubuntu/rj_training_container/training_ws/install/traini_description:/home/ubuntu/rj_training_container/training_ws/install/stsl_utils:/home/ubuntu/rj_training_container/training_ws/install/stsl_nav_plugins:/home/ubuntu/rj_training_container/training_ws/install/stsl_interfaces:/home/ubuntu/rj_training_container/training_ws/install/stsl_gazebo_plugins:${AMENT_PREFIX_PATH} CMAKE_PREFIX_PATH=/home/ubuntu/rj_training_container/training_ws/install/traini_bringup:/home/ubuntu/rj_training_container/training_ws/install/traini_gazebo:/home/ubuntu/rj_training_container/training_ws/install/mission_orchestration:/home/ubuntu/rj_training_container/training_ws/install/stsl_rviz_plugins:/home/ubuntu/rj_training_container/training_ws/install/stsl_bt_nodes:/home/ubuntu/rj_training_container/training_ws/install/stsl_aruco_tags:/home/ubuntu/rj_training_container/training_ws/install/mineral_deposit_detection:/home/ubuntu/rj_training_container/training_ws/install/elevation_server:/home/ubuntu/rj_training_container/training_ws/install/traini_description:/home/ubuntu/rj_training_container/training_ws/install/stsl_utils:/home/ubuntu/rj_training_container/training_ws/install/stsl_nav_plugins:/home/ubuntu/rj_training_container/training_ws/install/stsl_interfaces:/home/ubuntu/rj_training_container/training_ws/install/stsl_gazebo_plugins:/opt/ros/humble LD_LIBRARY_PATH=/home/ubuntu/rj_training_container/training_ws/install/mission_orchestration/lib:/home/ubuntu/rj_training_container/training_ws/install/stsl_rviz_plugins/lib:/home/ubuntu/rj_training_container/training_ws/install/stsl_bt_nodes/lib:/home/ubuntu/rj_training_container/training_ws/install/stsl_aruco_tags/lib:/home/ubuntu/rj_training_container/training_ws/install/mineral_deposit_detection/lib:/home/ubuntu/rj_training_container/training_ws/install/elevation_server/lib:/home/ubuntu/rj_training_container/training_ws/install/stsl_utils/lib:/home/ubuntu/rj_training_container/training_ws/install/stsl_nav_plugins/lib:/home/ubuntu/rj_training_container/training_ws/install/stsl_interfaces/lib:/home/ubuntu/rj_training_container/training_ws/install/stsl_gazebo_plugins/lib:${LD_LIBRARY_PATH} PYTHONPATH=/home/ubuntu/rj_training_container/training_ws/install/stsl_interfaces/local/lib/python3.10/dist-packages:${PYTHONPATH} /usr/bin/cmake --install /home/ubuntu/rj_training_container/training_ws/build/stsl_desktop
[326.684s] Level 1:colcon.colcon_core.environment:checking '/home/ubuntu/rj_training_container/training_ws/install/stsl_desktop' for CMake config files
[326.740s] Level 1:colcon.colcon_core.shell:create_environment_hook('stsl_desktop', 'cmake_prefix_path')
[326.741s] INFO:colcon.colcon_core.shell:Creating environment hook '/home/ubuntu/rj_training_container/training_ws/install/stsl_desktop/share/stsl_desktop/hook/cmake_prefix_path.ps1'
[326.764s] INFO:colcon.colcon_core.shell:Creating environment descriptor '/home/ubuntu/rj_training_container/training_ws/install/stsl_desktop/share/stsl_desktop/hook/cmake_prefix_path.dsv'
[326.780s] INFO:colcon.colcon_core.shell:Creating environment hook '/home/ubuntu/rj_training_container/training_ws/install/stsl_desktop/share/stsl_desktop/hook/cmake_prefix_path.sh'
[326.803s] Level 1:colcon.colcon_core.environment:checking '/home/ubuntu/rj_training_container/training_ws/install/stsl_desktop/bin'
[326.805s] Level 1:colcon.colcon_core.environment:checking '/home/ubuntu/rj_training_container/training_ws/install/stsl_desktop/lib/pkgconfig/stsl_desktop.pc'
[326.807s] Level 1:colcon.colcon_core.environment:checking '/home/ubuntu/rj_training_container/training_ws/install/stsl_desktop/lib/python3.10/site-packages'
[326.809s] Level 1:colcon.colcon_core.environment:checking '/home/ubuntu/rj_training_container/training_ws/install/stsl_desktop/bin'
[326.811s] INFO:colcon.colcon_core.shell:Creating package script '/home/ubuntu/rj_training_container/training_ws/install/stsl_desktop/share/stsl_desktop/package.ps1'
[326.828s] INFO:colcon.colcon_core.shell:Creating package descriptor '/home/ubuntu/rj_training_container/training_ws/install/stsl_desktop/share/stsl_desktop/package.dsv'
[326.843s] INFO:colcon.colcon_core.shell:Creating package script '/home/ubuntu/rj_training_container/training_ws/install/stsl_desktop/share/stsl_desktop/package.sh'
[326.860s] INFO:colcon.colcon_core.shell:Creating package script '/home/ubuntu/rj_training_container/training_ws/install/stsl_desktop/share/stsl_desktop/package.bash'
[326.875s] INFO:colcon.colcon_core.shell:Creating package script '/home/ubuntu/rj_training_container/training_ws/install/stsl_desktop/share/stsl_desktop/package.zsh'
[326.888s] Level 1:colcon.colcon_core.environment:create_file_with_runtime_dependencies(/home/ubuntu/rj_training_container/training_ws/install/stsl_desktop/share/colcon-core/packages/stsl_desktop)
[326.969s] Level 1:colcon.colcon_core.environment:create_environment_scripts_only(stsl_desktop)
[326.971s] Level 1:colcon.colcon_core.environment:checking '/home/ubuntu/rj_training_container/training_ws/install/stsl_desktop' for CMake module files
[327.085s] Level 1:colcon.colcon_core.environment:checking '/home/ubuntu/rj_training_container/training_ws/install/stsl_desktop' for CMake config files
[327.163s] Level 1:colcon.colcon_core.shell:create_environment_hook('stsl_desktop', 'cmake_prefix_path')
[327.164s] INFO:colcon.colcon_core.shell:Creating environment hook '/home/ubuntu/rj_training_container/training_ws/install/stsl_desktop/share/stsl_desktop/hook/cmake_prefix_path.ps1'
[327.179s] INFO:colcon.colcon_core.shell:Creating environment descriptor '/home/ubuntu/rj_training_container/training_ws/install/stsl_desktop/share/stsl_desktop/hook/cmake_prefix_path.dsv'
[327.195s] INFO:colcon.colcon_core.shell:Creating environment hook '/home/ubuntu/rj_training_container/training_ws/install/stsl_desktop/share/stsl_desktop/hook/cmake_prefix_path.sh'
[327.213s] Level 1:colcon.colcon_core.environment:checking '/home/ubuntu/rj_training_container/training_ws/install/stsl_desktop/bin'
[327.215s] Level 1:colcon.colcon_core.environment:checking '/home/ubuntu/rj_training_container/training_ws/install/stsl_desktop/lib/pkgconfig/stsl_desktop.pc'
[327.217s] Level 1:colcon.colcon_core.environment:checking '/home/ubuntu/rj_training_container/training_ws/install/stsl_desktop/lib/python3.10/site-packages'
[327.219s] Level 1:colcon.colcon_core.environment:checking '/home/ubuntu/rj_training_container/training_ws/install/stsl_desktop/bin'
[327.221s] INFO:colcon.colcon_core.shell:Creating package script '/home/ubuntu/rj_training_container/training_ws/install/stsl_desktop/share/stsl_desktop/package.ps1'
[327.238s] INFO:colcon.colcon_core.shell:Creating package descriptor '/home/ubuntu/rj_training_container/training_ws/install/stsl_desktop/share/stsl_desktop/package.dsv'
[327.255s] INFO:colcon.colcon_core.shell:Creating package script '/home/ubuntu/rj_training_container/training_ws/install/stsl_desktop/share/stsl_desktop/package.sh'
[327.269s] INFO:colcon.colcon_core.shell:Creating package script '/home/ubuntu/rj_training_container/training_ws/install/stsl_desktop/share/stsl_desktop/package.bash'
[327.284s] INFO:colcon.colcon_core.shell:Creating package script '/home/ubuntu/rj_training_container/training_ws/install/stsl_desktop/share/stsl_desktop/package.zsh'
[327.303s] Level 1:colcon.colcon_core.environment:create_file_with_runtime_dependencies(/home/ubuntu/rj_training_container/training_ws/install/stsl_desktop/share/colcon-core/packages/stsl_desktop)
[327.315s] DEBUG:colcon.colcon_parallel_executor.executor.parallel:closing loop
[327.316s] DEBUG:colcon.colcon_parallel_executor.executor.parallel:loop closed
[327.320s] DEBUG:colcon.colcon_parallel_executor.executor.parallel:run_until_complete finished with '0'
[327.321s] DEBUG:colcon.colcon_core.event_reactor:joining thread
[327.386s] INFO:colcon.colcon_core.plugin_system:Skipping extension 'colcon_notification.desktop_notification.terminal_notifier': Not used on non-Darwin systems
[327.387s] INFO:colcon.colcon_core.plugin_system:Skipping extension 'colcon_notification.desktop_notification.win32': Not used on non-Windows systems
[327.387s] INFO:colcon.colcon_notification.desktop_notification:Sending desktop notification using 'notify2'
[327.575s] DEBUG:colcon.colcon_core.event_reactor:joined thread
[327.576s] INFO:colcon.colcon_core.shell:Creating prefix script '/home/ubuntu/rj_training_container/training_ws/install/local_setup.ps1'
[327.586s] INFO:colcon.colcon_core.shell:Creating prefix util module '/home/ubuntu/rj_training_container/training_ws/install/_local_setup_util_ps1.py'
[327.596s] INFO:colcon.colcon_core.shell:Creating prefix chain script '/home/ubuntu/rj_training_container/training_ws/install/setup.ps1'
[327.606s] INFO:colcon.colcon_core.shell:Creating prefix script '/home/ubuntu/rj_training_container/training_ws/install/local_setup.sh'
[327.612s] INFO:colcon.colcon_core.shell:Creating prefix util module '/home/ubuntu/rj_training_container/training_ws/install/_local_setup_util_sh.py'
[327.618s] INFO:colcon.colcon_core.shell:Creating prefix chain script '/home/ubuntu/rj_training_container/training_ws/install/setup.sh'
[327.628s] INFO:colcon.colcon_core.shell:Creating prefix script '/home/ubuntu/rj_training_container/training_ws/install/local_setup.bash'
[327.636s] INFO:colcon.colcon_core.shell:Creating prefix chain script '/home/ubuntu/rj_training_container/training_ws/install/setup.bash'
[327.648s] INFO:colcon.colcon_core.shell:Creating prefix script '/home/ubuntu/rj_training_container/training_ws/install/local_setup.zsh'
[327.659s] INFO:colcon.colcon_core.shell:Creating prefix chain script '/home/ubuntu/rj_training_container/training_ws/install/setup.zsh'
