[1.395s] DEBUG:colcon:Command line arguments: ['/usr/bin/colcon', 'build']
[1.396s] DEBUG:colcon:Parsed command line arguments: Namespace(log_base=None, log_level=None, verb_name='build', build_base='build', install_base='install', merge_install=False, symlink_install=False, test_result_base=None, continue_on_error=False, executor='parallel', parallel_workers=16, event_handlers=None, ignore_user_meta=False, metas=['./colcon.meta'], base_paths=['.'], packages_ignore=None, packages_ignore_regex=None, paths=None, packages_up_to=None, packages_up_to_regex=None, packages_above=None, packages_above_and_dependencies=None, packages_above_depth=None, packages_select_by_dep=None, packages_skip_by_dep=None, packages_skip_up_to=None, packages_select_build_failed=False, packages_skip_build_finished=False, packages_select_test_failures=False, packages_skip_test_passed=False, packages_select=None, packages_skip=None, packages_select_regex=None, packages_skip_regex=None, packages_start=None, packages_end=None, allow_overriding=[], cmake_args=None, cmake_target=None, cmake_target_skip_unavailable=False, cmake_clean_cache=False, cmake_clean_first=False, cmake_force_configure=False, ament_cmake_args=None, catkin_cmake_args=None, catkin_skip_building_tests=False, verb_parser=<colcon_defaults.argument_parser.defaults.DefaultArgumentsDecorator object at 0x7f894d047910>, verb_extension=<colcon_core.verb.build.BuildVerb object at 0x7f894d14c5b0>, main=<bound method BuildVerb.main of <colcon_core.verb.build.BuildVerb object at 0x7f894d14c5b0>>)
[2.245s] Level 1:colcon.colcon_core.package_discovery:discover_packages(colcon_meta) check parameters
[2.245s] Level 1:colcon.colcon_core.package_discovery:discover_packages(recursive) check parameters
[2.246s] Level 1:colcon.colcon_core.package_discovery:discover_packages(ignore) check parameters
[2.246s] Level 1:colcon.colcon_core.package_discovery:discover_packages(path) check parameters
[2.246s] Level 1:colcon.colcon_core.package_discovery:discover_packages(colcon_meta) discover
[2.246s] Level 1:colcon.colcon_core.package_discovery:discover_packages(recursive) discover
[2.247s] INFO:colcon.colcon_core.package_discovery:Crawling recursively for packages in '/home/ubuntu/rj_training_container/training_ws'
[2.248s] Level 1:colcon.colcon_core.package_identification:_identify(.) by extensions ['ignore', 'ignore_ament_install']
[2.248s] Level 1:colcon.colcon_core.package_identification:_identify(.) by extension 'ignore'
[2.249s] Level 1:colcon.colcon_core.package_identification:_identify(.) by extension 'ignore_ament_install'
[2.249s] Level 1:colcon.colcon_core.package_identification:_identify(.) by extensions ['colcon_pkg']
[2.249s] Level 1:colcon.colcon_core.package_identification:_identify(.) by extension 'colcon_pkg'
[2.250s] Level 1:colcon.colcon_core.package_identification:_identify(.) by extensions ['colcon_meta']
[2.250s] Level 1:colcon.colcon_core.package_identification:_identify(.) by extension 'colcon_meta'
[2.251s] Level 1:colcon.colcon_core.package_identification:_identify(.) by extensions ['ros']
[2.251s] Level 1:colcon.colcon_core.package_identification:_identify(.) by extension 'ros'
[2.280s] Level 1:colcon.colcon_core.package_identification:_identify(.) by extensions ['cmake', 'python']
[2.280s] Level 1:colcon.colcon_core.package_identification:_identify(.) by extension 'cmake'
[2.281s] Level 1:colcon.colcon_core.package_identification:_identify(.) by extension 'python'
[2.281s] Level 1:colcon.colcon_core.package_identification:_identify(.) by extensions ['python_setup_py']
[2.282s] Level 1:colcon.colcon_core.package_identification:_identify(.) by extension 'python_setup_py'
[2.286s] Level 1:colcon.colcon_core.package_identification:_identify(build) by extensions ['ignore', 'ignore_ament_install']
[2.286s] Level 1:colcon.colcon_core.package_identification:_identify(build) by extension 'ignore'
[2.288s] Level 1:colcon.colcon_core.package_identification:_identify(build) ignored
[2.291s] Level 1:colcon.colcon_core.package_identification:_identify(install) by extensions ['ignore', 'ignore_ament_install']
[2.291s] Level 1:colcon.colcon_core.package_identification:_identify(install) by extension 'ignore'
[2.292s] Level 1:colcon.colcon_core.package_identification:_identify(install) ignored
[2.298s] Level 1:colcon.colcon_core.package_identification:_identify(log) by extensions ['ignore', 'ignore_ament_install']
[2.298s] Level 1:colcon.colcon_core.package_identification:_identify(log) by extension 'ignore'
[2.299s] Level 1:colcon.colcon_core.package_identification:_identify(log) ignored
[2.302s] Level 1:colcon.colcon_core.package_identification:_identify(src) by extensions ['ignore', 'ignore_ament_install']
[2.302s] Level 1:colcon.colcon_core.package_identification:_identify(src) by extension 'ignore'
[2.303s] Level 1:colcon.colcon_core.package_identification:_identify(src) by extension 'ignore_ament_install'
[2.304s] Level 1:colcon.colcon_core.package_identification:_identify(src) by extensions ['colcon_pkg']
[2.304s] Level 1:colcon.colcon_core.package_identification:_identify(src) by extension 'colcon_pkg'
[2.305s] Level 1:colcon.colcon_core.package_identification:_identify(src) by extensions ['colcon_meta']
[2.305s] Level 1:colcon.colcon_core.package_identification:_identify(src) by extension 'colcon_meta'
[2.306s] Level 1:colcon.colcon_core.package_identification:_identify(src) by extensions ['ros']
[2.306s] Level 1:colcon.colcon_core.package_identification:_identify(src) by extension 'ros'
[2.310s] Level 1:colcon.colcon_core.package_identification:_identify(src) by extensions ['cmake', 'python']
[2.310s] Level 1:colcon.colcon_core.package_identification:_identify(src) by extension 'cmake'
[2.310s] Level 1:colcon.colcon_core.package_identification:_identify(src) by extension 'python'
[2.311s] Level 1:colcon.colcon_core.package_identification:_identify(src) by extensions ['python_setup_py']
[2.312s] Level 1:colcon.colcon_core.package_identification:_identify(src) by extension 'python_setup_py'
[2.316s] Level 1:colcon.colcon_core.package_identification:_identify(src/software-training-old) by extensions ['ignore', 'ignore_ament_install']
[2.317s] Level 1:colcon.colcon_core.package_identification:_identify(src/software-training-old) by extension 'ignore'
[2.318s] Level 1:colcon.colcon_core.package_identification:_identify(src/software-training-old) by extension 'ignore_ament_install'
[2.320s] Level 1:colcon.colcon_core.package_identification:_identify(src/software-training-old) by extensions ['colcon_pkg']
[2.320s] Level 1:colcon.colcon_core.package_identification:_identify(src/software-training-old) by extension 'colcon_pkg'
[2.321s] Level 1:colcon.colcon_core.package_identification:_identify(src/software-training-old) by extensions ['colcon_meta']
[2.322s] Level 1:colcon.colcon_core.package_identification:_identify(src/software-training-old) by extension 'colcon_meta'
[2.323s] Level 1:colcon.colcon_core.package_identification:_identify(src/software-training-old) by extensions ['ros']
[2.324s] Level 1:colcon.colcon_core.package_identification:_identify(src/software-training-old) by extension 'ros'
[2.329s] Level 1:colcon.colcon_core.package_identification:_identify(src/software-training-old) by extensions ['cmake', 'python']
[2.329s] Level 1:colcon.colcon_core.package_identification:_identify(src/software-training-old) by extension 'cmake'
[2.330s] Level 1:colcon.colcon_core.package_identification:_identify(src/software-training-old) by extension 'python'
[2.331s] Level 1:colcon.colcon_core.package_identification:_identify(src/software-training-old) by extensions ['python_setup_py']
[2.331s] Level 1:colcon.colcon_core.package_identification:_identify(src/software-training-old) by extension 'python_setup_py'
[2.338s] Level 1:colcon.colcon_core.package_identification:_identify(src/software-training-old/astar_path_planner) by extensions ['ignore', 'ignore_ament_install']
[2.338s] Level 1:colcon.colcon_core.package_identification:_identify(src/software-training-old/astar_path_planner) by extension 'ignore'
[2.340s] Level 1:colcon.colcon_core.package_identification:_identify(src/software-training-old/astar_path_planner) by extension 'ignore_ament_install'
[2.343s] Level 1:colcon.colcon_core.package_identification:_identify(src/software-training-old/astar_path_planner) by extensions ['colcon_pkg']
[2.344s] Level 1:colcon.colcon_core.package_identification:_identify(src/software-training-old/astar_path_planner) by extension 'colcon_pkg'
[2.345s] Level 1:colcon.colcon_core.package_identification:_identify(src/software-training-old/astar_path_planner) by extensions ['colcon_meta']
[2.346s] Level 1:colcon.colcon_core.package_identification:_identify(src/software-training-old/astar_path_planner) by extension 'colcon_meta'
[2.349s] Level 1:colcon.colcon_core.package_identification:_identify(src/software-training-old/astar_path_planner) by extensions ['ros']
[2.349s] Level 1:colcon.colcon_core.package_identification:_identify(src/software-training-old/astar_path_planner) by extension 'ros'
[2.382s] DEBUG:colcon.colcon_core.package_identification:Package 'src/software-training-old/astar_path_planner' with type 'ros.ament_cmake' and name 'astar_path_planner'
[2.389s] Level 1:colcon.colcon_core.package_identification:_identify(src/software-training-old/controllers) by extensions ['ignore', 'ignore_ament_install']
[2.389s] Level 1:colcon.colcon_core.package_identification:_identify(src/software-training-old/controllers) by extension 'ignore'
[2.391s] Level 1:colcon.colcon_core.package_identification:_identify(src/software-training-old/controllers) by extension 'ignore_ament_install'
[2.394s] Level 1:colcon.colcon_core.package_identification:_identify(src/software-training-old/controllers) by extensions ['colcon_pkg']
[2.394s] Level 1:colcon.colcon_core.package_identification:_identify(src/software-training-old/controllers) by extension 'colcon_pkg'
[2.396s] Level 1:colcon.colcon_core.package_identification:_identify(src/software-training-old/controllers) by extensions ['colcon_meta']
[2.396s] Level 1:colcon.colcon_core.package_identification:_identify(src/software-training-old/controllers) by extension 'colcon_meta'
[2.399s] Level 1:colcon.colcon_core.package_identification:_identify(src/software-training-old/controllers) by extensions ['ros']
[2.399s] Level 1:colcon.colcon_core.package_identification:_identify(src/software-training-old/controllers) by extension 'ros'
[2.427s] DEBUG:colcon.colcon_core.package_identification:Package 'src/software-training-old/controllers' with type 'ros.ament_cmake' and name 'controllers'
[2.433s] Level 1:colcon.colcon_core.package_identification:_identify(src/software-training-old/coordinate_transform) by extensions ['ignore', 'ignore_ament_install']
[2.434s] Level 1:colcon.colcon_core.package_identification:_identify(src/software-training-old/coordinate_transform) by extension 'ignore'
[2.435s] Level 1:colcon.colcon_core.package_identification:_identify(src/software-training-old/coordinate_transform) by extension 'ignore_ament_install'
[2.439s] Level 1:colcon.colcon_core.package_identification:_identify(src/software-training-old/coordinate_transform) by extensions ['colcon_pkg']
[2.439s] Level 1:colcon.colcon_core.package_identification:_identify(src/software-training-old/coordinate_transform) by extension 'colcon_pkg'
[2.440s] Level 1:colcon.colcon_core.package_identification:_identify(src/software-training-old/coordinate_transform) by extensions ['colcon_meta']
[2.441s] Level 1:colcon.colcon_core.package_identification:_identify(src/software-training-old/coordinate_transform) by extension 'colcon_meta'
[2.444s] Level 1:colcon.colcon_core.package_identification:_identify(src/software-training-old/coordinate_transform) by extensions ['ros']
[2.444s] Level 1:colcon.colcon_core.package_identification:_identify(src/software-training-old/coordinate_transform) by extension 'ros'
[2.472s] DEBUG:colcon.colcon_core.package_identification:Package 'src/software-training-old/coordinate_transform' with type 'ros.ament_cmake' and name 'coordinate_transform'
[2.479s] Level 1:colcon.colcon_core.package_identification:_identify(src/software-training-old/localization) by extensions ['ignore', 'ignore_ament_install']
[2.479s] Level 1:colcon.colcon_core.package_identification:_identify(src/software-training-old/localization) by extension 'ignore'
[2.481s] Level 1:colcon.colcon_core.package_identification:_identify(src/software-training-old/localization) by extension 'ignore_ament_install'
[2.484s] Level 1:colcon.colcon_core.package_identification:_identify(src/software-training-old/localization) by extensions ['colcon_pkg']
[2.485s] Level 1:colcon.colcon_core.package_identification:_identify(src/software-training-old/localization) by extension 'colcon_pkg'
[2.486s] Level 1:colcon.colcon_core.package_identification:_identify(src/software-training-old/localization) by extensions ['colcon_meta']
[2.486s] Level 1:colcon.colcon_core.package_identification:_identify(src/software-training-old/localization) by extension 'colcon_meta'
[2.490s] Level 1:colcon.colcon_core.package_identification:_identify(src/software-training-old/localization) by extensions ['ros']
[2.490s] Level 1:colcon.colcon_core.package_identification:_identify(src/software-training-old/localization) by extension 'ros'
[2.518s] DEBUG:colcon.colcon_core.package_identification:Package 'src/software-training-old/localization' with type 'ros.ament_cmake' and name 'localization'
[2.524s] Level 1:colcon.colcon_core.package_identification:_identify(src/software-training-old/mapping) by extensions ['ignore', 'ignore_ament_install']
[2.524s] Level 1:colcon.colcon_core.package_identification:_identify(src/software-training-old/mapping) by extension 'ignore'
[2.526s] Level 1:colcon.colcon_core.package_identification:_identify(src/software-training-old/mapping) by extension 'ignore_ament_install'
[2.529s] Level 1:colcon.colcon_core.package_identification:_identify(src/software-training-old/mapping) by extensions ['colcon_pkg']
[2.529s] Level 1:colcon.colcon_core.package_identification:_identify(src/software-training-old/mapping) by extension 'colcon_pkg'
[2.531s] Level 1:colcon.colcon_core.package_identification:_identify(src/software-training-old/mapping) by extensions ['colcon_meta']
[2.531s] Level 1:colcon.colcon_core.package_identification:_identify(src/software-training-old/mapping) by extension 'colcon_meta'
[2.535s] Level 1:colcon.colcon_core.package_identification:_identify(src/software-training-old/mapping) by extensions ['ros']
[2.535s] Level 1:colcon.colcon_core.package_identification:_identify(src/software-training-old/mapping) by extension 'ros'
[2.562s] DEBUG:colcon.colcon_core.package_identification:Package 'src/software-training-old/mapping' with type 'ros.ament_cmake' and name 'mapping'
[2.568s] Level 1:colcon.colcon_core.package_identification:_identify(src/software-training-old/mineral_deposit_tracking) by extensions ['ignore', 'ignore_ament_install']
[2.569s] Level 1:colcon.colcon_core.package_identification:_identify(src/software-training-old/mineral_deposit_tracking) by extension 'ignore'
[2.570s] Level 1:colcon.colcon_core.package_identification:_identify(src/software-training-old/mineral_deposit_tracking) by extension 'ignore_ament_install'
[2.573s] Level 1:colcon.colcon_core.package_identification:_identify(src/software-training-old/mineral_deposit_tracking) by extensions ['colcon_pkg']
[2.573s] Level 1:colcon.colcon_core.package_identification:_identify(src/software-training-old/mineral_deposit_tracking) by extension 'colcon_pkg'
[2.575s] Level 1:colcon.colcon_core.package_identification:_identify(src/software-training-old/mineral_deposit_tracking) by extensions ['colcon_meta']
[2.575s] Level 1:colcon.colcon_core.package_identification:_identify(src/software-training-old/mineral_deposit_tracking) by extension 'colcon_meta'
[2.579s] Level 1:colcon.colcon_core.package_identification:_identify(src/software-training-old/mineral_deposit_tracking) by extensions ['ros']
[2.579s] Level 1:colcon.colcon_core.package_identification:_identify(src/software-training-old/mineral_deposit_tracking) by extension 'ros'
[2.606s] DEBUG:colcon.colcon_core.package_identification:Package 'src/software-training-old/mineral_deposit_tracking' with type 'ros.ament_cmake' and name 'mineral_deposit_tracking'
[2.612s] Level 1:colcon.colcon_core.package_identification:_identify(src/software-training-old/obstacle_detector) by extensions ['ignore', 'ignore_ament_install']
[2.612s] Level 1:colcon.colcon_core.package_identification:_identify(src/software-training-old/obstacle_detector) by extension 'ignore'
[2.614s] Level 1:colcon.colcon_core.package_identification:_identify(src/software-training-old/obstacle_detector) by extension 'ignore_ament_install'
[2.617s] Level 1:colcon.colcon_core.package_identification:_identify(src/software-training-old/obstacle_detector) by extensions ['colcon_pkg']
[2.617s] Level 1:colcon.colcon_core.package_identification:_identify(src/software-training-old/obstacle_detector) by extension 'colcon_pkg'
[2.619s] Level 1:colcon.colcon_core.package_identification:_identify(src/software-training-old/obstacle_detector) by extensions ['colcon_meta']
[2.619s] Level 1:colcon.colcon_core.package_identification:_identify(src/software-training-old/obstacle_detector) by extension 'colcon_meta'
[2.622s] Level 1:colcon.colcon_core.package_identification:_identify(src/software-training-old/obstacle_detector) by extensions ['ros']
[2.623s] Level 1:colcon.colcon_core.package_identification:_identify(src/software-training-old/obstacle_detector) by extension 'ros'
[2.649s] DEBUG:colcon.colcon_core.package_identification:Package 'src/software-training-old/obstacle_detector' with type 'ros.ament_cmake' and name 'obstacle_detector'
[2.657s] Level 1:colcon.colcon_core.package_identification:_identify(src/software-training-old/peak_finder) by extensions ['ignore', 'ignore_ament_install']
[2.658s] Level 1:colcon.colcon_core.package_identification:_identify(src/software-training-old/peak_finder) by extension 'ignore'
[2.660s] Level 1:colcon.colcon_core.package_identification:_identify(src/software-training-old/peak_finder) by extension 'ignore_ament_install'
[2.664s] Level 1:colcon.colcon_core.package_identification:_identify(src/software-training-old/peak_finder) by extensions ['colcon_pkg']
[2.664s] Level 1:colcon.colcon_core.package_identification:_identify(src/software-training-old/peak_finder) by extension 'colcon_pkg'
[2.666s] Level 1:colcon.colcon_core.package_identification:_identify(src/software-training-old/peak_finder) by extensions ['colcon_meta']
[2.666s] Level 1:colcon.colcon_core.package_identification:_identify(src/software-training-old/peak_finder) by extension 'colcon_meta'
[2.669s] Level 1:colcon.colcon_core.package_identification:_identify(src/software-training-old/peak_finder) by extensions ['ros']
[2.669s] Level 1:colcon.colcon_core.package_identification:_identify(src/software-training-old/peak_finder) by extension 'ros'
[2.698s] DEBUG:colcon.colcon_core.package_identification:Package 'src/software-training-old/peak_finder' with type 'ros.ament_cmake' and name 'peak_finder'
[2.704s] Level 1:colcon.colcon_core.package_identification:_identify(src/software-training-old/projects) by extensions ['ignore', 'ignore_ament_install']
[2.704s] Level 1:colcon.colcon_core.package_identification:_identify(src/software-training-old/projects) by extension 'ignore'
[2.705s] Level 1:colcon.colcon_core.package_identification:_identify(src/software-training-old/projects) by extension 'ignore_ament_install'
[2.708s] Level 1:colcon.colcon_core.package_identification:_identify(src/software-training-old/projects) by extensions ['colcon_pkg']
[2.708s] Level 1:colcon.colcon_core.package_identification:_identify(src/software-training-old/projects) by extension 'colcon_pkg'
[2.710s] Level 1:colcon.colcon_core.package_identification:_identify(src/software-training-old/projects) by extensions ['colcon_meta']
[2.710s] Level 1:colcon.colcon_core.package_identification:_identify(src/software-training-old/projects) by extension 'colcon_meta'
[2.714s] Level 1:colcon.colcon_core.package_identification:_identify(src/software-training-old/projects) by extensions ['ros']
[2.714s] Level 1:colcon.colcon_core.package_identification:_identify(src/software-training-old/projects) by extension 'ros'
[2.721s] Level 1:colcon.colcon_core.package_identification:_identify(src/software-training-old/projects) by extensions ['cmake', 'python']
[2.722s] Level 1:colcon.colcon_core.package_identification:_identify(src/software-training-old/projects) by extension 'cmake'
[2.723s] Level 1:colcon.colcon_core.package_identification:_identify(src/software-training-old/projects) by extension 'python'
[2.725s] Level 1:colcon.colcon_core.package_identification:_identify(src/software-training-old/projects) by extensions ['python_setup_py']
[2.725s] Level 1:colcon.colcon_core.package_identification:_identify(src/software-training-old/projects) by extension 'python_setup_py'
[2.734s] Level 1:colcon.colcon_core.package_identification:_identify(src/software-training-old/projects/week_1) by extensions ['ignore', 'ignore_ament_install']
[2.734s] Level 1:colcon.colcon_core.package_identification:_identify(src/software-training-old/projects/week_1) by extension 'ignore'
[2.736s] Level 1:colcon.colcon_core.package_identification:_identify(src/software-training-old/projects/week_1) by extension 'ignore_ament_install'
[2.741s] Level 1:colcon.colcon_core.package_identification:_identify(src/software-training-old/projects/week_1) by extensions ['colcon_pkg']
[2.742s] Level 1:colcon.colcon_core.package_identification:_identify(src/software-training-old/projects/week_1) by extension 'colcon_pkg'
[2.743s] Level 1:colcon.colcon_core.package_identification:_identify(src/software-training-old/projects/week_1) by extensions ['colcon_meta']
[2.744s] Level 1:colcon.colcon_core.package_identification:_identify(src/software-training-old/projects/week_1) by extension 'colcon_meta'
[2.748s] Level 1:colcon.colcon_core.package_identification:_identify(src/software-training-old/projects/week_1) by extensions ['ros']
[2.748s] Level 1:colcon.colcon_core.package_identification:_identify(src/software-training-old/projects/week_1) by extension 'ros'
[2.757s] Level 1:colcon.colcon_core.package_identification:_identify(src/software-training-old/projects/week_1) by extensions ['cmake', 'python']
[2.757s] Level 1:colcon.colcon_core.package_identification:_identify(src/software-training-old/projects/week_1) by extension 'cmake'
[2.759s] Level 1:colcon.colcon_core.package_identification:_identify(src/software-training-old/projects/week_1) by extension 'python'
[2.761s] Level 1:colcon.colcon_core.package_identification:_identify(src/software-training-old/projects/week_1) by extensions ['python_setup_py']
[2.761s] Level 1:colcon.colcon_core.package_identification:_identify(src/software-training-old/projects/week_1) by extension 'python_setup_py'
[2.772s] Level 1:colcon.colcon_core.package_identification:_identify(src/software-training-old/projects/week_2) by extensions ['ignore', 'ignore_ament_install']
[2.773s] Level 1:colcon.colcon_core.package_identification:_identify(src/software-training-old/projects/week_2) by extension 'ignore'
[2.774s] Level 1:colcon.colcon_core.package_identification:_identify(src/software-training-old/projects/week_2) by extension 'ignore_ament_install'
[2.778s] Level 1:colcon.colcon_core.package_identification:_identify(src/software-training-old/projects/week_2) by extensions ['colcon_pkg']
[2.779s] Level 1:colcon.colcon_core.package_identification:_identify(src/software-training-old/projects/week_2) by extension 'colcon_pkg'
[2.781s] Level 1:colcon.colcon_core.package_identification:_identify(src/software-training-old/projects/week_2) by extensions ['colcon_meta']
[2.781s] Level 1:colcon.colcon_core.package_identification:_identify(src/software-training-old/projects/week_2) by extension 'colcon_meta'
[2.786s] Level 1:colcon.colcon_core.package_identification:_identify(src/software-training-old/projects/week_2) by extensions ['ros']
[2.787s] Level 1:colcon.colcon_core.package_identification:_identify(src/software-training-old/projects/week_2) by extension 'ros'
[2.796s] Level 1:colcon.colcon_core.package_identification:_identify(src/software-training-old/projects/week_2) by extensions ['cmake', 'python']
[2.796s] Level 1:colcon.colcon_core.package_identification:_identify(src/software-training-old/projects/week_2) by extension 'cmake'
[2.799s] Level 1:colcon.colcon_core.package_identification:_identify(src/software-training-old/projects/week_2) by extension 'python'
[2.801s] Level 1:colcon.colcon_core.package_identification:_identify(src/software-training-old/projects/week_2) by extensions ['python_setup_py']
[2.801s] Level 1:colcon.colcon_core.package_identification:_identify(src/software-training-old/projects/week_2) by extension 'python_setup_py'
[2.811s] Level 1:colcon.colcon_core.package_identification:_identify(src/software-training-old/projects/week_3) by extensions ['ignore', 'ignore_ament_install']
[2.811s] Level 1:colcon.colcon_core.package_identification:_identify(src/software-training-old/projects/week_3) by extension 'ignore'
[2.814s] Level 1:colcon.colcon_core.package_identification:_identify(src/software-training-old/projects/week_3) by extension 'ignore_ament_install'
[2.817s] Level 1:colcon.colcon_core.package_identification:_identify(src/software-training-old/projects/week_3) by extensions ['colcon_pkg']
[2.818s] Level 1:colcon.colcon_core.package_identification:_identify(src/software-training-old/projects/week_3) by extension 'colcon_pkg'
[2.820s] Level 1:colcon.colcon_core.package_identification:_identify(src/software-training-old/projects/week_3) by extensions ['colcon_meta']
[2.820s] Level 1:colcon.colcon_core.package_identification:_identify(src/software-training-old/projects/week_3) by extension 'colcon_meta'
[2.825s] Level 1:colcon.colcon_core.package_identification:_identify(src/software-training-old/projects/week_3) by extensions ['ros']
[2.826s] Level 1:colcon.colcon_core.package_identification:_identify(src/software-training-old/projects/week_3) by extension 'ros'
[2.837s] Level 1:colcon.colcon_core.package_identification:_identify(src/software-training-old/projects/week_3) by extensions ['cmake', 'python']
[2.837s] Level 1:colcon.colcon_core.package_identification:_identify(src/software-training-old/projects/week_3) by extension 'cmake'
[2.839s] Level 1:colcon.colcon_core.package_identification:_identify(src/software-training-old/projects/week_3) by extension 'python'
[2.841s] Level 1:colcon.colcon_core.package_identification:_identify(src/software-training-old/projects/week_3) by extensions ['python_setup_py']
[2.842s] Level 1:colcon.colcon_core.package_identification:_identify(src/software-training-old/projects/week_3) by extension 'python_setup_py'
[2.851s] Level 1:colcon.colcon_core.package_identification:_identify(src/software-training-old/projects/week_4) by extensions ['ignore', 'ignore_ament_install']
[2.852s] Level 1:colcon.colcon_core.package_identification:_identify(src/software-training-old/projects/week_4) by extension 'ignore'
[2.853s] Level 1:colcon.colcon_core.package_identification:_identify(src/software-training-old/projects/week_4) by extension 'ignore_ament_install'
[2.857s] Level 1:colcon.colcon_core.package_identification:_identify(src/software-training-old/projects/week_4) by extensions ['colcon_pkg']
[2.857s] Level 1:colcon.colcon_core.package_identification:_identify(src/software-training-old/projects/week_4) by extension 'colcon_pkg'
[2.860s] Level 1:colcon.colcon_core.package_identification:_identify(src/software-training-old/projects/week_4) by extensions ['colcon_meta']
[2.860s] Level 1:colcon.colcon_core.package_identification:_identify(src/software-training-old/projects/week_4) by extension 'colcon_meta'
[2.865s] Level 1:colcon.colcon_core.package_identification:_identify(src/software-training-old/projects/week_4) by extensions ['ros']
[2.865s] Level 1:colcon.colcon_core.package_identification:_identify(src/software-training-old/projects/week_4) by extension 'ros'
[2.874s] Level 1:colcon.colcon_core.package_identification:_identify(src/software-training-old/projects/week_4) by extensions ['cmake', 'python']
[2.874s] Level 1:colcon.colcon_core.package_identification:_identify(src/software-training-old/projects/week_4) by extension 'cmake'
[2.876s] Level 1:colcon.colcon_core.package_identification:_identify(src/software-training-old/projects/week_4) by extension 'python'
[2.879s] Level 1:colcon.colcon_core.package_identification:_identify(src/software-training-old/projects/week_4) by extensions ['python_setup_py']
[2.879s] Level 1:colcon.colcon_core.package_identification:_identify(src/software-training-old/projects/week_4) by extension 'python_setup_py'
[2.888s] Level 1:colcon.colcon_core.package_identification:_identify(src/software-training-old/projects/week_5) by extensions ['ignore', 'ignore_ament_install']
[2.889s] Level 1:colcon.colcon_core.package_identification:_identify(src/software-training-old/projects/week_5) by extension 'ignore'
[2.891s] Level 1:colcon.colcon_core.package_identification:_identify(src/software-training-old/projects/week_5) by extension 'ignore_ament_install'
[2.895s] Level 1:colcon.colcon_core.package_identification:_identify(src/software-training-old/projects/week_5) by extensions ['colcon_pkg']
[2.895s] Level 1:colcon.colcon_core.package_identification:_identify(src/software-training-old/projects/week_5) by extension 'colcon_pkg'
[2.897s] Level 1:colcon.colcon_core.package_identification:_identify(src/software-training-old/projects/week_5) by extensions ['colcon_meta']
[2.897s] Level 1:colcon.colcon_core.package_identification:_identify(src/software-training-old/projects/week_5) by extension 'colcon_meta'
[2.902s] Level 1:colcon.colcon_core.package_identification:_identify(src/software-training-old/projects/week_5) by extensions ['ros']
[2.902s] Level 1:colcon.colcon_core.package_identification:_identify(src/software-training-old/projects/week_5) by extension 'ros'
[2.911s] Level 1:colcon.colcon_core.package_identification:_identify(src/software-training-old/projects/week_5) by extensions ['cmake', 'python']
[2.912s] Level 1:colcon.colcon_core.package_identification:_identify(src/software-training-old/projects/week_5) by extension 'cmake'
[2.913s] Level 1:colcon.colcon_core.package_identification:_identify(src/software-training-old/projects/week_5) by extension 'python'
[2.916s] Level 1:colcon.colcon_core.package_identification:_identify(src/software-training-old/projects/week_5) by extensions ['python_setup_py']
[2.916s] Level 1:colcon.colcon_core.package_identification:_identify(src/software-training-old/projects/week_5) by extension 'python_setup_py'
[2.926s] Level 1:colcon.colcon_core.package_identification:_identify(src/software-training-old/projects/week_6) by extensions ['ignore', 'ignore_ament_install']
[2.927s] Level 1:colcon.colcon_core.package_identification:_identify(src/software-training-old/projects/week_6) by extension 'ignore'
[2.929s] Level 1:colcon.colcon_core.package_identification:_identify(src/software-training-old/projects/week_6) by extension 'ignore_ament_install'
[2.932s] Level 1:colcon.colcon_core.package_identification:_identify(src/software-training-old/projects/week_6) by extensions ['colcon_pkg']
[2.933s] Level 1:colcon.colcon_core.package_identification:_identify(src/software-training-old/projects/week_6) by extension 'colcon_pkg'
[2.934s] Level 1:colcon.colcon_core.package_identification:_identify(src/software-training-old/projects/week_6) by extensions ['colcon_meta']
[2.935s] Level 1:colcon.colcon_core.package_identification:_identify(src/software-training-old/projects/week_6) by extension 'colcon_meta'
[2.941s] Level 1:colcon.colcon_core.package_identification:_identify(src/software-training-old/projects/week_6) by extensions ['ros']
[2.941s] Level 1:colcon.colcon_core.package_identification:_identify(src/software-training-old/projects/week_6) by extension 'ros'
[2.950s] Level 1:colcon.colcon_core.package_identification:_identify(src/software-training-old/projects/week_6) by extensions ['cmake', 'python']
[2.950s] Level 1:colcon.colcon_core.package_identification:_identify(src/software-training-old/projects/week_6) by extension 'cmake'
[2.952s] Level 1:colcon.colcon_core.package_identification:_identify(src/software-training-old/projects/week_6) by extension 'python'
[2.954s] Level 1:colcon.colcon_core.package_identification:_identify(src/software-training-old/projects/week_6) by extensions ['python_setup_py']
[2.954s] Level 1:colcon.colcon_core.package_identification:_identify(src/software-training-old/projects/week_6) by extension 'python_setup_py'
[2.964s] Level 1:colcon.colcon_core.package_identification:_identify(src/software-training-old/projects/week_7) by extensions ['ignore', 'ignore_ament_install']
[2.964s] Level 1:colcon.colcon_core.package_identification:_identify(src/software-training-old/projects/week_7) by extension 'ignore'
[2.966s] Level 1:colcon.colcon_core.package_identification:_identify(src/software-training-old/projects/week_7) by extension 'ignore_ament_install'
[2.970s] Level 1:colcon.colcon_core.package_identification:_identify(src/software-training-old/projects/week_7) by extensions ['colcon_pkg']
[2.970s] Level 1:colcon.colcon_core.package_identification:_identify(src/software-training-old/projects/week_7) by extension 'colcon_pkg'
[2.972s] Level 1:colcon.colcon_core.package_identification:_identify(src/software-training-old/projects/week_7) by extensions ['colcon_meta']
[2.973s] Level 1:colcon.colcon_core.package_identification:_identify(src/software-training-old/projects/week_7) by extension 'colcon_meta'
[2.978s] Level 1:colcon.colcon_core.package_identification:_identify(src/software-training-old/projects/week_7) by extensions ['ros']
[2.978s] Level 1:colcon.colcon_core.package_identification:_identify(src/software-training-old/projects/week_7) by extension 'ros'
[2.986s] Level 1:colcon.colcon_core.package_identification:_identify(src/software-training-old/projects/week_7) by extensions ['cmake', 'python']
[2.987s] Level 1:colcon.colcon_core.package_identification:_identify(src/software-training-old/projects/week_7) by extension 'cmake'
[2.989s] Level 1:colcon.colcon_core.package_identification:_identify(src/software-training-old/projects/week_7) by extension 'python'
[2.991s] Level 1:colcon.colcon_core.package_identification:_identify(src/software-training-old/projects/week_7) by extensions ['python_setup_py']
[2.992s] Level 1:colcon.colcon_core.package_identification:_identify(src/software-training-old/projects/week_7) by extension 'python_setup_py'
[3.001s] Level 1:colcon.colcon_core.package_identification:_identify(src/software-training-old/projects/week_8) by extensions ['ignore', 'ignore_ament_install']
[3.001s] Level 1:colcon.colcon_core.package_identification:_identify(src/software-training-old/projects/week_8) by extension 'ignore'
[3.003s] Level 1:colcon.colcon_core.package_identification:_identify(src/software-training-old/projects/week_8) by extension 'ignore_ament_install'
[3.007s] Level 1:colcon.colcon_core.package_identification:_identify(src/software-training-old/projects/week_8) by extensions ['colcon_pkg']
[3.008s] Level 1:colcon.colcon_core.package_identification:_identify(src/software-training-old/projects/week_8) by extension 'colcon_pkg'
[3.010s] Level 1:colcon.colcon_core.package_identification:_identify(src/software-training-old/projects/week_8) by extensions ['colcon_meta']
[3.010s] Level 1:colcon.colcon_core.package_identification:_identify(src/software-training-old/projects/week_8) by extension 'colcon_meta'
[3.015s] Level 1:colcon.colcon_core.package_identification:_identify(src/software-training-old/projects/week_8) by extensions ['ros']
[3.015s] Level 1:colcon.colcon_core.package_identification:_identify(src/software-training-old/projects/week_8) by extension 'ros'
[3.025s] Level 1:colcon.colcon_core.package_identification:_identify(src/software-training-old/projects/week_8) by extensions ['cmake', 'python']
[3.025s] Level 1:colcon.colcon_core.package_identification:_identify(src/software-training-old/projects/week_8) by extension 'cmake'
[3.027s] Level 1:colcon.colcon_core.package_identification:_identify(src/software-training-old/projects/week_8) by extension 'python'
[3.029s] Level 1:colcon.colcon_core.package_identification:_identify(src/software-training-old/projects/week_8) by extensions ['python_setup_py']
[3.029s] Level 1:colcon.colcon_core.package_identification:_identify(src/software-training-old/projects/week_8) by extension 'python_setup_py'
[3.037s] Level 1:colcon.colcon_core.package_identification:_identify(src/software-training-old/reference_solutions) by extensions ['ignore', 'ignore_ament_install']
[3.037s] Level 1:colcon.colcon_core.package_identification:_identify(src/software-training-old/reference_solutions) by extension 'ignore'
[3.039s] Level 1:colcon.colcon_core.package_identification:_identify(src/software-training-old/reference_solutions) ignored
[3.044s] Level 1:colcon.colcon_core.package_identification:_identify(src/software-training-old/rj_training_bringup) by extensions ['ignore', 'ignore_ament_install']
[3.044s] Level 1:colcon.colcon_core.package_identification:_identify(src/software-training-old/rj_training_bringup) by extension 'ignore'
[3.046s] Level 1:colcon.colcon_core.package_identification:_identify(src/software-training-old/rj_training_bringup) by extension 'ignore_ament_install'
[3.049s] Level 1:colcon.colcon_core.package_identification:_identify(src/software-training-old/rj_training_bringup) by extensions ['colcon_pkg']
[3.049s] Level 1:colcon.colcon_core.package_identification:_identify(src/software-training-old/rj_training_bringup) by extension 'colcon_pkg'
[3.051s] Level 1:colcon.colcon_core.package_identification:_identify(src/software-training-old/rj_training_bringup) by extensions ['colcon_meta']
[3.051s] Level 1:colcon.colcon_core.package_identification:_identify(src/software-training-old/rj_training_bringup) by extension 'colcon_meta'
[3.054s] Level 1:colcon.colcon_core.package_identification:_identify(src/software-training-old/rj_training_bringup) by extensions ['ros']
[3.055s] Level 1:colcon.colcon_core.package_identification:_identify(src/software-training-old/rj_training_bringup) by extension 'ros'
[3.080s] DEBUG:colcon.colcon_core.package_identification:Package 'src/software-training-old/rj_training_bringup' with type 'ros.ament_cmake' and name 'rj_training_bringup'
[3.086s] Level 1:colcon.colcon_core.package_identification:_identify(src/software-training-old/setup_instructons) by extensions ['ignore', 'ignore_ament_install']
[3.086s] Level 1:colcon.colcon_core.package_identification:_identify(src/software-training-old/setup_instructons) by extension 'ignore'
[3.088s] Level 1:colcon.colcon_core.package_identification:_identify(src/software-training-old/setup_instructons) by extension 'ignore_ament_install'
[3.092s] Level 1:colcon.colcon_core.package_identification:_identify(src/software-training-old/setup_instructons) by extensions ['colcon_pkg']
[3.092s] Level 1:colcon.colcon_core.package_identification:_identify(src/software-training-old/setup_instructons) by extension 'colcon_pkg'
[3.094s] Level 1:colcon.colcon_core.package_identification:_identify(src/software-training-old/setup_instructons) by extensions ['colcon_meta']
[3.094s] Level 1:colcon.colcon_core.package_identification:_identify(src/software-training-old/setup_instructons) by extension 'colcon_meta'
[3.097s] Level 1:colcon.colcon_core.package_identification:_identify(src/software-training-old/setup_instructons) by extensions ['ros']
[3.098s] Level 1:colcon.colcon_core.package_identification:_identify(src/software-training-old/setup_instructons) by extension 'ros'
[3.105s] Level 1:colcon.colcon_core.package_identification:_identify(src/software-training-old/setup_instructons) by extensions ['cmake', 'python']
[3.105s] Level 1:colcon.colcon_core.package_identification:_identify(src/software-training-old/setup_instructons) by extension 'cmake'
[3.107s] Level 1:colcon.colcon_core.package_identification:_identify(src/software-training-old/setup_instructons) by extension 'python'
[3.108s] Level 1:colcon.colcon_core.package_identification:_identify(src/software-training-old/setup_instructons) by extensions ['python_setup_py']
[3.108s] Level 1:colcon.colcon_core.package_identification:_identify(src/software-training-old/setup_instructons) by extension 'python_setup_py'
[3.114s] Level 1:colcon.colcon_core.package_identification:_identify(src/stsl) by extensions ['ignore', 'ignore_ament_install']
[3.114s] Level 1:colcon.colcon_core.package_identification:_identify(src/stsl) by extension 'ignore'
[3.115s] Level 1:colcon.colcon_core.package_identification:_identify(src/stsl) by extension 'ignore_ament_install'
[3.117s] Level 1:colcon.colcon_core.package_identification:_identify(src/stsl) by extensions ['colcon_pkg']
[3.117s] Level 1:colcon.colcon_core.package_identification:_identify(src/stsl) by extension 'colcon_pkg'
[3.118s] Level 1:colcon.colcon_core.package_identification:_identify(src/stsl) by extensions ['colcon_meta']
[3.118s] Level 1:colcon.colcon_core.package_identification:_identify(src/stsl) by extension 'colcon_meta'
[3.120s] Level 1:colcon.colcon_core.package_identification:_identify(src/stsl) by extensions ['ros']
[3.120s] Level 1:colcon.colcon_core.package_identification:_identify(src/stsl) by extension 'ros'
[3.125s] Level 1:colcon.colcon_core.package_identification:_identify(src/stsl) by extensions ['cmake', 'python']
[3.125s] Level 1:colcon.colcon_core.package_identification:_identify(src/stsl) by extension 'cmake'
[3.127s] Level 1:colcon.colcon_core.package_identification:_identify(src/stsl) by extension 'python'
[3.128s] Level 1:colcon.colcon_core.package_identification:_identify(src/stsl) by extensions ['python_setup_py']
[3.128s] Level 1:colcon.colcon_core.package_identification:_identify(src/stsl) by extension 'python_setup_py'
[3.134s] Level 1:colcon.colcon_core.package_identification:_identify(src/stsl/deployment) by extensions ['ignore', 'ignore_ament_install']
[3.134s] Level 1:colcon.colcon_core.package_identification:_identify(src/stsl/deployment) by extension 'ignore'
[3.136s] Level 1:colcon.colcon_core.package_identification:_identify(src/stsl/deployment) by extension 'ignore_ament_install'
[3.141s] Level 1:colcon.colcon_core.package_identification:_identify(src/stsl/deployment) by extensions ['colcon_pkg']
[3.141s] Level 1:colcon.colcon_core.package_identification:_identify(src/stsl/deployment) by extension 'colcon_pkg'
[3.143s] Level 1:colcon.colcon_core.package_identification:_identify(src/stsl/deployment) by extensions ['colcon_meta']
[3.143s] Level 1:colcon.colcon_core.package_identification:_identify(src/stsl/deployment) by extension 'colcon_meta'
[3.147s] Level 1:colcon.colcon_core.package_identification:_identify(src/stsl/deployment) by extensions ['ros']
[3.147s] Level 1:colcon.colcon_core.package_identification:_identify(src/stsl/deployment) by extension 'ros'
[3.155s] Level 1:colcon.colcon_core.package_identification:_identify(src/stsl/deployment) by extensions ['cmake', 'python']
[3.156s] Level 1:colcon.colcon_core.package_identification:_identify(src/stsl/deployment) by extension 'cmake'
[3.157s] Level 1:colcon.colcon_core.package_identification:_identify(src/stsl/deployment) by extension 'python'
[3.161s] Level 1:colcon.colcon_core.package_identification:_identify(src/stsl/deployment) by extensions ['python_setup_py']
[3.161s] Level 1:colcon.colcon_core.package_identification:_identify(src/stsl/deployment) by extension 'python_setup_py'
[3.171s] Level 1:colcon.colcon_core.package_identification:_identify(src/stsl/deployment/package_generation) by extensions ['ignore', 'ignore_ament_install']
[3.171s] Level 1:colcon.colcon_core.package_identification:_identify(src/stsl/deployment/package_generation) by extension 'ignore'
[3.173s] Level 1:colcon.colcon_core.package_identification:_identify(src/stsl/deployment/package_generation) by extension 'ignore_ament_install'
[3.178s] Level 1:colcon.colcon_core.package_identification:_identify(src/stsl/deployment/package_generation) by extensions ['colcon_pkg']
[3.178s] Level 1:colcon.colcon_core.package_identification:_identify(src/stsl/deployment/package_generation) by extension 'colcon_pkg'
[3.181s] Level 1:colcon.colcon_core.package_identification:_identify(src/stsl/deployment/package_generation) by extensions ['colcon_meta']
[3.181s] Level 1:colcon.colcon_core.package_identification:_identify(src/stsl/deployment/package_generation) by extension 'colcon_meta'
[3.186s] Level 1:colcon.colcon_core.package_identification:_identify(src/stsl/deployment/package_generation) by extensions ['ros']
[3.187s] Level 1:colcon.colcon_core.package_identification:_identify(src/stsl/deployment/package_generation) by extension 'ros'
[3.196s] Level 1:colcon.colcon_core.package_identification:_identify(src/stsl/deployment/package_generation) by extensions ['cmake', 'python']
[3.197s] Level 1:colcon.colcon_core.package_identification:_identify(src/stsl/deployment/package_generation) by extension 'cmake'
[3.199s] Level 1:colcon.colcon_core.package_identification:_identify(src/stsl/deployment/package_generation) by extension 'python'
[3.201s] Level 1:colcon.colcon_core.package_identification:_identify(src/stsl/deployment/package_generation) by extensions ['python_setup_py']
[3.201s] Level 1:colcon.colcon_core.package_identification:_identify(src/stsl/deployment/package_generation) by extension 'python_setup_py'
[3.212s] Level 1:colcon.colcon_core.package_identification:_identify(src/stsl/deployment/package_hosting) by extensions ['ignore', 'ignore_ament_install']
[3.212s] Level 1:colcon.colcon_core.package_identification:_identify(src/stsl/deployment/package_hosting) by extension 'ignore'
[3.214s] Level 1:colcon.colcon_core.package_identification:_identify(src/stsl/deployment/package_hosting) by extension 'ignore_ament_install'
[3.218s] Level 1:colcon.colcon_core.package_identification:_identify(src/stsl/deployment/package_hosting) by extensions ['colcon_pkg']
[3.218s] Level 1:colcon.colcon_core.package_identification:_identify(src/stsl/deployment/package_hosting) by extension 'colcon_pkg'
[3.220s] Level 1:colcon.colcon_core.package_identification:_identify(src/stsl/deployment/package_hosting) by extensions ['colcon_meta']
[3.220s] Level 1:colcon.colcon_core.package_identification:_identify(src/stsl/deployment/package_hosting) by extension 'colcon_meta'
[3.224s] Level 1:colcon.colcon_core.package_identification:_identify(src/stsl/deployment/package_hosting) by extensions ['ros']
[3.225s] Level 1:colcon.colcon_core.package_identification:_identify(src/stsl/deployment/package_hosting) by extension 'ros'
[3.235s] Level 1:colcon.colcon_core.package_identification:_identify(src/stsl/deployment/package_hosting) by extensions ['cmake', 'python']
[3.235s] Level 1:colcon.colcon_core.package_identification:_identify(src/stsl/deployment/package_hosting) by extension 'cmake'
[3.237s] Level 1:colcon.colcon_core.package_identification:_identify(src/stsl/deployment/package_hosting) by extension 'python'
[3.239s] Level 1:colcon.colcon_core.package_identification:_identify(src/stsl/deployment/package_hosting) by extensions ['python_setup_py']
[3.240s] Level 1:colcon.colcon_core.package_identification:_identify(src/stsl/deployment/package_hosting) by extension 'python_setup_py'
[3.247s] Level 1:colcon.colcon_core.package_identification:_identify(src/stsl/elevation_server) by extensions ['ignore', 'ignore_ament_install']
[3.247s] Level 1:colcon.colcon_core.package_identification:_identify(src/stsl/elevation_server) by extension 'ignore'
[3.249s] Level 1:colcon.colcon_core.package_identification:_identify(src/stsl/elevation_server) by extension 'ignore_ament_install'
[3.253s] Level 1:colcon.colcon_core.package_identification:_identify(src/stsl/elevation_server) by extensions ['colcon_pkg']
[3.253s] Level 1:colcon.colcon_core.package_identification:_identify(src/stsl/elevation_server) by extension 'colcon_pkg'
[3.255s] Level 1:colcon.colcon_core.package_identification:_identify(src/stsl/elevation_server) by extensions ['colcon_meta']
[3.255s] Level 1:colcon.colcon_core.package_identification:_identify(src/stsl/elevation_server) by extension 'colcon_meta'
[3.258s] Level 1:colcon.colcon_core.package_identification:_identify(src/stsl/elevation_server) by extensions ['ros']
[3.258s] Level 1:colcon.colcon_core.package_identification:_identify(src/stsl/elevation_server) by extension 'ros'
[3.283s] DEBUG:colcon.colcon_core.package_identification:Package 'src/stsl/elevation_server' with type 'ros.ament_cmake' and name 'elevation_server'
[3.289s] Level 1:colcon.colcon_core.package_identification:_identify(src/stsl/mineral_deposit_detection) by extensions ['ignore', 'ignore_ament_install']
[3.289s] Level 1:colcon.colcon_core.package_identification:_identify(src/stsl/mineral_deposit_detection) by extension 'ignore'
[3.291s] Level 1:colcon.colcon_core.package_identification:_identify(src/stsl/mineral_deposit_detection) by extension 'ignore_ament_install'
[3.294s] Level 1:colcon.colcon_core.package_identification:_identify(src/stsl/mineral_deposit_detection) by extensions ['colcon_pkg']
[3.295s] Level 1:colcon.colcon_core.package_identification:_identify(src/stsl/mineral_deposit_detection) by extension 'colcon_pkg'
[3.296s] Level 1:colcon.colcon_core.package_identification:_identify(src/stsl/mineral_deposit_detection) by extensions ['colcon_meta']
[3.296s] Level 1:colcon.colcon_core.package_identification:_identify(src/stsl/mineral_deposit_detection) by extension 'colcon_meta'
[3.299s] Level 1:colcon.colcon_core.package_identification:_identify(src/stsl/mineral_deposit_detection) by extensions ['ros']
[3.299s] Level 1:colcon.colcon_core.package_identification:_identify(src/stsl/mineral_deposit_detection) by extension 'ros'
[3.325s] DEBUG:colcon.colcon_core.package_identification:Package 'src/stsl/mineral_deposit_detection' with type 'ros.ament_cmake' and name 'mineral_deposit_detection'
[3.333s] Level 1:colcon.colcon_core.package_identification:_identify(src/stsl/mission_orchestration) by extensions ['ignore', 'ignore_ament_install']
[3.333s] Level 1:colcon.colcon_core.package_identification:_identify(src/stsl/mission_orchestration) by extension 'ignore'
[3.335s] Level 1:colcon.colcon_core.package_identification:_identify(src/stsl/mission_orchestration) by extension 'ignore_ament_install'
[3.338s] Level 1:colcon.colcon_core.package_identification:_identify(src/stsl/mission_orchestration) by extensions ['colcon_pkg']
[3.338s] Level 1:colcon.colcon_core.package_identification:_identify(src/stsl/mission_orchestration) by extension 'colcon_pkg'
[3.340s] Level 1:colcon.colcon_core.package_identification:_identify(src/stsl/mission_orchestration) by extensions ['colcon_meta']
[3.340s] Level 1:colcon.colcon_core.package_identification:_identify(src/stsl/mission_orchestration) by extension 'colcon_meta'
[3.343s] Level 1:colcon.colcon_core.package_identification:_identify(src/stsl/mission_orchestration) by extensions ['ros']
[3.344s] Level 1:colcon.colcon_core.package_identification:_identify(src/stsl/mission_orchestration) by extension 'ros'
[3.369s] DEBUG:colcon.colcon_core.package_identification:Package 'src/stsl/mission_orchestration' with type 'ros.ament_cmake' and name 'mission_orchestration'
[3.376s] Level 1:colcon.colcon_core.package_identification:_identify(src/stsl/stsl_aruco_tags) by extensions ['ignore', 'ignore_ament_install']
[3.376s] Level 1:colcon.colcon_core.package_identification:_identify(src/stsl/stsl_aruco_tags) by extension 'ignore'
[3.378s] Level 1:colcon.colcon_core.package_identification:_identify(src/stsl/stsl_aruco_tags) by extension 'ignore_ament_install'
[3.381s] Level 1:colcon.colcon_core.package_identification:_identify(src/stsl/stsl_aruco_tags) by extensions ['colcon_pkg']
[3.382s] Level 1:colcon.colcon_core.package_identification:_identify(src/stsl/stsl_aruco_tags) by extension 'colcon_pkg'
[3.383s] Level 1:colcon.colcon_core.package_identification:_identify(src/stsl/stsl_aruco_tags) by extensions ['colcon_meta']
[3.384s] Level 1:colcon.colcon_core.package_identification:_identify(src/stsl/stsl_aruco_tags) by extension 'colcon_meta'
[3.388s] Level 1:colcon.colcon_core.package_identification:_identify(src/stsl/stsl_aruco_tags) by extensions ['ros']
[3.388s] Level 1:colcon.colcon_core.package_identification:_identify(src/stsl/stsl_aruco_tags) by extension 'ros'
[3.414s] DEBUG:colcon.colcon_core.package_identification:Package 'src/stsl/stsl_aruco_tags' with type 'ros.ament_cmake' and name 'stsl_aruco_tags'
[3.422s] Level 1:colcon.colcon_core.package_identification:_identify(src/stsl/stsl_bt_nodes) by extensions ['ignore', 'ignore_ament_install']
[3.422s] Level 1:colcon.colcon_core.package_identification:_identify(src/stsl/stsl_bt_nodes) by extension 'ignore'
[3.423s] Level 1:colcon.colcon_core.package_identification:_identify(src/stsl/stsl_bt_nodes) by extension 'ignore_ament_install'
[3.427s] Level 1:colcon.colcon_core.package_identification:_identify(src/stsl/stsl_bt_nodes) by extensions ['colcon_pkg']
[3.427s] Level 1:colcon.colcon_core.package_identification:_identify(src/stsl/stsl_bt_nodes) by extension 'colcon_pkg'
[3.428s] Level 1:colcon.colcon_core.package_identification:_identify(src/stsl/stsl_bt_nodes) by extensions ['colcon_meta']
[3.429s] Level 1:colcon.colcon_core.package_identification:_identify(src/stsl/stsl_bt_nodes) by extension 'colcon_meta'
[3.432s] Level 1:colcon.colcon_core.package_identification:_identify(src/stsl/stsl_bt_nodes) by extensions ['ros']
[3.432s] Level 1:colcon.colcon_core.package_identification:_identify(src/stsl/stsl_bt_nodes) by extension 'ros'
[3.457s] DEBUG:colcon.colcon_core.package_identification:Package 'src/stsl/stsl_bt_nodes' with type 'ros.ament_cmake' and name 'stsl_bt_nodes'
[3.464s] Level 1:colcon.colcon_core.package_identification:_identify(src/stsl/stsl_desktop) by extensions ['ignore', 'ignore_ament_install']
[3.465s] Level 1:colcon.colcon_core.package_identification:_identify(src/stsl/stsl_desktop) by extension 'ignore'
[3.466s] Level 1:colcon.colcon_core.package_identification:_identify(src/stsl/stsl_desktop) by extension 'ignore_ament_install'
[3.469s] Level 1:colcon.colcon_core.package_identification:_identify(src/stsl/stsl_desktop) by extensions ['colcon_pkg']
[3.469s] Level 1:colcon.colcon_core.package_identification:_identify(src/stsl/stsl_desktop) by extension 'colcon_pkg'
[3.471s] Level 1:colcon.colcon_core.package_identification:_identify(src/stsl/stsl_desktop) by extensions ['colcon_meta']
[3.472s] Level 1:colcon.colcon_core.package_identification:_identify(src/stsl/stsl_desktop) by extension 'colcon_meta'
[3.475s] Level 1:colcon.colcon_core.package_identification:_identify(src/stsl/stsl_desktop) by extensions ['ros']
[3.475s] Level 1:colcon.colcon_core.package_identification:_identify(src/stsl/stsl_desktop) by extension 'ros'
[3.502s] DEBUG:colcon.colcon_core.package_identification:Package 'src/stsl/stsl_desktop' with type 'ros.ament_cmake' and name 'stsl_desktop'
[3.509s] Level 1:colcon.colcon_core.package_identification:_identify(src/stsl/stsl_gazebo_plugins) by extensions ['ignore', 'ignore_ament_install']
[3.509s] Level 1:colcon.colcon_core.package_identification:_identify(src/stsl/stsl_gazebo_plugins) by extension 'ignore'
[3.511s] Level 1:colcon.colcon_core.package_identification:_identify(src/stsl/stsl_gazebo_plugins) by extension 'ignore_ament_install'
[3.515s] Level 1:colcon.colcon_core.package_identification:_identify(src/stsl/stsl_gazebo_plugins) by extensions ['colcon_pkg']
[3.515s] Level 1:colcon.colcon_core.package_identification:_identify(src/stsl/stsl_gazebo_plugins) by extension 'colcon_pkg'
[3.517s] Level 1:colcon.colcon_core.package_identification:_identify(src/stsl/stsl_gazebo_plugins) by extensions ['colcon_meta']
[3.517s] Level 1:colcon.colcon_core.package_identification:_identify(src/stsl/stsl_gazebo_plugins) by extension 'colcon_meta'
[3.520s] Level 1:colcon.colcon_core.package_identification:_identify(src/stsl/stsl_gazebo_plugins) by extensions ['ros']
[3.520s] Level 1:colcon.colcon_core.package_identification:_identify(src/stsl/stsl_gazebo_plugins) by extension 'ros'
[3.547s] DEBUG:colcon.colcon_core.package_identification:Package 'src/stsl/stsl_gazebo_plugins' with type 'ros.ament_cmake' and name 'stsl_gazebo_plugins'
[3.554s] Level 1:colcon.colcon_core.package_identification:_identify(src/stsl/stsl_interfaces) by extensions ['ignore', 'ignore_ament_install']
[3.554s] Level 1:colcon.colcon_core.package_identification:_identify(src/stsl/stsl_interfaces) by extension 'ignore'
[3.556s] Level 1:colcon.colcon_core.package_identification:_identify(src/stsl/stsl_interfaces) by extension 'ignore_ament_install'
[3.559s] Level 1:colcon.colcon_core.package_identification:_identify(src/stsl/stsl_interfaces) by extensions ['colcon_pkg']
[3.559s] Level 1:colcon.colcon_core.package_identification:_identify(src/stsl/stsl_interfaces) by extension 'colcon_pkg'
[3.561s] Level 1:colcon.colcon_core.package_identification:_identify(src/stsl/stsl_interfaces) by extensions ['colcon_meta']
[3.561s] Level 1:colcon.colcon_core.package_identification:_identify(src/stsl/stsl_interfaces) by extension 'colcon_meta'
[3.565s] Level 1:colcon.colcon_core.package_identification:_identify(src/stsl/stsl_interfaces) by extensions ['ros']
[3.565s] Level 1:colcon.colcon_core.package_identification:_identify(src/stsl/stsl_interfaces) by extension 'ros'
[3.592s] DEBUG:colcon.colcon_core.package_identification:Package 'src/stsl/stsl_interfaces' with type 'ros.ament_cmake' and name 'stsl_interfaces'
[3.598s] Level 1:colcon.colcon_core.package_identification:_identify(src/stsl/stsl_nav_plugins) by extensions ['ignore', 'ignore_ament_install']
[3.598s] Level 1:colcon.colcon_core.package_identification:_identify(src/stsl/stsl_nav_plugins) by extension 'ignore'
[3.600s] Level 1:colcon.colcon_core.package_identification:_identify(src/stsl/stsl_nav_plugins) by extension 'ignore_ament_install'
[3.603s] Level 1:colcon.colcon_core.package_identification:_identify(src/stsl/stsl_nav_plugins) by extensions ['colcon_pkg']
[3.603s] Level 1:colcon.colcon_core.package_identification:_identify(src/stsl/stsl_nav_plugins) by extension 'colcon_pkg'
[3.605s] Level 1:colcon.colcon_core.package_identification:_identify(src/stsl/stsl_nav_plugins) by extensions ['colcon_meta']
[3.605s] Level 1:colcon.colcon_core.package_identification:_identify(src/stsl/stsl_nav_plugins) by extension 'colcon_meta'
[3.608s] Level 1:colcon.colcon_core.package_identification:_identify(src/stsl/stsl_nav_plugins) by extensions ['ros']
[3.608s] Level 1:colcon.colcon_core.package_identification:_identify(src/stsl/stsl_nav_plugins) by extension 'ros'
[3.633s] DEBUG:colcon.colcon_core.package_identification:Package 'src/stsl/stsl_nav_plugins' with type 'ros.ament_cmake' and name 'stsl_nav_plugins'
[3.640s] Level 1:colcon.colcon_core.package_identification:_identify(src/stsl/stsl_rviz_plugins) by extensions ['ignore', 'ignore_ament_install']
[3.640s] Level 1:colcon.colcon_core.package_identification:_identify(src/stsl/stsl_rviz_plugins) by extension 'ignore'
[3.642s] Level 1:colcon.colcon_core.package_identification:_identify(src/stsl/stsl_rviz_plugins) by extension 'ignore_ament_install'
[3.645s] Level 1:colcon.colcon_core.package_identification:_identify(src/stsl/stsl_rviz_plugins) by extensions ['colcon_pkg']
[3.645s] Level 1:colcon.colcon_core.package_identification:_identify(src/stsl/stsl_rviz_plugins) by extension 'colcon_pkg'
[3.647s] Level 1:colcon.colcon_core.package_identification:_identify(src/stsl/stsl_rviz_plugins) by extensions ['colcon_meta']
[3.647s] Level 1:colcon.colcon_core.package_identification:_identify(src/stsl/stsl_rviz_plugins) by extension 'colcon_meta'
[3.651s] Level 1:colcon.colcon_core.package_identification:_identify(src/stsl/stsl_rviz_plugins) by extensions ['ros']
[3.651s] Level 1:colcon.colcon_core.package_identification:_identify(src/stsl/stsl_rviz_plugins) by extension 'ros'
[3.683s] DEBUG:colcon.colcon_core.package_identification:Package 'src/stsl/stsl_rviz_plugins' with type 'ros.ament_cmake' and name 'stsl_rviz_plugins'
[3.693s] Level 1:colcon.colcon_core.package_identification:_identify(src/stsl/stsl_utils) by extensions ['ignore', 'ignore_ament_install']
[3.693s] Level 1:colcon.colcon_core.package_identification:_identify(src/stsl/stsl_utils) by extension 'ignore'
[3.695s] Level 1:colcon.colcon_core.package_identification:_identify(src/stsl/stsl_utils) by extension 'ignore_ament_install'
[3.699s] Level 1:colcon.colcon_core.package_identification:_identify(src/stsl/stsl_utils) by extensions ['colcon_pkg']
[3.699s] Level 1:colcon.colcon_core.package_identification:_identify(src/stsl/stsl_utils) by extension 'colcon_pkg'
[3.701s] Level 1:colcon.colcon_core.package_identification:_identify(src/stsl/stsl_utils) by extensions ['colcon_meta']
[3.701s] Level 1:colcon.colcon_core.package_identification:_identify(src/stsl/stsl_utils) by extension 'colcon_meta'
[3.706s] Level 1:colcon.colcon_core.package_identification:_identify(src/stsl/stsl_utils) by extensions ['ros']
[3.706s] Level 1:colcon.colcon_core.package_identification:_identify(src/stsl/stsl_utils) by extension 'ros'
[3.738s] DEBUG:colcon.colcon_core.package_identification:Package 'src/stsl/stsl_utils' with type 'ros.ament_cmake' and name 'stsl_utils'
[3.747s] Level 1:colcon.colcon_core.package_identification:_identify(src/stsl/traini_bringup) by extensions ['ignore', 'ignore_ament_install']
[3.747s] Level 1:colcon.colcon_core.package_identification:_identify(src/stsl/traini_bringup) by extension 'ignore'
[3.749s] Level 1:colcon.colcon_core.package_identification:_identify(src/stsl/traini_bringup) by extension 'ignore_ament_install'
[3.751s] Level 1:colcon.colcon_core.package_identification:_identify(src/stsl/traini_bringup) by extensions ['colcon_pkg']
[3.751s] Level 1:colcon.colcon_core.package_identification:_identify(src/stsl/traini_bringup) by extension 'colcon_pkg'
[3.753s] Level 1:colcon.colcon_core.package_identification:_identify(src/stsl/traini_bringup) by extensions ['colcon_meta']
[3.753s] Level 1:colcon.colcon_core.package_identification:_identify(src/stsl/traini_bringup) by extension 'colcon_meta'
[3.756s] Level 1:colcon.colcon_core.package_identification:_identify(src/stsl/traini_bringup) by extensions ['ros']
[3.756s] Level 1:colcon.colcon_core.package_identification:_identify(src/stsl/traini_bringup) by extension 'ros'
[3.782s] DEBUG:colcon.colcon_core.package_identification:Package 'src/stsl/traini_bringup' with type 'ros.ament_cmake' and name 'traini_bringup'
[3.791s] Level 1:colcon.colcon_core.package_identification:_identify(src/stsl/traini_description) by extensions ['ignore', 'ignore_ament_install']
[3.791s] Level 1:colcon.colcon_core.package_identification:_identify(src/stsl/traini_description) by extension 'ignore'
[3.794s] Level 1:colcon.colcon_core.package_identification:_identify(src/stsl/traini_description) by extension 'ignore_ament_install'
[3.798s] Level 1:colcon.colcon_core.package_identification:_identify(src/stsl/traini_description) by extensions ['colcon_pkg']
[3.798s] Level 1:colcon.colcon_core.package_identification:_identify(src/stsl/traini_description) by extension 'colcon_pkg'
[3.800s] Level 1:colcon.colcon_core.package_identification:_identify(src/stsl/traini_description) by extensions ['colcon_meta']
[3.800s] Level 1:colcon.colcon_core.package_identification:_identify(src/stsl/traini_description) by extension 'colcon_meta'
[3.804s] Level 1:colcon.colcon_core.package_identification:_identify(src/stsl/traini_description) by extensions ['ros']
[3.805s] Level 1:colcon.colcon_core.package_identification:_identify(src/stsl/traini_description) by extension 'ros'
[3.836s] DEBUG:colcon.colcon_core.package_identification:Package 'src/stsl/traini_description' with type 'ros.ament_cmake' and name 'traini_description'
[3.845s] Level 1:colcon.colcon_core.package_identification:_identify(src/stsl/traini_gazebo) by extensions ['ignore', 'ignore_ament_install']
[3.845s] Level 1:colcon.colcon_core.package_identification:_identify(src/stsl/traini_gazebo) by extension 'ignore'
[3.848s] Level 1:colcon.colcon_core.package_identification:_identify(src/stsl/traini_gazebo) by extension 'ignore_ament_install'
[3.850s] Level 1:colcon.colcon_core.package_identification:_identify(src/stsl/traini_gazebo) by extensions ['colcon_pkg']
[3.851s] Level 1:colcon.colcon_core.package_identification:_identify(src/stsl/traini_gazebo) by extension 'colcon_pkg'
[3.852s] Level 1:colcon.colcon_core.package_identification:_identify(src/stsl/traini_gazebo) by extensions ['colcon_meta']
[3.852s] Level 1:colcon.colcon_core.package_identification:_identify(src/stsl/traini_gazebo) by extension 'colcon_meta'
[3.855s] Level 1:colcon.colcon_core.package_identification:_identify(src/stsl/traini_gazebo) by extensions ['ros']
[3.856s] Level 1:colcon.colcon_core.package_identification:_identify(src/stsl/traini_gazebo) by extension 'ros'
[3.883s] DEBUG:colcon.colcon_core.package_identification:Package 'src/stsl/traini_gazebo' with type 'ros.ament_cmake' and name 'traini_gazebo'
[3.892s] Level 1:colcon.colcon_core.package_identification:_identify(src/stsl/traini_onboard_interface) by extensions ['ignore', 'ignore_ament_install']
[3.892s] Level 1:colcon.colcon_core.package_identification:_identify(src/stsl/traini_onboard_interface) by extension 'ignore'
[3.895s] Level 1:colcon.colcon_core.package_identification:_identify(src/stsl/traini_onboard_interface) ignored
[3.899s] Level 1:colcon.colcon_core.package_identification:_identify(src/trainingv2) by extensions ['ignore', 'ignore_ament_install']
[3.899s] Level 1:colcon.colcon_core.package_identification:_identify(src/trainingv2) by extension 'ignore'
[3.900s] Level 1:colcon.colcon_core.package_identification:_identify(src/trainingv2) by extension 'ignore_ament_install'
[3.902s] Level 1:colcon.colcon_core.package_identification:_identify(src/trainingv2) by extensions ['colcon_pkg']
[3.903s] Level 1:colcon.colcon_core.package_identification:_identify(src/trainingv2) by extension 'colcon_pkg'
[3.904s] Level 1:colcon.colcon_core.package_identification:_identify(src/trainingv2) by extensions ['colcon_meta']
[3.904s] Level 1:colcon.colcon_core.package_identification:_identify(src/trainingv2) by extension 'colcon_meta'
[3.906s] Level 1:colcon.colcon_core.package_identification:_identify(src/trainingv2) by extensions ['ros']
[3.906s] Level 1:colcon.colcon_core.package_identification:_identify(src/trainingv2) by extension 'ros'
[3.912s] Level 1:colcon.colcon_core.package_identification:_identify(src/trainingv2) by extensions ['cmake', 'python']
[3.913s] Level 1:colcon.colcon_core.package_identification:_identify(src/trainingv2) by extension 'cmake'
[3.914s] Level 1:colcon.colcon_core.package_identification:_identify(src/trainingv2) by extension 'python'
[3.915s] Level 1:colcon.colcon_core.package_identification:_identify(src/trainingv2) by extensions ['python_setup_py']
[3.916s] Level 1:colcon.colcon_core.package_identification:_identify(src/trainingv2) by extension 'python_setup_py'
[3.923s] Level 1:colcon.colcon_core.package_identification:_identify(src/trainingv2/Week 1) by extensions ['ignore', 'ignore_ament_install']
[3.923s] Level 1:colcon.colcon_core.package_identification:_identify(src/trainingv2/Week 1) by extension 'ignore'
[3.925s] Level 1:colcon.colcon_core.package_identification:_identify(src/trainingv2/Week 1) by extension 'ignore_ament_install'
[3.928s] Level 1:colcon.colcon_core.package_identification:_identify(src/trainingv2/Week 1) by extensions ['colcon_pkg']
[3.929s] Level 1:colcon.colcon_core.package_identification:_identify(src/trainingv2/Week 1) by extension 'colcon_pkg'
[3.930s] Level 1:colcon.colcon_core.package_identification:_identify(src/trainingv2/Week 1) by extensions ['colcon_meta']
[3.930s] Level 1:colcon.colcon_core.package_identification:_identify(src/trainingv2/Week 1) by extension 'colcon_meta'
[3.934s] Level 1:colcon.colcon_core.package_identification:_identify(src/trainingv2/Week 1) by extensions ['ros']
[3.935s] Level 1:colcon.colcon_core.package_identification:_identify(src/trainingv2/Week 1) by extension 'ros'
[3.943s] Level 1:colcon.colcon_core.package_identification:_identify(src/trainingv2/Week 1) by extensions ['cmake', 'python']
[3.943s] Level 1:colcon.colcon_core.package_identification:_identify(src/trainingv2/Week 1) by extension 'cmake'
[3.945s] Level 1:colcon.colcon_core.package_identification:_identify(src/trainingv2/Week 1) by extension 'python'
[3.946s] Level 1:colcon.colcon_core.package_identification:_identify(src/trainingv2/Week 1) by extensions ['python_setup_py']
[3.947s] Level 1:colcon.colcon_core.package_identification:_identify(src/trainingv2/Week 1) by extension 'python_setup_py'
[3.956s] Level 1:colcon.colcon_core.package_identification:_identify(src/trainingv2/Week 1/lecture_material) by extensions ['ignore', 'ignore_ament_install']
[3.956s] Level 1:colcon.colcon_core.package_identification:_identify(src/trainingv2/Week 1/lecture_material) by extension 'ignore'
[3.959s] Level 1:colcon.colcon_core.package_identification:_identify(src/trainingv2/Week 1/lecture_material) by extension 'ignore_ament_install'
[3.963s] Level 1:colcon.colcon_core.package_identification:_identify(src/trainingv2/Week 1/lecture_material) by extensions ['colcon_pkg']
[3.963s] Level 1:colcon.colcon_core.package_identification:_identify(src/trainingv2/Week 1/lecture_material) by extension 'colcon_pkg'
[3.966s] Level 1:colcon.colcon_core.package_identification:_identify(src/trainingv2/Week 1/lecture_material) by extensions ['colcon_meta']
[3.966s] Level 1:colcon.colcon_core.package_identification:_identify(src/trainingv2/Week 1/lecture_material) by extension 'colcon_meta'
[3.972s] Level 1:colcon.colcon_core.package_identification:_identify(src/trainingv2/Week 1/lecture_material) by extensions ['ros']
[3.972s] Level 1:colcon.colcon_core.package_identification:_identify(src/trainingv2/Week 1/lecture_material) by extension 'ros'
[3.981s] Level 1:colcon.colcon_core.package_identification:_identify(src/trainingv2/Week 1/lecture_material) by extensions ['cmake', 'python']
[3.981s] Level 1:colcon.colcon_core.package_identification:_identify(src/trainingv2/Week 1/lecture_material) by extension 'cmake'
[3.983s] Level 1:colcon.colcon_core.package_identification:_identify(src/trainingv2/Week 1/lecture_material) by extension 'python'
[3.985s] Level 1:colcon.colcon_core.package_identification:_identify(src/trainingv2/Week 1/lecture_material) by extensions ['python_setup_py']
[3.985s] Level 1:colcon.colcon_core.package_identification:_identify(src/trainingv2/Week 1/lecture_material) by extension 'python_setup_py'
[3.994s] Level 1:colcon.colcon_core.package_identification:_identify(src/trainingv2/Week 2) by extensions ['ignore', 'ignore_ament_install']
[3.995s] Level 1:colcon.colcon_core.package_identification:_identify(src/trainingv2/Week 2) by extension 'ignore'
[3.997s] Level 1:colcon.colcon_core.package_identification:_identify(src/trainingv2/Week 2) by extension 'ignore_ament_install'
[4.000s] Level 1:colcon.colcon_core.package_identification:_identify(src/trainingv2/Week 2) by extensions ['colcon_pkg']
[4.001s] Level 1:colcon.colcon_core.package_identification:_identify(src/trainingv2/Week 2) by extension 'colcon_pkg'
[4.003s] Level 1:colcon.colcon_core.package_identification:_identify(src/trainingv2/Week 2) by extensions ['colcon_meta']
[4.003s] Level 1:colcon.colcon_core.package_identification:_identify(src/trainingv2/Week 2) by extension 'colcon_meta'
[4.006s] Level 1:colcon.colcon_core.package_identification:_identify(src/trainingv2/Week 2) by extensions ['ros']
[4.006s] Level 1:colcon.colcon_core.package_identification:_identify(src/trainingv2/Week 2) by extension 'ros'
[4.014s] Level 1:colcon.colcon_core.package_identification:_identify(src/trainingv2/Week 2) by extensions ['cmake', 'python']
[4.014s] Level 1:colcon.colcon_core.package_identification:_identify(src/trainingv2/Week 2) by extension 'cmake'
[4.016s] Level 1:colcon.colcon_core.package_identification:_identify(src/trainingv2/Week 2) by extension 'python'
[4.017s] Level 1:colcon.colcon_core.package_identification:_identify(src/trainingv2/Week 2) by extensions ['python_setup_py']
[4.018s] Level 1:colcon.colcon_core.package_identification:_identify(src/trainingv2/Week 2) by extension 'python_setup_py'
[4.029s] Level 1:colcon.colcon_core.package_identification:_identify(src/trainingv2/Week 2/code) by extensions ['ignore', 'ignore_ament_install']
[4.029s] Level 1:colcon.colcon_core.package_identification:_identify(src/trainingv2/Week 2/code) by extension 'ignore'
[4.032s] Level 1:colcon.colcon_core.package_identification:_identify(src/trainingv2/Week 2/code) by extension 'ignore_ament_install'
[4.037s] Level 1:colcon.colcon_core.package_identification:_identify(src/trainingv2/Week 2/code) by extensions ['colcon_pkg']
[4.037s] Level 1:colcon.colcon_core.package_identification:_identify(src/trainingv2/Week 2/code) by extension 'colcon_pkg'
[4.039s] Level 1:colcon.colcon_core.package_identification:_identify(src/trainingv2/Week 2/code) by extensions ['colcon_meta']
[4.039s] Level 1:colcon.colcon_core.package_identification:_identify(src/trainingv2/Week 2/code) by extension 'colcon_meta'
[4.044s] Level 1:colcon.colcon_core.package_identification:_identify(src/trainingv2/Week 2/code) by extensions ['ros']
[4.044s] Level 1:colcon.colcon_core.package_identification:_identify(src/trainingv2/Week 2/code) by extension 'ros'
[4.054s] Level 1:colcon.colcon_core.package_identification:_identify(src/trainingv2/Week 2/code) by extensions ['cmake', 'python']
[4.054s] Level 1:colcon.colcon_core.package_identification:_identify(src/trainingv2/Week 2/code) by extension 'cmake'
[4.056s] Level 1:colcon.colcon_core.package_identification:_identify(src/trainingv2/Week 2/code) by extension 'python'
[4.058s] Level 1:colcon.colcon_core.package_identification:_identify(src/trainingv2/Week 2/code) by extensions ['python_setup_py']
[4.059s] Level 1:colcon.colcon_core.package_identification:_identify(src/trainingv2/Week 2/code) by extension 'python_setup_py'
[4.073s] Level 1:colcon.colcon_core.package_identification:_identify(src/trainingv2/Week 2/code/include) by extensions ['ignore', 'ignore_ament_install']
[4.073s] Level 1:colcon.colcon_core.package_identification:_identify(src/trainingv2/Week 2/code/include) by extension 'ignore'
[4.076s] Level 1:colcon.colcon_core.package_identification:_identify(src/trainingv2/Week 2/code/include) by extension 'ignore_ament_install'
[4.080s] Level 1:colcon.colcon_core.package_identification:_identify(src/trainingv2/Week 2/code/include) by extensions ['colcon_pkg']
[4.080s] Level 1:colcon.colcon_core.package_identification:_identify(src/trainingv2/Week 2/code/include) by extension 'colcon_pkg'
[4.083s] Level 1:colcon.colcon_core.package_identification:_identify(src/trainingv2/Week 2/code/include) by extensions ['colcon_meta']
[4.083s] Level 1:colcon.colcon_core.package_identification:_identify(src/trainingv2/Week 2/code/include) by extension 'colcon_meta'
[4.090s] Level 1:colcon.colcon_core.package_identification:_identify(src/trainingv2/Week 2/code/include) by extensions ['ros']
[4.091s] Level 1:colcon.colcon_core.package_identification:_identify(src/trainingv2/Week 2/code/include) by extension 'ros'
[4.102s] Level 1:colcon.colcon_core.package_identification:_identify(src/trainingv2/Week 2/code/include) by extensions ['cmake', 'python']
[4.102s] Level 1:colcon.colcon_core.package_identification:_identify(src/trainingv2/Week 2/code/include) by extension 'cmake'
[4.105s] Level 1:colcon.colcon_core.package_identification:_identify(src/trainingv2/Week 2/code/include) by extension 'python'
[4.107s] Level 1:colcon.colcon_core.package_identification:_identify(src/trainingv2/Week 2/code/include) by extensions ['python_setup_py']
[4.107s] Level 1:colcon.colcon_core.package_identification:_identify(src/trainingv2/Week 2/code/include) by extension 'python_setup_py'
[4.120s] Level 1:colcon.colcon_core.package_identification:_identify(src/trainingv2/Week 2/code/src) by extensions ['ignore', 'ignore_ament_install']
[4.120s] Level 1:colcon.colcon_core.package_identification:_identify(src/trainingv2/Week 2/code/src) by extension 'ignore'
[4.123s] Level 1:colcon.colcon_core.package_identification:_identify(src/trainingv2/Week 2/code/src) by extension 'ignore_ament_install'
[4.129s] Level 1:colcon.colcon_core.package_identification:_identify(src/trainingv2/Week 2/code/src) by extensions ['colcon_pkg']
[4.130s] Level 1:colcon.colcon_core.package_identification:_identify(src/trainingv2/Week 2/code/src) by extension 'colcon_pkg'
[4.132s] Level 1:colcon.colcon_core.package_identification:_identify(src/trainingv2/Week 2/code/src) by extensions ['colcon_meta']
[4.132s] Level 1:colcon.colcon_core.package_identification:_identify(src/trainingv2/Week 2/code/src) by extension 'colcon_meta'
[4.139s] Level 1:colcon.colcon_core.package_identification:_identify(src/trainingv2/Week 2/code/src) by extensions ['ros']
[4.139s] Level 1:colcon.colcon_core.package_identification:_identify(src/trainingv2/Week 2/code/src) by extension 'ros'
[4.150s] Level 1:colcon.colcon_core.package_identification:_identify(src/trainingv2/Week 2/code/src) by extensions ['cmake', 'python']
[4.150s] Level 1:colcon.colcon_core.package_identification:_identify(src/trainingv2/Week 2/code/src) by extension 'cmake'
[4.153s] Level 1:colcon.colcon_core.package_identification:_identify(src/trainingv2/Week 2/code/src) by extension 'python'
[4.155s] Level 1:colcon.colcon_core.package_identification:_identify(src/trainingv2/Week 2/code/src) by extensions ['python_setup_py']
[4.155s] Level 1:colcon.colcon_core.package_identification:_identify(src/trainingv2/Week 2/code/src) by extension 'python_setup_py'
[4.165s] Level 1:colcon.colcon_core.package_identification:_identify(src/trainingv2/Week 2/lecture_material) by extensions ['ignore', 'ignore_ament_install']
[4.166s] Level 1:colcon.colcon_core.package_identification:_identify(src/trainingv2/Week 2/lecture_material) by extension 'ignore'
[4.168s] Level 1:colcon.colcon_core.package_identification:_identify(src/trainingv2/Week 2/lecture_material) by extension 'ignore_ament_install'
[4.171s] Level 1:colcon.colcon_core.package_identification:_identify(src/trainingv2/Week 2/lecture_material) by extensions ['colcon_pkg']
[4.171s] Level 1:colcon.colcon_core.package_identification:_identify(src/trainingv2/Week 2/lecture_material) by extension 'colcon_pkg'
[4.174s] Level 1:colcon.colcon_core.package_identification:_identify(src/trainingv2/Week 2/lecture_material) by extensions ['colcon_meta']
[4.174s] Level 1:colcon.colcon_core.package_identification:_identify(src/trainingv2/Week 2/lecture_material) by extension 'colcon_meta'
[4.179s] Level 1:colcon.colcon_core.package_identification:_identify(src/trainingv2/Week 2/lecture_material) by extensions ['ros']
[4.179s] Level 1:colcon.colcon_core.package_identification:_identify(src/trainingv2/Week 2/lecture_material) by extension 'ros'
[4.188s] Level 1:colcon.colcon_core.package_identification:_identify(src/trainingv2/Week 2/lecture_material) by extensions ['cmake', 'python']
[4.188s] Level 1:colcon.colcon_core.package_identification:_identify(src/trainingv2/Week 2/lecture_material) by extension 'cmake'
[4.191s] Level 1:colcon.colcon_core.package_identification:_identify(src/trainingv2/Week 2/lecture_material) by extension 'python'
[4.193s] Level 1:colcon.colcon_core.package_identification:_identify(src/trainingv2/Week 2/lecture_material) by extensions ['python_setup_py']
[4.193s] Level 1:colcon.colcon_core.package_identification:_identify(src/trainingv2/Week 2/lecture_material) by extension 'python_setup_py'
[4.204s] Level 1:colcon.colcon_core.package_identification:_identify(src/trainingv2/Week 3) by extensions ['ignore', 'ignore_ament_install']
[4.204s] Level 1:colcon.colcon_core.package_identification:_identify(src/trainingv2/Week 3) by extension 'ignore'
[4.206s] Level 1:colcon.colcon_core.package_identification:_identify(src/trainingv2/Week 3) by extension 'ignore_ament_install'
[4.210s] Level 1:colcon.colcon_core.package_identification:_identify(src/trainingv2/Week 3) by extensions ['colcon_pkg']
[4.210s] Level 1:colcon.colcon_core.package_identification:_identify(src/trainingv2/Week 3) by extension 'colcon_pkg'
[4.212s] Level 1:colcon.colcon_core.package_identification:_identify(src/trainingv2/Week 3) by extensions ['colcon_meta']
[4.213s] Level 1:colcon.colcon_core.package_identification:_identify(src/trainingv2/Week 3) by extension 'colcon_meta'
[4.216s] Level 1:colcon.colcon_core.package_identification:_identify(src/trainingv2/Week 3) by extensions ['ros']
[4.216s] Level 1:colcon.colcon_core.package_identification:_identify(src/trainingv2/Week 3) by extension 'ros'
[4.223s] Level 1:colcon.colcon_core.package_identification:_identify(src/trainingv2/Week 3) by extensions ['cmake', 'python']
[4.223s] Level 1:colcon.colcon_core.package_identification:_identify(src/trainingv2/Week 3) by extension 'cmake'
[4.225s] Level 1:colcon.colcon_core.package_identification:_identify(src/trainingv2/Week 3) by extension 'python'
[4.227s] Level 1:colcon.colcon_core.package_identification:_identify(src/trainingv2/Week 3) by extensions ['python_setup_py']
[4.227s] Level 1:colcon.colcon_core.package_identification:_identify(src/trainingv2/Week 3) by extension 'python_setup_py'
[4.236s] Level 1:colcon.colcon_core.package_identification:_identify(src/trainingv2/Week 3/lecture_material) by extensions ['ignore', 'ignore_ament_install']
[4.236s] Level 1:colcon.colcon_core.package_identification:_identify(src/trainingv2/Week 3/lecture_material) by extension 'ignore'
[4.238s] Level 1:colcon.colcon_core.package_identification:_identify(src/trainingv2/Week 3/lecture_material) by extension 'ignore_ament_install'
[4.242s] Level 1:colcon.colcon_core.package_identification:_identify(src/trainingv2/Week 3/lecture_material) by extensions ['colcon_pkg']
[4.242s] Level 1:colcon.colcon_core.package_identification:_identify(src/trainingv2/Week 3/lecture_material) by extension 'colcon_pkg'
[4.245s] Level 1:colcon.colcon_core.package_identification:_identify(src/trainingv2/Week 3/lecture_material) by extensions ['colcon_meta']
[4.245s] Level 1:colcon.colcon_core.package_identification:_identify(src/trainingv2/Week 3/lecture_material) by extension 'colcon_meta'
[4.250s] Level 1:colcon.colcon_core.package_identification:_identify(src/trainingv2/Week 3/lecture_material) by extensions ['ros']
[4.250s] Level 1:colcon.colcon_core.package_identification:_identify(src/trainingv2/Week 3/lecture_material) by extension 'ros'
[4.259s] Level 1:colcon.colcon_core.package_identification:_identify(src/trainingv2/Week 3/lecture_material) by extensions ['cmake', 'python']
[4.260s] Level 1:colcon.colcon_core.package_identification:_identify(src/trainingv2/Week 3/lecture_material) by extension 'cmake'
[4.261s] Level 1:colcon.colcon_core.package_identification:_identify(src/trainingv2/Week 3/lecture_material) by extension 'python'
[4.263s] Level 1:colcon.colcon_core.package_identification:_identify(src/trainingv2/Week 3/lecture_material) by extensions ['python_setup_py']
[4.263s] Level 1:colcon.colcon_core.package_identification:_identify(src/trainingv2/Week 3/lecture_material) by extension 'python_setup_py'
[4.271s] Level 1:colcon.colcon_core.package_identification:_identify(src/trainingv2/Week 4) by extensions ['ignore', 'ignore_ament_install']
[4.271s] Level 1:colcon.colcon_core.package_identification:_identify(src/trainingv2/Week 4) by extension 'ignore'
[4.273s] Level 1:colcon.colcon_core.package_identification:_identify(src/trainingv2/Week 4) by extension 'ignore_ament_install'
[4.276s] Level 1:colcon.colcon_core.package_identification:_identify(src/trainingv2/Week 4) by extensions ['colcon_pkg']
[4.276s] Level 1:colcon.colcon_core.package_identification:_identify(src/trainingv2/Week 4) by extension 'colcon_pkg'
[4.278s] Level 1:colcon.colcon_core.package_identification:_identify(src/trainingv2/Week 4) by extensions ['colcon_meta']
[4.278s] Level 1:colcon.colcon_core.package_identification:_identify(src/trainingv2/Week 4) by extension 'colcon_meta'
[4.281s] Level 1:colcon.colcon_core.package_identification:_identify(src/trainingv2/Week 4) by extensions ['ros']
[4.281s] Level 1:colcon.colcon_core.package_identification:_identify(src/trainingv2/Week 4) by extension 'ros'
[4.289s] Level 1:colcon.colcon_core.package_identification:_identify(src/trainingv2/Week 4) by extensions ['cmake', 'python']
[4.289s] Level 1:colcon.colcon_core.package_identification:_identify(src/trainingv2/Week 4) by extension 'cmake'
[4.291s] Level 1:colcon.colcon_core.package_identification:_identify(src/trainingv2/Week 4) by extension 'python'
[4.292s] Level 1:colcon.colcon_core.package_identification:_identify(src/trainingv2/Week 4) by extensions ['python_setup_py']
[4.292s] Level 1:colcon.colcon_core.package_identification:_identify(src/trainingv2/Week 4) by extension 'python_setup_py'
[4.301s] Level 1:colcon.colcon_core.package_identification:_identify(src/trainingv2/Week 4/lecture_material) by extensions ['ignore', 'ignore_ament_install']
[4.301s] Level 1:colcon.colcon_core.package_identification:_identify(src/trainingv2/Week 4/lecture_material) by extension 'ignore'
[4.303s] Level 1:colcon.colcon_core.package_identification:_identify(src/trainingv2/Week 4/lecture_material) by extension 'ignore_ament_install'
[4.307s] Level 1:colcon.colcon_core.package_identification:_identify(src/trainingv2/Week 4/lecture_material) by extensions ['colcon_pkg']
[4.307s] Level 1:colcon.colcon_core.package_identification:_identify(src/trainingv2/Week 4/lecture_material) by extension 'colcon_pkg'
[4.310s] Level 1:colcon.colcon_core.package_identification:_identify(src/trainingv2/Week 4/lecture_material) by extensions ['colcon_meta']
[4.310s] Level 1:colcon.colcon_core.package_identification:_identify(src/trainingv2/Week 4/lecture_material) by extension 'colcon_meta'
[4.315s] Level 1:colcon.colcon_core.package_identification:_identify(src/trainingv2/Week 4/lecture_material) by extensions ['ros']
[4.315s] Level 1:colcon.colcon_core.package_identification:_identify(src/trainingv2/Week 4/lecture_material) by extension 'ros'
[4.324s] Level 1:colcon.colcon_core.package_identification:_identify(src/trainingv2/Week 4/lecture_material) by extensions ['cmake', 'python']
[4.325s] Level 1:colcon.colcon_core.package_identification:_identify(src/trainingv2/Week 4/lecture_material) by extension 'cmake'
[4.326s] Level 1:colcon.colcon_core.package_identification:_identify(src/trainingv2/Week 4/lecture_material) by extension 'python'
[4.328s] Level 1:colcon.colcon_core.package_identification:_identify(src/trainingv2/Week 4/lecture_material) by extensions ['python_setup_py']
[4.328s] Level 1:colcon.colcon_core.package_identification:_identify(src/trainingv2/Week 4/lecture_material) by extension 'python_setup_py'
[4.336s] Level 1:colcon.colcon_core.package_identification:_identify(src/trainingv2/cmake) by extensions ['ignore', 'ignore_ament_install']
[4.336s] Level 1:colcon.colcon_core.package_identification:_identify(src/trainingv2/cmake) by extension 'ignore'
[4.337s] Level 1:colcon.colcon_core.package_identification:_identify(src/trainingv2/cmake) by extension 'ignore_ament_install'
[4.340s] Level 1:colcon.colcon_core.package_identification:_identify(src/trainingv2/cmake) by extensions ['colcon_pkg']
[4.341s] Level 1:colcon.colcon_core.package_identification:_identify(src/trainingv2/cmake) by extension 'colcon_pkg'
[4.343s] Level 1:colcon.colcon_core.package_identification:_identify(src/trainingv2/cmake) by extensions ['colcon_meta']
[4.343s] Level 1:colcon.colcon_core.package_identification:_identify(src/trainingv2/cmake) by extension 'colcon_meta'
[4.346s] Level 1:colcon.colcon_core.package_identification:_identify(src/trainingv2/cmake) by extensions ['ros']
[4.347s] Level 1:colcon.colcon_core.package_identification:_identify(src/trainingv2/cmake) by extension 'ros'
[4.353s] Level 1:colcon.colcon_core.package_identification:_identify(src/trainingv2/cmake) by extensions ['cmake', 'python']
[4.354s] Level 1:colcon.colcon_core.package_identification:_identify(src/trainingv2/cmake) by extension 'cmake'
[4.355s] Level 1:colcon.colcon_core.package_identification:_identify(src/trainingv2/cmake) by extension 'python'
[4.357s] Level 1:colcon.colcon_core.package_identification:_identify(src/trainingv2/cmake) by extensions ['python_setup_py']
[4.357s] Level 1:colcon.colcon_core.package_identification:_identify(src/trainingv2/cmake) by extension 'python_setup_py'
[4.363s] Level 1:colcon.colcon_core.package_identification:_identify(src/trainingv2/controller_project) by extensions ['ignore', 'ignore_ament_install']
[4.363s] Level 1:colcon.colcon_core.package_identification:_identify(src/trainingv2/controller_project) by extension 'ignore'
[4.365s] Level 1:colcon.colcon_core.package_identification:_identify(src/trainingv2/controller_project) by extension 'ignore_ament_install'
[4.368s] Level 1:colcon.colcon_core.package_identification:_identify(src/trainingv2/controller_project) by extensions ['colcon_pkg']
[4.368s] Level 1:colcon.colcon_core.package_identification:_identify(src/trainingv2/controller_project) by extension 'colcon_pkg'
[4.369s] Level 1:colcon.colcon_core.package_identification:_identify(src/trainingv2/controller_project) by extensions ['colcon_meta']
[4.369s] Level 1:colcon.colcon_core.package_identification:_identify(src/trainingv2/controller_project) by extension 'colcon_meta'
[4.373s] Level 1:colcon.colcon_core.package_identification:_identify(src/trainingv2/controller_project) by extensions ['ros']
[4.373s] Level 1:colcon.colcon_core.package_identification:_identify(src/trainingv2/controller_project) by extension 'ros'
[4.380s] Level 1:colcon.colcon_core.package_identification:_identify(src/trainingv2/controller_project) by extensions ['cmake', 'python']
[4.380s] Level 1:colcon.colcon_core.package_identification:_identify(src/trainingv2/controller_project) by extension 'cmake'
[4.382s] Level 1:colcon.colcon_core.package_identification:_identify(src/trainingv2/controller_project) by extension 'python'
[4.384s] Level 1:colcon.colcon_core.package_identification:_identify(src/trainingv2/controller_project) by extensions ['python_setup_py']
[4.384s] Level 1:colcon.colcon_core.package_identification:_identify(src/trainingv2/controller_project) by extension 'python_setup_py'
[4.392s] Level 1:colcon.colcon_core.package_identification:_identify(src/trainingv2/controller_project/joystick_msgs) by extensions ['ignore', 'ignore_ament_install']
[4.393s] Level 1:colcon.colcon_core.package_identification:_identify(src/trainingv2/controller_project/joystick_msgs) by extension 'ignore'
[4.395s] Level 1:colcon.colcon_core.package_identification:_identify(src/trainingv2/controller_project/joystick_msgs) by extension 'ignore_ament_install'
[4.398s] Level 1:colcon.colcon_core.package_identification:_identify(src/trainingv2/controller_project/joystick_msgs) by extensions ['colcon_pkg']
[4.398s] Level 1:colcon.colcon_core.package_identification:_identify(src/trainingv2/controller_project/joystick_msgs) by extension 'colcon_pkg'
[4.401s] Level 1:colcon.colcon_core.package_identification:_identify(src/trainingv2/controller_project/joystick_msgs) by extensions ['colcon_meta']
[4.401s] Level 1:colcon.colcon_core.package_identification:_identify(src/trainingv2/controller_project/joystick_msgs) by extension 'colcon_meta'
[4.406s] Level 1:colcon.colcon_core.package_identification:_identify(src/trainingv2/controller_project/joystick_msgs) by extensions ['ros']
[4.406s] Level 1:colcon.colcon_core.package_identification:_identify(src/trainingv2/controller_project/joystick_msgs) by extension 'ros'
[4.443s] DEBUG:colcon.colcon_core.package_identification:Package 'src/trainingv2/controller_project/joystick_msgs' with type 'ros.ament_cmake' and name 'joystick_msgs'
[4.452s] Level 1:colcon.colcon_core.package_identification:_identify(src/trainingv2/controller_project/joystick_package) by extensions ['ignore', 'ignore_ament_install']
[4.453s] Level 1:colcon.colcon_core.package_identification:_identify(src/trainingv2/controller_project/joystick_package) by extension 'ignore'
[4.455s] Level 1:colcon.colcon_core.package_identification:_identify(src/trainingv2/controller_project/joystick_package) by extension 'ignore_ament_install'
[4.459s] Level 1:colcon.colcon_core.package_identification:_identify(src/trainingv2/controller_project/joystick_package) by extensions ['colcon_pkg']
[4.459s] Level 1:colcon.colcon_core.package_identification:_identify(src/trainingv2/controller_project/joystick_package) by extension 'colcon_pkg'
[4.461s] Level 1:colcon.colcon_core.package_identification:_identify(src/trainingv2/controller_project/joystick_package) by extensions ['colcon_meta']
[4.462s] Level 1:colcon.colcon_core.package_identification:_identify(src/trainingv2/controller_project/joystick_package) by extension 'colcon_meta'
[4.467s] Level 1:colcon.colcon_core.package_identification:_identify(src/trainingv2/controller_project/joystick_package) by extensions ['ros']
[4.467s] Level 1:colcon.colcon_core.package_identification:_identify(src/trainingv2/controller_project/joystick_package) by extension 'ros'
[4.496s] DEBUG:colcon.colcon_core.package_identification:Package 'src/trainingv2/controller_project/joystick_package' with type 'ros.ament_cmake' and name 'joystick_package'
[4.504s] Level 1:colcon.colcon_core.package_identification:_identify(src/trainingv2/documents) by extensions ['ignore', 'ignore_ament_install']
[4.504s] Level 1:colcon.colcon_core.package_identification:_identify(src/trainingv2/documents) by extension 'ignore'
[4.506s] Level 1:colcon.colcon_core.package_identification:_identify(src/trainingv2/documents) by extension 'ignore_ament_install'
[4.509s] Level 1:colcon.colcon_core.package_identification:_identify(src/trainingv2/documents) by extensions ['colcon_pkg']
[4.509s] Level 1:colcon.colcon_core.package_identification:_identify(src/trainingv2/documents) by extension 'colcon_pkg'
[4.511s] Level 1:colcon.colcon_core.package_identification:_identify(src/trainingv2/documents) by extensions ['colcon_meta']
[4.511s] Level 1:colcon.colcon_core.package_identification:_identify(src/trainingv2/documents) by extension 'colcon_meta'
[4.514s] Level 1:colcon.colcon_core.package_identification:_identify(src/trainingv2/documents) by extensions ['ros']
[4.515s] Level 1:colcon.colcon_core.package_identification:_identify(src/trainingv2/documents) by extension 'ros'
[4.523s] Level 1:colcon.colcon_core.package_identification:_identify(src/trainingv2/documents) by extensions ['cmake', 'python']
[4.523s] Level 1:colcon.colcon_core.package_identification:_identify(src/trainingv2/documents) by extension 'cmake'
[4.525s] Level 1:colcon.colcon_core.package_identification:_identify(src/trainingv2/documents) by extension 'python'
[4.527s] Level 1:colcon.colcon_core.package_identification:_identify(src/trainingv2/documents) by extensions ['python_setup_py']
[4.527s] Level 1:colcon.colcon_core.package_identification:_identify(src/trainingv2/documents) by extension 'python_setup_py'
[4.536s] Level 1:colcon.colcon_core.package_identification:_identify(src/trainingv2/documents/installation) by extensions ['ignore', 'ignore_ament_install']
[4.537s] Level 1:colcon.colcon_core.package_identification:_identify(src/trainingv2/documents/installation) by extension 'ignore'
[4.539s] Level 1:colcon.colcon_core.package_identification:_identify(src/trainingv2/documents/installation) by extension 'ignore_ament_install'
[4.542s] Level 1:colcon.colcon_core.package_identification:_identify(src/trainingv2/documents/installation) by extensions ['colcon_pkg']
[4.542s] Level 1:colcon.colcon_core.package_identification:_identify(src/trainingv2/documents/installation) by extension 'colcon_pkg'
[4.544s] Level 1:colcon.colcon_core.package_identification:_identify(src/trainingv2/documents/installation) by extensions ['colcon_meta']
[4.544s] Level 1:colcon.colcon_core.package_identification:_identify(src/trainingv2/documents/installation) by extension 'colcon_meta'
[4.549s] Level 1:colcon.colcon_core.package_identification:_identify(src/trainingv2/documents/installation) by extensions ['ros']
[4.549s] Level 1:colcon.colcon_core.package_identification:_identify(src/trainingv2/documents/installation) by extension 'ros'
[4.559s] Level 1:colcon.colcon_core.package_identification:_identify(src/trainingv2/documents/installation) by extensions ['cmake', 'python']
[4.559s] Level 1:colcon.colcon_core.package_identification:_identify(src/trainingv2/documents/installation) by extension 'cmake'
[4.562s] Level 1:colcon.colcon_core.package_identification:_identify(src/trainingv2/documents/installation) by extension 'python'
[4.563s] Level 1:colcon.colcon_core.package_identification:_identify(src/trainingv2/documents/installation) by extensions ['python_setup_py']
[4.563s] Level 1:colcon.colcon_core.package_identification:_identify(src/trainingv2/documents/installation) by extension 'python_setup_py'
[4.574s] Level 1:colcon.colcon_core.package_identification:_identify(src/trainingv2/documents/pictures) by extensions ['ignore', 'ignore_ament_install']
[4.574s] Level 1:colcon.colcon_core.package_identification:_identify(src/trainingv2/documents/pictures) by extension 'ignore'
[4.576s] Level 1:colcon.colcon_core.package_identification:_identify(src/trainingv2/documents/pictures) by extension 'ignore_ament_install'
[4.579s] Level 1:colcon.colcon_core.package_identification:_identify(src/trainingv2/documents/pictures) by extensions ['colcon_pkg']
[4.580s] Level 1:colcon.colcon_core.package_identification:_identify(src/trainingv2/documents/pictures) by extension 'colcon_pkg'
[4.582s] Level 1:colcon.colcon_core.package_identification:_identify(src/trainingv2/documents/pictures) by extensions ['colcon_meta']
[4.582s] Level 1:colcon.colcon_core.package_identification:_identify(src/trainingv2/documents/pictures) by extension 'colcon_meta'
[4.587s] Level 1:colcon.colcon_core.package_identification:_identify(src/trainingv2/documents/pictures) by extensions ['ros']
[4.587s] Level 1:colcon.colcon_core.package_identification:_identify(src/trainingv2/documents/pictures) by extension 'ros'
[4.596s] Level 1:colcon.colcon_core.package_identification:_identify(src/trainingv2/documents/pictures) by extensions ['cmake', 'python']
[4.596s] Level 1:colcon.colcon_core.package_identification:_identify(src/trainingv2/documents/pictures) by extension 'cmake'
[4.598s] Level 1:colcon.colcon_core.package_identification:_identify(src/trainingv2/documents/pictures) by extension 'python'
[4.600s] Level 1:colcon.colcon_core.package_identification:_identify(src/trainingv2/documents/pictures) by extensions ['python_setup_py']
[4.600s] Level 1:colcon.colcon_core.package_identification:_identify(src/trainingv2/documents/pictures) by extension 'python_setup_py'
[4.609s] Level 1:colcon.colcon_core.package_identification:_identify(src/trainingv2/turtlesim_project) by extensions ['ignore', 'ignore_ament_install']
[4.609s] Level 1:colcon.colcon_core.package_identification:_identify(src/trainingv2/turtlesim_project) by extension 'ignore'
[4.610s] Level 1:colcon.colcon_core.package_identification:_identify(src/trainingv2/turtlesim_project) by extension 'ignore_ament_install'
[4.614s] Level 1:colcon.colcon_core.package_identification:_identify(src/trainingv2/turtlesim_project) by extensions ['colcon_pkg']
[4.614s] Level 1:colcon.colcon_core.package_identification:_identify(src/trainingv2/turtlesim_project) by extension 'colcon_pkg'
[4.618s] Level 1:colcon.colcon_core.package_identification:_identify(src/trainingv2/turtlesim_project) by extensions ['colcon_meta']
[4.618s] Level 1:colcon.colcon_core.package_identification:_identify(src/trainingv2/turtlesim_project) by extension 'colcon_meta'
[4.621s] Level 1:colcon.colcon_core.package_identification:_identify(src/trainingv2/turtlesim_project) by extensions ['ros']
[4.622s] Level 1:colcon.colcon_core.package_identification:_identify(src/trainingv2/turtlesim_project) by extension 'ros'
[4.630s] Level 1:colcon.colcon_core.package_identification:_identify(src/trainingv2/turtlesim_project) by extensions ['cmake', 'python']
[4.630s] Level 1:colcon.colcon_core.package_identification:_identify(src/trainingv2/turtlesim_project) by extension 'cmake'
[4.632s] Level 1:colcon.colcon_core.package_identification:_identify(src/trainingv2/turtlesim_project) by extension 'python'
[4.633s] Level 1:colcon.colcon_core.package_identification:_identify(src/trainingv2/turtlesim_project) by extensions ['python_setup_py']
[4.633s] Level 1:colcon.colcon_core.package_identification:_identify(src/trainingv2/turtlesim_project) by extension 'python_setup_py'
[4.641s] Level 1:colcon.colcon_core.package_identification:_identify(src/trainingv2/turtlesim_project/src) by extensions ['ignore', 'ignore_ament_install']
[4.642s] Level 1:colcon.colcon_core.package_identification:_identify(src/trainingv2/turtlesim_project/src) by extension 'ignore'
[4.643s] Level 1:colcon.colcon_core.package_identification:_identify(src/trainingv2/turtlesim_project/src) by extension 'ignore_ament_install'
[4.647s] Level 1:colcon.colcon_core.package_identification:_identify(src/trainingv2/turtlesim_project/src) by extensions ['colcon_pkg']
[4.647s] Level 1:colcon.colcon_core.package_identification:_identify(src/trainingv2/turtlesim_project/src) by extension 'colcon_pkg'
[4.649s] Level 1:colcon.colcon_core.package_identification:_identify(src/trainingv2/turtlesim_project/src) by extensions ['colcon_meta']
[4.649s] Level 1:colcon.colcon_core.package_identification:_identify(src/trainingv2/turtlesim_project/src) by extension 'colcon_meta'
[4.654s] Level 1:colcon.colcon_core.package_identification:_identify(src/trainingv2/turtlesim_project/src) by extensions ['ros']
[4.655s] Level 1:colcon.colcon_core.package_identification:_identify(src/trainingv2/turtlesim_project/src) by extension 'ros'
[4.664s] Level 1:colcon.colcon_core.package_identification:_identify(src/trainingv2/turtlesim_project/src) by extensions ['cmake', 'python']
[4.665s] Level 1:colcon.colcon_core.package_identification:_identify(src/trainingv2/turtlesim_project/src) by extension 'cmake'
[4.667s] Level 1:colcon.colcon_core.package_identification:_identify(src/trainingv2/turtlesim_project/src) by extension 'python'
[4.669s] Level 1:colcon.colcon_core.package_identification:_identify(src/trainingv2/turtlesim_project/src) by extensions ['python_setup_py']
[4.669s] Level 1:colcon.colcon_core.package_identification:_identify(src/trainingv2/turtlesim_project/src) by extension 'python_setup_py'
[4.682s] Level 1:colcon.colcon_core.package_identification:_identify(src/trainingv2/turtlesim_project/src/keyboard) by extensions ['ignore', 'ignore_ament_install']
[4.682s] Level 1:colcon.colcon_core.package_identification:_identify(src/trainingv2/turtlesim_project/src/keyboard) by extension 'ignore'
[4.685s] Level 1:colcon.colcon_core.package_identification:_identify(src/trainingv2/turtlesim_project/src/keyboard) by extension 'ignore_ament_install'
[4.689s] Level 1:colcon.colcon_core.package_identification:_identify(src/trainingv2/turtlesim_project/src/keyboard) by extensions ['colcon_pkg']
[4.689s] Level 1:colcon.colcon_core.package_identification:_identify(src/trainingv2/turtlesim_project/src/keyboard) by extension 'colcon_pkg'
[4.692s] Level 1:colcon.colcon_core.package_identification:_identify(src/trainingv2/turtlesim_project/src/keyboard) by extensions ['colcon_meta']
[4.692s] Level 1:colcon.colcon_core.package_identification:_identify(src/trainingv2/turtlesim_project/src/keyboard) by extension 'colcon_meta'
[4.699s] Level 1:colcon.colcon_core.package_identification:_identify(src/trainingv2/turtlesim_project/src/keyboard) by extensions ['ros']
[4.699s] Level 1:colcon.colcon_core.package_identification:_identify(src/trainingv2/turtlesim_project/src/keyboard) by extension 'ros'
[4.732s] DEBUG:colcon.colcon_core.package_identification:Package 'src/trainingv2/turtlesim_project/src/keyboard' with type 'ros.ament_python' and name 'keyboard'
[4.745s] Level 1:colcon.colcon_core.package_identification:_identify(src/trainingv2/turtlesim_project/src/teleop) by extensions ['ignore', 'ignore_ament_install']
[4.745s] Level 1:colcon.colcon_core.package_identification:_identify(src/trainingv2/turtlesim_project/src/teleop) by extension 'ignore'
[4.747s] Level 1:colcon.colcon_core.package_identification:_identify(src/trainingv2/turtlesim_project/src/teleop) by extension 'ignore_ament_install'
[4.751s] Level 1:colcon.colcon_core.package_identification:_identify(src/trainingv2/turtlesim_project/src/teleop) by extensions ['colcon_pkg']
[4.751s] Level 1:colcon.colcon_core.package_identification:_identify(src/trainingv2/turtlesim_project/src/teleop) by extension 'colcon_pkg'
[4.753s] Level 1:colcon.colcon_core.package_identification:_identify(src/trainingv2/turtlesim_project/src/teleop) by extensions ['colcon_meta']
[4.753s] Level 1:colcon.colcon_core.package_identification:_identify(src/trainingv2/turtlesim_project/src/teleop) by extension 'colcon_meta'
[4.761s] Level 1:colcon.colcon_core.package_identification:_identify(src/trainingv2/turtlesim_project/src/teleop) by extensions ['ros']
[4.762s] Level 1:colcon.colcon_core.package_identification:_identify(src/trainingv2/turtlesim_project/src/teleop) by extension 'ros'
[4.795s] DEBUG:colcon.colcon_core.package_identification:Package 'src/trainingv2/turtlesim_project/src/teleop' with type 'ros.ament_cmake' and name 'teleop'
[4.795s] Level 1:colcon.colcon_core.package_discovery:discover_packages(recursive) using defaults
[4.796s] Level 1:colcon.colcon_core.package_discovery:discover_packages(ignore) discover
[4.796s] Level 1:colcon.colcon_core.package_discovery:discover_packages(ignore) using defaults
[4.796s] Level 1:colcon.colcon_core.package_discovery:discover_packages(path) discover
[4.796s] Level 1:colcon.colcon_core.package_discovery:discover_packages(path) using defaults
[5.140s] Level 1:colcon.colcon_core.package_discovery:discover_packages(prefix_path) check parameters
[5.140s] Level 1:colcon.colcon_core.package_discovery:discover_packages(prefix_path) discover
[5.523s] DEBUG:colcon.colcon_installed_package_information.package_discovery:Found 27 installed packages in /home/ubuntu/rj_training_container/training_ws/install
[5.525s] DEBUG:colcon.colcon_installed_package_information.package_discovery:Found 339 installed packages in /opt/ros/humble
[5.527s] Level 1:colcon.colcon_core.package_discovery:discover_packages(prefix_path) using defaults
[5.962s] Level 5:colcon.colcon_core.verb:set package 'astar_path_planner' build argument 'cmake_args' from command line to 'None'
[5.962s] Level 5:colcon.colcon_core.verb:set package 'astar_path_planner' build argument 'cmake_target' from command line to 'None'
[5.963s] Level 5:colcon.colcon_core.verb:set package 'astar_path_planner' build argument 'cmake_target_skip_unavailable' from command line to 'False'
[5.963s] Level 5:colcon.colcon_core.verb:set package 'astar_path_planner' build argument 'cmake_clean_cache' from command line to 'False'
[5.963s] Level 5:colcon.colcon_core.verb:set package 'astar_path_planner' build argument 'cmake_clean_first' from command line to 'False'
[5.964s] Level 5:colcon.colcon_core.verb:set package 'astar_path_planner' build argument 'cmake_force_configure' from command line to 'False'
[5.964s] Level 5:colcon.colcon_core.verb:set package 'astar_path_planner' build argument 'ament_cmake_args' from command line to 'None'
[5.964s] Level 5:colcon.colcon_core.verb:set package 'astar_path_planner' build argument 'catkin_cmake_args' from command line to 'None'
[5.964s] Level 5:colcon.colcon_core.verb:set package 'astar_path_planner' build argument 'catkin_skip_building_tests' from command line to 'False'
[5.965s] DEBUG:colcon.colcon_core.verb:Building package 'astar_path_planner' with the following arguments: {'ament_cmake_args': None, 'build_base': '/home/ubuntu/rj_training_container/training_ws/build/astar_path_planner', 'catkin_cmake_args': None, 'catkin_skip_building_tests': False, 'cmake_args': None, 'cmake_clean_cache': False, 'cmake_clean_first': False, 'cmake_force_configure': False, 'cmake_target': None, 'cmake_target_skip_unavailable': False, 'install_base': '/home/ubuntu/rj_training_container/training_ws/install/astar_path_planner', 'merge_install': False, 'path': '/home/ubuntu/rj_training_container/training_ws/src/software-training-old/astar_path_planner', 'symlink_install': False, 'test_result_base': None}
[5.966s] Level 5:colcon.colcon_core.verb:set package 'controllers' build argument 'cmake_args' from command line to 'None'
[5.966s] Level 5:colcon.colcon_core.verb:set package 'controllers' build argument 'cmake_target' from command line to 'None'
[5.967s] Level 5:colcon.colcon_core.verb:set package 'controllers' build argument 'cmake_target_skip_unavailable' from command line to 'False'
[5.967s] Level 5:colcon.colcon_core.verb:set package 'controllers' build argument 'cmake_clean_cache' from command line to 'False'
[5.967s] Level 5:colcon.colcon_core.verb:set package 'controllers' build argument 'cmake_clean_first' from command line to 'False'
[5.968s] Level 5:colcon.colcon_core.verb:set package 'controllers' build argument 'cmake_force_configure' from command line to 'False'
[5.968s] Level 5:colcon.colcon_core.verb:set package 'controllers' build argument 'ament_cmake_args' from command line to 'None'
[5.968s] Level 5:colcon.colcon_core.verb:set package 'controllers' build argument 'catkin_cmake_args' from command line to 'None'
[5.969s] Level 5:colcon.colcon_core.verb:set package 'controllers' build argument 'catkin_skip_building_tests' from command line to 'False'
[5.969s] DEBUG:colcon.colcon_core.verb:Building package 'controllers' with the following arguments: {'ament_cmake_args': None, 'build_base': '/home/ubuntu/rj_training_container/training_ws/build/controllers', 'catkin_cmake_args': None, 'catkin_skip_building_tests': False, 'cmake_args': None, 'cmake_clean_cache': False, 'cmake_clean_first': False, 'cmake_force_configure': False, 'cmake_target': None, 'cmake_target_skip_unavailable': False, 'install_base': '/home/ubuntu/rj_training_container/training_ws/install/controllers', 'merge_install': False, 'path': '/home/ubuntu/rj_training_container/training_ws/src/software-training-old/controllers', 'symlink_install': False, 'test_result_base': None}
[5.970s] Level 5:colcon.colcon_core.verb:set package 'joystick_msgs' build argument 'cmake_args' from command line to 'None'
[5.970s] Level 5:colcon.colcon_core.verb:set package 'joystick_msgs' build argument 'cmake_target' from command line to 'None'
[5.971s] Level 5:colcon.colcon_core.verb:set package 'joystick_msgs' build argument 'cmake_target_skip_unavailable' from command line to 'False'
[5.971s] Level 5:colcon.colcon_core.verb:set package 'joystick_msgs' build argument 'cmake_clean_cache' from command line to 'False'
[5.972s] Level 5:colcon.colcon_core.verb:set package 'joystick_msgs' build argument 'cmake_clean_first' from command line to 'False'
[5.972s] Level 5:colcon.colcon_core.verb:set package 'joystick_msgs' build argument 'cmake_force_configure' from command line to 'False'
[5.973s] Level 5:colcon.colcon_core.verb:set package 'joystick_msgs' build argument 'ament_cmake_args' from command line to 'None'
[5.973s] Level 5:colcon.colcon_core.verb:set package 'joystick_msgs' build argument 'catkin_cmake_args' from command line to 'None'
[5.973s] Level 5:colcon.colcon_core.verb:set package 'joystick_msgs' build argument 'catkin_skip_building_tests' from command line to 'False'
[5.973s] DEBUG:colcon.colcon_core.verb:Building package 'joystick_msgs' with the following arguments: {'ament_cmake_args': None, 'build_base': '/home/ubuntu/rj_training_container/training_ws/build/joystick_msgs', 'catkin_cmake_args': None, 'catkin_skip_building_tests': False, 'cmake_args': None, 'cmake_clean_cache': False, 'cmake_clean_first': False, 'cmake_force_configure': False, 'cmake_target': None, 'cmake_target_skip_unavailable': False, 'install_base': '/home/ubuntu/rj_training_container/training_ws/install/joystick_msgs', 'merge_install': False, 'path': '/home/ubuntu/rj_training_container/training_ws/src/trainingv2/controller_project/joystick_msgs', 'symlink_install': False, 'test_result_base': None}
[5.974s] Level 5:colcon.colcon_core.verb:set package 'keyboard' build argument 'cmake_args' from command line to 'None'
[5.974s] Level 5:colcon.colcon_core.verb:set package 'keyboard' build argument 'cmake_target' from command line to 'None'
[5.975s] Level 5:colcon.colcon_core.verb:set package 'keyboard' build argument 'cmake_target_skip_unavailable' from command line to 'False'
[5.975s] Level 5:colcon.colcon_core.verb:set package 'keyboard' build argument 'cmake_clean_cache' from command line to 'False'
[5.975s] Level 5:colcon.colcon_core.verb:set package 'keyboard' build argument 'cmake_clean_first' from command line to 'False'
[5.975s] Level 5:colcon.colcon_core.verb:set package 'keyboard' build argument 'cmake_force_configure' from command line to 'False'
[5.976s] Level 5:colcon.colcon_core.verb:set package 'keyboard' build argument 'ament_cmake_args' from command line to 'None'
[5.976s] Level 5:colcon.colcon_core.verb:set package 'keyboard' build argument 'catkin_cmake_args' from command line to 'None'
[5.976s] Level 5:colcon.colcon_core.verb:set package 'keyboard' build argument 'catkin_skip_building_tests' from command line to 'False'
[5.976s] DEBUG:colcon.colcon_core.verb:Building package 'keyboard' with the following arguments: {'ament_cmake_args': None, 'build_base': '/home/ubuntu/rj_training_container/training_ws/build/keyboard', 'catkin_cmake_args': None, 'catkin_skip_building_tests': False, 'cmake_args': None, 'cmake_clean_cache': False, 'cmake_clean_first': False, 'cmake_force_configure': False, 'cmake_target': None, 'cmake_target_skip_unavailable': False, 'install_base': '/home/ubuntu/rj_training_container/training_ws/install/keyboard', 'merge_install': False, 'path': '/home/ubuntu/rj_training_container/training_ws/src/trainingv2/turtlesim_project/src/keyboard', 'symlink_install': False, 'test_result_base': None}
[5.977s] Level 5:colcon.colcon_core.verb:set package 'mapping' build argument 'cmake_args' from command line to 'None'
[5.977s] Level 5:colcon.colcon_core.verb:set package 'mapping' build argument 'cmake_target' from command line to 'None'
[5.978s] Level 5:colcon.colcon_core.verb:set package 'mapping' build argument 'cmake_target_skip_unavailable' from command line to 'False'
[5.978s] Level 5:colcon.colcon_core.verb:set package 'mapping' build argument 'cmake_clean_cache' from command line to 'False'
[5.978s] Level 5:colcon.colcon_core.verb:set package 'mapping' build argument 'cmake_clean_first' from command line to 'False'
[5.978s] Level 5:colcon.colcon_core.verb:set package 'mapping' build argument 'cmake_force_configure' from command line to 'False'
[5.979s] Level 5:colcon.colcon_core.verb:set package 'mapping' build argument 'ament_cmake_args' from command line to 'None'
[5.979s] Level 5:colcon.colcon_core.verb:set package 'mapping' build argument 'catkin_cmake_args' from command line to 'None'
[5.979s] Level 5:colcon.colcon_core.verb:set package 'mapping' build argument 'catkin_skip_building_tests' from command line to 'False'
[5.979s] DEBUG:colcon.colcon_core.verb:Building package 'mapping' with the following arguments: {'ament_cmake_args': None, 'build_base': '/home/ubuntu/rj_training_container/training_ws/build/mapping', 'catkin_cmake_args': None, 'catkin_skip_building_tests': False, 'cmake_args': None, 'cmake_clean_cache': False, 'cmake_clean_first': False, 'cmake_force_configure': False, 'cmake_target': None, 'cmake_target_skip_unavailable': False, 'install_base': '/home/ubuntu/rj_training_container/training_ws/install/mapping', 'merge_install': False, 'path': '/home/ubuntu/rj_training_container/training_ws/src/software-training-old/mapping', 'symlink_install': False, 'test_result_base': None}
[5.980s] Level 5:colcon.colcon_core.verb:set package 'obstacle_detector' build argument 'cmake_args' from command line to 'None'
[5.980s] Level 5:colcon.colcon_core.verb:set package 'obstacle_detector' build argument 'cmake_target' from command line to 'None'
[5.980s] Level 5:colcon.colcon_core.verb:set package 'obstacle_detector' build argument 'cmake_target_skip_unavailable' from command line to 'False'
[5.981s] Level 5:colcon.colcon_core.verb:set package 'obstacle_detector' build argument 'cmake_clean_cache' from command line to 'False'
[5.981s] Level 5:colcon.colcon_core.verb:set package 'obstacle_detector' build argument 'cmake_clean_first' from command line to 'False'
[5.981s] Level 5:colcon.colcon_core.verb:set package 'obstacle_detector' build argument 'cmake_force_configure' from command line to 'False'
[5.981s] Level 5:colcon.colcon_core.verb:set package 'obstacle_detector' build argument 'ament_cmake_args' from command line to 'None'
[5.982s] Level 5:colcon.colcon_core.verb:set package 'obstacle_detector' build argument 'catkin_cmake_args' from command line to 'None'
[5.982s] Level 5:colcon.colcon_core.verb:set package 'obstacle_detector' build argument 'catkin_skip_building_tests' from command line to 'False'
[5.982s] DEBUG:colcon.colcon_core.verb:Building package 'obstacle_detector' with the following arguments: {'ament_cmake_args': None, 'build_base': '/home/ubuntu/rj_training_container/training_ws/build/obstacle_detector', 'catkin_cmake_args': None, 'catkin_skip_building_tests': False, 'cmake_args': None, 'cmake_clean_cache': False, 'cmake_clean_first': False, 'cmake_force_configure': False, 'cmake_target': None, 'cmake_target_skip_unavailable': False, 'install_base': '/home/ubuntu/rj_training_container/training_ws/install/obstacle_detector', 'merge_install': False, 'path': '/home/ubuntu/rj_training_container/training_ws/src/software-training-old/obstacle_detector', 'symlink_install': False, 'test_result_base': None}
[5.983s] Level 5:colcon.colcon_core.verb:set package 'rj_training_bringup' build argument 'cmake_args' from command line to 'None'
[5.983s] Level 5:colcon.colcon_core.verb:set package 'rj_training_bringup' build argument 'cmake_target' from command line to 'None'
[5.983s] Level 5:colcon.colcon_core.verb:set package 'rj_training_bringup' build argument 'cmake_target_skip_unavailable' from command line to 'False'
[5.983s] Level 5:colcon.colcon_core.verb:set package 'rj_training_bringup' build argument 'cmake_clean_cache' from command line to 'False'
[5.984s] Level 5:colcon.colcon_core.verb:set package 'rj_training_bringup' build argument 'cmake_clean_first' from command line to 'False'
[5.984s] Level 5:colcon.colcon_core.verb:set package 'rj_training_bringup' build argument 'cmake_force_configure' from command line to 'False'
[5.984s] Level 5:colcon.colcon_core.verb:set package 'rj_training_bringup' build argument 'ament_cmake_args' from command line to 'None'
[5.984s] Level 5:colcon.colcon_core.verb:set package 'rj_training_bringup' build argument 'catkin_cmake_args' from command line to 'None'
[5.985s] Level 5:colcon.colcon_core.verb:set package 'rj_training_bringup' build argument 'catkin_skip_building_tests' from command line to 'False'
[5.985s] DEBUG:colcon.colcon_core.verb:Building package 'rj_training_bringup' with the following arguments: {'ament_cmake_args': None, 'build_base': '/home/ubuntu/rj_training_container/training_ws/build/rj_training_bringup', 'catkin_cmake_args': None, 'catkin_skip_building_tests': False, 'cmake_args': None, 'cmake_clean_cache': False, 'cmake_clean_first': False, 'cmake_force_configure': False, 'cmake_target': None, 'cmake_target_skip_unavailable': False, 'install_base': '/home/ubuntu/rj_training_container/training_ws/install/rj_training_bringup', 'merge_install': False, 'path': '/home/ubuntu/rj_training_container/training_ws/src/software-training-old/rj_training_bringup', 'symlink_install': False, 'test_result_base': None}
[5.985s] Level 5:colcon.colcon_core.verb:set package 'stsl_gazebo_plugins' build argument 'cmake_args' from command line to 'None'
[5.986s] Level 5:colcon.colcon_core.verb:set package 'stsl_gazebo_plugins' build argument 'cmake_target' from command line to 'None'
[5.986s] Level 5:colcon.colcon_core.verb:set package 'stsl_gazebo_plugins' build argument 'cmake_target_skip_unavailable' from command line to 'False'
[5.986s] Level 5:colcon.colcon_core.verb:set package 'stsl_gazebo_plugins' build argument 'cmake_clean_cache' from command line to 'False'
[5.987s] Level 5:colcon.colcon_core.verb:set package 'stsl_gazebo_plugins' build argument 'cmake_clean_first' from command line to 'False'
[5.987s] Level 5:colcon.colcon_core.verb:set package 'stsl_gazebo_plugins' build argument 'cmake_force_configure' from command line to 'False'
[5.987s] Level 5:colcon.colcon_core.verb:set package 'stsl_gazebo_plugins' build argument 'ament_cmake_args' from command line to 'None'
[5.988s] Level 5:colcon.colcon_core.verb:set package 'stsl_gazebo_plugins' build argument 'catkin_cmake_args' from command line to 'None'
[5.988s] Level 5:colcon.colcon_core.verb:set package 'stsl_gazebo_plugins' build argument 'catkin_skip_building_tests' from command line to 'False'
[5.988s] DEBUG:colcon.colcon_core.verb:Building package 'stsl_gazebo_plugins' with the following arguments: {'ament_cmake_args': None, 'build_base': '/home/ubuntu/rj_training_container/training_ws/build/stsl_gazebo_plugins', 'catkin_cmake_args': None, 'catkin_skip_building_tests': False, 'cmake_args': None, 'cmake_clean_cache': False, 'cmake_clean_first': False, 'cmake_force_configure': False, 'cmake_target': None, 'cmake_target_skip_unavailable': False, 'install_base': '/home/ubuntu/rj_training_container/training_ws/install/stsl_gazebo_plugins', 'merge_install': False, 'path': '/home/ubuntu/rj_training_container/training_ws/src/stsl/stsl_gazebo_plugins', 'symlink_install': False, 'test_result_base': None}
[5.989s] Level 5:colcon.colcon_core.verb:set package 'stsl_interfaces' build argument 'cmake_args' from command line to 'None'
[5.989s] Level 5:colcon.colcon_core.verb:set package 'stsl_interfaces' build argument 'cmake_target' from command line to 'None'
[5.990s] Level 5:colcon.colcon_core.verb:set package 'stsl_interfaces' build argument 'cmake_target_skip_unavailable' from command line to 'False'
[5.990s] Level 5:colcon.colcon_core.verb:set package 'stsl_interfaces' build argument 'cmake_clean_cache' from command line to 'False'
[5.990s] Level 5:colcon.colcon_core.verb:set package 'stsl_interfaces' build argument 'cmake_clean_first' from command line to 'False'
[5.990s] Level 5:colcon.colcon_core.verb:set package 'stsl_interfaces' build argument 'cmake_force_configure' from command line to 'False'
[5.991s] Level 5:colcon.colcon_core.verb:set package 'stsl_interfaces' build argument 'ament_cmake_args' from command line to 'None'
[5.991s] Level 5:colcon.colcon_core.verb:set package 'stsl_interfaces' build argument 'catkin_cmake_args' from command line to 'None'
[5.991s] Level 5:colcon.colcon_core.verb:set package 'stsl_interfaces' build argument 'catkin_skip_building_tests' from command line to 'False'
[5.992s] DEBUG:colcon.colcon_core.verb:Building package 'stsl_interfaces' with the following arguments: {'ament_cmake_args': None, 'build_base': '/home/ubuntu/rj_training_container/training_ws/build/stsl_interfaces', 'catkin_cmake_args': None, 'catkin_skip_building_tests': False, 'cmake_args': None, 'cmake_clean_cache': False, 'cmake_clean_first': False, 'cmake_force_configure': False, 'cmake_target': None, 'cmake_target_skip_unavailable': False, 'install_base': '/home/ubuntu/rj_training_container/training_ws/install/stsl_interfaces', 'merge_install': False, 'path': '/home/ubuntu/rj_training_container/training_ws/src/stsl/stsl_interfaces', 'symlink_install': False, 'test_result_base': None}
[5.992s] Level 5:colcon.colcon_core.verb:set package 'stsl_nav_plugins' build argument 'cmake_args' from command line to 'None'
[5.992s] Level 5:colcon.colcon_core.verb:set package 'stsl_nav_plugins' build argument 'cmake_target' from command line to 'None'
[5.993s] Level 5:colcon.colcon_core.verb:set package 'stsl_nav_plugins' build argument 'cmake_target_skip_unavailable' from command line to 'False'
[5.994s] Level 5:colcon.colcon_core.verb:set package 'stsl_nav_plugins' build argument 'cmake_clean_cache' from command line to 'False'
[5.994s] Level 5:colcon.colcon_core.verb:set package 'stsl_nav_plugins' build argument 'cmake_clean_first' from command line to 'False'
[5.994s] Level 5:colcon.colcon_core.verb:set package 'stsl_nav_plugins' build argument 'cmake_force_configure' from command line to 'False'
[5.994s] Level 5:colcon.colcon_core.verb:set package 'stsl_nav_plugins' build argument 'ament_cmake_args' from command line to 'None'
[5.994s] Level 5:colcon.colcon_core.verb:set package 'stsl_nav_plugins' build argument 'catkin_cmake_args' from command line to 'None'
[5.995s] Level 5:colcon.colcon_core.verb:set package 'stsl_nav_plugins' build argument 'catkin_skip_building_tests' from command line to 'False'
[5.995s] DEBUG:colcon.colcon_core.verb:Building package 'stsl_nav_plugins' with the following arguments: {'ament_cmake_args': None, 'build_base': '/home/ubuntu/rj_training_container/training_ws/build/stsl_nav_plugins', 'catkin_cmake_args': None, 'catkin_skip_building_tests': False, 'cmake_args': None, 'cmake_clean_cache': False, 'cmake_clean_first': False, 'cmake_force_configure': False, 'cmake_target': None, 'cmake_target_skip_unavailable': False, 'install_base': '/home/ubuntu/rj_training_container/training_ws/install/stsl_nav_plugins', 'merge_install': False, 'path': '/home/ubuntu/rj_training_container/training_ws/src/stsl/stsl_nav_plugins', 'symlink_install': False, 'test_result_base': None}
[5.995s] Level 5:colcon.colcon_core.verb:set package 'stsl_utils' build argument 'cmake_args' from command line to 'None'
[5.996s] Level 5:colcon.colcon_core.verb:set package 'stsl_utils' build argument 'cmake_target' from command line to 'None'
[5.996s] Level 5:colcon.colcon_core.verb:set package 'stsl_utils' build argument 'cmake_target_skip_unavailable' from command line to 'False'
[5.996s] Level 5:colcon.colcon_core.verb:set package 'stsl_utils' build argument 'cmake_clean_cache' from command line to 'False'
[5.996s] Level 5:colcon.colcon_core.verb:set package 'stsl_utils' build argument 'cmake_clean_first' from command line to 'False'
[5.997s] Level 5:colcon.colcon_core.verb:set package 'stsl_utils' build argument 'cmake_force_configure' from command line to 'False'
[5.997s] Level 5:colcon.colcon_core.verb:set package 'stsl_utils' build argument 'ament_cmake_args' from command line to 'None'
[5.997s] Level 5:colcon.colcon_core.verb:set package 'stsl_utils' build argument 'catkin_cmake_args' from command line to 'None'
[5.997s] Level 5:colcon.colcon_core.verb:set package 'stsl_utils' build argument 'catkin_skip_building_tests' from command line to 'False'
[5.998s] DEBUG:colcon.colcon_core.verb:Building package 'stsl_utils' with the following arguments: {'ament_cmake_args': None, 'build_base': '/home/ubuntu/rj_training_container/training_ws/build/stsl_utils', 'catkin_cmake_args': None, 'catkin_skip_building_tests': False, 'cmake_args': None, 'cmake_clean_cache': False, 'cmake_clean_first': False, 'cmake_force_configure': False, 'cmake_target': None, 'cmake_target_skip_unavailable': False, 'install_base': '/home/ubuntu/rj_training_container/training_ws/install/stsl_utils', 'merge_install': False, 'path': '/home/ubuntu/rj_training_container/training_ws/src/stsl/stsl_utils', 'symlink_install': False, 'test_result_base': None}
[5.998s] Level 5:colcon.colcon_core.verb:set package 'teleop' build argument 'cmake_args' from command line to 'None'
[5.998s] Level 5:colcon.colcon_core.verb:set package 'teleop' build argument 'cmake_target' from command line to 'None'
[5.999s] Level 5:colcon.colcon_core.verb:set package 'teleop' build argument 'cmake_target_skip_unavailable' from command line to 'False'
[5.999s] Level 5:colcon.colcon_core.verb:set package 'teleop' build argument 'cmake_clean_cache' from command line to 'False'
[5.999s] Level 5:colcon.colcon_core.verb:set package 'teleop' build argument 'cmake_clean_first' from command line to 'False'
[5.999s] Level 5:colcon.colcon_core.verb:set package 'teleop' build argument 'cmake_force_configure' from command line to 'False'
[6.000s] Level 5:colcon.colcon_core.verb:set package 'teleop' build argument 'ament_cmake_args' from command line to 'None'
[6.000s] Level 5:colcon.colcon_core.verb:set package 'teleop' build argument 'catkin_cmake_args' from command line to 'None'
[6.000s] Level 5:colcon.colcon_core.verb:set package 'teleop' build argument 'catkin_skip_building_tests' from command line to 'False'
[6.000s] DEBUG:colcon.colcon_core.verb:Building package 'teleop' with the following arguments: {'ament_cmake_args': None, 'build_base': '/home/ubuntu/rj_training_container/training_ws/build/teleop', 'catkin_cmake_args': None, 'catkin_skip_building_tests': False, 'cmake_args': None, 'cmake_clean_cache': False, 'cmake_clean_first': False, 'cmake_force_configure': False, 'cmake_target': None, 'cmake_target_skip_unavailable': False, 'install_base': '/home/ubuntu/rj_training_container/training_ws/install/teleop', 'merge_install': False, 'path': '/home/ubuntu/rj_training_container/training_ws/src/trainingv2/turtlesim_project/src/teleop', 'symlink_install': False, 'test_result_base': None}
[6.001s] Level 5:colcon.colcon_core.verb:set package 'traini_description' build argument 'cmake_args' from command line to 'None'
[6.001s] Level 5:colcon.colcon_core.verb:set package 'traini_description' build argument 'cmake_target' from command line to 'None'
[6.001s] Level 5:colcon.colcon_core.verb:set package 'traini_description' build argument 'cmake_target_skip_unavailable' from command line to 'False'
[6.002s] Level 5:colcon.colcon_core.verb:set package 'traini_description' build argument 'cmake_clean_cache' from command line to 'False'
[6.002s] Level 5:colcon.colcon_core.verb:set package 'traini_description' build argument 'cmake_clean_first' from command line to 'False'
[6.002s] Level 5:colcon.colcon_core.verb:set package 'traini_description' build argument 'cmake_force_configure' from command line to 'False'
[6.002s] Level 5:colcon.colcon_core.verb:set package 'traini_description' build argument 'ament_cmake_args' from command line to 'None'
[6.003s] Level 5:colcon.colcon_core.verb:set package 'traini_description' build argument 'catkin_cmake_args' from command line to 'None'
[6.003s] Level 5:colcon.colcon_core.verb:set package 'traini_description' build argument 'catkin_skip_building_tests' from command line to 'False'
[6.003s] DEBUG:colcon.colcon_core.verb:Building package 'traini_description' with the following arguments: {'ament_cmake_args': None, 'build_base': '/home/ubuntu/rj_training_container/training_ws/build/traini_description', 'catkin_cmake_args': None, 'catkin_skip_building_tests': False, 'cmake_args': None, 'cmake_clean_cache': False, 'cmake_clean_first': False, 'cmake_force_configure': False, 'cmake_target': None, 'cmake_target_skip_unavailable': False, 'install_base': '/home/ubuntu/rj_training_container/training_ws/install/traini_description', 'merge_install': False, 'path': '/home/ubuntu/rj_training_container/training_ws/src/stsl/traini_description', 'symlink_install': False, 'test_result_base': None}
[6.004s] Level 5:colcon.colcon_core.verb:set package 'coordinate_transform' build argument 'cmake_args' from command line to 'None'
[6.004s] Level 5:colcon.colcon_core.verb:set package 'coordinate_transform' build argument 'cmake_target' from command line to 'None'
[6.005s] Level 5:colcon.colcon_core.verb:set package 'coordinate_transform' build argument 'cmake_target_skip_unavailable' from command line to 'False'
[6.005s] Level 5:colcon.colcon_core.verb:set package 'coordinate_transform' build argument 'cmake_clean_cache' from command line to 'False'
[6.005s] Level 5:colcon.colcon_core.verb:set package 'coordinate_transform' build argument 'cmake_clean_first' from command line to 'False'
[6.005s] Level 5:colcon.colcon_core.verb:set package 'coordinate_transform' build argument 'cmake_force_configure' from command line to 'False'
[6.006s] Level 5:colcon.colcon_core.verb:set package 'coordinate_transform' build argument 'ament_cmake_args' from command line to 'None'
[6.006s] Level 5:colcon.colcon_core.verb:set package 'coordinate_transform' build argument 'catkin_cmake_args' from command line to 'None'
[6.006s] Level 5:colcon.colcon_core.verb:set package 'coordinate_transform' build argument 'catkin_skip_building_tests' from command line to 'False'
[6.006s] DEBUG:colcon.colcon_core.verb:Building package 'coordinate_transform' with the following arguments: {'ament_cmake_args': None, 'build_base': '/home/ubuntu/rj_training_container/training_ws/build/coordinate_transform', 'catkin_cmake_args': None, 'catkin_skip_building_tests': False, 'cmake_args': None, 'cmake_clean_cache': False, 'cmake_clean_first': False, 'cmake_force_configure': False, 'cmake_target': None, 'cmake_target_skip_unavailable': False, 'install_base': '/home/ubuntu/rj_training_container/training_ws/install/coordinate_transform', 'merge_install': False, 'path': '/home/ubuntu/rj_training_container/training_ws/src/software-training-old/coordinate_transform', 'symlink_install': False, 'test_result_base': None}
[6.007s] Level 5:colcon.colcon_core.verb:set package 'elevation_server' build argument 'cmake_args' from command line to 'None'
[6.007s] Level 5:colcon.colcon_core.verb:set package 'elevation_server' build argument 'cmake_target' from command line to 'None'
[6.007s] Level 5:colcon.colcon_core.verb:set package 'elevation_server' build argument 'cmake_target_skip_unavailable' from command line to 'False'
[6.008s] Level 5:colcon.colcon_core.verb:set package 'elevation_server' build argument 'cmake_clean_cache' from command line to 'False'
[6.008s] Level 5:colcon.colcon_core.verb:set package 'elevation_server' build argument 'cmake_clean_first' from command line to 'False'
[6.008s] Level 5:colcon.colcon_core.verb:set package 'elevation_server' build argument 'cmake_force_configure' from command line to 'False'
[6.008s] Level 5:colcon.colcon_core.verb:set package 'elevation_server' build argument 'ament_cmake_args' from command line to 'None'
[6.008s] Level 5:colcon.colcon_core.verb:set package 'elevation_server' build argument 'catkin_cmake_args' from command line to 'None'
[6.008s] Level 5:colcon.colcon_core.verb:set package 'elevation_server' build argument 'catkin_skip_building_tests' from command line to 'False'
[6.009s] DEBUG:colcon.colcon_core.verb:Building package 'elevation_server' with the following arguments: {'ament_cmake_args': None, 'build_base': '/home/ubuntu/rj_training_container/training_ws/build/elevation_server', 'catkin_cmake_args': None, 'catkin_skip_building_tests': False, 'cmake_args': None, 'cmake_clean_cache': False, 'cmake_clean_first': False, 'cmake_force_configure': False, 'cmake_target': None, 'cmake_target_skip_unavailable': False, 'install_base': '/home/ubuntu/rj_training_container/training_ws/install/elevation_server', 'merge_install': False, 'path': '/home/ubuntu/rj_training_container/training_ws/src/stsl/elevation_server', 'symlink_install': False, 'test_result_base': None}
[6.009s] Level 5:colcon.colcon_core.verb:set package 'joystick_package' build argument 'cmake_args' from command line to 'None'
[6.009s] Level 5:colcon.colcon_core.verb:set package 'joystick_package' build argument 'cmake_target' from command line to 'None'
[6.010s] Level 5:colcon.colcon_core.verb:set package 'joystick_package' build argument 'cmake_target_skip_unavailable' from command line to 'False'
[6.010s] Level 5:colcon.colcon_core.verb:set package 'joystick_package' build argument 'cmake_clean_cache' from command line to 'False'
[6.010s] Level 5:colcon.colcon_core.verb:set package 'joystick_package' build argument 'cmake_clean_first' from command line to 'False'
[6.010s] Level 5:colcon.colcon_core.verb:set package 'joystick_package' build argument 'cmake_force_configure' from command line to 'False'
[6.011s] Level 5:colcon.colcon_core.verb:set package 'joystick_package' build argument 'ament_cmake_args' from command line to 'None'
[6.011s] Level 5:colcon.colcon_core.verb:set package 'joystick_package' build argument 'catkin_cmake_args' from command line to 'None'
[6.011s] Level 5:colcon.colcon_core.verb:set package 'joystick_package' build argument 'catkin_skip_building_tests' from command line to 'False'
[6.011s] DEBUG:colcon.colcon_core.verb:Building package 'joystick_package' with the following arguments: {'ament_cmake_args': None, 'build_base': '/home/ubuntu/rj_training_container/training_ws/build/joystick_package', 'catkin_cmake_args': None, 'catkin_skip_building_tests': False, 'cmake_args': None, 'cmake_clean_cache': False, 'cmake_clean_first': False, 'cmake_force_configure': False, 'cmake_target': None, 'cmake_target_skip_unavailable': False, 'install_base': '/home/ubuntu/rj_training_container/training_ws/install/joystick_package', 'merge_install': False, 'path': '/home/ubuntu/rj_training_container/training_ws/src/trainingv2/controller_project/joystick_package', 'symlink_install': False, 'test_result_base': None}
[6.012s] Level 5:colcon.colcon_core.verb:set package 'localization' build argument 'cmake_args' from command line to 'None'
[6.012s] Level 5:colcon.colcon_core.verb:set package 'localization' build argument 'cmake_target' from command line to 'None'
[6.012s] Level 5:colcon.colcon_core.verb:set package 'localization' build argument 'cmake_target_skip_unavailable' from command line to 'False'
[6.013s] Level 5:colcon.colcon_core.verb:set package 'localization' build argument 'cmake_clean_cache' from command line to 'False'
[6.013s] Level 5:colcon.colcon_core.verb:set package 'localization' build argument 'cmake_clean_first' from command line to 'False'
[6.013s] Level 5:colcon.colcon_core.verb:set package 'localization' build argument 'cmake_force_configure' from command line to 'False'
[6.013s] Level 5:colcon.colcon_core.verb:set package 'localization' build argument 'ament_cmake_args' from command line to 'None'
[6.013s] Level 5:colcon.colcon_core.verb:set package 'localization' build argument 'catkin_cmake_args' from command line to 'None'
[6.014s] Level 5:colcon.colcon_core.verb:set package 'localization' build argument 'catkin_skip_building_tests' from command line to 'False'
[6.014s] DEBUG:colcon.colcon_core.verb:Building package 'localization' with the following arguments: {'ament_cmake_args': None, 'build_base': '/home/ubuntu/rj_training_container/training_ws/build/localization', 'catkin_cmake_args': None, 'catkin_skip_building_tests': False, 'cmake_args': None, 'cmake_clean_cache': False, 'cmake_clean_first': False, 'cmake_force_configure': False, 'cmake_target': None, 'cmake_target_skip_unavailable': False, 'install_base': '/home/ubuntu/rj_training_container/training_ws/install/localization', 'merge_install': False, 'path': '/home/ubuntu/rj_training_container/training_ws/src/software-training-old/localization', 'symlink_install': False, 'test_result_base': None}
[6.014s] Level 5:colcon.colcon_core.verb:set package 'mineral_deposit_detection' build argument 'cmake_args' from command line to 'None'
[6.015s] Level 5:colcon.colcon_core.verb:set package 'mineral_deposit_detection' build argument 'cmake_target' from command line to 'None'
[6.015s] Level 5:colcon.colcon_core.verb:set package 'mineral_deposit_detection' build argument 'cmake_target_skip_unavailable' from command line to 'False'
[6.015s] Level 5:colcon.colcon_core.verb:set package 'mineral_deposit_detection' build argument 'cmake_clean_cache' from command line to 'False'
[6.015s] Level 5:colcon.colcon_core.verb:set package 'mineral_deposit_detection' build argument 'cmake_clean_first' from command line to 'False'
[6.016s] Level 5:colcon.colcon_core.verb:set package 'mineral_deposit_detection' build argument 'cmake_force_configure' from command line to 'False'
[6.016s] Level 5:colcon.colcon_core.verb:set package 'mineral_deposit_detection' build argument 'ament_cmake_args' from command line to 'None'
[6.016s] Level 5:colcon.colcon_core.verb:set package 'mineral_deposit_detection' build argument 'catkin_cmake_args' from command line to 'None'
[6.016s] Level 5:colcon.colcon_core.verb:set package 'mineral_deposit_detection' build argument 'catkin_skip_building_tests' from command line to 'False'
[6.016s] DEBUG:colcon.colcon_core.verb:Building package 'mineral_deposit_detection' with the following arguments: {'ament_cmake_args': None, 'build_base': '/home/ubuntu/rj_training_container/training_ws/build/mineral_deposit_detection', 'catkin_cmake_args': None, 'catkin_skip_building_tests': False, 'cmake_args': None, 'cmake_clean_cache': False, 'cmake_clean_first': False, 'cmake_force_configure': False, 'cmake_target': None, 'cmake_target_skip_unavailable': False, 'install_base': '/home/ubuntu/rj_training_container/training_ws/install/mineral_deposit_detection', 'merge_install': False, 'path': '/home/ubuntu/rj_training_container/training_ws/src/stsl/mineral_deposit_detection', 'symlink_install': False, 'test_result_base': None}
[6.017s] Level 5:colcon.colcon_core.verb:set package 'mineral_deposit_tracking' build argument 'cmake_args' from command line to 'None'
[6.017s] Level 5:colcon.colcon_core.verb:set package 'mineral_deposit_tracking' build argument 'cmake_target' from command line to 'None'
[6.017s] Level 5:colcon.colcon_core.verb:set package 'mineral_deposit_tracking' build argument 'cmake_target_skip_unavailable' from command line to 'False'
[6.017s] Level 5:colcon.colcon_core.verb:set package 'mineral_deposit_tracking' build argument 'cmake_clean_cache' from command line to 'False'
[6.018s] Level 5:colcon.colcon_core.verb:set package 'mineral_deposit_tracking' build argument 'cmake_clean_first' from command line to 'False'
[6.018s] Level 5:colcon.colcon_core.verb:set package 'mineral_deposit_tracking' build argument 'cmake_force_configure' from command line to 'False'
[6.018s] Level 5:colcon.colcon_core.verb:set package 'mineral_deposit_tracking' build argument 'ament_cmake_args' from command line to 'None'
[6.018s] Level 5:colcon.colcon_core.verb:set package 'mineral_deposit_tracking' build argument 'catkin_cmake_args' from command line to 'None'
[6.018s] Level 5:colcon.colcon_core.verb:set package 'mineral_deposit_tracking' build argument 'catkin_skip_building_tests' from command line to 'False'
[6.018s] DEBUG:colcon.colcon_core.verb:Building package 'mineral_deposit_tracking' with the following arguments: {'ament_cmake_args': None, 'build_base': '/home/ubuntu/rj_training_container/training_ws/build/mineral_deposit_tracking', 'catkin_cmake_args': None, 'catkin_skip_building_tests': False, 'cmake_args': None, 'cmake_clean_cache': False, 'cmake_clean_first': False, 'cmake_force_configure': False, 'cmake_target': None, 'cmake_target_skip_unavailable': False, 'install_base': '/home/ubuntu/rj_training_container/training_ws/install/mineral_deposit_tracking', 'merge_install': False, 'path': '/home/ubuntu/rj_training_container/training_ws/src/software-training-old/mineral_deposit_tracking', 'symlink_install': False, 'test_result_base': None}
[6.019s] Level 5:colcon.colcon_core.verb:set package 'peak_finder' build argument 'cmake_args' from command line to 'None'
[6.019s] Level 5:colcon.colcon_core.verb:set package 'peak_finder' build argument 'cmake_target' from command line to 'None'
[6.019s] Level 5:colcon.colcon_core.verb:set package 'peak_finder' build argument 'cmake_target_skip_unavailable' from command line to 'False'
[6.019s] Level 5:colcon.colcon_core.verb:set package 'peak_finder' build argument 'cmake_clean_cache' from command line to 'False'
[6.019s] Level 5:colcon.colcon_core.verb:set package 'peak_finder' build argument 'cmake_clean_first' from command line to 'False'
[6.020s] Level 5:colcon.colcon_core.verb:set package 'peak_finder' build argument 'cmake_force_configure' from command line to 'False'
[6.020s] Level 5:colcon.colcon_core.verb:set package 'peak_finder' build argument 'ament_cmake_args' from command line to 'None'
[6.020s] Level 5:colcon.colcon_core.verb:set package 'peak_finder' build argument 'catkin_cmake_args' from command line to 'None'
[6.020s] Level 5:colcon.colcon_core.verb:set package 'peak_finder' build argument 'catkin_skip_building_tests' from command line to 'False'
[6.020s] DEBUG:colcon.colcon_core.verb:Building package 'peak_finder' with the following arguments: {'ament_cmake_args': None, 'build_base': '/home/ubuntu/rj_training_container/training_ws/build/peak_finder', 'catkin_cmake_args': None, 'catkin_skip_building_tests': False, 'cmake_args': None, 'cmake_clean_cache': False, 'cmake_clean_first': False, 'cmake_force_configure': False, 'cmake_target': None, 'cmake_target_skip_unavailable': False, 'install_base': '/home/ubuntu/rj_training_container/training_ws/install/peak_finder', 'merge_install': False, 'path': '/home/ubuntu/rj_training_container/training_ws/src/software-training-old/peak_finder', 'symlink_install': False, 'test_result_base': None}
[6.021s] Level 5:colcon.colcon_core.verb:set package 'stsl_aruco_tags' build argument 'cmake_args' from command line to 'None'
[6.021s] Level 5:colcon.colcon_core.verb:set package 'stsl_aruco_tags' build argument 'cmake_target' from command line to 'None'
[6.021s] Level 5:colcon.colcon_core.verb:set package 'stsl_aruco_tags' build argument 'cmake_target_skip_unavailable' from command line to 'False'
[6.021s] Level 5:colcon.colcon_core.verb:set package 'stsl_aruco_tags' build argument 'cmake_clean_cache' from command line to 'False'
[6.021s] Level 5:colcon.colcon_core.verb:set package 'stsl_aruco_tags' build argument 'cmake_clean_first' from command line to 'False'
[6.021s] Level 5:colcon.colcon_core.verb:set package 'stsl_aruco_tags' build argument 'cmake_force_configure' from command line to 'False'
[6.022s] Level 5:colcon.colcon_core.verb:set package 'stsl_aruco_tags' build argument 'ament_cmake_args' from command line to 'None'
[6.022s] Level 5:colcon.colcon_core.verb:set package 'stsl_aruco_tags' build argument 'catkin_cmake_args' from command line to 'None'
[6.022s] Level 5:colcon.colcon_core.verb:set package 'stsl_aruco_tags' build argument 'catkin_skip_building_tests' from command line to 'False'
[6.022s] DEBUG:colcon.colcon_core.verb:Building package 'stsl_aruco_tags' with the following arguments: {'ament_cmake_args': None, 'build_base': '/home/ubuntu/rj_training_container/training_ws/build/stsl_aruco_tags', 'catkin_cmake_args': None, 'catkin_skip_building_tests': False, 'cmake_args': None, 'cmake_clean_cache': False, 'cmake_clean_first': False, 'cmake_force_configure': False, 'cmake_target': None, 'cmake_target_skip_unavailable': False, 'install_base': '/home/ubuntu/rj_training_container/training_ws/install/stsl_aruco_tags', 'merge_install': False, 'path': '/home/ubuntu/rj_training_container/training_ws/src/stsl/stsl_aruco_tags', 'symlink_install': False, 'test_result_base': None}
[6.023s] Level 5:colcon.colcon_core.verb:set package 'stsl_bt_nodes' build argument 'cmake_args' from command line to 'None'
[6.023s] Level 5:colcon.colcon_core.verb:set package 'stsl_bt_nodes' build argument 'cmake_target' from command line to 'None'
[6.024s] Level 5:colcon.colcon_core.verb:set package 'stsl_bt_nodes' build argument 'cmake_target_skip_unavailable' from command line to 'False'
[6.024s] Level 5:colcon.colcon_core.verb:set package 'stsl_bt_nodes' build argument 'cmake_clean_cache' from command line to 'False'
[6.024s] Level 5:colcon.colcon_core.verb:set package 'stsl_bt_nodes' build argument 'cmake_clean_first' from command line to 'False'
[6.025s] Level 5:colcon.colcon_core.verb:set package 'stsl_bt_nodes' build argument 'cmake_force_configure' from command line to 'False'
[6.025s] Level 5:colcon.colcon_core.verb:set package 'stsl_bt_nodes' build argument 'ament_cmake_args' from command line to 'None'
[6.025s] Level 5:colcon.colcon_core.verb:set package 'stsl_bt_nodes' build argument 'catkin_cmake_args' from command line to 'None'
[6.025s] Level 5:colcon.colcon_core.verb:set package 'stsl_bt_nodes' build argument 'catkin_skip_building_tests' from command line to 'False'
[6.026s] DEBUG:colcon.colcon_core.verb:Building package 'stsl_bt_nodes' with the following arguments: {'ament_cmake_args': None, 'build_base': '/home/ubuntu/rj_training_container/training_ws/build/stsl_bt_nodes', 'catkin_cmake_args': None, 'catkin_skip_building_tests': False, 'cmake_args': None, 'cmake_clean_cache': False, 'cmake_clean_first': False, 'cmake_force_configure': False, 'cmake_target': None, 'cmake_target_skip_unavailable': False, 'install_base': '/home/ubuntu/rj_training_container/training_ws/install/stsl_bt_nodes', 'merge_install': False, 'path': '/home/ubuntu/rj_training_container/training_ws/src/stsl/stsl_bt_nodes', 'symlink_install': False, 'test_result_base': None}
[6.026s] Level 5:colcon.colcon_core.verb:set package 'stsl_rviz_plugins' build argument 'cmake_args' from command line to 'None'
[6.026s] Level 5:colcon.colcon_core.verb:set package 'stsl_rviz_plugins' build argument 'cmake_target' from command line to 'None'
[6.027s] Level 5:colcon.colcon_core.verb:set package 'stsl_rviz_plugins' build argument 'cmake_target_skip_unavailable' from command line to 'False'
[6.027s] Level 5:colcon.colcon_core.verb:set package 'stsl_rviz_plugins' build argument 'cmake_clean_cache' from command line to 'False'
[6.027s] Level 5:colcon.colcon_core.verb:set package 'stsl_rviz_plugins' build argument 'cmake_clean_first' from command line to 'False'
[6.027s] Level 5:colcon.colcon_core.verb:set package 'stsl_rviz_plugins' build argument 'cmake_force_configure' from command line to 'False'
[6.027s] Level 5:colcon.colcon_core.verb:set package 'stsl_rviz_plugins' build argument 'ament_cmake_args' from command line to 'None'
[6.027s] Level 5:colcon.colcon_core.verb:set package 'stsl_rviz_plugins' build argument 'catkin_cmake_args' from command line to 'None'
[6.028s] Level 5:colcon.colcon_core.verb:set package 'stsl_rviz_plugins' build argument 'catkin_skip_building_tests' from command line to 'False'
[6.028s] DEBUG:colcon.colcon_core.verb:Building package 'stsl_rviz_plugins' with the following arguments: {'ament_cmake_args': None, 'build_base': '/home/ubuntu/rj_training_container/training_ws/build/stsl_rviz_plugins', 'catkin_cmake_args': None, 'catkin_skip_building_tests': False, 'cmake_args': None, 'cmake_clean_cache': False, 'cmake_clean_first': False, 'cmake_force_configure': False, 'cmake_target': None, 'cmake_target_skip_unavailable': False, 'install_base': '/home/ubuntu/rj_training_container/training_ws/install/stsl_rviz_plugins', 'merge_install': False, 'path': '/home/ubuntu/rj_training_container/training_ws/src/stsl/stsl_rviz_plugins', 'symlink_install': False, 'test_result_base': None}
[6.028s] Level 5:colcon.colcon_core.verb:set package 'mission_orchestration' build argument 'cmake_args' from command line to 'None'
[6.029s] Level 5:colcon.colcon_core.verb:set package 'mission_orchestration' build argument 'cmake_target' from command line to 'None'
[6.029s] Level 5:colcon.colcon_core.verb:set package 'mission_orchestration' build argument 'cmake_target_skip_unavailable' from command line to 'False'
[6.029s] Level 5:colcon.colcon_core.verb:set package 'mission_orchestration' build argument 'cmake_clean_cache' from command line to 'False'
[6.029s] Level 5:colcon.colcon_core.verb:set package 'mission_orchestration' build argument 'cmake_clean_first' from command line to 'False'
[6.030s] Level 5:colcon.colcon_core.verb:set package 'mission_orchestration' build argument 'cmake_force_configure' from command line to 'False'
[6.030s] Level 5:colcon.colcon_core.verb:set package 'mission_orchestration' build argument 'ament_cmake_args' from command line to 'None'
[6.030s] Level 5:colcon.colcon_core.verb:set package 'mission_orchestration' build argument 'catkin_cmake_args' from command line to 'None'
[6.030s] Level 5:colcon.colcon_core.verb:set package 'mission_orchestration' build argument 'catkin_skip_building_tests' from command line to 'False'
[6.031s] DEBUG:colcon.colcon_core.verb:Building package 'mission_orchestration' with the following arguments: {'ament_cmake_args': None, 'build_base': '/home/ubuntu/rj_training_container/training_ws/build/mission_orchestration', 'catkin_cmake_args': None, 'catkin_skip_building_tests': False, 'cmake_args': None, 'cmake_clean_cache': False, 'cmake_clean_first': False, 'cmake_force_configure': False, 'cmake_target': None, 'cmake_target_skip_unavailable': False, 'install_base': '/home/ubuntu/rj_training_container/training_ws/install/mission_orchestration', 'merge_install': False, 'path': '/home/ubuntu/rj_training_container/training_ws/src/stsl/mission_orchestration', 'symlink_install': False, 'test_result_base': None}
[6.032s] Level 5:colcon.colcon_core.verb:set package 'traini_gazebo' build argument 'cmake_args' from command line to 'None'
[6.032s] Level 5:colcon.colcon_core.verb:set package 'traini_gazebo' build argument 'cmake_target' from command line to 'None'
[6.032s] Level 5:colcon.colcon_core.verb:set package 'traini_gazebo' build argument 'cmake_target_skip_unavailable' from command line to 'False'
[6.032s] Level 5:colcon.colcon_core.verb:set package 'traini_gazebo' build argument 'cmake_clean_cache' from command line to 'False'
[6.032s] Level 5:colcon.colcon_core.verb:set package 'traini_gazebo' build argument 'cmake_clean_first' from command line to 'False'
[6.032s] Level 5:colcon.colcon_core.verb:set package 'traini_gazebo' build argument 'cmake_force_configure' from command line to 'False'
[6.033s] Level 5:colcon.colcon_core.verb:set package 'traini_gazebo' build argument 'ament_cmake_args' from command line to 'None'
[6.033s] Level 5:colcon.colcon_core.verb:set package 'traini_gazebo' build argument 'catkin_cmake_args' from command line to 'None'
[6.033s] Level 5:colcon.colcon_core.verb:set package 'traini_gazebo' build argument 'catkin_skip_building_tests' from command line to 'False'
[6.033s] DEBUG:colcon.colcon_core.verb:Building package 'traini_gazebo' with the following arguments: {'ament_cmake_args': None, 'build_base': '/home/ubuntu/rj_training_container/training_ws/build/traini_gazebo', 'catkin_cmake_args': None, 'catkin_skip_building_tests': False, 'cmake_args': None, 'cmake_clean_cache': False, 'cmake_clean_first': False, 'cmake_force_configure': False, 'cmake_target': None, 'cmake_target_skip_unavailable': False, 'install_base': '/home/ubuntu/rj_training_container/training_ws/install/traini_gazebo', 'merge_install': False, 'path': '/home/ubuntu/rj_training_container/training_ws/src/stsl/traini_gazebo', 'symlink_install': False, 'test_result_base': None}
[6.034s] Level 5:colcon.colcon_core.verb:set package 'traini_bringup' build argument 'cmake_args' from command line to 'None'
[6.034s] Level 5:colcon.colcon_core.verb:set package 'traini_bringup' build argument 'cmake_target' from command line to 'None'
[6.034s] Level 5:colcon.colcon_core.verb:set package 'traini_bringup' build argument 'cmake_target_skip_unavailable' from command line to 'False'
[6.034s] Level 5:colcon.colcon_core.verb:set package 'traini_bringup' build argument 'cmake_clean_cache' from command line to 'False'
[6.035s] Level 5:colcon.colcon_core.verb:set package 'traini_bringup' build argument 'cmake_clean_first' from command line to 'False'
[6.035s] Level 5:colcon.colcon_core.verb:set package 'traini_bringup' build argument 'cmake_force_configure' from command line to 'False'
[6.035s] Level 5:colcon.colcon_core.verb:set package 'traini_bringup' build argument 'ament_cmake_args' from command line to 'None'
[6.035s] Level 5:colcon.colcon_core.verb:set package 'traini_bringup' build argument 'catkin_cmake_args' from command line to 'None'
[6.036s] Level 5:colcon.colcon_core.verb:set package 'traini_bringup' build argument 'catkin_skip_building_tests' from command line to 'False'
[6.036s] DEBUG:colcon.colcon_core.verb:Building package 'traini_bringup' with the following arguments: {'ament_cmake_args': None, 'build_base': '/home/ubuntu/rj_training_container/training_ws/build/traini_bringup', 'catkin_cmake_args': None, 'catkin_skip_building_tests': False, 'cmake_args': None, 'cmake_clean_cache': False, 'cmake_clean_first': False, 'cmake_force_configure': False, 'cmake_target': None, 'cmake_target_skip_unavailable': False, 'install_base': '/home/ubuntu/rj_training_container/training_ws/install/traini_bringup', 'merge_install': False, 'path': '/home/ubuntu/rj_training_container/training_ws/src/stsl/traini_bringup', 'symlink_install': False, 'test_result_base': None}
[6.036s] Level 5:colcon.colcon_core.verb:set package 'stsl_desktop' build argument 'cmake_args' from command line to 'None'
[6.036s] Level 5:colcon.colcon_core.verb:set package 'stsl_desktop' build argument 'cmake_target' from command line to 'None'
[6.037s] Level 5:colcon.colcon_core.verb:set package 'stsl_desktop' build argument 'cmake_target_skip_unavailable' from command line to 'False'
[6.037s] Level 5:colcon.colcon_core.verb:set package 'stsl_desktop' build argument 'cmake_clean_cache' from command line to 'False'
[6.037s] Level 5:colcon.colcon_core.verb:set package 'stsl_desktop' build argument 'cmake_clean_first' from command line to 'False'
[6.037s] Level 5:colcon.colcon_core.verb:set package 'stsl_desktop' build argument 'cmake_force_configure' from command line to 'False'
[6.037s] Level 5:colcon.colcon_core.verb:set package 'stsl_desktop' build argument 'ament_cmake_args' from command line to 'None'
[6.037s] Level 5:colcon.colcon_core.verb:set package 'stsl_desktop' build argument 'catkin_cmake_args' from command line to 'None'
[6.037s] Level 5:colcon.colcon_core.verb:set package 'stsl_desktop' build argument 'catkin_skip_building_tests' from command line to 'False'
[6.038s] DEBUG:colcon.colcon_core.verb:Building package 'stsl_desktop' with the following arguments: {'ament_cmake_args': None, 'build_base': '/home/ubuntu/rj_training_container/training_ws/build/stsl_desktop', 'catkin_cmake_args': None, 'catkin_skip_building_tests': False, 'cmake_args': None, 'cmake_clean_cache': False, 'cmake_clean_first': False, 'cmake_force_configure': False, 'cmake_target': None, 'cmake_target_skip_unavailable': False, 'install_base': '/home/ubuntu/rj_training_container/training_ws/install/stsl_desktop', 'merge_install': False, 'path': '/home/ubuntu/rj_training_container/training_ws/src/stsl/stsl_desktop', 'symlink_install': False, 'test_result_base': None}
[6.038s] INFO:colcon.colcon_core.executor:Executing jobs using 'parallel' executor
[6.039s] DEBUG:colcon.colcon_parallel_executor.executor.parallel:run_until_complete
[6.040s] INFO:colcon.colcon_ros.task.ament_cmake.build:Building ROS package in '/home/ubuntu/rj_training_container/training_ws/src/stsl/stsl_interfaces' with build type 'ament_cmake'
[6.040s] INFO:colcon.colcon_cmake.task.cmake.build:Building CMake package in '/home/ubuntu/rj_training_container/training_ws/src/stsl/stsl_interfaces'
[6.065s] INFO:colcon.colcon_core.plugin_system:Skipping extension 'colcon_core.shell.bat': Not used on non-Windows systems
[6.066s] INFO:colcon.colcon_core.shell:Skip shell extension 'powershell' for command environment: Not usable outside of PowerShell
[6.066s] DEBUG:colcon.colcon_core.shell:Skip shell extension 'dsv' for command environment
[6.490s] INFO:colcon.colcon_ros.task.ament_cmake.build:Building ROS package in '/home/ubuntu/rj_training_container/training_ws/src/stsl/stsl_gazebo_plugins' with build type 'ament_cmake'
[6.491s] INFO:colcon.colcon_cmake.task.cmake.build:Building CMake package in '/home/ubuntu/rj_training_container/training_ws/src/stsl/stsl_gazebo_plugins'
[6.491s] INFO:colcon.colcon_core.shell:Skip shell extension 'powershell' for command environment: Not usable outside of PowerShell
[6.492s] DEBUG:colcon.colcon_core.shell:Skip shell extension 'dsv' for command environment
[6.781s] INFO:colcon.colcon_ros.task.ament_cmake.build:Building ROS package in '/home/ubuntu/rj_training_container/training_ws/src/stsl/traini_description' with build type 'ament_cmake'
[6.782s] INFO:colcon.colcon_cmake.task.cmake.build:Building CMake package in '/home/ubuntu/rj_training_container/training_ws/src/stsl/traini_description'
[6.782s] INFO:colcon.colcon_core.shell:Skip shell extension 'powershell' for command environment: Not usable outside of PowerShell
[6.782s] DEBUG:colcon.colcon_core.shell:Skip shell extension 'dsv' for command environment
[7.112s] INFO:colcon.colcon_ros.task.ament_cmake.build:Building ROS package in '/home/ubuntu/rj_training_container/training_ws/src/trainingv2/controller_project/joystick_msgs' with build type 'ament_cmake'
[7.112s] INFO:colcon.colcon_cmake.task.cmake.build:Building CMake package in '/home/ubuntu/rj_training_container/training_ws/src/trainingv2/controller_project/joystick_msgs'
[7.113s] INFO:colcon.colcon_core.shell:Skip shell extension 'powershell' for command environment: Not usable outside of PowerShell
[7.113s] DEBUG:colcon.colcon_core.shell:Skip shell extension 'dsv' for command environment
[7.486s] INFO:colcon.colcon_ros.task.ament_cmake.build:Building ROS package in '/home/ubuntu/rj_training_container/training_ws/src/stsl/stsl_nav_plugins' with build type 'ament_cmake'
[7.487s] INFO:colcon.colcon_cmake.task.cmake.build:Building CMake package in '/home/ubuntu/rj_training_container/training_ws/src/stsl/stsl_nav_plugins'
[7.487s] INFO:colcon.colcon_core.shell:Skip shell extension 'powershell' for command environment: Not usable outside of PowerShell
[7.488s] DEBUG:colcon.colcon_core.shell:Skip shell extension 'dsv' for command environment
[7.892s] INFO:colcon.colcon_ros.task.ament_cmake.build:Building ROS package in '/home/ubuntu/rj_training_container/training_ws/src/stsl/stsl_utils' with build type 'ament_cmake'
[7.893s] INFO:colcon.colcon_cmake.task.cmake.build:Building CMake package in '/home/ubuntu/rj_training_container/training_ws/src/stsl/stsl_utils'
[7.894s] INFO:colcon.colcon_core.shell:Skip shell extension 'powershell' for command environment: Not usable outside of PowerShell
[7.894s] DEBUG:colcon.colcon_core.shell:Skip shell extension 'dsv' for command environment
[8.312s] INFO:colcon.colcon_ros.task.ament_cmake.build:Building ROS package in '/home/ubuntu/rj_training_container/training_ws/src/software-training-old/astar_path_planner' with build type 'ament_cmake'
[8.313s] INFO:colcon.colcon_cmake.task.cmake.build:Building CMake package in '/home/ubuntu/rj_training_container/training_ws/src/software-training-old/astar_path_planner'
[8.314s] INFO:colcon.colcon_core.shell:Skip shell extension 'powershell' for command environment: Not usable outside of PowerShell
[8.314s] DEBUG:colcon.colcon_core.shell:Skip shell extension 'dsv' for command environment
[8.732s] INFO:colcon.colcon_ros.task.ament_cmake.build:Building ROS package in '/home/ubuntu/rj_training_container/training_ws/src/software-training-old/controllers' with build type 'ament_cmake'
[8.733s] INFO:colcon.colcon_cmake.task.cmake.build:Building CMake package in '/home/ubuntu/rj_training_container/training_ws/src/software-training-old/controllers'
[8.735s] INFO:colcon.colcon_core.shell:Skip shell extension 'powershell' for command environment: Not usable outside of PowerShell
[8.735s] DEBUG:colcon.colcon_core.shell:Skip shell extension 'dsv' for command environment
[9.136s] INFO:colcon.colcon_ros.task.ament_python.build:Building ROS package in '/home/ubuntu/rj_training_container/training_ws/src/trainingv2/turtlesim_project/src/keyboard' with build type 'ament_python'
[9.136s] Level 1:colcon.colcon_core.shell:create_environment_hook('keyboard', 'ament_prefix_path')
[9.137s] INFO:colcon.colcon_core.shell:Creating environment hook '/home/ubuntu/rj_training_container/training_ws/install/keyboard/share/keyboard/hook/ament_prefix_path.ps1'
[9.163s] INFO:colcon.colcon_core.shell:Creating environment descriptor '/home/ubuntu/rj_training_container/training_ws/install/keyboard/share/keyboard/hook/ament_prefix_path.dsv'
[9.184s] INFO:colcon.colcon_core.shell:Creating environment hook '/home/ubuntu/rj_training_container/training_ws/install/keyboard/share/keyboard/hook/ament_prefix_path.sh'
[9.206s] INFO:colcon.colcon_core.shell:Skip shell extension 'powershell' for command environment: Not usable outside of PowerShell
[9.207s] DEBUG:colcon.colcon_core.shell:Skip shell extension 'dsv' for command environment
[9.613s] INFO:colcon.colcon_ros.task.ament_cmake.build:Building ROS package in '/home/ubuntu/rj_training_container/training_ws/src/software-training-old/mapping' with build type 'ament_cmake'
[9.614s] INFO:colcon.colcon_cmake.task.cmake.build:Building CMake package in '/home/ubuntu/rj_training_container/training_ws/src/software-training-old/mapping'
[9.614s] INFO:colcon.colcon_core.shell:Skip shell extension 'powershell' for command environment: Not usable outside of PowerShell
[9.615s] DEBUG:colcon.colcon_core.shell:Skip shell extension 'dsv' for command environment
[10.014s] INFO:colcon.colcon_ros.task.ament_cmake.build:Building ROS package in '/home/ubuntu/rj_training_container/training_ws/src/software-training-old/obstacle_detector' with build type 'ament_cmake'
[10.014s] INFO:colcon.colcon_cmake.task.cmake.build:Building CMake package in '/home/ubuntu/rj_training_container/training_ws/src/software-training-old/obstacle_detector'
[10.015s] INFO:colcon.colcon_core.shell:Skip shell extension 'powershell' for command environment: Not usable outside of PowerShell
[10.016s] DEBUG:colcon.colcon_core.shell:Skip shell extension 'dsv' for command environment
[10.417s] INFO:colcon.colcon_ros.task.ament_cmake.build:Building ROS package in '/home/ubuntu/rj_training_container/training_ws/src/software-training-old/rj_training_bringup' with build type 'ament_cmake'
[10.417s] INFO:colcon.colcon_cmake.task.cmake.build:Building CMake package in '/home/ubuntu/rj_training_container/training_ws/src/software-training-old/rj_training_bringup'
[10.418s] INFO:colcon.colcon_core.shell:Skip shell extension 'powershell' for command environment: Not usable outside of PowerShell
[10.418s] DEBUG:colcon.colcon_core.shell:Skip shell extension 'dsv' for command environment
[10.812s] INFO:colcon.colcon_ros.task.ament_cmake.build:Building ROS package in '/home/ubuntu/rj_training_container/training_ws/src/trainingv2/turtlesim_project/src/teleop' with build type 'ament_cmake'
[10.813s] INFO:colcon.colcon_cmake.task.cmake.build:Building CMake package in '/home/ubuntu/rj_training_container/training_ws/src/trainingv2/turtlesim_project/src/teleop'
[10.814s] INFO:colcon.colcon_core.shell:Skip shell extension 'powershell' for command environment: Not usable outside of PowerShell
[10.814s] DEBUG:colcon.colcon_core.shell:Skip shell extension 'dsv' for command environment
[11.331s] DEBUG:colcon.colcon_core.event_handler.log_command:Invoking command in '/home/ubuntu/rj_training_container/training_ws/build/stsl_interfaces': CMAKE_PREFIX_PATH=${CMAKE_PREFIX_PATH}:/home/ubuntu/rj_training_container/training_ws/install/keyboard:/opt/ros/humble /usr/bin/cmake --build /home/ubuntu/rj_training_container/training_ws/build/stsl_interfaces -- -j16 -l16
[11.468s] DEBUG:colcon.colcon_core.event_handler.log_command:Invoking command in '/home/ubuntu/rj_training_container/training_ws/build/stsl_gazebo_plugins': CMAKE_PREFIX_PATH=${CMAKE_PREFIX_PATH}:/home/ubuntu/rj_training_container/training_ws/install/keyboard:/opt/ros/humble /usr/bin/cmake --build /home/ubuntu/rj_training_container/training_ws/build/stsl_gazebo_plugins -- -j16 -l16
[11.559s] DEBUG:colcon.colcon_core.event_handler.log_command:Invoking command in '/home/ubuntu/rj_training_container/training_ws/build/traini_description': CMAKE_PREFIX_PATH=${CMAKE_PREFIX_PATH}:/home/ubuntu/rj_training_container/training_ws/install/keyboard:/opt/ros/humble /usr/bin/cmake --build /home/ubuntu/rj_training_container/training_ws/build/traini_description -- -j16 -l16
[11.662s] DEBUG:colcon.colcon_core.event_handler.log_command:Invoking command in '/home/ubuntu/rj_training_container/training_ws/build/joystick_msgs': CMAKE_PREFIX_PATH=${CMAKE_PREFIX_PATH}:/home/ubuntu/rj_training_container/training_ws/install/keyboard:/opt/ros/humble /usr/bin/cmake --build /home/ubuntu/rj_training_container/training_ws/build/joystick_msgs -- -j16 -l16
[11.770s] DEBUG:colcon.colcon_core.event_handler.log_command:Invoking command in '/home/ubuntu/rj_training_container/training_ws/build/stsl_nav_plugins': CMAKE_PREFIX_PATH=${CMAKE_PREFIX_PATH}:/home/ubuntu/rj_training_container/training_ws/install/keyboard:/opt/ros/humble /usr/bin/cmake --build /home/ubuntu/rj_training_container/training_ws/build/stsl_nav_plugins -- -j16 -l16
[11.888s] DEBUG:colcon.colcon_core.event_handler.log_command:Invoking command in '/home/ubuntu/rj_training_container/training_ws/build/stsl_utils': CMAKE_PREFIX_PATH=${CMAKE_PREFIX_PATH}:/home/ubuntu/rj_training_container/training_ws/install/keyboard:/opt/ros/humble /usr/bin/cmake --build /home/ubuntu/rj_training_container/training_ws/build/stsl_utils -- -j16 -l16
[12.021s] DEBUG:colcon.colcon_core.event_handler.log_command:Invoking command in '/home/ubuntu/rj_training_container/training_ws/build/astar_path_planner': CMAKE_PREFIX_PATH=${CMAKE_PREFIX_PATH}:/home/ubuntu/rj_training_container/training_ws/install/keyboard:/opt/ros/humble /usr/bin/cmake --build /home/ubuntu/rj_training_container/training_ws/build/astar_path_planner -- -j16 -l16
[12.165s] DEBUG:colcon.colcon_core.event_handler.log_command:Invoking command in '/home/ubuntu/rj_training_container/training_ws/build/controllers': CMAKE_PREFIX_PATH=${CMAKE_PREFIX_PATH}:/home/ubuntu/rj_training_container/training_ws/install/keyboard:/opt/ros/humble /usr/bin/cmake --build /home/ubuntu/rj_training_container/training_ws/build/controllers -- -j16 -l16
[15.947s] INFO:colcon.colcon_core.task.python.build:Building Python package in '/home/ubuntu/rj_training_container/training_ws/src/trainingv2/turtlesim_project/src/keyboard'
[15.948s] INFO:colcon.colcon_core.shell:Skip shell extension 'powershell' for command environment: Not usable outside of PowerShell
[15.949s] DEBUG:colcon.colcon_core.shell:Skip shell extension 'dsv' for command environment
[16.662s] DEBUG:colcon.colcon_core.event_handler.log_command:Invoking command in '/home/ubuntu/rj_training_container/training_ws/build/mapping': CMAKE_PREFIX_PATH=${CMAKE_PREFIX_PATH}:/home/ubuntu/rj_training_container/training_ws/install/keyboard:/opt/ros/humble /usr/bin/cmake --build /home/ubuntu/rj_training_container/training_ws/build/mapping -- -j16 -l16
[16.770s] DEBUG:colcon.colcon_core.event_handler.log_command:Invoking command in '/home/ubuntu/rj_training_container/training_ws/build/obstacle_detector': CMAKE_PREFIX_PATH=${CMAKE_PREFIX_PATH}:/home/ubuntu/rj_training_container/training_ws/install/keyboard:/opt/ros/humble /usr/bin/cmake --build /home/ubuntu/rj_training_container/training_ws/build/obstacle_detector -- -j16 -l16
[16.886s] DEBUG:colcon.colcon_core.event_handler.log_command:Invoking command in '/home/ubuntu/rj_training_container/training_ws/build/rj_training_bringup': CMAKE_PREFIX_PATH=${CMAKE_PREFIX_PATH}:/home/ubuntu/rj_training_container/training_ws/install/keyboard:/opt/ros/humble /usr/bin/cmake --build /home/ubuntu/rj_training_container/training_ws/build/rj_training_bringup -- -j16 -l16
[17.012s] DEBUG:colcon.colcon_core.event_handler.log_command:Invoking command in '/home/ubuntu/rj_training_container/training_ws/build/teleop': CMAKE_PREFIX_PATH=${CMAKE_PREFIX_PATH}:/home/ubuntu/rj_training_container/training_ws/install/keyboard:/opt/ros/humble /usr/bin/cmake --build /home/ubuntu/rj_training_container/training_ws/build/teleop -- -j16 -l16
[26.915s] DEBUG:colcon.colcon_core.event_handler.log_command:Invoking command in '/home/ubuntu/rj_training_container/training_ws/src/trainingv2/turtlesim_project/src/keyboard': PYTHONPATH=/home/ubuntu/rj_training_container/training_ws/build/keyboard/prefix_override:/usr/lib/python3/dist-packages/colcon_core/task/python/colcon_distutils_commands:/home/ubuntu/rj_training_container/training_ws/install/keyboard/lib/python3.10/site-packages:${PYTHONPATH} /usr/bin/python3 -W ignore:setup.py install is deprecated setup.py egg_info --egg-base ../../../../../build/keyboard build --build-base /home/ubuntu/rj_training_container/training_ws/build/keyboard/build install --record /home/ubuntu/rj_training_container/training_ws/build/keyboard/install.log --single-version-externally-managed install_data
[43.078s] DEBUG:colcon.colcon_core.event_handler.log_command:Invoked command in '/home/ubuntu/rj_training_container/training_ws/build/traini_description' returned '0': CMAKE_PREFIX_PATH=${CMAKE_PREFIX_PATH}:/home/ubuntu/rj_training_container/training_ws/install/keyboard:/opt/ros/humble /usr/bin/cmake --build /home/ubuntu/rj_training_container/training_ws/build/traini_description -- -j16 -l16
[43.102s] DEBUG:colcon.colcon_core.event_handler.log_command:Invoked command in '/home/ubuntu/rj_training_container/training_ws/build/rj_training_bringup' returned '0': CMAKE_PREFIX_PATH=${CMAKE_PREFIX_PATH}:/home/ubuntu/rj_training_container/training_ws/install/keyboard:/opt/ros/humble /usr/bin/cmake --build /home/ubuntu/rj_training_container/training_ws/build/rj_training_bringup -- -j16 -l16
[45.376s] DEBUG:colcon.colcon_core.event_handler.log_command:Invoked command in '/home/ubuntu/rj_training_container/training_ws/build/stsl_gazebo_plugins' returned '0': CMAKE_PREFIX_PATH=${CMAKE_PREFIX_PATH}:/home/ubuntu/rj_training_container/training_ws/install/keyboard:/opt/ros/humble /usr/bin/cmake --build /home/ubuntu/rj_training_container/training_ws/build/stsl_gazebo_plugins -- -j16 -l16
[45.381s] DEBUG:colcon.colcon_core.event_handler.log_command:Invoked command in '/home/ubuntu/rj_training_container/training_ws/src/trainingv2/turtlesim_project/src/keyboard' returned '0': PYTHONPATH=/home/ubuntu/rj_training_container/training_ws/build/keyboard/prefix_override:/usr/lib/python3/dist-packages/colcon_core/task/python/colcon_distutils_commands:/home/ubuntu/rj_training_container/training_ws/install/keyboard/lib/python3.10/site-packages:${PYTHONPATH} /usr/bin/python3 -W ignore:setup.py install is deprecated setup.py egg_info --egg-base ../../../../../build/keyboard build --build-base /home/ubuntu/rj_training_container/training_ws/build/keyboard/build install --record /home/ubuntu/rj_training_container/training_ws/build/keyboard/install.log --single-version-externally-managed install_data
[45.428s] Level 1:colcon.colcon_core.environment:checking '/home/ubuntu/rj_training_container/training_ws/install/keyboard' for CMake module files
[45.714s] Level 1:colcon.colcon_core.environment:checking '/home/ubuntu/rj_training_container/training_ws/install/keyboard' for CMake config files
[46.248s] Level 1:colcon.colcon_core.environment:checking '/home/ubuntu/rj_training_container/training_ws/install/keyboard/lib'
[46.271s] Level 1:colcon.colcon_core.environment:checking '/home/ubuntu/rj_training_container/training_ws/install/keyboard/bin'
[46.276s] Level 1:colcon.colcon_core.environment:checking '/home/ubuntu/rj_training_container/training_ws/install/keyboard/lib/pkgconfig/keyboard.pc'
[46.284s] Level 1:colcon.colcon_core.environment:checking '/home/ubuntu/rj_training_container/training_ws/install/keyboard/lib/python3.10/site-packages'
[46.298s] Level 1:colcon.colcon_core.shell:create_environment_hook('keyboard', 'pythonpath')
[46.299s] INFO:colcon.colcon_core.shell:Creating environment hook '/home/ubuntu/rj_training_container/training_ws/install/keyboard/share/keyboard/hook/pythonpath.ps1'
[46.372s] INFO:colcon.colcon_core.shell:Creating environment descriptor '/home/ubuntu/rj_training_container/training_ws/install/keyboard/share/keyboard/hook/pythonpath.dsv'
[46.444s] INFO:colcon.colcon_core.shell:Creating environment hook '/home/ubuntu/rj_training_container/training_ws/install/keyboard/share/keyboard/hook/pythonpath.sh'
[46.524s] Level 1:colcon.colcon_core.environment:checking '/home/ubuntu/rj_training_container/training_ws/install/keyboard/bin'
[46.530s] Level 1:colcon.colcon_core.environment:create_environment_scripts_only(keyboard)
[46.531s] INFO:colcon.colcon_core.shell:Creating package script '/home/ubuntu/rj_training_container/training_ws/install/keyboard/share/keyboard/package.ps1'
[46.600s] INFO:colcon.colcon_core.shell:Creating package descriptor '/home/ubuntu/rj_training_container/training_ws/install/keyboard/share/keyboard/package.dsv'
[46.661s] INFO:colcon.colcon_core.shell:Creating package script '/home/ubuntu/rj_training_container/training_ws/install/keyboard/share/keyboard/package.sh'
[46.724s] INFO:colcon.colcon_core.shell:Creating package script '/home/ubuntu/rj_training_container/training_ws/install/keyboard/share/keyboard/package.bash'
[46.787s] INFO:colcon.colcon_core.shell:Creating package script '/home/ubuntu/rj_training_container/training_ws/install/keyboard/share/keyboard/package.zsh'
[46.850s] Level 1:colcon.colcon_core.environment:create_file_with_runtime_dependencies(/home/ubuntu/rj_training_container/training_ws/install/keyboard/share/colcon-core/packages/keyboard)
[46.938s] DEBUG:colcon.colcon_core.event_handler.log_command:Invoked command in '/home/ubuntu/rj_training_container/training_ws/build/stsl_nav_plugins' returned '0': CMAKE_PREFIX_PATH=${CMAKE_PREFIX_PATH}:/home/ubuntu/rj_training_container/training_ws/install/keyboard:/opt/ros/humble /usr/bin/cmake --build /home/ubuntu/rj_training_container/training_ws/build/stsl_nav_plugins -- -j16 -l16
[47.888s] DEBUG:colcon.colcon_core.event_handler.log_command:Invoked command in '/home/ubuntu/rj_training_container/training_ws/build/stsl_utils' returned '0': CMAKE_PREFIX_PATH=${CMAKE_PREFIX_PATH}:/home/ubuntu/rj_training_container/training_ws/install/keyboard:/opt/ros/humble /usr/bin/cmake --build /home/ubuntu/rj_training_container/training_ws/build/stsl_utils -- -j16 -l16
[48.186s] DEBUG:colcon.colcon_core.event_handler.log_command:Invoked command in '/home/ubuntu/rj_training_container/training_ws/build/astar_path_planner' returned '0': CMAKE_PREFIX_PATH=${CMAKE_PREFIX_PATH}:/home/ubuntu/rj_training_container/training_ws/install/keyboard:/opt/ros/humble /usr/bin/cmake --build /home/ubuntu/rj_training_container/training_ws/build/astar_path_planner -- -j16 -l16
[48.375s] DEBUG:colcon.colcon_core.event_handler.log_command:Invoked command in '/home/ubuntu/rj_training_container/training_ws/build/controllers' returned '0': CMAKE_PREFIX_PATH=${CMAKE_PREFIX_PATH}:/home/ubuntu/rj_training_container/training_ws/install/keyboard:/opt/ros/humble /usr/bin/cmake --build /home/ubuntu/rj_training_container/training_ws/build/controllers -- -j16 -l16
[55.419s] DEBUG:colcon.colcon_core.event_handler.log_command:Invoked command in '/home/ubuntu/rj_training_container/training_ws/build/obstacle_detector' returned '0': CMAKE_PREFIX_PATH=${CMAKE_PREFIX_PATH}:/home/ubuntu/rj_training_container/training_ws/install/keyboard:/opt/ros/humble /usr/bin/cmake --build /home/ubuntu/rj_training_container/training_ws/build/obstacle_detector -- -j16 -l16
[57.110s] DEBUG:colcon.colcon_core.event_handler.log_command:Invoked command in '/home/ubuntu/rj_training_container/training_ws/build/mapping' returned '0': CMAKE_PREFIX_PATH=${CMAKE_PREFIX_PATH}:/home/ubuntu/rj_training_container/training_ws/install/keyboard:/opt/ros/humble /usr/bin/cmake --build /home/ubuntu/rj_training_container/training_ws/build/mapping -- -j16 -l16
[58.508s] DEBUG:colcon.colcon_core.event_handler.log_command:Invoked command in '/home/ubuntu/rj_training_container/training_ws/build/teleop' returned '0': CMAKE_PREFIX_PATH=${CMAKE_PREFIX_PATH}:/home/ubuntu/rj_training_container/training_ws/install/keyboard:/opt/ros/humble /usr/bin/cmake --build /home/ubuntu/rj_training_container/training_ws/build/teleop -- -j16 -l16
[72.655s] DEBUG:colcon.colcon_core.event_handler.log_command:Invoking command in '/home/ubuntu/rj_training_container/training_ws/build/rj_training_bringup': CMAKE_PREFIX_PATH=${CMAKE_PREFIX_PATH}:/home/ubuntu/rj_training_container/training_ws/install/keyboard:/opt/ros/humble /usr/bin/cmake --install /home/ubuntu/rj_training_container/training_ws/build/rj_training_bringup
[72.673s] DEBUG:colcon.colcon_core.event_handler.log_command:Invoking command in '/home/ubuntu/rj_training_container/training_ws/build/traini_description': CMAKE_PREFIX_PATH=${CMAKE_PREFIX_PATH}:/home/ubuntu/rj_training_container/training_ws/install/keyboard:/opt/ros/humble /usr/bin/cmake --install /home/ubuntu/rj_training_container/training_ws/build/traini_description
[78.311s] Level 1:colcon.colcon_core.environment:create_environment_scripts_only(traini_description)
[78.312s] Level 1:colcon.colcon_core.environment:checking '/home/ubuntu/rj_training_container/training_ws/install/traini_description' for CMake module files
[78.314s] DEBUG:colcon.colcon_core.event_handler.log_command:Invoked command in '/home/ubuntu/rj_training_container/training_ws/build/traini_description' returned '0': CMAKE_PREFIX_PATH=${CMAKE_PREFIX_PATH}:/home/ubuntu/rj_training_container/training_ws/install/keyboard:/opt/ros/humble /usr/bin/cmake --install /home/ubuntu/rj_training_container/training_ws/build/traini_description
[78.557s] Level 1:colcon.colcon_core.environment:checking '/home/ubuntu/rj_training_container/training_ws/install/traini_description' for CMake config files
[78.736s] Level 1:colcon.colcon_core.shell:create_environment_hook('traini_description', 'cmake_prefix_path')
[78.738s] INFO:colcon.colcon_core.shell:Creating environment hook '/home/ubuntu/rj_training_container/training_ws/install/traini_description/share/traini_description/hook/cmake_prefix_path.ps1'
[78.779s] INFO:colcon.colcon_core.shell:Creating environment descriptor '/home/ubuntu/rj_training_container/training_ws/install/traini_description/share/traini_description/hook/cmake_prefix_path.dsv'
[78.819s] INFO:colcon.colcon_core.shell:Creating environment hook '/home/ubuntu/rj_training_container/training_ws/install/traini_description/share/traini_description/hook/cmake_prefix_path.sh'
[78.873s] Level 1:colcon.colcon_core.environment:checking '/home/ubuntu/rj_training_container/training_ws/install/traini_description/bin'
[78.876s] Level 1:colcon.colcon_core.environment:checking '/home/ubuntu/rj_training_container/training_ws/install/traini_description/lib/pkgconfig/traini_description.pc'
[78.879s] Level 1:colcon.colcon_core.environment:checking '/home/ubuntu/rj_training_container/training_ws/install/traini_description/lib/python3.10/site-packages'
[78.882s] Level 1:colcon.colcon_core.environment:checking '/home/ubuntu/rj_training_container/training_ws/install/traini_description/bin'
[78.886s] INFO:colcon.colcon_core.shell:Creating package script '/home/ubuntu/rj_training_container/training_ws/install/traini_description/share/traini_description/package.ps1'
[78.917s] INFO:colcon.colcon_core.shell:Creating package descriptor '/home/ubuntu/rj_training_container/training_ws/install/traini_description/share/traini_description/package.dsv'
[78.952s] INFO:colcon.colcon_core.shell:Creating package script '/home/ubuntu/rj_training_container/training_ws/install/traini_description/share/traini_description/package.sh'
[78.986s] INFO:colcon.colcon_core.shell:Creating package script '/home/ubuntu/rj_training_container/training_ws/install/traini_description/share/traini_description/package.bash'
[79.019s] INFO:colcon.colcon_core.shell:Creating package script '/home/ubuntu/rj_training_container/training_ws/install/traini_description/share/traini_description/package.zsh'
[79.053s] Level 1:colcon.colcon_core.environment:create_file_with_runtime_dependencies(/home/ubuntu/rj_training_container/training_ws/install/traini_description/share/colcon-core/packages/traini_description)
[80.716s] Level 1:colcon.colcon_core.environment:create_environment_scripts_only(rj_training_bringup)
[80.717s] Level 1:colcon.colcon_core.environment:checking '/home/ubuntu/rj_training_container/training_ws/install/rj_training_bringup' for CMake module files
[80.719s] DEBUG:colcon.colcon_core.event_handler.log_command:Invoked command in '/home/ubuntu/rj_training_container/training_ws/build/rj_training_bringup' returned '0': CMAKE_PREFIX_PATH=${CMAKE_PREFIX_PATH}:/home/ubuntu/rj_training_container/training_ws/install/keyboard:/opt/ros/humble /usr/bin/cmake --install /home/ubuntu/rj_training_container/training_ws/build/rj_training_bringup
[80.976s] Level 1:colcon.colcon_core.environment:checking '/home/ubuntu/rj_training_container/training_ws/install/rj_training_bringup' for CMake config files
[81.171s] Level 1:colcon.colcon_core.shell:create_environment_hook('rj_training_bringup', 'cmake_prefix_path')
[81.174s] INFO:colcon.colcon_core.shell:Creating environment hook '/home/ubuntu/rj_training_container/training_ws/install/rj_training_bringup/share/rj_training_bringup/hook/cmake_prefix_path.ps1'
[81.215s] INFO:colcon.colcon_core.shell:Creating environment descriptor '/home/ubuntu/rj_training_container/training_ws/install/rj_training_bringup/share/rj_training_bringup/hook/cmake_prefix_path.dsv'
[81.260s] INFO:colcon.colcon_core.shell:Creating environment hook '/home/ubuntu/rj_training_container/training_ws/install/rj_training_bringup/share/rj_training_bringup/hook/cmake_prefix_path.sh'
[81.323s] Level 1:colcon.colcon_core.environment:checking '/home/ubuntu/rj_training_container/training_ws/install/rj_training_bringup/bin'
[81.326s] Level 1:colcon.colcon_core.environment:checking '/home/ubuntu/rj_training_container/training_ws/install/rj_training_bringup/lib/pkgconfig/rj_training_bringup.pc'
[81.330s] Level 1:colcon.colcon_core.environment:checking '/home/ubuntu/rj_training_container/training_ws/install/rj_training_bringup/lib/python3.10/site-packages'
[81.333s] Level 1:colcon.colcon_core.environment:checking '/home/ubuntu/rj_training_container/training_ws/install/rj_training_bringup/bin'
[81.338s] INFO:colcon.colcon_core.shell:Creating package script '/home/ubuntu/rj_training_container/training_ws/install/rj_training_bringup/share/rj_training_bringup/package.ps1'
[81.370s] INFO:colcon.colcon_core.shell:Creating package descriptor '/home/ubuntu/rj_training_container/training_ws/install/rj_training_bringup/share/rj_training_bringup/package.dsv'
[81.404s] INFO:colcon.colcon_core.shell:Creating package script '/home/ubuntu/rj_training_container/training_ws/install/rj_training_bringup/share/rj_training_bringup/package.sh'
[81.437s] INFO:colcon.colcon_core.shell:Creating package script '/home/ubuntu/rj_training_container/training_ws/install/rj_training_bringup/share/rj_training_bringup/package.bash'
[81.470s] INFO:colcon.colcon_core.shell:Creating package script '/home/ubuntu/rj_training_container/training_ws/install/rj_training_bringup/share/rj_training_bringup/package.zsh'
[81.504s] Level 1:colcon.colcon_core.environment:create_file_with_runtime_dependencies(/home/ubuntu/rj_training_container/training_ws/install/rj_training_bringup/share/colcon-core/packages/rj_training_bringup)
[84.583s] DEBUG:colcon.colcon_core.event_handler.log_command:Invoking command in '/home/ubuntu/rj_training_container/training_ws/build/controllers': CMAKE_PREFIX_PATH=${CMAKE_PREFIX_PATH}:/home/ubuntu/rj_training_container/training_ws/install/keyboard:/opt/ros/humble /usr/bin/cmake --install /home/ubuntu/rj_training_container/training_ws/build/controllers
[84.856s] DEBUG:colcon.colcon_core.event_handler.log_command:Invoking command in '/home/ubuntu/rj_training_container/training_ws/build/astar_path_planner': CMAKE_PREFIX_PATH=${CMAKE_PREFIX_PATH}:/home/ubuntu/rj_training_container/training_ws/install/keyboard:/opt/ros/humble /usr/bin/cmake --install /home/ubuntu/rj_training_container/training_ws/build/astar_path_planner
[85.721s] DEBUG:colcon.colcon_core.event_handler.log_command:Invoking command in '/home/ubuntu/rj_training_container/training_ws/build/stsl_gazebo_plugins': CMAKE_PREFIX_PATH=${CMAKE_PREFIX_PATH}:/home/ubuntu/rj_training_container/training_ws/install/keyboard:/opt/ros/humble /usr/bin/cmake --install /home/ubuntu/rj_training_container/training_ws/build/stsl_gazebo_plugins
[86.973s] DEBUG:colcon.colcon_core.event_handler.log_command:Invoking command in '/home/ubuntu/rj_training_container/training_ws/build/obstacle_detector': CMAKE_PREFIX_PATH=${CMAKE_PREFIX_PATH}:/home/ubuntu/rj_training_container/training_ws/install/keyboard:/opt/ros/humble /usr/bin/cmake --install /home/ubuntu/rj_training_container/training_ws/build/obstacle_detector
[87.038s] DEBUG:colcon.colcon_core.event_handler.log_command:Invoking command in '/home/ubuntu/rj_training_container/training_ws/build/stsl_nav_plugins': CMAKE_PREFIX_PATH=${CMAKE_PREFIX_PATH}:/home/ubuntu/rj_training_container/training_ws/install/keyboard:/opt/ros/humble /usr/bin/cmake --install /home/ubuntu/rj_training_container/training_ws/build/stsl_nav_plugins
[87.853s] DEBUG:colcon.colcon_core.event_handler.log_command:Invoking command in '/home/ubuntu/rj_training_container/training_ws/build/mapping': CMAKE_PREFIX_PATH=${CMAKE_PREFIX_PATH}:/home/ubuntu/rj_training_container/training_ws/install/keyboard:/opt/ros/humble /usr/bin/cmake --install /home/ubuntu/rj_training_container/training_ws/build/mapping
[88.619s] DEBUG:colcon.colcon_core.event_handler.log_command:Invoking command in '/home/ubuntu/rj_training_container/training_ws/build/teleop': CMAKE_PREFIX_PATH=${CMAKE_PREFIX_PATH}:/home/ubuntu/rj_training_container/training_ws/install/keyboard:/opt/ros/humble /usr/bin/cmake --install /home/ubuntu/rj_training_container/training_ws/build/teleop
[89.112s] DEBUG:colcon.colcon_core.event_handler.log_command:Invoking command in '/home/ubuntu/rj_training_container/training_ws/build/stsl_utils': CMAKE_PREFIX_PATH=${CMAKE_PREFIX_PATH}:/home/ubuntu/rj_training_container/training_ws/install/keyboard:/opt/ros/humble /usr/bin/cmake --install /home/ubuntu/rj_training_container/training_ws/build/stsl_utils
[89.832s] Level 1:colcon.colcon_core.environment:create_environment_scripts_only(controllers)
[89.833s] Level 1:colcon.colcon_core.environment:checking '/home/ubuntu/rj_training_container/training_ws/install/controllers' for CMake module files
[89.835s] DEBUG:colcon.colcon_core.event_handler.log_command:Invoked command in '/home/ubuntu/rj_training_container/training_ws/build/controllers' returned '0': CMAKE_PREFIX_PATH=${CMAKE_PREFIX_PATH}:/home/ubuntu/rj_training_container/training_ws/install/keyboard:/opt/ros/humble /usr/bin/cmake --install /home/ubuntu/rj_training_container/training_ws/build/controllers
[89.996s] Level 1:colcon.colcon_core.environment:checking '/home/ubuntu/rj_training_container/training_ws/install/controllers' for CMake config files
[90.145s] Level 1:colcon.colcon_core.shell:create_environment_hook('controllers', 'cmake_prefix_path')
[90.146s] INFO:colcon.colcon_core.shell:Creating environment hook '/home/ubuntu/rj_training_container/training_ws/install/controllers/share/controllers/hook/cmake_prefix_path.ps1'
[90.178s] INFO:colcon.colcon_core.shell:Creating environment descriptor '/home/ubuntu/rj_training_container/training_ws/install/controllers/share/controllers/hook/cmake_prefix_path.dsv'
[90.214s] INFO:colcon.colcon_core.shell:Creating environment hook '/home/ubuntu/rj_training_container/training_ws/install/controllers/share/controllers/hook/cmake_prefix_path.sh'
[90.255s] Level 1:colcon.colcon_core.environment:checking '/home/ubuntu/rj_training_container/training_ws/install/controllers/lib'
[90.265s] Level 1:colcon.colcon_core.shell:create_environment_hook('controllers', 'ld_library_path_lib')
[90.266s] INFO:colcon.colcon_core.shell:Creating environment hook '/home/ubuntu/rj_training_container/training_ws/install/controllers/share/controllers/hook/ld_library_path_lib.ps1'
[90.299s] INFO:colcon.colcon_core.shell:Creating environment descriptor '/home/ubuntu/rj_training_container/training_ws/install/controllers/share/controllers/hook/ld_library_path_lib.dsv'
[90.331s] INFO:colcon.colcon_core.shell:Creating environment hook '/home/ubuntu/rj_training_container/training_ws/install/controllers/share/controllers/hook/ld_library_path_lib.sh'
[90.366s] Level 1:colcon.colcon_core.environment:checking '/home/ubuntu/rj_training_container/training_ws/install/controllers/bin'
[90.368s] Level 1:colcon.colcon_core.environment:checking '/home/ubuntu/rj_training_container/training_ws/install/controllers/lib/pkgconfig/controllers.pc'
[90.372s] Level 1:colcon.colcon_core.environment:checking '/home/ubuntu/rj_training_container/training_ws/install/controllers/lib/python3.10/site-packages'
[90.377s] Level 1:colcon.colcon_core.environment:checking '/home/ubuntu/rj_training_container/training_ws/install/controllers/bin'
[90.380s] INFO:colcon.colcon_core.shell:Creating package script '/home/ubuntu/rj_training_container/training_ws/install/controllers/share/controllers/package.ps1'
[90.405s] INFO:colcon.colcon_core.shell:Creating package descriptor '/home/ubuntu/rj_training_container/training_ws/install/controllers/share/controllers/package.dsv'
[90.431s] INFO:colcon.colcon_core.shell:Creating package script '/home/ubuntu/rj_training_container/training_ws/install/controllers/share/controllers/package.sh'
[90.458s] INFO:colcon.colcon_core.shell:Creating package script '/home/ubuntu/rj_training_container/training_ws/install/controllers/share/controllers/package.bash'
[90.483s] INFO:colcon.colcon_core.shell:Creating package script '/home/ubuntu/rj_training_container/training_ws/install/controllers/share/controllers/package.zsh'
[90.508s] Level 1:colcon.colcon_core.environment:create_file_with_runtime_dependencies(/home/ubuntu/rj_training_container/training_ws/install/controllers/share/colcon-core/packages/controllers)
[90.548s] Level 1:colcon.colcon_core.environment:create_environment_scripts_only(astar_path_planner)
[90.549s] Level 1:colcon.colcon_core.environment:checking '/home/ubuntu/rj_training_container/training_ws/install/astar_path_planner' for CMake module files
[90.550s] DEBUG:colcon.colcon_core.event_handler.log_command:Invoked command in '/home/ubuntu/rj_training_container/training_ws/build/astar_path_planner' returned '0': CMAKE_PREFIX_PATH=${CMAKE_PREFIX_PATH}:/home/ubuntu/rj_training_container/training_ws/install/keyboard:/opt/ros/humble /usr/bin/cmake --install /home/ubuntu/rj_training_container/training_ws/build/astar_path_planner
[90.784s] Level 1:colcon.colcon_core.environment:checking '/home/ubuntu/rj_training_container/training_ws/install/astar_path_planner' for CMake config files
[90.938s] Level 1:colcon.colcon_core.shell:create_environment_hook('astar_path_planner', 'cmake_prefix_path')
[90.939s] INFO:colcon.colcon_core.shell:Creating environment hook '/home/ubuntu/rj_training_container/training_ws/install/astar_path_planner/share/astar_path_planner/hook/cmake_prefix_path.ps1'
[90.973s] INFO:colcon.colcon_core.shell:Creating environment descriptor '/home/ubuntu/rj_training_container/training_ws/install/astar_path_planner/share/astar_path_planner/hook/cmake_prefix_path.dsv'
[91.012s] INFO:colcon.colcon_core.shell:Creating environment hook '/home/ubuntu/rj_training_container/training_ws/install/astar_path_planner/share/astar_path_planner/hook/cmake_prefix_path.sh'
[91.056s] Level 1:colcon.colcon_core.environment:checking '/home/ubuntu/rj_training_container/training_ws/install/astar_path_planner/lib'
[91.069s] Level 1:colcon.colcon_core.shell:create_environment_hook('astar_path_planner', 'ld_library_path_lib')
[91.070s] INFO:colcon.colcon_core.shell:Creating environment hook '/home/ubuntu/rj_training_container/training_ws/install/astar_path_planner/share/astar_path_planner/hook/ld_library_path_lib.ps1'
[91.108s] INFO:colcon.colcon_core.shell:Creating environment descriptor '/home/ubuntu/rj_training_container/training_ws/install/astar_path_planner/share/astar_path_planner/hook/ld_library_path_lib.dsv'
[91.145s] INFO:colcon.colcon_core.shell:Creating environment hook '/home/ubuntu/rj_training_container/training_ws/install/astar_path_planner/share/astar_path_planner/hook/ld_library_path_lib.sh'
[91.181s] Level 1:colcon.colcon_core.environment:checking '/home/ubuntu/rj_training_container/training_ws/install/astar_path_planner/bin'
[91.184s] Level 1:colcon.colcon_core.environment:checking '/home/ubuntu/rj_training_container/training_ws/install/astar_path_planner/lib/pkgconfig/astar_path_planner.pc'
[91.186s] Level 1:colcon.colcon_core.environment:checking '/home/ubuntu/rj_training_container/training_ws/install/astar_path_planner/lib/python3.10/site-packages'
[91.190s] Level 1:colcon.colcon_core.environment:checking '/home/ubuntu/rj_training_container/training_ws/install/astar_path_planner/bin'
[91.193s] INFO:colcon.colcon_core.shell:Creating package script '/home/ubuntu/rj_training_container/training_ws/install/astar_path_planner/share/astar_path_planner/package.ps1'
[91.223s] INFO:colcon.colcon_core.shell:Creating package descriptor '/home/ubuntu/rj_training_container/training_ws/install/astar_path_planner/share/astar_path_planner/package.dsv'
[91.252s] INFO:colcon.colcon_core.shell:Creating package script '/home/ubuntu/rj_training_container/training_ws/install/astar_path_planner/share/astar_path_planner/package.sh'
[91.279s] INFO:colcon.colcon_core.shell:Creating package script '/home/ubuntu/rj_training_container/training_ws/install/astar_path_planner/share/astar_path_planner/package.bash'
[91.311s] INFO:colcon.colcon_core.shell:Creating package script '/home/ubuntu/rj_training_container/training_ws/install/astar_path_planner/share/astar_path_planner/package.zsh'
[91.341s] Level 1:colcon.colcon_core.environment:create_file_with_runtime_dependencies(/home/ubuntu/rj_training_container/training_ws/install/astar_path_planner/share/colcon-core/packages/astar_path_planner)
[91.378s] Level 1:colcon.colcon_core.environment:create_environment_scripts_only(stsl_gazebo_plugins)
[91.379s] Level 1:colcon.colcon_core.environment:checking '/home/ubuntu/rj_training_container/training_ws/install/stsl_gazebo_plugins' for CMake module files
[91.381s] DEBUG:colcon.colcon_core.event_handler.log_command:Invoked command in '/home/ubuntu/rj_training_container/training_ws/build/stsl_gazebo_plugins' returned '0': CMAKE_PREFIX_PATH=${CMAKE_PREFIX_PATH}:/home/ubuntu/rj_training_container/training_ws/install/keyboard:/opt/ros/humble /usr/bin/cmake --install /home/ubuntu/rj_training_container/training_ws/build/stsl_gazebo_plugins
[91.594s] Level 1:colcon.colcon_core.environment:checking '/home/ubuntu/rj_training_container/training_ws/install/stsl_gazebo_plugins' for CMake config files
[91.782s] Level 1:colcon.colcon_core.shell:create_environment_hook('stsl_gazebo_plugins', 'cmake_prefix_path')
[91.783s] INFO:colcon.colcon_core.shell:Creating environment hook '/home/ubuntu/rj_training_container/training_ws/install/stsl_gazebo_plugins/share/stsl_gazebo_plugins/hook/cmake_prefix_path.ps1'
[91.821s] INFO:colcon.colcon_core.shell:Creating environment descriptor '/home/ubuntu/rj_training_container/training_ws/install/stsl_gazebo_plugins/share/stsl_gazebo_plugins/hook/cmake_prefix_path.dsv'
[91.861s] INFO:colcon.colcon_core.shell:Creating environment hook '/home/ubuntu/rj_training_container/training_ws/install/stsl_gazebo_plugins/share/stsl_gazebo_plugins/hook/cmake_prefix_path.sh'
[91.909s] Level 1:colcon.colcon_core.environment:checking '/home/ubuntu/rj_training_container/training_ws/install/stsl_gazebo_plugins/lib'
[91.916s] Level 1:colcon.colcon_core.shell:create_environment_hook('stsl_gazebo_plugins', 'ld_library_path_lib')
[91.918s] INFO:colcon.colcon_core.shell:Creating environment hook '/home/ubuntu/rj_training_container/training_ws/install/stsl_gazebo_plugins/share/stsl_gazebo_plugins/hook/ld_library_path_lib.ps1'
[91.955s] INFO:colcon.colcon_core.shell:Creating environment descriptor '/home/ubuntu/rj_training_container/training_ws/install/stsl_gazebo_plugins/share/stsl_gazebo_plugins/hook/ld_library_path_lib.dsv'
[91.995s] INFO:colcon.colcon_core.shell:Creating environment hook '/home/ubuntu/rj_training_container/training_ws/install/stsl_gazebo_plugins/share/stsl_gazebo_plugins/hook/ld_library_path_lib.sh'
[92.032s] Level 1:colcon.colcon_core.environment:checking '/home/ubuntu/rj_training_container/training_ws/install/stsl_gazebo_plugins/bin'
[92.034s] Level 1:colcon.colcon_core.environment:checking '/home/ubuntu/rj_training_container/training_ws/install/stsl_gazebo_plugins/lib/pkgconfig/stsl_gazebo_plugins.pc'
[92.036s] Level 1:colcon.colcon_core.environment:checking '/home/ubuntu/rj_training_container/training_ws/install/stsl_gazebo_plugins/lib/python3.10/site-packages'
[92.038s] Level 1:colcon.colcon_core.environment:checking '/home/ubuntu/rj_training_container/training_ws/install/stsl_gazebo_plugins/bin'
[92.041s] INFO:colcon.colcon_core.shell:Creating package script '/home/ubuntu/rj_training_container/training_ws/install/stsl_gazebo_plugins/share/stsl_gazebo_plugins/package.ps1'
[92.065s] INFO:colcon.colcon_core.shell:Creating package descriptor '/home/ubuntu/rj_training_container/training_ws/install/stsl_gazebo_plugins/share/stsl_gazebo_plugins/package.dsv'
[92.089s] INFO:colcon.colcon_core.shell:Creating package script '/home/ubuntu/rj_training_container/training_ws/install/stsl_gazebo_plugins/share/stsl_gazebo_plugins/package.sh'
[92.118s] INFO:colcon.colcon_core.shell:Creating package script '/home/ubuntu/rj_training_container/training_ws/install/stsl_gazebo_plugins/share/stsl_gazebo_plugins/package.bash'
[92.152s] INFO:colcon.colcon_core.shell:Creating package script '/home/ubuntu/rj_training_container/training_ws/install/stsl_gazebo_plugins/share/stsl_gazebo_plugins/package.zsh'
[92.188s] Level 1:colcon.colcon_core.environment:create_file_with_runtime_dependencies(/home/ubuntu/rj_training_container/training_ws/install/stsl_gazebo_plugins/share/colcon-core/packages/stsl_gazebo_plugins)
[92.227s] Level 1:colcon.colcon_core.environment:create_environment_scripts_only(obstacle_detector)
[92.228s] Level 1:colcon.colcon_core.environment:checking '/home/ubuntu/rj_training_container/training_ws/install/obstacle_detector' for CMake module files
[92.231s] DEBUG:colcon.colcon_core.event_handler.log_command:Invoked command in '/home/ubuntu/rj_training_container/training_ws/build/obstacle_detector' returned '0': CMAKE_PREFIX_PATH=${CMAKE_PREFIX_PATH}:/home/ubuntu/rj_training_container/training_ws/install/keyboard:/opt/ros/humble /usr/bin/cmake --install /home/ubuntu/rj_training_container/training_ws/build/obstacle_detector
[92.470s] Level 1:colcon.colcon_core.environment:checking '/home/ubuntu/rj_training_container/training_ws/install/obstacle_detector' for CMake config files
[92.653s] Level 1:colcon.colcon_core.shell:create_environment_hook('obstacle_detector', 'cmake_prefix_path')
[92.655s] INFO:colcon.colcon_core.shell:Creating environment hook '/home/ubuntu/rj_training_container/training_ws/install/obstacle_detector/share/obstacle_detector/hook/cmake_prefix_path.ps1'
[92.685s] INFO:colcon.colcon_core.shell:Creating environment descriptor '/home/ubuntu/rj_training_container/training_ws/install/obstacle_detector/share/obstacle_detector/hook/cmake_prefix_path.dsv'
[92.724s] INFO:colcon.colcon_core.shell:Creating environment hook '/home/ubuntu/rj_training_container/training_ws/install/obstacle_detector/share/obstacle_detector/hook/cmake_prefix_path.sh'
[92.770s] Level 1:colcon.colcon_core.environment:checking '/home/ubuntu/rj_training_container/training_ws/install/obstacle_detector/lib'
[92.781s] Level 1:colcon.colcon_core.shell:create_environment_hook('obstacle_detector', 'ld_library_path_lib')
[92.782s] INFO:colcon.colcon_core.shell:Creating environment hook '/home/ubuntu/rj_training_container/training_ws/install/obstacle_detector/share/obstacle_detector/hook/ld_library_path_lib.ps1'
[92.815s] INFO:colcon.colcon_core.shell:Creating environment descriptor '/home/ubuntu/rj_training_container/training_ws/install/obstacle_detector/share/obstacle_detector/hook/ld_library_path_lib.dsv'
[92.843s] INFO:colcon.colcon_core.shell:Creating environment hook '/home/ubuntu/rj_training_container/training_ws/install/obstacle_detector/share/obstacle_detector/hook/ld_library_path_lib.sh'
[92.870s] Level 1:colcon.colcon_core.environment:checking '/home/ubuntu/rj_training_container/training_ws/install/obstacle_detector/bin'
[92.872s] Level 1:colcon.colcon_core.environment:checking '/home/ubuntu/rj_training_container/training_ws/install/obstacle_detector/lib/pkgconfig/obstacle_detector.pc'
[92.877s] Level 1:colcon.colcon_core.environment:checking '/home/ubuntu/rj_training_container/training_ws/install/obstacle_detector/lib/python3.10/site-packages'
[92.880s] Level 1:colcon.colcon_core.environment:checking '/home/ubuntu/rj_training_container/training_ws/install/obstacle_detector/bin'
[92.883s] INFO:colcon.colcon_core.shell:Creating package script '/home/ubuntu/rj_training_container/training_ws/install/obstacle_detector/share/obstacle_detector/package.ps1'
[92.909s] INFO:colcon.colcon_core.shell:Creating package descriptor '/home/ubuntu/rj_training_container/training_ws/install/obstacle_detector/share/obstacle_detector/package.dsv'
[92.930s] INFO:colcon.colcon_core.shell:Creating package script '/home/ubuntu/rj_training_container/training_ws/install/obstacle_detector/share/obstacle_detector/package.sh'
[92.955s] INFO:colcon.colcon_core.shell:Creating package script '/home/ubuntu/rj_training_container/training_ws/install/obstacle_detector/share/obstacle_detector/package.bash'
[92.988s] INFO:colcon.colcon_core.shell:Creating package script '/home/ubuntu/rj_training_container/training_ws/install/obstacle_detector/share/obstacle_detector/package.zsh'
[93.014s] Level 1:colcon.colcon_core.environment:create_file_with_runtime_dependencies(/home/ubuntu/rj_training_container/training_ws/install/obstacle_detector/share/colcon-core/packages/obstacle_detector)
[93.043s] Level 1:colcon.colcon_core.environment:create_environment_scripts_only(stsl_nav_plugins)
[93.044s] Level 1:colcon.colcon_core.environment:checking '/home/ubuntu/rj_training_container/training_ws/install/stsl_nav_plugins' for CMake module files
[93.046s] DEBUG:colcon.colcon_core.event_handler.log_command:Invoked command in '/home/ubuntu/rj_training_container/training_ws/build/stsl_nav_plugins' returned '0': CMAKE_PREFIX_PATH=${CMAKE_PREFIX_PATH}:/home/ubuntu/rj_training_container/training_ws/install/keyboard:/opt/ros/humble /usr/bin/cmake --install /home/ubuntu/rj_training_container/training_ws/build/stsl_nav_plugins
[93.253s] Level 1:colcon.colcon_core.environment:checking '/home/ubuntu/rj_training_container/training_ws/install/stsl_nav_plugins' for CMake config files
[93.441s] Level 1:colcon.colcon_core.shell:create_environment_hook('stsl_nav_plugins', 'cmake_prefix_path')
[93.442s] INFO:colcon.colcon_core.shell:Creating environment hook '/home/ubuntu/rj_training_container/training_ws/install/stsl_nav_plugins/share/stsl_nav_plugins/hook/cmake_prefix_path.ps1'
[93.475s] INFO:colcon.colcon_core.shell:Creating environment descriptor '/home/ubuntu/rj_training_container/training_ws/install/stsl_nav_plugins/share/stsl_nav_plugins/hook/cmake_prefix_path.dsv'
[93.507s] INFO:colcon.colcon_core.shell:Creating environment hook '/home/ubuntu/rj_training_container/training_ws/install/stsl_nav_plugins/share/stsl_nav_plugins/hook/cmake_prefix_path.sh'
[93.546s] Level 1:colcon.colcon_core.environment:checking '/home/ubuntu/rj_training_container/training_ws/install/stsl_nav_plugins/lib'
[93.556s] Level 1:colcon.colcon_core.shell:create_environment_hook('stsl_nav_plugins', 'ld_library_path_lib')
[93.557s] INFO:colcon.colcon_core.shell:Creating environment hook '/home/ubuntu/rj_training_container/training_ws/install/stsl_nav_plugins/share/stsl_nav_plugins/hook/ld_library_path_lib.ps1'
[93.587s] INFO:colcon.colcon_core.shell:Creating environment descriptor '/home/ubuntu/rj_training_container/training_ws/install/stsl_nav_plugins/share/stsl_nav_plugins/hook/ld_library_path_lib.dsv'
[93.620s] INFO:colcon.colcon_core.shell:Creating environment hook '/home/ubuntu/rj_training_container/training_ws/install/stsl_nav_plugins/share/stsl_nav_plugins/hook/ld_library_path_lib.sh'
[93.652s] Level 1:colcon.colcon_core.environment:checking '/home/ubuntu/rj_training_container/training_ws/install/stsl_nav_plugins/bin'
[93.653s] Level 1:colcon.colcon_core.environment:checking '/home/ubuntu/rj_training_container/training_ws/install/stsl_nav_plugins/lib/pkgconfig/stsl_nav_plugins.pc'
[93.654s] Level 1:colcon.colcon_core.environment:checking '/home/ubuntu/rj_training_container/training_ws/install/stsl_nav_plugins/lib/python3.10/site-packages'
[93.658s] Level 1:colcon.colcon_core.environment:checking '/home/ubuntu/rj_training_container/training_ws/install/stsl_nav_plugins/bin'
[93.659s] INFO:colcon.colcon_core.shell:Creating package script '/home/ubuntu/rj_training_container/training_ws/install/stsl_nav_plugins/share/stsl_nav_plugins/package.ps1'
[93.678s] INFO:colcon.colcon_core.shell:Creating package descriptor '/home/ubuntu/rj_training_container/training_ws/install/stsl_nav_plugins/share/stsl_nav_plugins/package.dsv'
[93.699s] INFO:colcon.colcon_core.shell:Creating package script '/home/ubuntu/rj_training_container/training_ws/install/stsl_nav_plugins/share/stsl_nav_plugins/package.sh'
[93.719s] INFO:colcon.colcon_core.shell:Creating package script '/home/ubuntu/rj_training_container/training_ws/install/stsl_nav_plugins/share/stsl_nav_plugins/package.bash'
[93.740s] INFO:colcon.colcon_core.shell:Creating package script '/home/ubuntu/rj_training_container/training_ws/install/stsl_nav_plugins/share/stsl_nav_plugins/package.zsh'
[93.766s] Level 1:colcon.colcon_core.environment:create_file_with_runtime_dependencies(/home/ubuntu/rj_training_container/training_ws/install/stsl_nav_plugins/share/colcon-core/packages/stsl_nav_plugins)
[93.796s] Level 1:colcon.colcon_core.environment:create_environment_scripts_only(mapping)
[93.797s] Level 1:colcon.colcon_core.environment:checking '/home/ubuntu/rj_training_container/training_ws/install/mapping' for CMake module files
[93.798s] DEBUG:colcon.colcon_core.event_handler.log_command:Invoked command in '/home/ubuntu/rj_training_container/training_ws/build/mapping' returned '0': CMAKE_PREFIX_PATH=${CMAKE_PREFIX_PATH}:/home/ubuntu/rj_training_container/training_ws/install/keyboard:/opt/ros/humble /usr/bin/cmake --install /home/ubuntu/rj_training_container/training_ws/build/mapping
[93.992s] Level 1:colcon.colcon_core.environment:checking '/home/ubuntu/rj_training_container/training_ws/install/mapping' for CMake config files
[94.157s] Level 1:colcon.colcon_core.shell:create_environment_hook('mapping', 'cmake_prefix_path')
[94.158s] INFO:colcon.colcon_core.shell:Creating environment hook '/home/ubuntu/rj_training_container/training_ws/install/mapping/share/mapping/hook/cmake_prefix_path.ps1'
[94.194s] INFO:colcon.colcon_core.shell:Creating environment descriptor '/home/ubuntu/rj_training_container/training_ws/install/mapping/share/mapping/hook/cmake_prefix_path.dsv'
[94.263s] INFO:colcon.colcon_core.shell:Creating environment hook '/home/ubuntu/rj_training_container/training_ws/install/mapping/share/mapping/hook/cmake_prefix_path.sh'
[94.310s] Level 1:colcon.colcon_core.environment:checking '/home/ubuntu/rj_training_container/training_ws/install/mapping/lib'
[94.320s] Level 1:colcon.colcon_core.shell:create_environment_hook('mapping', 'ld_library_path_lib')
[94.321s] INFO:colcon.colcon_core.shell:Creating environment hook '/home/ubuntu/rj_training_container/training_ws/install/mapping/share/mapping/hook/ld_library_path_lib.ps1'
[94.355s] INFO:colcon.colcon_core.shell:Creating environment descriptor '/home/ubuntu/rj_training_container/training_ws/install/mapping/share/mapping/hook/ld_library_path_lib.dsv'
[94.388s] INFO:colcon.colcon_core.shell:Creating environment hook '/home/ubuntu/rj_training_container/training_ws/install/mapping/share/mapping/hook/ld_library_path_lib.sh'
[94.423s] Level 1:colcon.colcon_core.environment:checking '/home/ubuntu/rj_training_container/training_ws/install/mapping/bin'
[94.425s] Level 1:colcon.colcon_core.environment:checking '/home/ubuntu/rj_training_container/training_ws/install/mapping/lib/pkgconfig/mapping.pc'
[94.429s] Level 1:colcon.colcon_core.environment:checking '/home/ubuntu/rj_training_container/training_ws/install/mapping/lib/python3.10/site-packages'
[94.433s] Level 1:colcon.colcon_core.environment:checking '/home/ubuntu/rj_training_container/training_ws/install/mapping/bin'
[94.436s] INFO:colcon.colcon_core.shell:Creating package script '/home/ubuntu/rj_training_container/training_ws/install/mapping/share/mapping/package.ps1'
[94.463s] INFO:colcon.colcon_core.shell:Creating package descriptor '/home/ubuntu/rj_training_container/training_ws/install/mapping/share/mapping/package.dsv'
[94.489s] INFO:colcon.colcon_core.shell:Creating package script '/home/ubuntu/rj_training_container/training_ws/install/mapping/share/mapping/package.sh'
[94.521s] INFO:colcon.colcon_core.shell:Creating package script '/home/ubuntu/rj_training_container/training_ws/install/mapping/share/mapping/package.bash'
[94.554s] INFO:colcon.colcon_core.shell:Creating package script '/home/ubuntu/rj_training_container/training_ws/install/mapping/share/mapping/package.zsh'
[94.583s] Level 1:colcon.colcon_core.environment:create_file_with_runtime_dependencies(/home/ubuntu/rj_training_container/training_ws/install/mapping/share/colcon-core/packages/mapping)
[94.619s] Level 1:colcon.colcon_core.environment:create_environment_scripts_only(teleop)
[94.621s] Level 1:colcon.colcon_core.environment:checking '/home/ubuntu/rj_training_container/training_ws/install/teleop' for CMake module files
[94.622s] DEBUG:colcon.colcon_core.event_handler.log_command:Invoked command in '/home/ubuntu/rj_training_container/training_ws/build/teleop' returned '0': CMAKE_PREFIX_PATH=${CMAKE_PREFIX_PATH}:/home/ubuntu/rj_training_container/training_ws/install/keyboard:/opt/ros/humble /usr/bin/cmake --install /home/ubuntu/rj_training_container/training_ws/build/teleop
[94.870s] Level 1:colcon.colcon_core.environment:checking '/home/ubuntu/rj_training_container/training_ws/install/teleop' for CMake config files
[95.051s] Level 1:colcon.colcon_core.shell:create_environment_hook('teleop', 'cmake_prefix_path')
[95.052s] INFO:colcon.colcon_core.shell:Creating environment hook '/home/ubuntu/rj_training_container/training_ws/install/teleop/share/teleop/hook/cmake_prefix_path.ps1'
[95.086s] INFO:colcon.colcon_core.shell:Creating environment descriptor '/home/ubuntu/rj_training_container/training_ws/install/teleop/share/teleop/hook/cmake_prefix_path.dsv'
[95.118s] INFO:colcon.colcon_core.shell:Creating environment hook '/home/ubuntu/rj_training_container/training_ws/install/teleop/share/teleop/hook/cmake_prefix_path.sh'
[95.159s] Level 1:colcon.colcon_core.environment:checking '/home/ubuntu/rj_training_container/training_ws/install/teleop/lib'
[95.166s] Level 1:colcon.colcon_core.shell:create_environment_hook('teleop', 'ld_library_path_lib')
[95.167s] INFO:colcon.colcon_core.shell:Creating environment hook '/home/ubuntu/rj_training_container/training_ws/install/teleop/share/teleop/hook/ld_library_path_lib.ps1'
[95.196s] INFO:colcon.colcon_core.shell:Creating environment descriptor '/home/ubuntu/rj_training_container/training_ws/install/teleop/share/teleop/hook/ld_library_path_lib.dsv'
[95.230s] INFO:colcon.colcon_core.shell:Creating environment hook '/home/ubuntu/rj_training_container/training_ws/install/teleop/share/teleop/hook/ld_library_path_lib.sh'
[95.261s] Level 1:colcon.colcon_core.environment:checking '/home/ubuntu/rj_training_container/training_ws/install/teleop/bin'
[95.263s] Level 1:colcon.colcon_core.environment:checking '/home/ubuntu/rj_training_container/training_ws/install/teleop/lib/pkgconfig/teleop.pc'
[95.268s] Level 1:colcon.colcon_core.environment:checking '/home/ubuntu/rj_training_container/training_ws/install/teleop/lib/python3.10/site-packages'
[95.271s] Level 1:colcon.colcon_core.environment:checking '/home/ubuntu/rj_training_container/training_ws/install/teleop/bin'
[95.274s] INFO:colcon.colcon_core.shell:Creating package script '/home/ubuntu/rj_training_container/training_ws/install/teleop/share/teleop/package.ps1'
[95.300s] INFO:colcon.colcon_core.shell:Creating package descriptor '/home/ubuntu/rj_training_container/training_ws/install/teleop/share/teleop/package.dsv'
[95.327s] INFO:colcon.colcon_core.shell:Creating package script '/home/ubuntu/rj_training_container/training_ws/install/teleop/share/teleop/package.sh'
[95.354s] INFO:colcon.colcon_core.shell:Creating package script '/home/ubuntu/rj_training_container/training_ws/install/teleop/share/teleop/package.bash'
[95.385s] INFO:colcon.colcon_core.shell:Creating package script '/home/ubuntu/rj_training_container/training_ws/install/teleop/share/teleop/package.zsh'
[95.413s] Level 1:colcon.colcon_core.environment:create_file_with_runtime_dependencies(/home/ubuntu/rj_training_container/training_ws/install/teleop/share/colcon-core/packages/teleop)
[95.453s] Level 1:colcon.colcon_core.environment:create_environment_scripts_only(stsl_utils)
[95.454s] Level 1:colcon.colcon_core.environment:checking '/home/ubuntu/rj_training_container/training_ws/install/stsl_utils' for CMake module files
[95.456s] DEBUG:colcon.colcon_core.event_handler.log_command:Invoked command in '/home/ubuntu/rj_training_container/training_ws/build/stsl_utils' returned '0': CMAKE_PREFIX_PATH=${CMAKE_PREFIX_PATH}:/home/ubuntu/rj_training_container/training_ws/install/keyboard:/opt/ros/humble /usr/bin/cmake --install /home/ubuntu/rj_training_container/training_ws/build/stsl_utils
[95.701s] Level 1:colcon.colcon_core.environment:checking '/home/ubuntu/rj_training_container/training_ws/install/stsl_utils' for CMake config files
[95.890s] Level 1:colcon.colcon_core.shell:create_environment_hook('stsl_utils', 'cmake_prefix_path')
[95.892s] INFO:colcon.colcon_core.shell:Creating environment hook '/home/ubuntu/rj_training_container/training_ws/install/stsl_utils/share/stsl_utils/hook/cmake_prefix_path.ps1'
[95.925s] INFO:colcon.colcon_core.shell:Creating environment descriptor '/home/ubuntu/rj_training_container/training_ws/install/stsl_utils/share/stsl_utils/hook/cmake_prefix_path.dsv'
[95.966s] INFO:colcon.colcon_core.shell:Creating environment hook '/home/ubuntu/rj_training_container/training_ws/install/stsl_utils/share/stsl_utils/hook/cmake_prefix_path.sh'
[96.013s] Level 1:colcon.colcon_core.environment:checking '/home/ubuntu/rj_training_container/training_ws/install/stsl_utils/lib'
[96.026s] Level 1:colcon.colcon_core.shell:create_environment_hook('stsl_utils', 'ld_library_path_lib')
[96.027s] INFO:colcon.colcon_core.shell:Creating environment hook '/home/ubuntu/rj_training_container/training_ws/install/stsl_utils/share/stsl_utils/hook/ld_library_path_lib.ps1'
[96.065s] INFO:colcon.colcon_core.shell:Creating environment descriptor '/home/ubuntu/rj_training_container/training_ws/install/stsl_utils/share/stsl_utils/hook/ld_library_path_lib.dsv'
[96.104s] INFO:colcon.colcon_core.shell:Creating environment hook '/home/ubuntu/rj_training_container/training_ws/install/stsl_utils/share/stsl_utils/hook/ld_library_path_lib.sh'
[96.142s] Level 1:colcon.colcon_core.environment:checking '/home/ubuntu/rj_training_container/training_ws/install/stsl_utils/bin'
[96.145s] Level 1:colcon.colcon_core.environment:checking '/home/ubuntu/rj_training_container/training_ws/install/stsl_utils/lib/pkgconfig/stsl_utils.pc'
[96.148s] Level 1:colcon.colcon_core.environment:checking '/home/ubuntu/rj_training_container/training_ws/install/stsl_utils/lib/python3.10/site-packages'
[96.152s] Level 1:colcon.colcon_core.environment:checking '/home/ubuntu/rj_training_container/training_ws/install/stsl_utils/bin'
[96.155s] INFO:colcon.colcon_core.shell:Creating package script '/home/ubuntu/rj_training_container/training_ws/install/stsl_utils/share/stsl_utils/package.ps1'
[96.201s] INFO:colcon.colcon_core.shell:Creating package descriptor '/home/ubuntu/rj_training_container/training_ws/install/stsl_utils/share/stsl_utils/package.dsv'
[96.229s] INFO:colcon.colcon_core.shell:Creating package script '/home/ubuntu/rj_training_container/training_ws/install/stsl_utils/share/stsl_utils/package.sh'
[96.253s] INFO:colcon.colcon_core.shell:Creating package script '/home/ubuntu/rj_training_container/training_ws/install/stsl_utils/share/stsl_utils/package.bash'
[96.277s] INFO:colcon.colcon_core.shell:Creating package script '/home/ubuntu/rj_training_container/training_ws/install/stsl_utils/share/stsl_utils/package.zsh'
[96.307s] Level 1:colcon.colcon_core.environment:create_file_with_runtime_dependencies(/home/ubuntu/rj_training_container/training_ws/install/stsl_utils/share/colcon-core/packages/stsl_utils)
[99.607s] Level 1:colcon.colcon_core.environment:create_environment_scripts_only(traini_description)
[99.609s] Level 1:colcon.colcon_core.environment:checking '/home/ubuntu/rj_training_container/training_ws/install/traini_description' for CMake module files
[99.878s] Level 1:colcon.colcon_core.environment:checking '/home/ubuntu/rj_training_container/training_ws/install/traini_description' for CMake config files
[100.057s] Level 1:colcon.colcon_core.shell:create_environment_hook('traini_description', 'cmake_prefix_path')
[100.059s] INFO:colcon.colcon_core.shell:Creating environment hook '/home/ubuntu/rj_training_container/training_ws/install/traini_description/share/traini_description/hook/cmake_prefix_path.ps1'
[100.104s] INFO:colcon.colcon_core.shell:Creating environment descriptor '/home/ubuntu/rj_training_container/training_ws/install/traini_description/share/traini_description/hook/cmake_prefix_path.dsv'
[100.146s] INFO:colcon.colcon_core.shell:Creating environment hook '/home/ubuntu/rj_training_container/training_ws/install/traini_description/share/traini_description/hook/cmake_prefix_path.sh'
[100.194s] Level 1:colcon.colcon_core.environment:checking '/home/ubuntu/rj_training_container/training_ws/install/traini_description/bin'
[100.198s] Level 1:colcon.colcon_core.environment:checking '/home/ubuntu/rj_training_container/training_ws/install/traini_description/lib/pkgconfig/traini_description.pc'
[100.201s] Level 1:colcon.colcon_core.environment:checking '/home/ubuntu/rj_training_container/training_ws/install/traini_description/lib/python3.10/site-packages'
[100.204s] Level 1:colcon.colcon_core.environment:checking '/home/ubuntu/rj_training_container/training_ws/install/traini_description/bin'
[100.207s] INFO:colcon.colcon_core.shell:Creating package script '/home/ubuntu/rj_training_container/training_ws/install/traini_description/share/traini_description/package.ps1'
[100.240s] INFO:colcon.colcon_core.shell:Creating package descriptor '/home/ubuntu/rj_training_container/training_ws/install/traini_description/share/traini_description/package.dsv'
[100.273s] INFO:colcon.colcon_core.shell:Creating package script '/home/ubuntu/rj_training_container/training_ws/install/traini_description/share/traini_description/package.sh'
[100.309s] INFO:colcon.colcon_core.shell:Creating package script '/home/ubuntu/rj_training_container/training_ws/install/traini_description/share/traini_description/package.bash'
[100.338s] INFO:colcon.colcon_core.shell:Creating package script '/home/ubuntu/rj_training_container/training_ws/install/traini_description/share/traini_description/package.zsh'
[100.371s] Level 1:colcon.colcon_core.environment:create_file_with_runtime_dependencies(/home/ubuntu/rj_training_container/training_ws/install/traini_description/share/colcon-core/packages/traini_description)
[100.397s] Level 1:colcon.colcon_core.environment:create_environment_scripts_only(rj_training_bringup)
[100.398s] Level 1:colcon.colcon_core.environment:checking '/home/ubuntu/rj_training_container/training_ws/install/rj_training_bringup' for CMake module files
[100.657s] Level 1:colcon.colcon_core.environment:checking '/home/ubuntu/rj_training_container/training_ws/install/rj_training_bringup' for CMake config files
[100.887s] Level 1:colcon.colcon_core.shell:create_environment_hook('rj_training_bringup', 'cmake_prefix_path')
[100.888s] INFO:colcon.colcon_core.shell:Creating environment hook '/home/ubuntu/rj_training_container/training_ws/install/rj_training_bringup/share/rj_training_bringup/hook/cmake_prefix_path.ps1'
[100.936s] INFO:colcon.colcon_core.shell:Creating environment descriptor '/home/ubuntu/rj_training_container/training_ws/install/rj_training_bringup/share/rj_training_bringup/hook/cmake_prefix_path.dsv'
[100.985s] INFO:colcon.colcon_core.shell:Creating environment hook '/home/ubuntu/rj_training_container/training_ws/install/rj_training_bringup/share/rj_training_bringup/hook/cmake_prefix_path.sh'
[101.050s] Level 1:colcon.colcon_core.environment:checking '/home/ubuntu/rj_training_container/training_ws/install/rj_training_bringup/bin'
[101.054s] Level 1:colcon.colcon_core.environment:checking '/home/ubuntu/rj_training_container/training_ws/install/rj_training_bringup/lib/pkgconfig/rj_training_bringup.pc'
[101.056s] Level 1:colcon.colcon_core.environment:checking '/home/ubuntu/rj_training_container/training_ws/install/rj_training_bringup/lib/python3.10/site-packages'
[101.059s] Level 1:colcon.colcon_core.environment:checking '/home/ubuntu/rj_training_container/training_ws/install/rj_training_bringup/bin'
[101.063s] INFO:colcon.colcon_core.shell:Creating package script '/home/ubuntu/rj_training_container/training_ws/install/rj_training_bringup/share/rj_training_bringup/package.ps1'
[101.104s] INFO:colcon.colcon_core.shell:Creating package descriptor '/home/ubuntu/rj_training_container/training_ws/install/rj_training_bringup/share/rj_training_bringup/package.dsv'
[101.144s] INFO:colcon.colcon_core.shell:Creating package script '/home/ubuntu/rj_training_container/training_ws/install/rj_training_bringup/share/rj_training_bringup/package.sh'
[101.184s] INFO:colcon.colcon_core.shell:Creating package script '/home/ubuntu/rj_training_container/training_ws/install/rj_training_bringup/share/rj_training_bringup/package.bash'
[101.225s] INFO:colcon.colcon_core.shell:Creating package script '/home/ubuntu/rj_training_container/training_ws/install/rj_training_bringup/share/rj_training_bringup/package.zsh'
[101.266s] Level 1:colcon.colcon_core.environment:create_file_with_runtime_dependencies(/home/ubuntu/rj_training_container/training_ws/install/rj_training_bringup/share/colcon-core/packages/rj_training_bringup)
[112.191s] DEBUG:colcon.colcon_core.event_handler.log_command:Invoked command in '/home/ubuntu/rj_training_container/training_ws/build/joystick_msgs' returned '0': CMAKE_PREFIX_PATH=${CMAKE_PREFIX_PATH}:/home/ubuntu/rj_training_container/training_ws/install/keyboard:/opt/ros/humble /usr/bin/cmake --build /home/ubuntu/rj_training_container/training_ws/build/joystick_msgs -- -j16 -l16
[116.631s] DEBUG:colcon.colcon_core.event_handler.log_command:Invoked command in '/home/ubuntu/rj_training_container/training_ws/build/stsl_interfaces' returned '0': CMAKE_PREFIX_PATH=${CMAKE_PREFIX_PATH}:/home/ubuntu/rj_training_container/training_ws/install/keyboard:/opt/ros/humble /usr/bin/cmake --build /home/ubuntu/rj_training_container/training_ws/build/stsl_interfaces -- -j16 -l16
[118.912s] Level 1:colcon.colcon_core.environment:create_environment_scripts_only(obstacle_detector)
[118.913s] Level 1:colcon.colcon_core.environment:checking '/home/ubuntu/rj_training_container/training_ws/install/obstacle_detector' for CMake module files
[119.116s] Level 1:colcon.colcon_core.environment:checking '/home/ubuntu/rj_training_container/training_ws/install/obstacle_detector' for CMake config files
[119.283s] Level 1:colcon.colcon_core.shell:create_environment_hook('obstacle_detector', 'cmake_prefix_path')
[119.284s] INFO:colcon.colcon_core.shell:Creating environment hook '/home/ubuntu/rj_training_container/training_ws/install/obstacle_detector/share/obstacle_detector/hook/cmake_prefix_path.ps1'
[119.311s] INFO:colcon.colcon_core.shell:Creating environment descriptor '/home/ubuntu/rj_training_container/training_ws/install/obstacle_detector/share/obstacle_detector/hook/cmake_prefix_path.dsv'
[119.345s] INFO:colcon.colcon_core.shell:Creating environment hook '/home/ubuntu/rj_training_container/training_ws/install/obstacle_detector/share/obstacle_detector/hook/cmake_prefix_path.sh'
[119.381s] Level 1:colcon.colcon_core.environment:checking '/home/ubuntu/rj_training_container/training_ws/install/obstacle_detector/lib'
[119.389s] Level 1:colcon.colcon_core.shell:create_environment_hook('obstacle_detector', 'ld_library_path_lib')
[119.390s] INFO:colcon.colcon_core.shell:Creating environment hook '/home/ubuntu/rj_training_container/training_ws/install/obstacle_detector/share/obstacle_detector/hook/ld_library_path_lib.ps1'
[119.421s] INFO:colcon.colcon_core.shell:Creating environment descriptor '/home/ubuntu/rj_training_container/training_ws/install/obstacle_detector/share/obstacle_detector/hook/ld_library_path_lib.dsv'
[119.452s] INFO:colcon.colcon_core.shell:Creating environment hook '/home/ubuntu/rj_training_container/training_ws/install/obstacle_detector/share/obstacle_detector/hook/ld_library_path_lib.sh'
[119.483s] Level 1:colcon.colcon_core.environment:checking '/home/ubuntu/rj_training_container/training_ws/install/obstacle_detector/bin'
[119.485s] Level 1:colcon.colcon_core.environment:checking '/home/ubuntu/rj_training_container/training_ws/install/obstacle_detector/lib/pkgconfig/obstacle_detector.pc'
[119.488s] Level 1:colcon.colcon_core.environment:checking '/home/ubuntu/rj_training_container/training_ws/install/obstacle_detector/lib/python3.10/site-packages'
[119.493s] Level 1:colcon.colcon_core.environment:checking '/home/ubuntu/rj_training_container/training_ws/install/obstacle_detector/bin'
[119.496s] INFO:colcon.colcon_core.shell:Creating package script '/home/ubuntu/rj_training_container/training_ws/install/obstacle_detector/share/obstacle_detector/package.ps1'
[119.519s] INFO:colcon.colcon_core.shell:Creating package descriptor '/home/ubuntu/rj_training_container/training_ws/install/obstacle_detector/share/obstacle_detector/package.dsv'
[119.545s] INFO:colcon.colcon_core.shell:Creating package script '/home/ubuntu/rj_training_container/training_ws/install/obstacle_detector/share/obstacle_detector/package.sh'
[119.571s] INFO:colcon.colcon_core.shell:Creating package script '/home/ubuntu/rj_training_container/training_ws/install/obstacle_detector/share/obstacle_detector/package.bash'
[119.596s] INFO:colcon.colcon_core.shell:Creating package script '/home/ubuntu/rj_training_container/training_ws/install/obstacle_detector/share/obstacle_detector/package.zsh'
[119.623s] Level 1:colcon.colcon_core.environment:create_file_with_runtime_dependencies(/home/ubuntu/rj_training_container/training_ws/install/obstacle_detector/share/colcon-core/packages/obstacle_detector)
[119.653s] Level 1:colcon.colcon_core.environment:create_environment_scripts_only(controllers)
[119.654s] Level 1:colcon.colcon_core.environment:checking '/home/ubuntu/rj_training_container/training_ws/install/controllers' for CMake module files
[119.917s] Level 1:colcon.colcon_core.environment:checking '/home/ubuntu/rj_training_container/training_ws/install/controllers' for CMake config files
[120.072s] Level 1:colcon.colcon_core.shell:create_environment_hook('controllers', 'cmake_prefix_path')
[120.073s] INFO:colcon.colcon_core.shell:Creating environment hook '/home/ubuntu/rj_training_container/training_ws/install/controllers/share/controllers/hook/cmake_prefix_path.ps1'
[120.101s] INFO:colcon.colcon_core.shell:Creating environment descriptor '/home/ubuntu/rj_training_container/training_ws/install/controllers/share/controllers/hook/cmake_prefix_path.dsv'
[120.132s] INFO:colcon.colcon_core.shell:Creating environment hook '/home/ubuntu/rj_training_container/training_ws/install/controllers/share/controllers/hook/cmake_prefix_path.sh'
[120.164s] Level 1:colcon.colcon_core.environment:checking '/home/ubuntu/rj_training_container/training_ws/install/controllers/lib'
[120.173s] Level 1:colcon.colcon_core.shell:create_environment_hook('controllers', 'ld_library_path_lib')
[120.174s] INFO:colcon.colcon_core.shell:Creating environment hook '/home/ubuntu/rj_training_container/training_ws/install/controllers/share/controllers/hook/ld_library_path_lib.ps1'
[120.206s] INFO:colcon.colcon_core.shell:Creating environment descriptor '/home/ubuntu/rj_training_container/training_ws/install/controllers/share/controllers/hook/ld_library_path_lib.dsv'
[120.238s] INFO:colcon.colcon_core.shell:Creating environment hook '/home/ubuntu/rj_training_container/training_ws/install/controllers/share/controllers/hook/ld_library_path_lib.sh'
[120.263s] Level 1:colcon.colcon_core.environment:checking '/home/ubuntu/rj_training_container/training_ws/install/controllers/bin'
[120.264s] Level 1:colcon.colcon_core.environment:checking '/home/ubuntu/rj_training_container/training_ws/install/controllers/lib/pkgconfig/controllers.pc'
[120.269s] Level 1:colcon.colcon_core.environment:checking '/home/ubuntu/rj_training_container/training_ws/install/controllers/lib/python3.10/site-packages'
[120.272s] Level 1:colcon.colcon_core.environment:checking '/home/ubuntu/rj_training_container/training_ws/install/controllers/bin'
[120.275s] INFO:colcon.colcon_core.shell:Creating package script '/home/ubuntu/rj_training_container/training_ws/install/controllers/share/controllers/package.ps1'
[120.298s] INFO:colcon.colcon_core.shell:Creating package descriptor '/home/ubuntu/rj_training_container/training_ws/install/controllers/share/controllers/package.dsv'
[120.323s] INFO:colcon.colcon_core.shell:Creating package script '/home/ubuntu/rj_training_container/training_ws/install/controllers/share/controllers/package.sh'
[120.343s] INFO:colcon.colcon_core.shell:Creating package script '/home/ubuntu/rj_training_container/training_ws/install/controllers/share/controllers/package.bash'
[120.365s] INFO:colcon.colcon_core.shell:Creating package script '/home/ubuntu/rj_training_container/training_ws/install/controllers/share/controllers/package.zsh'
[120.391s] Level 1:colcon.colcon_core.environment:create_file_with_runtime_dependencies(/home/ubuntu/rj_training_container/training_ws/install/controllers/share/colcon-core/packages/controllers)
[120.415s] Level 1:colcon.colcon_core.environment:create_environment_scripts_only(astar_path_planner)
[120.416s] Level 1:colcon.colcon_core.environment:checking '/home/ubuntu/rj_training_container/training_ws/install/astar_path_planner' for CMake module files
[120.597s] Level 1:colcon.colcon_core.environment:checking '/home/ubuntu/rj_training_container/training_ws/install/astar_path_planner' for CMake config files
[120.729s] Level 1:colcon.colcon_core.shell:create_environment_hook('astar_path_planner', 'cmake_prefix_path')
[120.730s] INFO:colcon.colcon_core.shell:Creating environment hook '/home/ubuntu/rj_training_container/training_ws/install/astar_path_planner/share/astar_path_planner/hook/cmake_prefix_path.ps1'
[120.767s] INFO:colcon.colcon_core.shell:Creating environment descriptor '/home/ubuntu/rj_training_container/training_ws/install/astar_path_planner/share/astar_path_planner/hook/cmake_prefix_path.dsv'
[120.801s] INFO:colcon.colcon_core.shell:Creating environment hook '/home/ubuntu/rj_training_container/training_ws/install/astar_path_planner/share/astar_path_planner/hook/cmake_prefix_path.sh'
[120.836s] Level 1:colcon.colcon_core.environment:checking '/home/ubuntu/rj_training_container/training_ws/install/astar_path_planner/lib'
[120.845s] Level 1:colcon.colcon_core.shell:create_environment_hook('astar_path_planner', 'ld_library_path_lib')
[120.845s] INFO:colcon.colcon_core.shell:Creating environment hook '/home/ubuntu/rj_training_container/training_ws/install/astar_path_planner/share/astar_path_planner/hook/ld_library_path_lib.ps1'
[120.874s] INFO:colcon.colcon_core.shell:Creating environment descriptor '/home/ubuntu/rj_training_container/training_ws/install/astar_path_planner/share/astar_path_planner/hook/ld_library_path_lib.dsv'
[120.902s] INFO:colcon.colcon_core.shell:Creating environment hook '/home/ubuntu/rj_training_container/training_ws/install/astar_path_planner/share/astar_path_planner/hook/ld_library_path_lib.sh'
[120.931s] Level 1:colcon.colcon_core.environment:checking '/home/ubuntu/rj_training_container/training_ws/install/astar_path_planner/bin'
[120.933s] Level 1:colcon.colcon_core.environment:checking '/home/ubuntu/rj_training_container/training_ws/install/astar_path_planner/lib/pkgconfig/astar_path_planner.pc'
[120.938s] Level 1:colcon.colcon_core.environment:checking '/home/ubuntu/rj_training_container/training_ws/install/astar_path_planner/lib/python3.10/site-packages'
[120.942s] Level 1:colcon.colcon_core.environment:checking '/home/ubuntu/rj_training_container/training_ws/install/astar_path_planner/bin'
[120.944s] INFO:colcon.colcon_core.shell:Creating package script '/home/ubuntu/rj_training_container/training_ws/install/astar_path_planner/share/astar_path_planner/package.ps1'
[120.972s] INFO:colcon.colcon_core.shell:Creating package descriptor '/home/ubuntu/rj_training_container/training_ws/install/astar_path_planner/share/astar_path_planner/package.dsv'
[120.995s] INFO:colcon.colcon_core.shell:Creating package script '/home/ubuntu/rj_training_container/training_ws/install/astar_path_planner/share/astar_path_planner/package.sh'
[121.028s] INFO:colcon.colcon_core.shell:Creating package script '/home/ubuntu/rj_training_container/training_ws/install/astar_path_planner/share/astar_path_planner/package.bash'
[121.058s] INFO:colcon.colcon_core.shell:Creating package script '/home/ubuntu/rj_training_container/training_ws/install/astar_path_planner/share/astar_path_planner/package.zsh'
[121.082s] Level 1:colcon.colcon_core.environment:create_file_with_runtime_dependencies(/home/ubuntu/rj_training_container/training_ws/install/astar_path_planner/share/colcon-core/packages/astar_path_planner)
[121.477s] Level 1:colcon.colcon_core.environment:create_environment_scripts_only(mapping)
[121.478s] Level 1:colcon.colcon_core.environment:checking '/home/ubuntu/rj_training_container/training_ws/install/mapping' for CMake module files
[121.599s] Level 1:colcon.colcon_core.environment:checking '/home/ubuntu/rj_training_container/training_ws/install/mapping' for CMake config files
[121.724s] Level 1:colcon.colcon_core.shell:create_environment_hook('mapping', 'cmake_prefix_path')
[121.725s] INFO:colcon.colcon_core.shell:Creating environment hook '/home/ubuntu/rj_training_container/training_ws/install/mapping/share/mapping/hook/cmake_prefix_path.ps1'
[121.754s] INFO:colcon.colcon_core.shell:Creating environment descriptor '/home/ubuntu/rj_training_container/training_ws/install/mapping/share/mapping/hook/cmake_prefix_path.dsv'
[121.777s] INFO:colcon.colcon_core.shell:Creating environment hook '/home/ubuntu/rj_training_container/training_ws/install/mapping/share/mapping/hook/cmake_prefix_path.sh'
[121.810s] Level 1:colcon.colcon_core.environment:checking '/home/ubuntu/rj_training_container/training_ws/install/mapping/lib'
[121.817s] Level 1:colcon.colcon_core.shell:create_environment_hook('mapping', 'ld_library_path_lib')
[121.818s] INFO:colcon.colcon_core.shell:Creating environment hook '/home/ubuntu/rj_training_container/training_ws/install/mapping/share/mapping/hook/ld_library_path_lib.ps1'
[121.843s] INFO:colcon.colcon_core.shell:Creating environment descriptor '/home/ubuntu/rj_training_container/training_ws/install/mapping/share/mapping/hook/ld_library_path_lib.dsv'
[121.869s] INFO:colcon.colcon_core.shell:Creating environment hook '/home/ubuntu/rj_training_container/training_ws/install/mapping/share/mapping/hook/ld_library_path_lib.sh'
[121.888s] Level 1:colcon.colcon_core.environment:checking '/home/ubuntu/rj_training_container/training_ws/install/mapping/bin'
[121.890s] Level 1:colcon.colcon_core.environment:checking '/home/ubuntu/rj_training_container/training_ws/install/mapping/lib/pkgconfig/mapping.pc'
[121.891s] Level 1:colcon.colcon_core.environment:checking '/home/ubuntu/rj_training_container/training_ws/install/mapping/lib/python3.10/site-packages'
[121.894s] Level 1:colcon.colcon_core.environment:checking '/home/ubuntu/rj_training_container/training_ws/install/mapping/bin'
[121.896s] INFO:colcon.colcon_core.shell:Creating package script '/home/ubuntu/rj_training_container/training_ws/install/mapping/share/mapping/package.ps1'
[121.916s] INFO:colcon.colcon_core.shell:Creating package descriptor '/home/ubuntu/rj_training_container/training_ws/install/mapping/share/mapping/package.dsv'
[121.939s] INFO:colcon.colcon_core.shell:Creating package script '/home/ubuntu/rj_training_container/training_ws/install/mapping/share/mapping/package.sh'
[121.964s] INFO:colcon.colcon_core.shell:Creating package script '/home/ubuntu/rj_training_container/training_ws/install/mapping/share/mapping/package.bash'
[121.992s] INFO:colcon.colcon_core.shell:Creating package script '/home/ubuntu/rj_training_container/training_ws/install/mapping/share/mapping/package.zsh'
[122.010s] Level 1:colcon.colcon_core.environment:create_file_with_runtime_dependencies(/home/ubuntu/rj_training_container/training_ws/install/mapping/share/colcon-core/packages/mapping)
[122.025s] Level 1:colcon.colcon_core.environment:create_environment_scripts_only(teleop)
[122.026s] Level 1:colcon.colcon_core.environment:checking '/home/ubuntu/rj_training_container/training_ws/install/teleop' for CMake module files
[122.181s] Level 1:colcon.colcon_core.environment:checking '/home/ubuntu/rj_training_container/training_ws/install/teleop' for CMake config files
[122.303s] Level 1:colcon.colcon_core.shell:create_environment_hook('teleop', 'cmake_prefix_path')
[122.304s] INFO:colcon.colcon_core.shell:Creating environment hook '/home/ubuntu/rj_training_container/training_ws/install/teleop/share/teleop/hook/cmake_prefix_path.ps1'
[122.326s] INFO:colcon.colcon_core.shell:Creating environment descriptor '/home/ubuntu/rj_training_container/training_ws/install/teleop/share/teleop/hook/cmake_prefix_path.dsv'
[122.347s] INFO:colcon.colcon_core.shell:Creating environment hook '/home/ubuntu/rj_training_container/training_ws/install/teleop/share/teleop/hook/cmake_prefix_path.sh'
[122.373s] Level 1:colcon.colcon_core.environment:checking '/home/ubuntu/rj_training_container/training_ws/install/teleop/lib'
[122.379s] Level 1:colcon.colcon_core.shell:create_environment_hook('teleop', 'ld_library_path_lib')
[122.380s] INFO:colcon.colcon_core.shell:Creating environment hook '/home/ubuntu/rj_training_container/training_ws/install/teleop/share/teleop/hook/ld_library_path_lib.ps1'
[122.402s] INFO:colcon.colcon_core.shell:Creating environment descriptor '/home/ubuntu/rj_training_container/training_ws/install/teleop/share/teleop/hook/ld_library_path_lib.dsv'
[122.423s] INFO:colcon.colcon_core.shell:Creating environment hook '/home/ubuntu/rj_training_container/training_ws/install/teleop/share/teleop/hook/ld_library_path_lib.sh'
[122.445s] Level 1:colcon.colcon_core.environment:checking '/home/ubuntu/rj_training_container/training_ws/install/teleop/bin'
[122.446s] Level 1:colcon.colcon_core.environment:checking '/home/ubuntu/rj_training_container/training_ws/install/teleop/lib/pkgconfig/teleop.pc'
[122.449s] Level 1:colcon.colcon_core.environment:checking '/home/ubuntu/rj_training_container/training_ws/install/teleop/lib/python3.10/site-packages'
[122.451s] Level 1:colcon.colcon_core.environment:checking '/home/ubuntu/rj_training_container/training_ws/install/teleop/bin'
[122.453s] INFO:colcon.colcon_core.shell:Creating package script '/home/ubuntu/rj_training_container/training_ws/install/teleop/share/teleop/package.ps1'
[122.474s] INFO:colcon.colcon_core.shell:Creating package descriptor '/home/ubuntu/rj_training_container/training_ws/install/teleop/share/teleop/package.dsv'
[122.490s] INFO:colcon.colcon_core.shell:Creating package script '/home/ubuntu/rj_training_container/training_ws/install/teleop/share/teleop/package.sh'
[122.507s] INFO:colcon.colcon_core.shell:Creating package script '/home/ubuntu/rj_training_container/training_ws/install/teleop/share/teleop/package.bash'
[122.523s] INFO:colcon.colcon_core.shell:Creating package script '/home/ubuntu/rj_training_container/training_ws/install/teleop/share/teleop/package.zsh'
[122.540s] Level 1:colcon.colcon_core.environment:create_file_with_runtime_dependencies(/home/ubuntu/rj_training_container/training_ws/install/teleop/share/colcon-core/packages/teleop)
[122.556s] Level 1:colcon.colcon_core.environment:create_environment_scripts_only(stsl_gazebo_plugins)
[122.557s] Level 1:colcon.colcon_core.environment:checking '/home/ubuntu/rj_training_container/training_ws/install/stsl_gazebo_plugins' for CMake module files
[122.667s] Level 1:colcon.colcon_core.environment:checking '/home/ubuntu/rj_training_container/training_ws/install/stsl_gazebo_plugins' for CMake config files
[122.760s] Level 1:colcon.colcon_core.shell:create_environment_hook('stsl_gazebo_plugins', 'cmake_prefix_path')
[122.761s] INFO:colcon.colcon_core.shell:Creating environment hook '/home/ubuntu/rj_training_container/training_ws/install/stsl_gazebo_plugins/share/stsl_gazebo_plugins/hook/cmake_prefix_path.ps1'
[122.781s] INFO:colcon.colcon_core.shell:Creating environment descriptor '/home/ubuntu/rj_training_container/training_ws/install/stsl_gazebo_plugins/share/stsl_gazebo_plugins/hook/cmake_prefix_path.dsv'
[122.804s] INFO:colcon.colcon_core.shell:Creating environment hook '/home/ubuntu/rj_training_container/training_ws/install/stsl_gazebo_plugins/share/stsl_gazebo_plugins/hook/cmake_prefix_path.sh'
[122.826s] Level 1:colcon.colcon_core.environment:checking '/home/ubuntu/rj_training_container/training_ws/install/stsl_gazebo_plugins/lib'
[122.831s] Level 1:colcon.colcon_core.shell:create_environment_hook('stsl_gazebo_plugins', 'ld_library_path_lib')
[122.832s] INFO:colcon.colcon_core.shell:Creating environment hook '/home/ubuntu/rj_training_container/training_ws/install/stsl_gazebo_plugins/share/stsl_gazebo_plugins/hook/ld_library_path_lib.ps1'
[122.852s] INFO:colcon.colcon_core.shell:Creating environment descriptor '/home/ubuntu/rj_training_container/training_ws/install/stsl_gazebo_plugins/share/stsl_gazebo_plugins/hook/ld_library_path_lib.dsv'
[122.874s] INFO:colcon.colcon_core.shell:Creating environment hook '/home/ubuntu/rj_training_container/training_ws/install/stsl_gazebo_plugins/share/stsl_gazebo_plugins/hook/ld_library_path_lib.sh'
[122.895s] Level 1:colcon.colcon_core.environment:checking '/home/ubuntu/rj_training_container/training_ws/install/stsl_gazebo_plugins/bin'
[122.896s] Level 1:colcon.colcon_core.environment:checking '/home/ubuntu/rj_training_container/training_ws/install/stsl_gazebo_plugins/lib/pkgconfig/stsl_gazebo_plugins.pc'
[122.899s] Level 1:colcon.colcon_core.environment:checking '/home/ubuntu/rj_training_container/training_ws/install/stsl_gazebo_plugins/lib/python3.10/site-packages'
[122.901s] Level 1:colcon.colcon_core.environment:checking '/home/ubuntu/rj_training_container/training_ws/install/stsl_gazebo_plugins/bin'
[122.903s] INFO:colcon.colcon_core.shell:Creating package script '/home/ubuntu/rj_training_container/training_ws/install/stsl_gazebo_plugins/share/stsl_gazebo_plugins/package.ps1'
[122.919s] INFO:colcon.colcon_core.shell:Creating package descriptor '/home/ubuntu/rj_training_container/training_ws/install/stsl_gazebo_plugins/share/stsl_gazebo_plugins/package.dsv'
[122.937s] INFO:colcon.colcon_core.shell:Creating package script '/home/ubuntu/rj_training_container/training_ws/install/stsl_gazebo_plugins/share/stsl_gazebo_plugins/package.sh'
[122.954s] INFO:colcon.colcon_core.shell:Creating package script '/home/ubuntu/rj_training_container/training_ws/install/stsl_gazebo_plugins/share/stsl_gazebo_plugins/package.bash'
[122.970s] INFO:colcon.colcon_core.shell:Creating package script '/home/ubuntu/rj_training_container/training_ws/install/stsl_gazebo_plugins/share/stsl_gazebo_plugins/package.zsh'
[122.985s] Level 1:colcon.colcon_core.environment:create_file_with_runtime_dependencies(/home/ubuntu/rj_training_container/training_ws/install/stsl_gazebo_plugins/share/colcon-core/packages/stsl_gazebo_plugins)
[124.318s] Level 1:colcon.colcon_core.environment:create_environment_scripts_only(stsl_nav_plugins)
[124.319s] Level 1:colcon.colcon_core.environment:checking '/home/ubuntu/rj_training_container/training_ws/install/stsl_nav_plugins' for CMake module files
[124.415s] Level 1:colcon.colcon_core.environment:checking '/home/ubuntu/rj_training_container/training_ws/install/stsl_nav_plugins' for CMake config files
[124.506s] Level 1:colcon.colcon_core.shell:create_environment_hook('stsl_nav_plugins', 'cmake_prefix_path')
[124.507s] INFO:colcon.colcon_core.shell:Creating environment hook '/home/ubuntu/rj_training_container/training_ws/install/stsl_nav_plugins/share/stsl_nav_plugins/hook/cmake_prefix_path.ps1'
[124.523s] INFO:colcon.colcon_core.shell:Creating environment descriptor '/home/ubuntu/rj_training_container/training_ws/install/stsl_nav_plugins/share/stsl_nav_plugins/hook/cmake_prefix_path.dsv'
[124.539s] INFO:colcon.colcon_core.shell:Creating environment hook '/home/ubuntu/rj_training_container/training_ws/install/stsl_nav_plugins/share/stsl_nav_plugins/hook/cmake_prefix_path.sh'
[124.559s] Level 1:colcon.colcon_core.environment:checking '/home/ubuntu/rj_training_container/training_ws/install/stsl_nav_plugins/lib'
[124.563s] Level 1:colcon.colcon_core.shell:create_environment_hook('stsl_nav_plugins', 'ld_library_path_lib')
[124.563s] INFO:colcon.colcon_core.shell:Creating environment hook '/home/ubuntu/rj_training_container/training_ws/install/stsl_nav_plugins/share/stsl_nav_plugins/hook/ld_library_path_lib.ps1'
[124.580s] INFO:colcon.colcon_core.shell:Creating environment descriptor '/home/ubuntu/rj_training_container/training_ws/install/stsl_nav_plugins/share/stsl_nav_plugins/hook/ld_library_path_lib.dsv'
[124.596s] INFO:colcon.colcon_core.shell:Creating environment hook '/home/ubuntu/rj_training_container/training_ws/install/stsl_nav_plugins/share/stsl_nav_plugins/hook/ld_library_path_lib.sh'
[124.613s] Level 1:colcon.colcon_core.environment:checking '/home/ubuntu/rj_training_container/training_ws/install/stsl_nav_plugins/bin'
[124.614s] Level 1:colcon.colcon_core.environment:checking '/home/ubuntu/rj_training_container/training_ws/install/stsl_nav_plugins/lib/pkgconfig/stsl_nav_plugins.pc'
[124.616s] Level 1:colcon.colcon_core.environment:checking '/home/ubuntu/rj_training_container/training_ws/install/stsl_nav_plugins/lib/python3.10/site-packages'
[124.618s] Level 1:colcon.colcon_core.environment:checking '/home/ubuntu/rj_training_container/training_ws/install/stsl_nav_plugins/bin'
[124.620s] INFO:colcon.colcon_core.shell:Creating package script '/home/ubuntu/rj_training_container/training_ws/install/stsl_nav_plugins/share/stsl_nav_plugins/package.ps1'
[124.634s] INFO:colcon.colcon_core.shell:Creating package descriptor '/home/ubuntu/rj_training_container/training_ws/install/stsl_nav_plugins/share/stsl_nav_plugins/package.dsv'
[124.655s] INFO:colcon.colcon_core.shell:Creating package script '/home/ubuntu/rj_training_container/training_ws/install/stsl_nav_plugins/share/stsl_nav_plugins/package.sh'
[124.670s] INFO:colcon.colcon_core.shell:Creating package script '/home/ubuntu/rj_training_container/training_ws/install/stsl_nav_plugins/share/stsl_nav_plugins/package.bash'
[124.684s] INFO:colcon.colcon_core.shell:Creating package script '/home/ubuntu/rj_training_container/training_ws/install/stsl_nav_plugins/share/stsl_nav_plugins/package.zsh'
[124.699s] Level 1:colcon.colcon_core.environment:create_file_with_runtime_dependencies(/home/ubuntu/rj_training_container/training_ws/install/stsl_nav_plugins/share/colcon-core/packages/stsl_nav_plugins)
[126.914s] Level 1:colcon.colcon_core.environment:create_environment_scripts_only(stsl_utils)
[126.915s] Level 1:colcon.colcon_core.environment:checking '/home/ubuntu/rj_training_container/training_ws/install/stsl_utils' for CMake module files
[126.992s] Level 1:colcon.colcon_core.environment:checking '/home/ubuntu/rj_training_container/training_ws/install/stsl_utils' for CMake config files
[127.065s] Level 1:colcon.colcon_core.shell:create_environment_hook('stsl_utils', 'cmake_prefix_path')
[127.066s] INFO:colcon.colcon_core.shell:Creating environment hook '/home/ubuntu/rj_training_container/training_ws/install/stsl_utils/share/stsl_utils/hook/cmake_prefix_path.ps1'
[127.080s] INFO:colcon.colcon_core.shell:Creating environment descriptor '/home/ubuntu/rj_training_container/training_ws/install/stsl_utils/share/stsl_utils/hook/cmake_prefix_path.dsv'
[127.096s] INFO:colcon.colcon_core.shell:Creating environment hook '/home/ubuntu/rj_training_container/training_ws/install/stsl_utils/share/stsl_utils/hook/cmake_prefix_path.sh'
[127.113s] Level 1:colcon.colcon_core.environment:checking '/home/ubuntu/rj_training_container/training_ws/install/stsl_utils/lib'
[127.117s] Level 1:colcon.colcon_core.shell:create_environment_hook('stsl_utils', 'ld_library_path_lib')
[127.117s] INFO:colcon.colcon_core.shell:Creating environment hook '/home/ubuntu/rj_training_container/training_ws/install/stsl_utils/share/stsl_utils/hook/ld_library_path_lib.ps1'
[127.131s] INFO:colcon.colcon_core.shell:Creating environment descriptor '/home/ubuntu/rj_training_container/training_ws/install/stsl_utils/share/stsl_utils/hook/ld_library_path_lib.dsv'
[127.144s] INFO:colcon.colcon_core.shell:Creating environment hook '/home/ubuntu/rj_training_container/training_ws/install/stsl_utils/share/stsl_utils/hook/ld_library_path_lib.sh'
[127.157s] Level 1:colcon.colcon_core.environment:checking '/home/ubuntu/rj_training_container/training_ws/install/stsl_utils/bin'
[127.158s] Level 1:colcon.colcon_core.environment:checking '/home/ubuntu/rj_training_container/training_ws/install/stsl_utils/lib/pkgconfig/stsl_utils.pc'
[127.160s] Level 1:colcon.colcon_core.environment:checking '/home/ubuntu/rj_training_container/training_ws/install/stsl_utils/lib/python3.10/site-packages'
[127.162s] Level 1:colcon.colcon_core.environment:checking '/home/ubuntu/rj_training_container/training_ws/install/stsl_utils/bin'
[127.163s] INFO:colcon.colcon_core.shell:Creating package script '/home/ubuntu/rj_training_container/training_ws/install/stsl_utils/share/stsl_utils/package.ps1'
[127.174s] INFO:colcon.colcon_core.shell:Creating package descriptor '/home/ubuntu/rj_training_container/training_ws/install/stsl_utils/share/stsl_utils/package.dsv'
[127.185s] INFO:colcon.colcon_core.shell:Creating package script '/home/ubuntu/rj_training_container/training_ws/install/stsl_utils/share/stsl_utils/package.sh'
[127.200s] INFO:colcon.colcon_core.shell:Creating package script '/home/ubuntu/rj_training_container/training_ws/install/stsl_utils/share/stsl_utils/package.bash'
[127.211s] INFO:colcon.colcon_core.shell:Creating package script '/home/ubuntu/rj_training_container/training_ws/install/stsl_utils/share/stsl_utils/package.zsh'
[127.223s] Level 1:colcon.colcon_core.environment:create_file_with_runtime_dependencies(/home/ubuntu/rj_training_container/training_ws/install/stsl_utils/share/colcon-core/packages/stsl_utils)
[153.015s] DEBUG:colcon.colcon_core.event_handler.log_command:Invoking command in '/home/ubuntu/rj_training_container/training_ws/build/joystick_msgs': CMAKE_PREFIX_PATH=${CMAKE_PREFIX_PATH}:/home/ubuntu/rj_training_container/training_ws/install/keyboard:/opt/ros/humble /usr/bin/cmake --install /home/ubuntu/rj_training_container/training_ws/build/joystick_msgs
[160.284s] Level 1:colcon.colcon_core.environment:create_environment_scripts_only(joystick_msgs)
[160.285s] Level 1:colcon.colcon_core.environment:checking '/home/ubuntu/rj_training_container/training_ws/install/joystick_msgs' for CMake module files
[160.286s] DEBUG:colcon.colcon_core.event_handler.log_command:Invoked command in '/home/ubuntu/rj_training_container/training_ws/build/joystick_msgs' returned '0': CMAKE_PREFIX_PATH=${CMAKE_PREFIX_PATH}:/home/ubuntu/rj_training_container/training_ws/install/keyboard:/opt/ros/humble /usr/bin/cmake --install /home/ubuntu/rj_training_container/training_ws/build/joystick_msgs
[160.480s] Level 1:colcon.colcon_core.environment:checking '/home/ubuntu/rj_training_container/training_ws/install/joystick_msgs' for CMake config files
[160.636s] Level 1:colcon.colcon_core.shell:create_environment_hook('joystick_msgs', 'cmake_prefix_path')
[160.636s] INFO:colcon.colcon_core.shell:Creating environment hook '/home/ubuntu/rj_training_container/training_ws/install/joystick_msgs/share/joystick_msgs/hook/cmake_prefix_path.ps1'
[160.649s] INFO:colcon.colcon_core.shell:Creating environment descriptor '/home/ubuntu/rj_training_container/training_ws/install/joystick_msgs/share/joystick_msgs/hook/cmake_prefix_path.dsv'
[160.662s] INFO:colcon.colcon_core.shell:Creating environment hook '/home/ubuntu/rj_training_container/training_ws/install/joystick_msgs/share/joystick_msgs/hook/cmake_prefix_path.sh'
[160.677s] Level 1:colcon.colcon_core.environment:checking '/home/ubuntu/rj_training_container/training_ws/install/joystick_msgs/lib'
[160.681s] Level 1:colcon.colcon_core.shell:create_environment_hook('joystick_msgs', 'ld_library_path_lib')
[160.681s] INFO:colcon.colcon_core.shell:Creating environment hook '/home/ubuntu/rj_training_container/training_ws/install/joystick_msgs/share/joystick_msgs/hook/ld_library_path_lib.ps1'
[160.693s] INFO:colcon.colcon_core.shell:Creating environment descriptor '/home/ubuntu/rj_training_container/training_ws/install/joystick_msgs/share/joystick_msgs/hook/ld_library_path_lib.dsv'
[160.707s] INFO:colcon.colcon_core.shell:Creating environment hook '/home/ubuntu/rj_training_container/training_ws/install/joystick_msgs/share/joystick_msgs/hook/ld_library_path_lib.sh'
[160.719s] Level 1:colcon.colcon_core.environment:checking '/home/ubuntu/rj_training_container/training_ws/install/joystick_msgs/bin'
[160.720s] Level 1:colcon.colcon_core.environment:checking '/home/ubuntu/rj_training_container/training_ws/install/joystick_msgs/lib/pkgconfig/joystick_msgs.pc'
[160.722s] Level 1:colcon.colcon_core.environment:checking '/home/ubuntu/rj_training_container/training_ws/install/joystick_msgs/lib/python3.10/site-packages'
[160.724s] Level 1:colcon.colcon_core.environment:checking '/home/ubuntu/rj_training_container/training_ws/install/joystick_msgs/bin'
[160.725s] INFO:colcon.colcon_core.shell:Creating package script '/home/ubuntu/rj_training_container/training_ws/install/joystick_msgs/share/joystick_msgs/package.ps1'
[160.734s] INFO:colcon.colcon_core.shell:Creating package descriptor '/home/ubuntu/rj_training_container/training_ws/install/joystick_msgs/share/joystick_msgs/package.dsv'
[160.744s] INFO:colcon.colcon_core.shell:Creating package script '/home/ubuntu/rj_training_container/training_ws/install/joystick_msgs/share/joystick_msgs/package.sh'
[160.756s] INFO:colcon.colcon_core.shell:Creating package script '/home/ubuntu/rj_training_container/training_ws/install/joystick_msgs/share/joystick_msgs/package.bash'
[160.767s] INFO:colcon.colcon_core.shell:Creating package script '/home/ubuntu/rj_training_container/training_ws/install/joystick_msgs/share/joystick_msgs/package.zsh'
[160.778s] Level 1:colcon.colcon_core.environment:create_file_with_runtime_dependencies(/home/ubuntu/rj_training_container/training_ws/install/joystick_msgs/share/colcon-core/packages/joystick_msgs)
[198.066s] Level 1:colcon.colcon_core.environment:create_environment_scripts_only(joystick_msgs)
[198.066s] Level 1:colcon.colcon_core.environment:checking '/home/ubuntu/rj_training_container/training_ws/install/joystick_msgs' for CMake module files
[198.312s] Level 1:colcon.colcon_core.environment:checking '/home/ubuntu/rj_training_container/training_ws/install/joystick_msgs' for CMake config files
[198.507s] Level 1:colcon.colcon_core.shell:create_environment_hook('joystick_msgs', 'cmake_prefix_path')
[198.507s] INFO:colcon.colcon_core.shell:Creating environment hook '/home/ubuntu/rj_training_container/training_ws/install/joystick_msgs/share/joystick_msgs/hook/cmake_prefix_path.ps1'
[198.523s] INFO:colcon.colcon_core.shell:Creating environment descriptor '/home/ubuntu/rj_training_container/training_ws/install/joystick_msgs/share/joystick_msgs/hook/cmake_prefix_path.dsv'
[198.538s] INFO:colcon.colcon_core.shell:Creating environment hook '/home/ubuntu/rj_training_container/training_ws/install/joystick_msgs/share/joystick_msgs/hook/cmake_prefix_path.sh'
[198.557s] Level 1:colcon.colcon_core.environment:checking '/home/ubuntu/rj_training_container/training_ws/install/joystick_msgs/lib'
[198.562s] Level 1:colcon.colcon_core.shell:create_environment_hook('joystick_msgs', 'ld_library_path_lib')
[198.562s] INFO:colcon.colcon_core.shell:Creating environment hook '/home/ubuntu/rj_training_container/training_ws/install/joystick_msgs/share/joystick_msgs/hook/ld_library_path_lib.ps1'
[198.577s] INFO:colcon.colcon_core.shell:Creating environment descriptor '/home/ubuntu/rj_training_container/training_ws/install/joystick_msgs/share/joystick_msgs/hook/ld_library_path_lib.dsv'
[198.592s] INFO:colcon.colcon_core.shell:Creating environment hook '/home/ubuntu/rj_training_container/training_ws/install/joystick_msgs/share/joystick_msgs/hook/ld_library_path_lib.sh'
[198.607s] Level 1:colcon.colcon_core.environment:checking '/home/ubuntu/rj_training_container/training_ws/install/joystick_msgs/bin'
[198.609s] Level 1:colcon.colcon_core.environment:checking '/home/ubuntu/rj_training_container/training_ws/install/joystick_msgs/lib/pkgconfig/joystick_msgs.pc'
[198.611s] Level 1:colcon.colcon_core.environment:checking '/home/ubuntu/rj_training_container/training_ws/install/joystick_msgs/lib/python3.10/site-packages'
[198.613s] Level 1:colcon.colcon_core.environment:checking '/home/ubuntu/rj_training_container/training_ws/install/joystick_msgs/bin'
[198.614s] INFO:colcon.colcon_core.shell:Creating package script '/home/ubuntu/rj_training_container/training_ws/install/joystick_msgs/share/joystick_msgs/package.ps1'
[198.627s] INFO:colcon.colcon_core.shell:Creating package descriptor '/home/ubuntu/rj_training_container/training_ws/install/joystick_msgs/share/joystick_msgs/package.dsv'
[198.638s] INFO:colcon.colcon_core.shell:Creating package script '/home/ubuntu/rj_training_container/training_ws/install/joystick_msgs/share/joystick_msgs/package.sh'
[198.651s] INFO:colcon.colcon_core.shell:Creating package script '/home/ubuntu/rj_training_container/training_ws/install/joystick_msgs/share/joystick_msgs/package.bash'
[198.664s] INFO:colcon.colcon_core.shell:Creating package script '/home/ubuntu/rj_training_container/training_ws/install/joystick_msgs/share/joystick_msgs/package.zsh'
[198.676s] Level 1:colcon.colcon_core.environment:create_file_with_runtime_dependencies(/home/ubuntu/rj_training_container/training_ws/install/joystick_msgs/share/colcon-core/packages/joystick_msgs)
[198.687s] INFO:colcon.colcon_ros.task.ament_cmake.build:Building ROS package in '/home/ubuntu/rj_training_container/training_ws/src/trainingv2/controller_project/joystick_package' with build type 'ament_cmake'
[198.688s] INFO:colcon.colcon_cmake.task.cmake.build:Building CMake package in '/home/ubuntu/rj_training_container/training_ws/src/trainingv2/controller_project/joystick_package'
[198.688s] INFO:colcon.colcon_core.shell:Skip shell extension 'powershell' for command environment: Not usable outside of PowerShell
[198.689s] DEBUG:colcon.colcon_core.shell:Skip shell extension 'dsv' for command environment
[200.642s] DEBUG:colcon.colcon_core.event_handler.log_command:Invoking command in '/home/ubuntu/rj_training_container/training_ws/build/joystick_package': CMAKE_PREFIX_PATH=/home/ubuntu/rj_training_container/training_ws/install/joystick_msgs:/home/ubuntu/rj_training_container/training_ws/install/stsl_desktop:/home/ubuntu/rj_training_container/training_ws/install/traini_bringup:/home/ubuntu/rj_training_container/training_ws/install/traini_gazebo:/home/ubuntu/rj_training_container/training_ws/install/traini_description:/home/ubuntu/rj_training_container/training_ws/install/teleop:/home/ubuntu/rj_training_container/training_ws/install/stsl_utils:/home/ubuntu/rj_training_container/training_ws/install/stsl_rviz_plugins:/home/ubuntu/rj_training_container/training_ws/install/stsl_nav_plugins:/home/ubuntu/rj_training_container/training_ws/install/mission_orchestration:/home/ubuntu/rj_training_container/training_ws/install/stsl_bt_nodes:/home/ubuntu/rj_training_container/training_ws/install/stsl_aruco_tags:/home/ubuntu/rj_training_container/training_ws/install/peak_finder:/home/ubuntu/rj_training_container/training_ws/install/mineral_deposit_tracking:/home/ubuntu/rj_training_container/training_ws/install/mineral_deposit_detection:/home/ubuntu/rj_training_container/training_ws/install/localization:/home/ubuntu/rj_training_container/training_ws/install/elevation_server:/home/ubuntu/rj_training_container/training_ws/install/coordinate_transform:/home/ubuntu/rj_training_container/training_ws/install/stsl_interfaces:/home/ubuntu/rj_training_container/training_ws/install/stsl_gazebo_plugins:/home/ubuntu/rj_training_container/training_ws/install/rj_training_bringup:/home/ubuntu/rj_training_container/training_ws/install/obstacle_detector:/home/ubuntu/rj_training_container/training_ws/install/mapping:/home/ubuntu/rj_training_container/training_ws/install/joystick_package:/home/ubuntu/rj_training_container/training_ws/install/controllers:/home/ubuntu/rj_training_container/training_ws/install/astar_path_planner:/home/ubuntu/rj_training_container/training_ws/install/keyboard:/opt/ros/humble LD_LIBRARY_PATH=/home/ubuntu/rj_training_container/training_ws/install/joystick_msgs/lib:/home/ubuntu/rj_training_container/training_ws/install/teleop/lib:/home/ubuntu/rj_training_container/training_ws/install/stsl_utils/lib:/home/ubuntu/rj_training_container/training_ws/install/stsl_rviz_plugins/lib:/home/ubuntu/rj_training_container/training_ws/install/stsl_nav_plugins/lib:/home/ubuntu/rj_training_container/training_ws/install/mission_orchestration/lib:/home/ubuntu/rj_training_container/training_ws/install/stsl_bt_nodes/lib:/home/ubuntu/rj_training_container/training_ws/install/stsl_aruco_tags/lib:/home/ubuntu/rj_training_container/training_ws/install/peak_finder/lib:/home/ubuntu/rj_training_container/training_ws/install/mineral_deposit_tracking/lib:/home/ubuntu/rj_training_container/training_ws/install/mineral_deposit_detection/lib:/home/ubuntu/rj_training_container/training_ws/install/localization/lib:/home/ubuntu/rj_training_container/training_ws/install/elevation_server/lib:/home/ubuntu/rj_training_container/training_ws/install/coordinate_transform/lib:/home/ubuntu/rj_training_container/training_ws/install/stsl_interfaces/lib:/home/ubuntu/rj_training_container/training_ws/install/stsl_gazebo_plugins/lib:/home/ubuntu/rj_training_container/training_ws/install/obstacle_detector/lib:/home/ubuntu/rj_training_container/training_ws/install/mapping/lib:/home/ubuntu/rj_training_container/training_ws/install/joystick_package/lib:/home/ubuntu/rj_training_container/training_ws/install/controllers/lib:/home/ubuntu/rj_training_container/training_ws/install/astar_path_planner/lib:/usr/lib/x86_64-linux-gnu/gazebo-11/plugins:/opt/ros/humble/opt/rviz_ogre_vendor/lib:/opt/ros/humble/lib/x86_64-linux-gnu:/opt/ros/humble/lib /usr/bin/cmake --build /home/ubuntu/rj_training_container/training_ws/build/joystick_package -- -j16 -l16
[213.703s] DEBUG:colcon.colcon_core.event_handler.log_command:Invoked command in '/home/ubuntu/rj_training_container/training_ws/build/joystick_package' returned '0': CMAKE_PREFIX_PATH=/home/ubuntu/rj_training_container/training_ws/install/joystick_msgs:/home/ubuntu/rj_training_container/training_ws/install/stsl_desktop:/home/ubuntu/rj_training_container/training_ws/install/traini_bringup:/home/ubuntu/rj_training_container/training_ws/install/traini_gazebo:/home/ubuntu/rj_training_container/training_ws/install/traini_description:/home/ubuntu/rj_training_container/training_ws/install/teleop:/home/ubuntu/rj_training_container/training_ws/install/stsl_utils:/home/ubuntu/rj_training_container/training_ws/install/stsl_rviz_plugins:/home/ubuntu/rj_training_container/training_ws/install/stsl_nav_plugins:/home/ubuntu/rj_training_container/training_ws/install/mission_orchestration:/home/ubuntu/rj_training_container/training_ws/install/stsl_bt_nodes:/home/ubuntu/rj_training_container/training_ws/install/stsl_aruco_tags:/home/ubuntu/rj_training_container/training_ws/install/peak_finder:/home/ubuntu/rj_training_container/training_ws/install/mineral_deposit_tracking:/home/ubuntu/rj_training_container/training_ws/install/mineral_deposit_detection:/home/ubuntu/rj_training_container/training_ws/install/localization:/home/ubuntu/rj_training_container/training_ws/install/elevation_server:/home/ubuntu/rj_training_container/training_ws/install/coordinate_transform:/home/ubuntu/rj_training_container/training_ws/install/stsl_interfaces:/home/ubuntu/rj_training_container/training_ws/install/stsl_gazebo_plugins:/home/ubuntu/rj_training_container/training_ws/install/rj_training_bringup:/home/ubuntu/rj_training_container/training_ws/install/obstacle_detector:/home/ubuntu/rj_training_container/training_ws/install/mapping:/home/ubuntu/rj_training_container/training_ws/install/joystick_package:/home/ubuntu/rj_training_container/training_ws/install/controllers:/home/ubuntu/rj_training_container/training_ws/install/astar_path_planner:/home/ubuntu/rj_training_container/training_ws/install/keyboard:/opt/ros/humble LD_LIBRARY_PATH=/home/ubuntu/rj_training_container/training_ws/install/joystick_msgs/lib:/home/ubuntu/rj_training_container/training_ws/install/teleop/lib:/home/ubuntu/rj_training_container/training_ws/install/stsl_utils/lib:/home/ubuntu/rj_training_container/training_ws/install/stsl_rviz_plugins/lib:/home/ubuntu/rj_training_container/training_ws/install/stsl_nav_plugins/lib:/home/ubuntu/rj_training_container/training_ws/install/mission_orchestration/lib:/home/ubuntu/rj_training_container/training_ws/install/stsl_bt_nodes/lib:/home/ubuntu/rj_training_container/training_ws/install/stsl_aruco_tags/lib:/home/ubuntu/rj_training_container/training_ws/install/peak_finder/lib:/home/ubuntu/rj_training_container/training_ws/install/mineral_deposit_tracking/lib:/home/ubuntu/rj_training_container/training_ws/install/mineral_deposit_detection/lib:/home/ubuntu/rj_training_container/training_ws/install/localization/lib:/home/ubuntu/rj_training_container/training_ws/install/elevation_server/lib:/home/ubuntu/rj_training_container/training_ws/install/coordinate_transform/lib:/home/ubuntu/rj_training_container/training_ws/install/stsl_interfaces/lib:/home/ubuntu/rj_training_container/training_ws/install/stsl_gazebo_plugins/lib:/home/ubuntu/rj_training_container/training_ws/install/obstacle_detector/lib:/home/ubuntu/rj_training_container/training_ws/install/mapping/lib:/home/ubuntu/rj_training_container/training_ws/install/joystick_package/lib:/home/ubuntu/rj_training_container/training_ws/install/controllers/lib:/home/ubuntu/rj_training_container/training_ws/install/astar_path_planner/lib:/usr/lib/x86_64-linux-gnu/gazebo-11/plugins:/opt/ros/humble/opt/rviz_ogre_vendor/lib:/opt/ros/humble/lib/x86_64-linux-gnu:/opt/ros/humble/lib /usr/bin/cmake --build /home/ubuntu/rj_training_container/training_ws/build/joystick_package -- -j16 -l16
[227.133s] DEBUG:colcon.colcon_core.event_handler.log_command:Invoking command in '/home/ubuntu/rj_training_container/training_ws/build/joystick_package': CMAKE_PREFIX_PATH=/home/ubuntu/rj_training_container/training_ws/install/joystick_msgs:/home/ubuntu/rj_training_container/training_ws/install/stsl_desktop:/home/ubuntu/rj_training_container/training_ws/install/traini_bringup:/home/ubuntu/rj_training_container/training_ws/install/traini_gazebo:/home/ubuntu/rj_training_container/training_ws/install/traini_description:/home/ubuntu/rj_training_container/training_ws/install/teleop:/home/ubuntu/rj_training_container/training_ws/install/stsl_utils:/home/ubuntu/rj_training_container/training_ws/install/stsl_rviz_plugins:/home/ubuntu/rj_training_container/training_ws/install/stsl_nav_plugins:/home/ubuntu/rj_training_container/training_ws/install/mission_orchestration:/home/ubuntu/rj_training_container/training_ws/install/stsl_bt_nodes:/home/ubuntu/rj_training_container/training_ws/install/stsl_aruco_tags:/home/ubuntu/rj_training_container/training_ws/install/peak_finder:/home/ubuntu/rj_training_container/training_ws/install/mineral_deposit_tracking:/home/ubuntu/rj_training_container/training_ws/install/mineral_deposit_detection:/home/ubuntu/rj_training_container/training_ws/install/localization:/home/ubuntu/rj_training_container/training_ws/install/elevation_server:/home/ubuntu/rj_training_container/training_ws/install/coordinate_transform:/home/ubuntu/rj_training_container/training_ws/install/stsl_interfaces:/home/ubuntu/rj_training_container/training_ws/install/stsl_gazebo_plugins:/home/ubuntu/rj_training_container/training_ws/install/rj_training_bringup:/home/ubuntu/rj_training_container/training_ws/install/obstacle_detector:/home/ubuntu/rj_training_container/training_ws/install/mapping:/home/ubuntu/rj_training_container/training_ws/install/joystick_package:/home/ubuntu/rj_training_container/training_ws/install/controllers:/home/ubuntu/rj_training_container/training_ws/install/astar_path_planner:/home/ubuntu/rj_training_container/training_ws/install/keyboard:/opt/ros/humble LD_LIBRARY_PATH=/home/ubuntu/rj_training_container/training_ws/install/joystick_msgs/lib:/home/ubuntu/rj_training_container/training_ws/install/teleop/lib:/home/ubuntu/rj_training_container/training_ws/install/stsl_utils/lib:/home/ubuntu/rj_training_container/training_ws/install/stsl_rviz_plugins/lib:/home/ubuntu/rj_training_container/training_ws/install/stsl_nav_plugins/lib:/home/ubuntu/rj_training_container/training_ws/install/mission_orchestration/lib:/home/ubuntu/rj_training_container/training_ws/install/stsl_bt_nodes/lib:/home/ubuntu/rj_training_container/training_ws/install/stsl_aruco_tags/lib:/home/ubuntu/rj_training_container/training_ws/install/peak_finder/lib:/home/ubuntu/rj_training_container/training_ws/install/mineral_deposit_tracking/lib:/home/ubuntu/rj_training_container/training_ws/install/mineral_deposit_detection/lib:/home/ubuntu/rj_training_container/training_ws/install/localization/lib:/home/ubuntu/rj_training_container/training_ws/install/elevation_server/lib:/home/ubuntu/rj_training_container/training_ws/install/coordinate_transform/lib:/home/ubuntu/rj_training_container/training_ws/install/stsl_interfaces/lib:/home/ubuntu/rj_training_container/training_ws/install/stsl_gazebo_plugins/lib:/home/ubuntu/rj_training_container/training_ws/install/obstacle_detector/lib:/home/ubuntu/rj_training_container/training_ws/install/mapping/lib:/home/ubuntu/rj_training_container/training_ws/install/joystick_package/lib:/home/ubuntu/rj_training_container/training_ws/install/controllers/lib:/home/ubuntu/rj_training_container/training_ws/install/astar_path_planner/lib:/usr/lib/x86_64-linux-gnu/gazebo-11/plugins:/opt/ros/humble/opt/rviz_ogre_vendor/lib:/opt/ros/humble/lib/x86_64-linux-gnu:/opt/ros/humble/lib /usr/bin/cmake --install /home/ubuntu/rj_training_container/training_ws/build/joystick_package
[229.565s] Level 1:colcon.colcon_core.environment:create_environment_scripts_only(joystick_package)
[229.565s] Level 1:colcon.colcon_core.environment:checking '/home/ubuntu/rj_training_container/training_ws/install/joystick_package' for CMake module files
[229.566s] DEBUG:colcon.colcon_core.event_handler.log_command:Invoked command in '/home/ubuntu/rj_training_container/training_ws/build/joystick_package' returned '0': CMAKE_PREFIX_PATH=/home/ubuntu/rj_training_container/training_ws/install/joystick_msgs:/home/ubuntu/rj_training_container/training_ws/install/stsl_desktop:/home/ubuntu/rj_training_container/training_ws/install/traini_bringup:/home/ubuntu/rj_training_container/training_ws/install/traini_gazebo:/home/ubuntu/rj_training_container/training_ws/install/traini_description:/home/ubuntu/rj_training_container/training_ws/install/teleop:/home/ubuntu/rj_training_container/training_ws/install/stsl_utils:/home/ubuntu/rj_training_container/training_ws/install/stsl_rviz_plugins:/home/ubuntu/rj_training_container/training_ws/install/stsl_nav_plugins:/home/ubuntu/rj_training_container/training_ws/install/mission_orchestration:/home/ubuntu/rj_training_container/training_ws/install/stsl_bt_nodes:/home/ubuntu/rj_training_container/training_ws/install/stsl_aruco_tags:/home/ubuntu/rj_training_container/training_ws/install/peak_finder:/home/ubuntu/rj_training_container/training_ws/install/mineral_deposit_tracking:/home/ubuntu/rj_training_container/training_ws/install/mineral_deposit_detection:/home/ubuntu/rj_training_container/training_ws/install/localization:/home/ubuntu/rj_training_container/training_ws/install/elevation_server:/home/ubuntu/rj_training_container/training_ws/install/coordinate_transform:/home/ubuntu/rj_training_container/training_ws/install/stsl_interfaces:/home/ubuntu/rj_training_container/training_ws/install/stsl_gazebo_plugins:/home/ubuntu/rj_training_container/training_ws/install/rj_training_bringup:/home/ubuntu/rj_training_container/training_ws/install/obstacle_detector:/home/ubuntu/rj_training_container/training_ws/install/mapping:/home/ubuntu/rj_training_container/training_ws/install/joystick_package:/home/ubuntu/rj_training_container/training_ws/install/controllers:/home/ubuntu/rj_training_container/training_ws/install/astar_path_planner:/home/ubuntu/rj_training_container/training_ws/install/keyboard:/opt/ros/humble LD_LIBRARY_PATH=/home/ubuntu/rj_training_container/training_ws/install/joystick_msgs/lib:/home/ubuntu/rj_training_container/training_ws/install/teleop/lib:/home/ubuntu/rj_training_container/training_ws/install/stsl_utils/lib:/home/ubuntu/rj_training_container/training_ws/install/stsl_rviz_plugins/lib:/home/ubuntu/rj_training_container/training_ws/install/stsl_nav_plugins/lib:/home/ubuntu/rj_training_container/training_ws/install/mission_orchestration/lib:/home/ubuntu/rj_training_container/training_ws/install/stsl_bt_nodes/lib:/home/ubuntu/rj_training_container/training_ws/install/stsl_aruco_tags/lib:/home/ubuntu/rj_training_container/training_ws/install/peak_finder/lib:/home/ubuntu/rj_training_container/training_ws/install/mineral_deposit_tracking/lib:/home/ubuntu/rj_training_container/training_ws/install/mineral_deposit_detection/lib:/home/ubuntu/rj_training_container/training_ws/install/localization/lib:/home/ubuntu/rj_training_container/training_ws/install/elevation_server/lib:/home/ubuntu/rj_training_container/training_ws/install/coordinate_transform/lib:/home/ubuntu/rj_training_container/training_ws/install/stsl_interfaces/lib:/home/ubuntu/rj_training_container/training_ws/install/stsl_gazebo_plugins/lib:/home/ubuntu/rj_training_container/training_ws/install/obstacle_detector/lib:/home/ubuntu/rj_training_container/training_ws/install/mapping/lib:/home/ubuntu/rj_training_container/training_ws/install/joystick_package/lib:/home/ubuntu/rj_training_container/training_ws/install/controllers/lib:/home/ubuntu/rj_training_container/training_ws/install/astar_path_planner/lib:/usr/lib/x86_64-linux-gnu/gazebo-11/plugins:/opt/ros/humble/opt/rviz_ogre_vendor/lib:/opt/ros/humble/lib/x86_64-linux-gnu:/opt/ros/humble/lib /usr/bin/cmake --install /home/ubuntu/rj_training_container/training_ws/build/joystick_package
[229.659s] Level 1:colcon.colcon_core.environment:checking '/home/ubuntu/rj_training_container/training_ws/install/joystick_package' for CMake config files
[229.722s] Level 1:colcon.colcon_core.shell:create_environment_hook('joystick_package', 'cmake_prefix_path')
[229.723s] INFO:colcon.colcon_core.shell:Creating environment hook '/home/ubuntu/rj_training_container/training_ws/install/joystick_package/share/joystick_package/hook/cmake_prefix_path.ps1'
[229.736s] INFO:colcon.colcon_core.shell:Creating environment descriptor '/home/ubuntu/rj_training_container/training_ws/install/joystick_package/share/joystick_package/hook/cmake_prefix_path.dsv'
[229.749s] INFO:colcon.colcon_core.shell:Creating environment hook '/home/ubuntu/rj_training_container/training_ws/install/joystick_package/share/joystick_package/hook/cmake_prefix_path.sh'
[229.765s] Level 1:colcon.colcon_core.environment:checking '/home/ubuntu/rj_training_container/training_ws/install/joystick_package/lib'
[229.768s] Level 1:colcon.colcon_core.shell:create_environment_hook('joystick_package', 'ld_library_path_lib')
[229.769s] INFO:colcon.colcon_core.shell:Creating environment hook '/home/ubuntu/rj_training_container/training_ws/install/joystick_package/share/joystick_package/hook/ld_library_path_lib.ps1'
[229.781s] INFO:colcon.colcon_core.shell:Creating environment descriptor '/home/ubuntu/rj_training_container/training_ws/install/joystick_package/share/joystick_package/hook/ld_library_path_lib.dsv'
[229.794s] INFO:colcon.colcon_core.shell:Creating environment hook '/home/ubuntu/rj_training_container/training_ws/install/joystick_package/share/joystick_package/hook/ld_library_path_lib.sh'
[229.808s] Level 1:colcon.colcon_core.environment:checking '/home/ubuntu/rj_training_container/training_ws/install/joystick_package/bin'
[229.809s] Level 1:colcon.colcon_core.environment:checking '/home/ubuntu/rj_training_container/training_ws/install/joystick_package/lib/pkgconfig/joystick_package.pc'
[229.811s] Level 1:colcon.colcon_core.environment:checking '/home/ubuntu/rj_training_container/training_ws/install/joystick_package/lib/python3.10/site-packages'
[229.812s] Level 1:colcon.colcon_core.environment:checking '/home/ubuntu/rj_training_container/training_ws/install/joystick_package/bin'
[229.814s] INFO:colcon.colcon_core.shell:Creating package script '/home/ubuntu/rj_training_container/training_ws/install/joystick_package/share/joystick_package/package.ps1'
[229.824s] INFO:colcon.colcon_core.shell:Creating package descriptor '/home/ubuntu/rj_training_container/training_ws/install/joystick_package/share/joystick_package/package.dsv'
[229.834s] INFO:colcon.colcon_core.shell:Creating package script '/home/ubuntu/rj_training_container/training_ws/install/joystick_package/share/joystick_package/package.sh'
[229.845s] INFO:colcon.colcon_core.shell:Creating package script '/home/ubuntu/rj_training_container/training_ws/install/joystick_package/share/joystick_package/package.bash'
[229.855s] INFO:colcon.colcon_core.shell:Creating package script '/home/ubuntu/rj_training_container/training_ws/install/joystick_package/share/joystick_package/package.zsh'
[229.866s] Level 1:colcon.colcon_core.environment:create_file_with_runtime_dependencies(/home/ubuntu/rj_training_container/training_ws/install/joystick_package/share/colcon-core/packages/joystick_package)
[243.393s] Level 1:colcon.colcon_core.environment:create_environment_scripts_only(joystick_package)
[243.393s] Level 1:colcon.colcon_core.environment:checking '/home/ubuntu/rj_training_container/training_ws/install/joystick_package' for CMake module files
[243.487s] Level 1:colcon.colcon_core.environment:checking '/home/ubuntu/rj_training_container/training_ws/install/joystick_package' for CMake config files
[243.553s] Level 1:colcon.colcon_core.shell:create_environment_hook('joystick_package', 'cmake_prefix_path')
[243.554s] INFO:colcon.colcon_core.shell:Creating environment hook '/home/ubuntu/rj_training_container/training_ws/install/joystick_package/share/joystick_package/hook/cmake_prefix_path.ps1'
[243.569s] INFO:colcon.colcon_core.shell:Creating environment descriptor '/home/ubuntu/rj_training_container/training_ws/install/joystick_package/share/joystick_package/hook/cmake_prefix_path.dsv'
[243.582s] INFO:colcon.colcon_core.shell:Creating environment hook '/home/ubuntu/rj_training_container/training_ws/install/joystick_package/share/joystick_package/hook/cmake_prefix_path.sh'
[243.597s] Level 1:colcon.colcon_core.environment:checking '/home/ubuntu/rj_training_container/training_ws/install/joystick_package/lib'
[243.601s] Level 1:colcon.colcon_core.shell:create_environment_hook('joystick_package', 'ld_library_path_lib')
[243.601s] INFO:colcon.colcon_core.shell:Creating environment hook '/home/ubuntu/rj_training_container/training_ws/install/joystick_package/share/joystick_package/hook/ld_library_path_lib.ps1'
[243.614s] INFO:colcon.colcon_core.shell:Creating environment descriptor '/home/ubuntu/rj_training_container/training_ws/install/joystick_package/share/joystick_package/hook/ld_library_path_lib.dsv'
[243.626s] INFO:colcon.colcon_core.shell:Creating environment hook '/home/ubuntu/rj_training_container/training_ws/install/joystick_package/share/joystick_package/hook/ld_library_path_lib.sh'
[243.639s] Level 1:colcon.colcon_core.environment:checking '/home/ubuntu/rj_training_container/training_ws/install/joystick_package/bin'
[243.640s] Level 1:colcon.colcon_core.environment:checking '/home/ubuntu/rj_training_container/training_ws/install/joystick_package/lib/pkgconfig/joystick_package.pc'
[243.642s] Level 1:colcon.colcon_core.environment:checking '/home/ubuntu/rj_training_container/training_ws/install/joystick_package/lib/python3.10/site-packages'
[243.643s] Level 1:colcon.colcon_core.environment:checking '/home/ubuntu/rj_training_container/training_ws/install/joystick_package/bin'
[243.644s] INFO:colcon.colcon_core.shell:Creating package script '/home/ubuntu/rj_training_container/training_ws/install/joystick_package/share/joystick_package/package.ps1'
[243.653s] INFO:colcon.colcon_core.shell:Creating package descriptor '/home/ubuntu/rj_training_container/training_ws/install/joystick_package/share/joystick_package/package.dsv'
[243.665s] INFO:colcon.colcon_core.shell:Creating package script '/home/ubuntu/rj_training_container/training_ws/install/joystick_package/share/joystick_package/package.sh'
[243.677s] INFO:colcon.colcon_core.shell:Creating package script '/home/ubuntu/rj_training_container/training_ws/install/joystick_package/share/joystick_package/package.bash'
[243.688s] INFO:colcon.colcon_core.shell:Creating package script '/home/ubuntu/rj_training_container/training_ws/install/joystick_package/share/joystick_package/package.zsh'
[243.705s] Level 1:colcon.colcon_core.environment:create_file_with_runtime_dependencies(/home/ubuntu/rj_training_container/training_ws/install/joystick_package/share/colcon-core/packages/joystick_package)
[265.678s] DEBUG:colcon.colcon_core.event_handler.log_command:Invoking command in '/home/ubuntu/rj_training_container/training_ws/build/stsl_interfaces': CMAKE_PREFIX_PATH=${CMAKE_PREFIX_PATH}:/home/ubuntu/rj_training_container/training_ws/install/keyboard:/opt/ros/humble /usr/bin/cmake --install /home/ubuntu/rj_training_container/training_ws/build/stsl_interfaces
[279.760s] Level 1:colcon.colcon_core.environment:create_environment_scripts_only(stsl_interfaces)
[279.761s] Level 1:colcon.colcon_core.environment:checking '/home/ubuntu/rj_training_container/training_ws/install/stsl_interfaces' for CMake module files
[279.762s] DEBUG:colcon.colcon_core.event_handler.log_command:Invoked command in '/home/ubuntu/rj_training_container/training_ws/build/stsl_interfaces' returned '0': CMAKE_PREFIX_PATH=${CMAKE_PREFIX_PATH}:/home/ubuntu/rj_training_container/training_ws/install/keyboard:/opt/ros/humble /usr/bin/cmake --install /home/ubuntu/rj_training_container/training_ws/build/stsl_interfaces
[279.991s] Level 1:colcon.colcon_core.environment:checking '/home/ubuntu/rj_training_container/training_ws/install/stsl_interfaces' for CMake config files
[280.257s] Level 1:colcon.colcon_core.shell:create_environment_hook('stsl_interfaces', 'cmake_prefix_path')
[280.258s] INFO:colcon.colcon_core.shell:Creating environment hook '/home/ubuntu/rj_training_container/training_ws/install/stsl_interfaces/share/stsl_interfaces/hook/cmake_prefix_path.ps1'
[280.271s] INFO:colcon.colcon_core.shell:Creating environment descriptor '/home/ubuntu/rj_training_container/training_ws/install/stsl_interfaces/share/stsl_interfaces/hook/cmake_prefix_path.dsv'
[280.286s] INFO:colcon.colcon_core.shell:Creating environment hook '/home/ubuntu/rj_training_container/training_ws/install/stsl_interfaces/share/stsl_interfaces/hook/cmake_prefix_path.sh'
[280.303s] Level 1:colcon.colcon_core.environment:checking '/home/ubuntu/rj_training_container/training_ws/install/stsl_interfaces/lib'
[280.308s] Level 1:colcon.colcon_core.shell:create_environment_hook('stsl_interfaces', 'ld_library_path_lib')
[280.308s] INFO:colcon.colcon_core.shell:Creating environment hook '/home/ubuntu/rj_training_container/training_ws/install/stsl_interfaces/share/stsl_interfaces/hook/ld_library_path_lib.ps1'
[280.321s] INFO:colcon.colcon_core.shell:Creating environment descriptor '/home/ubuntu/rj_training_container/training_ws/install/stsl_interfaces/share/stsl_interfaces/hook/ld_library_path_lib.dsv'
[280.338s] INFO:colcon.colcon_core.shell:Creating environment hook '/home/ubuntu/rj_training_container/training_ws/install/stsl_interfaces/share/stsl_interfaces/hook/ld_library_path_lib.sh'
[280.355s] Level 1:colcon.colcon_core.environment:checking '/home/ubuntu/rj_training_container/training_ws/install/stsl_interfaces/bin'
[280.357s] Level 1:colcon.colcon_core.environment:checking '/home/ubuntu/rj_training_container/training_ws/install/stsl_interfaces/lib/pkgconfig/stsl_interfaces.pc'
[280.359s] Level 1:colcon.colcon_core.environment:checking '/home/ubuntu/rj_training_container/training_ws/install/stsl_interfaces/lib/python3.10/site-packages'
[280.362s] Level 1:colcon.colcon_core.environment:checking '/home/ubuntu/rj_training_container/training_ws/install/stsl_interfaces/bin'
[280.363s] INFO:colcon.colcon_core.shell:Creating package script '/home/ubuntu/rj_training_container/training_ws/install/stsl_interfaces/share/stsl_interfaces/package.ps1'
[280.375s] INFO:colcon.colcon_core.shell:Creating package descriptor '/home/ubuntu/rj_training_container/training_ws/install/stsl_interfaces/share/stsl_interfaces/package.dsv'
[280.386s] INFO:colcon.colcon_core.shell:Creating package script '/home/ubuntu/rj_training_container/training_ws/install/stsl_interfaces/share/stsl_interfaces/package.sh'
[280.399s] INFO:colcon.colcon_core.shell:Creating package script '/home/ubuntu/rj_training_container/training_ws/install/stsl_interfaces/share/stsl_interfaces/package.bash'
[280.411s] INFO:colcon.colcon_core.shell:Creating package script '/home/ubuntu/rj_training_container/training_ws/install/stsl_interfaces/share/stsl_interfaces/package.zsh'
[280.423s] Level 1:colcon.colcon_core.environment:create_file_with_runtime_dependencies(/home/ubuntu/rj_training_container/training_ws/install/stsl_interfaces/share/colcon-core/packages/stsl_interfaces)
[465.531s] Level 1:colcon.colcon_core.environment:create_environment_scripts_only(stsl_interfaces)
[465.532s] Level 1:colcon.colcon_core.environment:checking '/home/ubuntu/rj_training_container/training_ws/install/stsl_interfaces' for CMake module files
[465.775s] Level 1:colcon.colcon_core.environment:checking '/home/ubuntu/rj_training_container/training_ws/install/stsl_interfaces' for CMake config files
[466.036s] Level 1:colcon.colcon_core.shell:create_environment_hook('stsl_interfaces', 'cmake_prefix_path')
[466.037s] INFO:colcon.colcon_core.shell:Creating environment hook '/home/ubuntu/rj_training_container/training_ws/install/stsl_interfaces/share/stsl_interfaces/hook/cmake_prefix_path.ps1'
[466.063s] INFO:colcon.colcon_core.shell:Creating environment descriptor '/home/ubuntu/rj_training_container/training_ws/install/stsl_interfaces/share/stsl_interfaces/hook/cmake_prefix_path.dsv'
[466.080s] INFO:colcon.colcon_core.shell:Creating environment hook '/home/ubuntu/rj_training_container/training_ws/install/stsl_interfaces/share/stsl_interfaces/hook/cmake_prefix_path.sh'
[466.102s] Level 1:colcon.colcon_core.environment:checking '/home/ubuntu/rj_training_container/training_ws/install/stsl_interfaces/lib'
[466.106s] Level 1:colcon.colcon_core.shell:create_environment_hook('stsl_interfaces', 'ld_library_path_lib')
[466.107s] INFO:colcon.colcon_core.shell:Creating environment hook '/home/ubuntu/rj_training_container/training_ws/install/stsl_interfaces/share/stsl_interfaces/hook/ld_library_path_lib.ps1'
[466.124s] INFO:colcon.colcon_core.shell:Creating environment descriptor '/home/ubuntu/rj_training_container/training_ws/install/stsl_interfaces/share/stsl_interfaces/hook/ld_library_path_lib.dsv'
[466.139s] INFO:colcon.colcon_core.shell:Creating environment hook '/home/ubuntu/rj_training_container/training_ws/install/stsl_interfaces/share/stsl_interfaces/hook/ld_library_path_lib.sh'
[466.154s] Level 1:colcon.colcon_core.environment:checking '/home/ubuntu/rj_training_container/training_ws/install/stsl_interfaces/bin'
[466.156s] Level 1:colcon.colcon_core.environment:checking '/home/ubuntu/rj_training_container/training_ws/install/stsl_interfaces/lib/pkgconfig/stsl_interfaces.pc'
[466.158s] Level 1:colcon.colcon_core.environment:checking '/home/ubuntu/rj_training_container/training_ws/install/stsl_interfaces/lib/python3.10/site-packages'
[466.160s] Level 1:colcon.colcon_core.environment:checking '/home/ubuntu/rj_training_container/training_ws/install/stsl_interfaces/bin'
[466.162s] INFO:colcon.colcon_core.shell:Creating package script '/home/ubuntu/rj_training_container/training_ws/install/stsl_interfaces/share/stsl_interfaces/package.ps1'
[466.175s] INFO:colcon.colcon_core.shell:Creating package descriptor '/home/ubuntu/rj_training_container/training_ws/install/stsl_interfaces/share/stsl_interfaces/package.dsv'
[466.191s] INFO:colcon.colcon_core.shell:Creating package script '/home/ubuntu/rj_training_container/training_ws/install/stsl_interfaces/share/stsl_interfaces/package.sh'
[466.204s] INFO:colcon.colcon_core.shell:Creating package script '/home/ubuntu/rj_training_container/training_ws/install/stsl_interfaces/share/stsl_interfaces/package.bash'
[466.216s] INFO:colcon.colcon_core.shell:Creating package script '/home/ubuntu/rj_training_container/training_ws/install/stsl_interfaces/share/stsl_interfaces/package.zsh'
[466.229s] Level 1:colcon.colcon_core.environment:create_file_with_runtime_dependencies(/home/ubuntu/rj_training_container/training_ws/install/stsl_interfaces/share/colcon-core/packages/stsl_interfaces)
[466.239s] INFO:colcon.colcon_ros.task.ament_cmake.build:Building ROS package in '/home/ubuntu/rj_training_container/training_ws/src/stsl/stsl_aruco_tags' with build type 'ament_cmake'
[466.240s] INFO:colcon.colcon_cmake.task.cmake.build:Building CMake package in '/home/ubuntu/rj_training_container/training_ws/src/stsl/stsl_aruco_tags'
[466.240s] INFO:colcon.colcon_core.shell:Skip shell extension 'powershell' for command environment: Not usable outside of PowerShell
[466.240s] DEBUG:colcon.colcon_core.shell:Skip shell extension 'dsv' for command environment
[466.678s] INFO:colcon.colcon_ros.task.ament_cmake.build:Building ROS package in '/home/ubuntu/rj_training_container/training_ws/src/stsl/stsl_bt_nodes' with build type 'ament_cmake'
[466.678s] INFO:colcon.colcon_cmake.task.cmake.build:Building CMake package in '/home/ubuntu/rj_training_container/training_ws/src/stsl/stsl_bt_nodes'
[466.679s] INFO:colcon.colcon_core.shell:Skip shell extension 'powershell' for command environment: Not usable outside of PowerShell
[466.679s] DEBUG:colcon.colcon_core.shell:Skip shell extension 'dsv' for command environment
[466.999s] INFO:colcon.colcon_ros.task.ament_cmake.build:Building ROS package in '/home/ubuntu/rj_training_container/training_ws/src/stsl/elevation_server' with build type 'ament_cmake'
[466.999s] INFO:colcon.colcon_cmake.task.cmake.build:Building CMake package in '/home/ubuntu/rj_training_container/training_ws/src/stsl/elevation_server'
[467.000s] INFO:colcon.colcon_core.shell:Skip shell extension 'powershell' for command environment: Not usable outside of PowerShell
[467.001s] DEBUG:colcon.colcon_core.shell:Skip shell extension 'dsv' for command environment
[467.339s] INFO:colcon.colcon_ros.task.ament_cmake.build:Building ROS package in '/home/ubuntu/rj_training_container/training_ws/src/stsl/mineral_deposit_detection' with build type 'ament_cmake'
[467.339s] INFO:colcon.colcon_cmake.task.cmake.build:Building CMake package in '/home/ubuntu/rj_training_container/training_ws/src/stsl/mineral_deposit_detection'
[467.340s] INFO:colcon.colcon_core.shell:Skip shell extension 'powershell' for command environment: Not usable outside of PowerShell
[467.340s] DEBUG:colcon.colcon_core.shell:Skip shell extension 'dsv' for command environment
[467.716s] INFO:colcon.colcon_ros.task.ament_cmake.build:Building ROS package in '/home/ubuntu/rj_training_container/training_ws/src/stsl/stsl_rviz_plugins' with build type 'ament_cmake'
[467.717s] INFO:colcon.colcon_cmake.task.cmake.build:Building CMake package in '/home/ubuntu/rj_training_container/training_ws/src/stsl/stsl_rviz_plugins'
[467.717s] INFO:colcon.colcon_core.shell:Skip shell extension 'powershell' for command environment: Not usable outside of PowerShell
[467.718s] DEBUG:colcon.colcon_core.shell:Skip shell extension 'dsv' for command environment
[468.156s] INFO:colcon.colcon_ros.task.ament_cmake.build:Building ROS package in '/home/ubuntu/rj_training_container/training_ws/src/software-training-old/coordinate_transform' with build type 'ament_cmake'
[468.156s] INFO:colcon.colcon_cmake.task.cmake.build:Building CMake package in '/home/ubuntu/rj_training_container/training_ws/src/software-training-old/coordinate_transform'
[468.157s] INFO:colcon.colcon_core.shell:Skip shell extension 'powershell' for command environment: Not usable outside of PowerShell
[468.157s] DEBUG:colcon.colcon_core.shell:Skip shell extension 'dsv' for command environment
[468.635s] INFO:colcon.colcon_ros.task.ament_cmake.build:Building ROS package in '/home/ubuntu/rj_training_container/training_ws/src/software-training-old/localization' with build type 'ament_cmake'
[468.635s] INFO:colcon.colcon_cmake.task.cmake.build:Building CMake package in '/home/ubuntu/rj_training_container/training_ws/src/software-training-old/localization'
[468.636s] INFO:colcon.colcon_core.shell:Skip shell extension 'powershell' for command environment: Not usable outside of PowerShell
[468.637s] DEBUG:colcon.colcon_core.shell:Skip shell extension 'dsv' for command environment
[469.108s] INFO:colcon.colcon_ros.task.ament_cmake.build:Building ROS package in '/home/ubuntu/rj_training_container/training_ws/src/software-training-old/mineral_deposit_tracking' with build type 'ament_cmake'
[469.109s] INFO:colcon.colcon_cmake.task.cmake.build:Building CMake package in '/home/ubuntu/rj_training_container/training_ws/src/software-training-old/mineral_deposit_tracking'
[469.109s] INFO:colcon.colcon_core.shell:Skip shell extension 'powershell' for command environment: Not usable outside of PowerShell
[469.110s] DEBUG:colcon.colcon_core.shell:Skip shell extension 'dsv' for command environment
[469.573s] INFO:colcon.colcon_ros.task.ament_cmake.build:Building ROS package in '/home/ubuntu/rj_training_container/training_ws/src/software-training-old/peak_finder' with build type 'ament_cmake'
[469.574s] INFO:colcon.colcon_cmake.task.cmake.build:Building CMake package in '/home/ubuntu/rj_training_container/training_ws/src/software-training-old/peak_finder'
[469.575s] INFO:colcon.colcon_core.shell:Skip shell extension 'powershell' for command environment: Not usable outside of PowerShell
[469.576s] DEBUG:colcon.colcon_core.shell:Skip shell extension 'dsv' for command environment
[470.147s] DEBUG:colcon.colcon_core.event_handler.log_command:Invoking command in '/home/ubuntu/rj_training_container/training_ws/build/stsl_aruco_tags': CMAKE_PREFIX_PATH=/home/ubuntu/rj_training_container/training_ws/install/stsl_interfaces:/home/ubuntu/rj_training_container/training_ws/install/stsl_desktop:/home/ubuntu/rj_training_container/training_ws/install/traini_bringup:/home/ubuntu/rj_training_container/training_ws/install/traini_gazebo:/home/ubuntu/rj_training_container/training_ws/install/traini_description:/home/ubuntu/rj_training_container/training_ws/install/teleop:/home/ubuntu/rj_training_container/training_ws/install/stsl_utils:/home/ubuntu/rj_training_container/training_ws/install/stsl_rviz_plugins:/home/ubuntu/rj_training_container/training_ws/install/stsl_nav_plugins:/home/ubuntu/rj_training_container/training_ws/install/mission_orchestration:/home/ubuntu/rj_training_container/training_ws/install/stsl_bt_nodes:/home/ubuntu/rj_training_container/training_ws/install/stsl_aruco_tags:/home/ubuntu/rj_training_container/training_ws/install/peak_finder:/home/ubuntu/rj_training_container/training_ws/install/mineral_deposit_tracking:/home/ubuntu/rj_training_container/training_ws/install/mineral_deposit_detection:/home/ubuntu/rj_training_container/training_ws/install/localization:/home/ubuntu/rj_training_container/training_ws/install/elevation_server:/home/ubuntu/rj_training_container/training_ws/install/coordinate_transform:/home/ubuntu/rj_training_container/training_ws/install/stsl_gazebo_plugins:/home/ubuntu/rj_training_container/training_ws/install/rj_training_bringup:/home/ubuntu/rj_training_container/training_ws/install/obstacle_detector:/home/ubuntu/rj_training_container/training_ws/install/mapping:/home/ubuntu/rj_training_container/training_ws/install/joystick_package:/home/ubuntu/rj_training_container/training_ws/install/joystick_msgs:/home/ubuntu/rj_training_container/training_ws/install/controllers:/home/ubuntu/rj_training_container/training_ws/install/astar_path_planner:/home/ubuntu/rj_training_container/training_ws/install/keyboard:/opt/ros/humble LD_LIBRARY_PATH=/home/ubuntu/rj_training_container/training_ws/install/stsl_interfaces/lib:/home/ubuntu/rj_training_container/training_ws/install/teleop/lib:/home/ubuntu/rj_training_container/training_ws/install/stsl_utils/lib:/home/ubuntu/rj_training_container/training_ws/install/stsl_rviz_plugins/lib:/home/ubuntu/rj_training_container/training_ws/install/stsl_nav_plugins/lib:/home/ubuntu/rj_training_container/training_ws/install/mission_orchestration/lib:/home/ubuntu/rj_training_container/training_ws/install/stsl_bt_nodes/lib:/home/ubuntu/rj_training_container/training_ws/install/stsl_aruco_tags/lib:/home/ubuntu/rj_training_container/training_ws/install/peak_finder/lib:/home/ubuntu/rj_training_container/training_ws/install/mineral_deposit_tracking/lib:/home/ubuntu/rj_training_container/training_ws/install/mineral_deposit_detection/lib:/home/ubuntu/rj_training_container/training_ws/install/localization/lib:/home/ubuntu/rj_training_container/training_ws/install/elevation_server/lib:/home/ubuntu/rj_training_container/training_ws/install/coordinate_transform/lib:/home/ubuntu/rj_training_container/training_ws/install/stsl_gazebo_plugins/lib:/home/ubuntu/rj_training_container/training_ws/install/obstacle_detector/lib:/home/ubuntu/rj_training_container/training_ws/install/mapping/lib:/home/ubuntu/rj_training_container/training_ws/install/joystick_package/lib:/home/ubuntu/rj_training_container/training_ws/install/joystick_msgs/lib:/home/ubuntu/rj_training_container/training_ws/install/controllers/lib:/home/ubuntu/rj_training_container/training_ws/install/astar_path_planner/lib:/usr/lib/x86_64-linux-gnu/gazebo-11/plugins:/opt/ros/humble/opt/rviz_ogre_vendor/lib:/opt/ros/humble/lib/x86_64-linux-gnu:/opt/ros/humble/lib /usr/bin/cmake --build /home/ubuntu/rj_training_container/training_ws/build/stsl_aruco_tags -- -j16 -l16
[470.247s] DEBUG:colcon.colcon_core.event_handler.log_command:Invoking command in '/home/ubuntu/rj_training_container/training_ws/build/stsl_bt_nodes': CMAKE_PREFIX_PATH=/home/ubuntu/rj_training_container/training_ws/install/stsl_interfaces:/home/ubuntu/rj_training_container/training_ws/install/stsl_desktop:/home/ubuntu/rj_training_container/training_ws/install/traini_bringup:/home/ubuntu/rj_training_container/training_ws/install/traini_gazebo:/home/ubuntu/rj_training_container/training_ws/install/traini_description:/home/ubuntu/rj_training_container/training_ws/install/teleop:/home/ubuntu/rj_training_container/training_ws/install/stsl_utils:/home/ubuntu/rj_training_container/training_ws/install/stsl_rviz_plugins:/home/ubuntu/rj_training_container/training_ws/install/stsl_nav_plugins:/home/ubuntu/rj_training_container/training_ws/install/mission_orchestration:/home/ubuntu/rj_training_container/training_ws/install/stsl_bt_nodes:/home/ubuntu/rj_training_container/training_ws/install/stsl_aruco_tags:/home/ubuntu/rj_training_container/training_ws/install/peak_finder:/home/ubuntu/rj_training_container/training_ws/install/mineral_deposit_tracking:/home/ubuntu/rj_training_container/training_ws/install/mineral_deposit_detection:/home/ubuntu/rj_training_container/training_ws/install/localization:/home/ubuntu/rj_training_container/training_ws/install/elevation_server:/home/ubuntu/rj_training_container/training_ws/install/coordinate_transform:/home/ubuntu/rj_training_container/training_ws/install/stsl_gazebo_plugins:/home/ubuntu/rj_training_container/training_ws/install/rj_training_bringup:/home/ubuntu/rj_training_container/training_ws/install/obstacle_detector:/home/ubuntu/rj_training_container/training_ws/install/mapping:/home/ubuntu/rj_training_container/training_ws/install/joystick_package:/home/ubuntu/rj_training_container/training_ws/install/joystick_msgs:/home/ubuntu/rj_training_container/training_ws/install/controllers:/home/ubuntu/rj_training_container/training_ws/install/astar_path_planner:/home/ubuntu/rj_training_container/training_ws/install/keyboard:/opt/ros/humble LD_LIBRARY_PATH=/home/ubuntu/rj_training_container/training_ws/install/stsl_interfaces/lib:/home/ubuntu/rj_training_container/training_ws/install/teleop/lib:/home/ubuntu/rj_training_container/training_ws/install/stsl_utils/lib:/home/ubuntu/rj_training_container/training_ws/install/stsl_rviz_plugins/lib:/home/ubuntu/rj_training_container/training_ws/install/stsl_nav_plugins/lib:/home/ubuntu/rj_training_container/training_ws/install/mission_orchestration/lib:/home/ubuntu/rj_training_container/training_ws/install/stsl_bt_nodes/lib:/home/ubuntu/rj_training_container/training_ws/install/stsl_aruco_tags/lib:/home/ubuntu/rj_training_container/training_ws/install/peak_finder/lib:/home/ubuntu/rj_training_container/training_ws/install/mineral_deposit_tracking/lib:/home/ubuntu/rj_training_container/training_ws/install/mineral_deposit_detection/lib:/home/ubuntu/rj_training_container/training_ws/install/localization/lib:/home/ubuntu/rj_training_container/training_ws/install/elevation_server/lib:/home/ubuntu/rj_training_container/training_ws/install/coordinate_transform/lib:/home/ubuntu/rj_training_container/training_ws/install/stsl_gazebo_plugins/lib:/home/ubuntu/rj_training_container/training_ws/install/obstacle_detector/lib:/home/ubuntu/rj_training_container/training_ws/install/mapping/lib:/home/ubuntu/rj_training_container/training_ws/install/joystick_package/lib:/home/ubuntu/rj_training_container/training_ws/install/joystick_msgs/lib:/home/ubuntu/rj_training_container/training_ws/install/controllers/lib:/home/ubuntu/rj_training_container/training_ws/install/astar_path_planner/lib:/usr/lib/x86_64-linux-gnu/gazebo-11/plugins:/opt/ros/humble/opt/rviz_ogre_vendor/lib:/opt/ros/humble/lib/x86_64-linux-gnu:/opt/ros/humble/lib /usr/bin/cmake --build /home/ubuntu/rj_training_container/training_ws/build/stsl_bt_nodes -- -j16 -l16
[470.356s] DEBUG:colcon.colcon_core.event_handler.log_command:Invoking command in '/home/ubuntu/rj_training_container/training_ws/build/elevation_server': CMAKE_PREFIX_PATH=/home/ubuntu/rj_training_container/training_ws/install/stsl_interfaces:/home/ubuntu/rj_training_container/training_ws/install/stsl_desktop:/home/ubuntu/rj_training_container/training_ws/install/traini_bringup:/home/ubuntu/rj_training_container/training_ws/install/traini_gazebo:/home/ubuntu/rj_training_container/training_ws/install/traini_description:/home/ubuntu/rj_training_container/training_ws/install/teleop:/home/ubuntu/rj_training_container/training_ws/install/stsl_utils:/home/ubuntu/rj_training_container/training_ws/install/stsl_rviz_plugins:/home/ubuntu/rj_training_container/training_ws/install/stsl_nav_plugins:/home/ubuntu/rj_training_container/training_ws/install/mission_orchestration:/home/ubuntu/rj_training_container/training_ws/install/stsl_bt_nodes:/home/ubuntu/rj_training_container/training_ws/install/stsl_aruco_tags:/home/ubuntu/rj_training_container/training_ws/install/peak_finder:/home/ubuntu/rj_training_container/training_ws/install/mineral_deposit_tracking:/home/ubuntu/rj_training_container/training_ws/install/mineral_deposit_detection:/home/ubuntu/rj_training_container/training_ws/install/localization:/home/ubuntu/rj_training_container/training_ws/install/elevation_server:/home/ubuntu/rj_training_container/training_ws/install/coordinate_transform:/home/ubuntu/rj_training_container/training_ws/install/stsl_gazebo_plugins:/home/ubuntu/rj_training_container/training_ws/install/rj_training_bringup:/home/ubuntu/rj_training_container/training_ws/install/obstacle_detector:/home/ubuntu/rj_training_container/training_ws/install/mapping:/home/ubuntu/rj_training_container/training_ws/install/joystick_package:/home/ubuntu/rj_training_container/training_ws/install/joystick_msgs:/home/ubuntu/rj_training_container/training_ws/install/controllers:/home/ubuntu/rj_training_container/training_ws/install/astar_path_planner:/home/ubuntu/rj_training_container/training_ws/install/keyboard:/opt/ros/humble LD_LIBRARY_PATH=/home/ubuntu/rj_training_container/training_ws/install/stsl_interfaces/lib:/home/ubuntu/rj_training_container/training_ws/install/teleop/lib:/home/ubuntu/rj_training_container/training_ws/install/stsl_utils/lib:/home/ubuntu/rj_training_container/training_ws/install/stsl_rviz_plugins/lib:/home/ubuntu/rj_training_container/training_ws/install/stsl_nav_plugins/lib:/home/ubuntu/rj_training_container/training_ws/install/mission_orchestration/lib:/home/ubuntu/rj_training_container/training_ws/install/stsl_bt_nodes/lib:/home/ubuntu/rj_training_container/training_ws/install/stsl_aruco_tags/lib:/home/ubuntu/rj_training_container/training_ws/install/peak_finder/lib:/home/ubuntu/rj_training_container/training_ws/install/mineral_deposit_tracking/lib:/home/ubuntu/rj_training_container/training_ws/install/mineral_deposit_detection/lib:/home/ubuntu/rj_training_container/training_ws/install/localization/lib:/home/ubuntu/rj_training_container/training_ws/install/elevation_server/lib:/home/ubuntu/rj_training_container/training_ws/install/coordinate_transform/lib:/home/ubuntu/rj_training_container/training_ws/install/stsl_gazebo_plugins/lib:/home/ubuntu/rj_training_container/training_ws/install/obstacle_detector/lib:/home/ubuntu/rj_training_container/training_ws/install/mapping/lib:/home/ubuntu/rj_training_container/training_ws/install/joystick_package/lib:/home/ubuntu/rj_training_container/training_ws/install/joystick_msgs/lib:/home/ubuntu/rj_training_container/training_ws/install/controllers/lib:/home/ubuntu/rj_training_container/training_ws/install/astar_path_planner/lib:/usr/lib/x86_64-linux-gnu/gazebo-11/plugins:/opt/ros/humble/opt/rviz_ogre_vendor/lib:/opt/ros/humble/lib/x86_64-linux-gnu:/opt/ros/humble/lib /usr/bin/cmake --build /home/ubuntu/rj_training_container/training_ws/build/elevation_server -- -j16 -l16
[470.470s] DEBUG:colcon.colcon_core.event_handler.log_command:Invoking command in '/home/ubuntu/rj_training_container/training_ws/build/mineral_deposit_detection': CMAKE_PREFIX_PATH=/home/ubuntu/rj_training_container/training_ws/install/stsl_interfaces:/home/ubuntu/rj_training_container/training_ws/install/stsl_desktop:/home/ubuntu/rj_training_container/training_ws/install/traini_bringup:/home/ubuntu/rj_training_container/training_ws/install/traini_gazebo:/home/ubuntu/rj_training_container/training_ws/install/traini_description:/home/ubuntu/rj_training_container/training_ws/install/teleop:/home/ubuntu/rj_training_container/training_ws/install/stsl_utils:/home/ubuntu/rj_training_container/training_ws/install/stsl_rviz_plugins:/home/ubuntu/rj_training_container/training_ws/install/stsl_nav_plugins:/home/ubuntu/rj_training_container/training_ws/install/mission_orchestration:/home/ubuntu/rj_training_container/training_ws/install/stsl_bt_nodes:/home/ubuntu/rj_training_container/training_ws/install/stsl_aruco_tags:/home/ubuntu/rj_training_container/training_ws/install/peak_finder:/home/ubuntu/rj_training_container/training_ws/install/mineral_deposit_tracking:/home/ubuntu/rj_training_container/training_ws/install/mineral_deposit_detection:/home/ubuntu/rj_training_container/training_ws/install/localization:/home/ubuntu/rj_training_container/training_ws/install/elevation_server:/home/ubuntu/rj_training_container/training_ws/install/coordinate_transform:/home/ubuntu/rj_training_container/training_ws/install/stsl_gazebo_plugins:/home/ubuntu/rj_training_container/training_ws/install/rj_training_bringup:/home/ubuntu/rj_training_container/training_ws/install/obstacle_detector:/home/ubuntu/rj_training_container/training_ws/install/mapping:/home/ubuntu/rj_training_container/training_ws/install/joystick_package:/home/ubuntu/rj_training_container/training_ws/install/joystick_msgs:/home/ubuntu/rj_training_container/training_ws/install/controllers:/home/ubuntu/rj_training_container/training_ws/install/astar_path_planner:/home/ubuntu/rj_training_container/training_ws/install/keyboard:/opt/ros/humble LD_LIBRARY_PATH=/home/ubuntu/rj_training_container/training_ws/install/stsl_interfaces/lib:/home/ubuntu/rj_training_container/training_ws/install/teleop/lib:/home/ubuntu/rj_training_container/training_ws/install/stsl_utils/lib:/home/ubuntu/rj_training_container/training_ws/install/stsl_rviz_plugins/lib:/home/ubuntu/rj_training_container/training_ws/install/stsl_nav_plugins/lib:/home/ubuntu/rj_training_container/training_ws/install/mission_orchestration/lib:/home/ubuntu/rj_training_container/training_ws/install/stsl_bt_nodes/lib:/home/ubuntu/rj_training_container/training_ws/install/stsl_aruco_tags/lib:/home/ubuntu/rj_training_container/training_ws/install/peak_finder/lib:/home/ubuntu/rj_training_container/training_ws/install/mineral_deposit_tracking/lib:/home/ubuntu/rj_training_container/training_ws/install/mineral_deposit_detection/lib:/home/ubuntu/rj_training_container/training_ws/install/localization/lib:/home/ubuntu/rj_training_container/training_ws/install/elevation_server/lib:/home/ubuntu/rj_training_container/training_ws/install/coordinate_transform/lib:/home/ubuntu/rj_training_container/training_ws/install/stsl_gazebo_plugins/lib:/home/ubuntu/rj_training_container/training_ws/install/obstacle_detector/lib:/home/ubuntu/rj_training_container/training_ws/install/mapping/lib:/home/ubuntu/rj_training_container/training_ws/install/joystick_package/lib:/home/ubuntu/rj_training_container/training_ws/install/joystick_msgs/lib:/home/ubuntu/rj_training_container/training_ws/install/controllers/lib:/home/ubuntu/rj_training_container/training_ws/install/astar_path_planner/lib:/usr/lib/x86_64-linux-gnu/gazebo-11/plugins:/opt/ros/humble/opt/rviz_ogre_vendor/lib:/opt/ros/humble/lib/x86_64-linux-gnu:/opt/ros/humble/lib /usr/bin/cmake --build /home/ubuntu/rj_training_container/training_ws/build/mineral_deposit_detection -- -j16 -l16
[470.870s] DEBUG:colcon.colcon_core.event_handler.log_command:Invoking command in '/home/ubuntu/rj_training_container/training_ws/build/stsl_rviz_plugins': CMAKE_PREFIX_PATH=/home/ubuntu/rj_training_container/training_ws/install/stsl_interfaces:/home/ubuntu/rj_training_container/training_ws/install/stsl_desktop:/home/ubuntu/rj_training_container/training_ws/install/traini_bringup:/home/ubuntu/rj_training_container/training_ws/install/traini_gazebo:/home/ubuntu/rj_training_container/training_ws/install/traini_description:/home/ubuntu/rj_training_container/training_ws/install/teleop:/home/ubuntu/rj_training_container/training_ws/install/stsl_utils:/home/ubuntu/rj_training_container/training_ws/install/stsl_rviz_plugins:/home/ubuntu/rj_training_container/training_ws/install/stsl_nav_plugins:/home/ubuntu/rj_training_container/training_ws/install/mission_orchestration:/home/ubuntu/rj_training_container/training_ws/install/stsl_bt_nodes:/home/ubuntu/rj_training_container/training_ws/install/stsl_aruco_tags:/home/ubuntu/rj_training_container/training_ws/install/peak_finder:/home/ubuntu/rj_training_container/training_ws/install/mineral_deposit_tracking:/home/ubuntu/rj_training_container/training_ws/install/mineral_deposit_detection:/home/ubuntu/rj_training_container/training_ws/install/localization:/home/ubuntu/rj_training_container/training_ws/install/elevation_server:/home/ubuntu/rj_training_container/training_ws/install/coordinate_transform:/home/ubuntu/rj_training_container/training_ws/install/stsl_gazebo_plugins:/home/ubuntu/rj_training_container/training_ws/install/rj_training_bringup:/home/ubuntu/rj_training_container/training_ws/install/obstacle_detector:/home/ubuntu/rj_training_container/training_ws/install/mapping:/home/ubuntu/rj_training_container/training_ws/install/joystick_package:/home/ubuntu/rj_training_container/training_ws/install/joystick_msgs:/home/ubuntu/rj_training_container/training_ws/install/controllers:/home/ubuntu/rj_training_container/training_ws/install/astar_path_planner:/home/ubuntu/rj_training_container/training_ws/install/keyboard:/opt/ros/humble LD_LIBRARY_PATH=/home/ubuntu/rj_training_container/training_ws/install/stsl_interfaces/lib:/home/ubuntu/rj_training_container/training_ws/install/teleop/lib:/home/ubuntu/rj_training_container/training_ws/install/stsl_utils/lib:/home/ubuntu/rj_training_container/training_ws/install/stsl_rviz_plugins/lib:/home/ubuntu/rj_training_container/training_ws/install/stsl_nav_plugins/lib:/home/ubuntu/rj_training_container/training_ws/install/mission_orchestration/lib:/home/ubuntu/rj_training_container/training_ws/install/stsl_bt_nodes/lib:/home/ubuntu/rj_training_container/training_ws/install/stsl_aruco_tags/lib:/home/ubuntu/rj_training_container/training_ws/install/peak_finder/lib:/home/ubuntu/rj_training_container/training_ws/install/mineral_deposit_tracking/lib:/home/ubuntu/rj_training_container/training_ws/install/mineral_deposit_detection/lib:/home/ubuntu/rj_training_container/training_ws/install/localization/lib:/home/ubuntu/rj_training_container/training_ws/install/elevation_server/lib:/home/ubuntu/rj_training_container/training_ws/install/coordinate_transform/lib:/home/ubuntu/rj_training_container/training_ws/install/stsl_gazebo_plugins/lib:/home/ubuntu/rj_training_container/training_ws/install/obstacle_detector/lib:/home/ubuntu/rj_training_container/training_ws/install/mapping/lib:/home/ubuntu/rj_training_container/training_ws/install/joystick_package/lib:/home/ubuntu/rj_training_container/training_ws/install/joystick_msgs/lib:/home/ubuntu/rj_training_container/training_ws/install/controllers/lib:/home/ubuntu/rj_training_container/training_ws/install/astar_path_planner/lib:/usr/lib/x86_64-linux-gnu/gazebo-11/plugins:/opt/ros/humble/opt/rviz_ogre_vendor/lib:/opt/ros/humble/lib/x86_64-linux-gnu:/opt/ros/humble/lib /usr/bin/cmake --build /home/ubuntu/rj_training_container/training_ws/build/stsl_rviz_plugins -- -j16 -l16
[471.581s] DEBUG:colcon.colcon_core.event_handler.log_command:Invoking command in '/home/ubuntu/rj_training_container/training_ws/build/coordinate_transform': CMAKE_PREFIX_PATH=/home/ubuntu/rj_training_container/training_ws/install/stsl_interfaces:/home/ubuntu/rj_training_container/training_ws/install/stsl_desktop:/home/ubuntu/rj_training_container/training_ws/install/traini_bringup:/home/ubuntu/rj_training_container/training_ws/install/traini_gazebo:/home/ubuntu/rj_training_container/training_ws/install/traini_description:/home/ubuntu/rj_training_container/training_ws/install/teleop:/home/ubuntu/rj_training_container/training_ws/install/stsl_utils:/home/ubuntu/rj_training_container/training_ws/install/stsl_rviz_plugins:/home/ubuntu/rj_training_container/training_ws/install/stsl_nav_plugins:/home/ubuntu/rj_training_container/training_ws/install/mission_orchestration:/home/ubuntu/rj_training_container/training_ws/install/stsl_bt_nodes:/home/ubuntu/rj_training_container/training_ws/install/stsl_aruco_tags:/home/ubuntu/rj_training_container/training_ws/install/peak_finder:/home/ubuntu/rj_training_container/training_ws/install/mineral_deposit_tracking:/home/ubuntu/rj_training_container/training_ws/install/mineral_deposit_detection:/home/ubuntu/rj_training_container/training_ws/install/localization:/home/ubuntu/rj_training_container/training_ws/install/elevation_server:/home/ubuntu/rj_training_container/training_ws/install/coordinate_transform:/home/ubuntu/rj_training_container/training_ws/install/stsl_gazebo_plugins:/home/ubuntu/rj_training_container/training_ws/install/rj_training_bringup:/home/ubuntu/rj_training_container/training_ws/install/obstacle_detector:/home/ubuntu/rj_training_container/training_ws/install/mapping:/home/ubuntu/rj_training_container/training_ws/install/joystick_package:/home/ubuntu/rj_training_container/training_ws/install/joystick_msgs:/home/ubuntu/rj_training_container/training_ws/install/controllers:/home/ubuntu/rj_training_container/training_ws/install/astar_path_planner:/home/ubuntu/rj_training_container/training_ws/install/keyboard:/opt/ros/humble LD_LIBRARY_PATH=/home/ubuntu/rj_training_container/training_ws/install/stsl_interfaces/lib:/home/ubuntu/rj_training_container/training_ws/install/teleop/lib:/home/ubuntu/rj_training_container/training_ws/install/stsl_utils/lib:/home/ubuntu/rj_training_container/training_ws/install/stsl_rviz_plugins/lib:/home/ubuntu/rj_training_container/training_ws/install/stsl_nav_plugins/lib:/home/ubuntu/rj_training_container/training_ws/install/mission_orchestration/lib:/home/ubuntu/rj_training_container/training_ws/install/stsl_bt_nodes/lib:/home/ubuntu/rj_training_container/training_ws/install/stsl_aruco_tags/lib:/home/ubuntu/rj_training_container/training_ws/install/peak_finder/lib:/home/ubuntu/rj_training_container/training_ws/install/mineral_deposit_tracking/lib:/home/ubuntu/rj_training_container/training_ws/install/mineral_deposit_detection/lib:/home/ubuntu/rj_training_container/training_ws/install/localization/lib:/home/ubuntu/rj_training_container/training_ws/install/elevation_server/lib:/home/ubuntu/rj_training_container/training_ws/install/coordinate_transform/lib:/home/ubuntu/rj_training_container/training_ws/install/stsl_gazebo_plugins/lib:/home/ubuntu/rj_training_container/training_ws/install/obstacle_detector/lib:/home/ubuntu/rj_training_container/training_ws/install/mapping/lib:/home/ubuntu/rj_training_container/training_ws/install/joystick_package/lib:/home/ubuntu/rj_training_container/training_ws/install/joystick_msgs/lib:/home/ubuntu/rj_training_container/training_ws/install/controllers/lib:/home/ubuntu/rj_training_container/training_ws/install/astar_path_planner/lib:/usr/lib/x86_64-linux-gnu/gazebo-11/plugins:/opt/ros/humble/opt/rviz_ogre_vendor/lib:/opt/ros/humble/lib/x86_64-linux-gnu:/opt/ros/humble/lib /usr/bin/cmake --build /home/ubuntu/rj_training_container/training_ws/build/coordinate_transform -- -j16 -l16
[472.224s] DEBUG:colcon.colcon_core.event_handler.log_command:Invoking command in '/home/ubuntu/rj_training_container/training_ws/build/localization': CMAKE_PREFIX_PATH=/home/ubuntu/rj_training_container/training_ws/install/stsl_interfaces:/home/ubuntu/rj_training_container/training_ws/install/stsl_desktop:/home/ubuntu/rj_training_container/training_ws/install/traini_bringup:/home/ubuntu/rj_training_container/training_ws/install/traini_gazebo:/home/ubuntu/rj_training_container/training_ws/install/traini_description:/home/ubuntu/rj_training_container/training_ws/install/teleop:/home/ubuntu/rj_training_container/training_ws/install/stsl_utils:/home/ubuntu/rj_training_container/training_ws/install/stsl_rviz_plugins:/home/ubuntu/rj_training_container/training_ws/install/stsl_nav_plugins:/home/ubuntu/rj_training_container/training_ws/install/mission_orchestration:/home/ubuntu/rj_training_container/training_ws/install/stsl_bt_nodes:/home/ubuntu/rj_training_container/training_ws/install/stsl_aruco_tags:/home/ubuntu/rj_training_container/training_ws/install/peak_finder:/home/ubuntu/rj_training_container/training_ws/install/mineral_deposit_tracking:/home/ubuntu/rj_training_container/training_ws/install/mineral_deposit_detection:/home/ubuntu/rj_training_container/training_ws/install/localization:/home/ubuntu/rj_training_container/training_ws/install/elevation_server:/home/ubuntu/rj_training_container/training_ws/install/coordinate_transform:/home/ubuntu/rj_training_container/training_ws/install/stsl_gazebo_plugins:/home/ubuntu/rj_training_container/training_ws/install/rj_training_bringup:/home/ubuntu/rj_training_container/training_ws/install/obstacle_detector:/home/ubuntu/rj_training_container/training_ws/install/mapping:/home/ubuntu/rj_training_container/training_ws/install/joystick_package:/home/ubuntu/rj_training_container/training_ws/install/joystick_msgs:/home/ubuntu/rj_training_container/training_ws/install/controllers:/home/ubuntu/rj_training_container/training_ws/install/astar_path_planner:/home/ubuntu/rj_training_container/training_ws/install/keyboard:/opt/ros/humble LD_LIBRARY_PATH=/home/ubuntu/rj_training_container/training_ws/install/stsl_interfaces/lib:/home/ubuntu/rj_training_container/training_ws/install/teleop/lib:/home/ubuntu/rj_training_container/training_ws/install/stsl_utils/lib:/home/ubuntu/rj_training_container/training_ws/install/stsl_rviz_plugins/lib:/home/ubuntu/rj_training_container/training_ws/install/stsl_nav_plugins/lib:/home/ubuntu/rj_training_container/training_ws/install/mission_orchestration/lib:/home/ubuntu/rj_training_container/training_ws/install/stsl_bt_nodes/lib:/home/ubuntu/rj_training_container/training_ws/install/stsl_aruco_tags/lib:/home/ubuntu/rj_training_container/training_ws/install/peak_finder/lib:/home/ubuntu/rj_training_container/training_ws/install/mineral_deposit_tracking/lib:/home/ubuntu/rj_training_container/training_ws/install/mineral_deposit_detection/lib:/home/ubuntu/rj_training_container/training_ws/install/localization/lib:/home/ubuntu/rj_training_container/training_ws/install/elevation_server/lib:/home/ubuntu/rj_training_container/training_ws/install/coordinate_transform/lib:/home/ubuntu/rj_training_container/training_ws/install/stsl_gazebo_plugins/lib:/home/ubuntu/rj_training_container/training_ws/install/obstacle_detector/lib:/home/ubuntu/rj_training_container/training_ws/install/mapping/lib:/home/ubuntu/rj_training_container/training_ws/install/joystick_package/lib:/home/ubuntu/rj_training_container/training_ws/install/joystick_msgs/lib:/home/ubuntu/rj_training_container/training_ws/install/controllers/lib:/home/ubuntu/rj_training_container/training_ws/install/astar_path_planner/lib:/usr/lib/x86_64-linux-gnu/gazebo-11/plugins:/opt/ros/humble/opt/rviz_ogre_vendor/lib:/opt/ros/humble/lib/x86_64-linux-gnu:/opt/ros/humble/lib /usr/bin/cmake --build /home/ubuntu/rj_training_container/training_ws/build/localization -- -j16 -l16
[472.856s] DEBUG:colcon.colcon_core.event_handler.log_command:Invoking command in '/home/ubuntu/rj_training_container/training_ws/build/mineral_deposit_tracking': CMAKE_PREFIX_PATH=/home/ubuntu/rj_training_container/training_ws/install/stsl_interfaces:/home/ubuntu/rj_training_container/training_ws/install/stsl_desktop:/home/ubuntu/rj_training_container/training_ws/install/traini_bringup:/home/ubuntu/rj_training_container/training_ws/install/traini_gazebo:/home/ubuntu/rj_training_container/training_ws/install/traini_description:/home/ubuntu/rj_training_container/training_ws/install/teleop:/home/ubuntu/rj_training_container/training_ws/install/stsl_utils:/home/ubuntu/rj_training_container/training_ws/install/stsl_rviz_plugins:/home/ubuntu/rj_training_container/training_ws/install/stsl_nav_plugins:/home/ubuntu/rj_training_container/training_ws/install/mission_orchestration:/home/ubuntu/rj_training_container/training_ws/install/stsl_bt_nodes:/home/ubuntu/rj_training_container/training_ws/install/stsl_aruco_tags:/home/ubuntu/rj_training_container/training_ws/install/peak_finder:/home/ubuntu/rj_training_container/training_ws/install/mineral_deposit_tracking:/home/ubuntu/rj_training_container/training_ws/install/mineral_deposit_detection:/home/ubuntu/rj_training_container/training_ws/install/localization:/home/ubuntu/rj_training_container/training_ws/install/elevation_server:/home/ubuntu/rj_training_container/training_ws/install/coordinate_transform:/home/ubuntu/rj_training_container/training_ws/install/stsl_gazebo_plugins:/home/ubuntu/rj_training_container/training_ws/install/rj_training_bringup:/home/ubuntu/rj_training_container/training_ws/install/obstacle_detector:/home/ubuntu/rj_training_container/training_ws/install/mapping:/home/ubuntu/rj_training_container/training_ws/install/joystick_package:/home/ubuntu/rj_training_container/training_ws/install/joystick_msgs:/home/ubuntu/rj_training_container/training_ws/install/controllers:/home/ubuntu/rj_training_container/training_ws/install/astar_path_planner:/home/ubuntu/rj_training_container/training_ws/install/keyboard:/opt/ros/humble LD_LIBRARY_PATH=/home/ubuntu/rj_training_container/training_ws/install/stsl_interfaces/lib:/home/ubuntu/rj_training_container/training_ws/install/teleop/lib:/home/ubuntu/rj_training_container/training_ws/install/stsl_utils/lib:/home/ubuntu/rj_training_container/training_ws/install/stsl_rviz_plugins/lib:/home/ubuntu/rj_training_container/training_ws/install/stsl_nav_plugins/lib:/home/ubuntu/rj_training_container/training_ws/install/mission_orchestration/lib:/home/ubuntu/rj_training_container/training_ws/install/stsl_bt_nodes/lib:/home/ubuntu/rj_training_container/training_ws/install/stsl_aruco_tags/lib:/home/ubuntu/rj_training_container/training_ws/install/peak_finder/lib:/home/ubuntu/rj_training_container/training_ws/install/mineral_deposit_tracking/lib:/home/ubuntu/rj_training_container/training_ws/install/mineral_deposit_detection/lib:/home/ubuntu/rj_training_container/training_ws/install/localization/lib:/home/ubuntu/rj_training_container/training_ws/install/elevation_server/lib:/home/ubuntu/rj_training_container/training_ws/install/coordinate_transform/lib:/home/ubuntu/rj_training_container/training_ws/install/stsl_gazebo_plugins/lib:/home/ubuntu/rj_training_container/training_ws/install/obstacle_detector/lib:/home/ubuntu/rj_training_container/training_ws/install/mapping/lib:/home/ubuntu/rj_training_container/training_ws/install/joystick_package/lib:/home/ubuntu/rj_training_container/training_ws/install/joystick_msgs/lib:/home/ubuntu/rj_training_container/training_ws/install/controllers/lib:/home/ubuntu/rj_training_container/training_ws/install/astar_path_planner/lib:/usr/lib/x86_64-linux-gnu/gazebo-11/plugins:/opt/ros/humble/opt/rviz_ogre_vendor/lib:/opt/ros/humble/lib/x86_64-linux-gnu:/opt/ros/humble/lib /usr/bin/cmake --build /home/ubuntu/rj_training_container/training_ws/build/mineral_deposit_tracking -- -j16 -l16
[472.945s] DEBUG:colcon.colcon_core.event_handler.log_command:Invoking command in '/home/ubuntu/rj_training_container/training_ws/build/peak_finder': CMAKE_PREFIX_PATH=/home/ubuntu/rj_training_container/training_ws/install/stsl_interfaces:/home/ubuntu/rj_training_container/training_ws/install/stsl_desktop:/home/ubuntu/rj_training_container/training_ws/install/traini_bringup:/home/ubuntu/rj_training_container/training_ws/install/traini_gazebo:/home/ubuntu/rj_training_container/training_ws/install/traini_description:/home/ubuntu/rj_training_container/training_ws/install/teleop:/home/ubuntu/rj_training_container/training_ws/install/stsl_utils:/home/ubuntu/rj_training_container/training_ws/install/stsl_rviz_plugins:/home/ubuntu/rj_training_container/training_ws/install/stsl_nav_plugins:/home/ubuntu/rj_training_container/training_ws/install/mission_orchestration:/home/ubuntu/rj_training_container/training_ws/install/stsl_bt_nodes:/home/ubuntu/rj_training_container/training_ws/install/stsl_aruco_tags:/home/ubuntu/rj_training_container/training_ws/install/peak_finder:/home/ubuntu/rj_training_container/training_ws/install/mineral_deposit_tracking:/home/ubuntu/rj_training_container/training_ws/install/mineral_deposit_detection:/home/ubuntu/rj_training_container/training_ws/install/localization:/home/ubuntu/rj_training_container/training_ws/install/elevation_server:/home/ubuntu/rj_training_container/training_ws/install/coordinate_transform:/home/ubuntu/rj_training_container/training_ws/install/stsl_gazebo_plugins:/home/ubuntu/rj_training_container/training_ws/install/rj_training_bringup:/home/ubuntu/rj_training_container/training_ws/install/obstacle_detector:/home/ubuntu/rj_training_container/training_ws/install/mapping:/home/ubuntu/rj_training_container/training_ws/install/joystick_package:/home/ubuntu/rj_training_container/training_ws/install/joystick_msgs:/home/ubuntu/rj_training_container/training_ws/install/controllers:/home/ubuntu/rj_training_container/training_ws/install/astar_path_planner:/home/ubuntu/rj_training_container/training_ws/install/keyboard:/opt/ros/humble LD_LIBRARY_PATH=/home/ubuntu/rj_training_container/training_ws/install/stsl_interfaces/lib:/home/ubuntu/rj_training_container/training_ws/install/teleop/lib:/home/ubuntu/rj_training_container/training_ws/install/stsl_utils/lib:/home/ubuntu/rj_training_container/training_ws/install/stsl_rviz_plugins/lib:/home/ubuntu/rj_training_container/training_ws/install/stsl_nav_plugins/lib:/home/ubuntu/rj_training_container/training_ws/install/mission_orchestration/lib:/home/ubuntu/rj_training_container/training_ws/install/stsl_bt_nodes/lib:/home/ubuntu/rj_training_container/training_ws/install/stsl_aruco_tags/lib:/home/ubuntu/rj_training_container/training_ws/install/peak_finder/lib:/home/ubuntu/rj_training_container/training_ws/install/mineral_deposit_tracking/lib:/home/ubuntu/rj_training_container/training_ws/install/mineral_deposit_detection/lib:/home/ubuntu/rj_training_container/training_ws/install/localization/lib:/home/ubuntu/rj_training_container/training_ws/install/elevation_server/lib:/home/ubuntu/rj_training_container/training_ws/install/coordinate_transform/lib:/home/ubuntu/rj_training_container/training_ws/install/stsl_gazebo_plugins/lib:/home/ubuntu/rj_training_container/training_ws/install/obstacle_detector/lib:/home/ubuntu/rj_training_container/training_ws/install/mapping/lib:/home/ubuntu/rj_training_container/training_ws/install/joystick_package/lib:/home/ubuntu/rj_training_container/training_ws/install/joystick_msgs/lib:/home/ubuntu/rj_training_container/training_ws/install/controllers/lib:/home/ubuntu/rj_training_container/training_ws/install/astar_path_planner/lib:/usr/lib/x86_64-linux-gnu/gazebo-11/plugins:/opt/ros/humble/opt/rviz_ogre_vendor/lib:/opt/ros/humble/lib/x86_64-linux-gnu:/opt/ros/humble/lib /usr/bin/cmake --build /home/ubuntu/rj_training_container/training_ws/build/peak_finder -- -j16 -l16
[497.214s] DEBUG:colcon.colcon_core.event_handler.log_command:Invoked command in '/home/ubuntu/rj_training_container/training_ws/build/stsl_bt_nodes' returned '0': CMAKE_PREFIX_PATH=/home/ubuntu/rj_training_container/training_ws/install/stsl_interfaces:/home/ubuntu/rj_training_container/training_ws/install/stsl_desktop:/home/ubuntu/rj_training_container/training_ws/install/traini_bringup:/home/ubuntu/rj_training_container/training_ws/install/traini_gazebo:/home/ubuntu/rj_training_container/training_ws/install/traini_description:/home/ubuntu/rj_training_container/training_ws/install/teleop:/home/ubuntu/rj_training_container/training_ws/install/stsl_utils:/home/ubuntu/rj_training_container/training_ws/install/stsl_rviz_plugins:/home/ubuntu/rj_training_container/training_ws/install/stsl_nav_plugins:/home/ubuntu/rj_training_container/training_ws/install/mission_orchestration:/home/ubuntu/rj_training_container/training_ws/install/stsl_bt_nodes:/home/ubuntu/rj_training_container/training_ws/install/stsl_aruco_tags:/home/ubuntu/rj_training_container/training_ws/install/peak_finder:/home/ubuntu/rj_training_container/training_ws/install/mineral_deposit_tracking:/home/ubuntu/rj_training_container/training_ws/install/mineral_deposit_detection:/home/ubuntu/rj_training_container/training_ws/install/localization:/home/ubuntu/rj_training_container/training_ws/install/elevation_server:/home/ubuntu/rj_training_container/training_ws/install/coordinate_transform:/home/ubuntu/rj_training_container/training_ws/install/stsl_gazebo_plugins:/home/ubuntu/rj_training_container/training_ws/install/rj_training_bringup:/home/ubuntu/rj_training_container/training_ws/install/obstacle_detector:/home/ubuntu/rj_training_container/training_ws/install/mapping:/home/ubuntu/rj_training_container/training_ws/install/joystick_package:/home/ubuntu/rj_training_container/training_ws/install/joystick_msgs:/home/ubuntu/rj_training_container/training_ws/install/controllers:/home/ubuntu/rj_training_container/training_ws/install/astar_path_planner:/home/ubuntu/rj_training_container/training_ws/install/keyboard:/opt/ros/humble LD_LIBRARY_PATH=/home/ubuntu/rj_training_container/training_ws/install/stsl_interfaces/lib:/home/ubuntu/rj_training_container/training_ws/install/teleop/lib:/home/ubuntu/rj_training_container/training_ws/install/stsl_utils/lib:/home/ubuntu/rj_training_container/training_ws/install/stsl_rviz_plugins/lib:/home/ubuntu/rj_training_container/training_ws/install/stsl_nav_plugins/lib:/home/ubuntu/rj_training_container/training_ws/install/mission_orchestration/lib:/home/ubuntu/rj_training_container/training_ws/install/stsl_bt_nodes/lib:/home/ubuntu/rj_training_container/training_ws/install/stsl_aruco_tags/lib:/home/ubuntu/rj_training_container/training_ws/install/peak_finder/lib:/home/ubuntu/rj_training_container/training_ws/install/mineral_deposit_tracking/lib:/home/ubuntu/rj_training_container/training_ws/install/mineral_deposit_detection/lib:/home/ubuntu/rj_training_container/training_ws/install/localization/lib:/home/ubuntu/rj_training_container/training_ws/install/elevation_server/lib:/home/ubuntu/rj_training_container/training_ws/install/coordinate_transform/lib:/home/ubuntu/rj_training_container/training_ws/install/stsl_gazebo_plugins/lib:/home/ubuntu/rj_training_container/training_ws/install/obstacle_detector/lib:/home/ubuntu/rj_training_container/training_ws/install/mapping/lib:/home/ubuntu/rj_training_container/training_ws/install/joystick_package/lib:/home/ubuntu/rj_training_container/training_ws/install/joystick_msgs/lib:/home/ubuntu/rj_training_container/training_ws/install/controllers/lib:/home/ubuntu/rj_training_container/training_ws/install/astar_path_planner/lib:/usr/lib/x86_64-linux-gnu/gazebo-11/plugins:/opt/ros/humble/opt/rviz_ogre_vendor/lib:/opt/ros/humble/lib/x86_64-linux-gnu:/opt/ros/humble/lib /usr/bin/cmake --build /home/ubuntu/rj_training_container/training_ws/build/stsl_bt_nodes -- -j16 -l16
[497.498s] DEBUG:colcon.colcon_core.event_handler.log_command:Invoked command in '/home/ubuntu/rj_training_container/training_ws/build/elevation_server' returned '0': CMAKE_PREFIX_PATH=/home/ubuntu/rj_training_container/training_ws/install/stsl_interfaces:/home/ubuntu/rj_training_container/training_ws/install/stsl_desktop:/home/ubuntu/rj_training_container/training_ws/install/traini_bringup:/home/ubuntu/rj_training_container/training_ws/install/traini_gazebo:/home/ubuntu/rj_training_container/training_ws/install/traini_description:/home/ubuntu/rj_training_container/training_ws/install/teleop:/home/ubuntu/rj_training_container/training_ws/install/stsl_utils:/home/ubuntu/rj_training_container/training_ws/install/stsl_rviz_plugins:/home/ubuntu/rj_training_container/training_ws/install/stsl_nav_plugins:/home/ubuntu/rj_training_container/training_ws/install/mission_orchestration:/home/ubuntu/rj_training_container/training_ws/install/stsl_bt_nodes:/home/ubuntu/rj_training_container/training_ws/install/stsl_aruco_tags:/home/ubuntu/rj_training_container/training_ws/install/peak_finder:/home/ubuntu/rj_training_container/training_ws/install/mineral_deposit_tracking:/home/ubuntu/rj_training_container/training_ws/install/mineral_deposit_detection:/home/ubuntu/rj_training_container/training_ws/install/localization:/home/ubuntu/rj_training_container/training_ws/install/elevation_server:/home/ubuntu/rj_training_container/training_ws/install/coordinate_transform:/home/ubuntu/rj_training_container/training_ws/install/stsl_gazebo_plugins:/home/ubuntu/rj_training_container/training_ws/install/rj_training_bringup:/home/ubuntu/rj_training_container/training_ws/install/obstacle_detector:/home/ubuntu/rj_training_container/training_ws/install/mapping:/home/ubuntu/rj_training_container/training_ws/install/joystick_package:/home/ubuntu/rj_training_container/training_ws/install/joystick_msgs:/home/ubuntu/rj_training_container/training_ws/install/controllers:/home/ubuntu/rj_training_container/training_ws/install/astar_path_planner:/home/ubuntu/rj_training_container/training_ws/install/keyboard:/opt/ros/humble LD_LIBRARY_PATH=/home/ubuntu/rj_training_container/training_ws/install/stsl_interfaces/lib:/home/ubuntu/rj_training_container/training_ws/install/teleop/lib:/home/ubuntu/rj_training_container/training_ws/install/stsl_utils/lib:/home/ubuntu/rj_training_container/training_ws/install/stsl_rviz_plugins/lib:/home/ubuntu/rj_training_container/training_ws/install/stsl_nav_plugins/lib:/home/ubuntu/rj_training_container/training_ws/install/mission_orchestration/lib:/home/ubuntu/rj_training_container/training_ws/install/stsl_bt_nodes/lib:/home/ubuntu/rj_training_container/training_ws/install/stsl_aruco_tags/lib:/home/ubuntu/rj_training_container/training_ws/install/peak_finder/lib:/home/ubuntu/rj_training_container/training_ws/install/mineral_deposit_tracking/lib:/home/ubuntu/rj_training_container/training_ws/install/mineral_deposit_detection/lib:/home/ubuntu/rj_training_container/training_ws/install/localization/lib:/home/ubuntu/rj_training_container/training_ws/install/elevation_server/lib:/home/ubuntu/rj_training_container/training_ws/install/coordinate_transform/lib:/home/ubuntu/rj_training_container/training_ws/install/stsl_gazebo_plugins/lib:/home/ubuntu/rj_training_container/training_ws/install/obstacle_detector/lib:/home/ubuntu/rj_training_container/training_ws/install/mapping/lib:/home/ubuntu/rj_training_container/training_ws/install/joystick_package/lib:/home/ubuntu/rj_training_container/training_ws/install/joystick_msgs/lib:/home/ubuntu/rj_training_container/training_ws/install/controllers/lib:/home/ubuntu/rj_training_container/training_ws/install/astar_path_planner/lib:/usr/lib/x86_64-linux-gnu/gazebo-11/plugins:/opt/ros/humble/opt/rviz_ogre_vendor/lib:/opt/ros/humble/lib/x86_64-linux-gnu:/opt/ros/humble/lib /usr/bin/cmake --build /home/ubuntu/rj_training_container/training_ws/build/elevation_server -- -j16 -l16
[497.644s] DEBUG:colcon.colcon_core.event_handler.log_command:Invoked command in '/home/ubuntu/rj_training_container/training_ws/build/stsl_aruco_tags' returned '0': CMAKE_PREFIX_PATH=/home/ubuntu/rj_training_container/training_ws/install/stsl_interfaces:/home/ubuntu/rj_training_container/training_ws/install/stsl_desktop:/home/ubuntu/rj_training_container/training_ws/install/traini_bringup:/home/ubuntu/rj_training_container/training_ws/install/traini_gazebo:/home/ubuntu/rj_training_container/training_ws/install/traini_description:/home/ubuntu/rj_training_container/training_ws/install/teleop:/home/ubuntu/rj_training_container/training_ws/install/stsl_utils:/home/ubuntu/rj_training_container/training_ws/install/stsl_rviz_plugins:/home/ubuntu/rj_training_container/training_ws/install/stsl_nav_plugins:/home/ubuntu/rj_training_container/training_ws/install/mission_orchestration:/home/ubuntu/rj_training_container/training_ws/install/stsl_bt_nodes:/home/ubuntu/rj_training_container/training_ws/install/stsl_aruco_tags:/home/ubuntu/rj_training_container/training_ws/install/peak_finder:/home/ubuntu/rj_training_container/training_ws/install/mineral_deposit_tracking:/home/ubuntu/rj_training_container/training_ws/install/mineral_deposit_detection:/home/ubuntu/rj_training_container/training_ws/install/localization:/home/ubuntu/rj_training_container/training_ws/install/elevation_server:/home/ubuntu/rj_training_container/training_ws/install/coordinate_transform:/home/ubuntu/rj_training_container/training_ws/install/stsl_gazebo_plugins:/home/ubuntu/rj_training_container/training_ws/install/rj_training_bringup:/home/ubuntu/rj_training_container/training_ws/install/obstacle_detector:/home/ubuntu/rj_training_container/training_ws/install/mapping:/home/ubuntu/rj_training_container/training_ws/install/joystick_package:/home/ubuntu/rj_training_container/training_ws/install/joystick_msgs:/home/ubuntu/rj_training_container/training_ws/install/controllers:/home/ubuntu/rj_training_container/training_ws/install/astar_path_planner:/home/ubuntu/rj_training_container/training_ws/install/keyboard:/opt/ros/humble LD_LIBRARY_PATH=/home/ubuntu/rj_training_container/training_ws/install/stsl_interfaces/lib:/home/ubuntu/rj_training_container/training_ws/install/teleop/lib:/home/ubuntu/rj_training_container/training_ws/install/stsl_utils/lib:/home/ubuntu/rj_training_container/training_ws/install/stsl_rviz_plugins/lib:/home/ubuntu/rj_training_container/training_ws/install/stsl_nav_plugins/lib:/home/ubuntu/rj_training_container/training_ws/install/mission_orchestration/lib:/home/ubuntu/rj_training_container/training_ws/install/stsl_bt_nodes/lib:/home/ubuntu/rj_training_container/training_ws/install/stsl_aruco_tags/lib:/home/ubuntu/rj_training_container/training_ws/install/peak_finder/lib:/home/ubuntu/rj_training_container/training_ws/install/mineral_deposit_tracking/lib:/home/ubuntu/rj_training_container/training_ws/install/mineral_deposit_detection/lib:/home/ubuntu/rj_training_container/training_ws/install/localization/lib:/home/ubuntu/rj_training_container/training_ws/install/elevation_server/lib:/home/ubuntu/rj_training_container/training_ws/install/coordinate_transform/lib:/home/ubuntu/rj_training_container/training_ws/install/stsl_gazebo_plugins/lib:/home/ubuntu/rj_training_container/training_ws/install/obstacle_detector/lib:/home/ubuntu/rj_training_container/training_ws/install/mapping/lib:/home/ubuntu/rj_training_container/training_ws/install/joystick_package/lib:/home/ubuntu/rj_training_container/training_ws/install/joystick_msgs/lib:/home/ubuntu/rj_training_container/training_ws/install/controllers/lib:/home/ubuntu/rj_training_container/training_ws/install/astar_path_planner/lib:/usr/lib/x86_64-linux-gnu/gazebo-11/plugins:/opt/ros/humble/opt/rviz_ogre_vendor/lib:/opt/ros/humble/lib/x86_64-linux-gnu:/opt/ros/humble/lib /usr/bin/cmake --build /home/ubuntu/rj_training_container/training_ws/build/stsl_aruco_tags -- -j16 -l16
[497.958s] DEBUG:colcon.colcon_core.event_handler.log_command:Invoked command in '/home/ubuntu/rj_training_container/training_ws/build/mineral_deposit_detection' returned '0': CMAKE_PREFIX_PATH=/home/ubuntu/rj_training_container/training_ws/install/stsl_interfaces:/home/ubuntu/rj_training_container/training_ws/install/stsl_desktop:/home/ubuntu/rj_training_container/training_ws/install/traini_bringup:/home/ubuntu/rj_training_container/training_ws/install/traini_gazebo:/home/ubuntu/rj_training_container/training_ws/install/traini_description:/home/ubuntu/rj_training_container/training_ws/install/teleop:/home/ubuntu/rj_training_container/training_ws/install/stsl_utils:/home/ubuntu/rj_training_container/training_ws/install/stsl_rviz_plugins:/home/ubuntu/rj_training_container/training_ws/install/stsl_nav_plugins:/home/ubuntu/rj_training_container/training_ws/install/mission_orchestration:/home/ubuntu/rj_training_container/training_ws/install/stsl_bt_nodes:/home/ubuntu/rj_training_container/training_ws/install/stsl_aruco_tags:/home/ubuntu/rj_training_container/training_ws/install/peak_finder:/home/ubuntu/rj_training_container/training_ws/install/mineral_deposit_tracking:/home/ubuntu/rj_training_container/training_ws/install/mineral_deposit_detection:/home/ubuntu/rj_training_container/training_ws/install/localization:/home/ubuntu/rj_training_container/training_ws/install/elevation_server:/home/ubuntu/rj_training_container/training_ws/install/coordinate_transform:/home/ubuntu/rj_training_container/training_ws/install/stsl_gazebo_plugins:/home/ubuntu/rj_training_container/training_ws/install/rj_training_bringup:/home/ubuntu/rj_training_container/training_ws/install/obstacle_detector:/home/ubuntu/rj_training_container/training_ws/install/mapping:/home/ubuntu/rj_training_container/training_ws/install/joystick_package:/home/ubuntu/rj_training_container/training_ws/install/joystick_msgs:/home/ubuntu/rj_training_container/training_ws/install/controllers:/home/ubuntu/rj_training_container/training_ws/install/astar_path_planner:/home/ubuntu/rj_training_container/training_ws/install/keyboard:/opt/ros/humble LD_LIBRARY_PATH=/home/ubuntu/rj_training_container/training_ws/install/stsl_interfaces/lib:/home/ubuntu/rj_training_container/training_ws/install/teleop/lib:/home/ubuntu/rj_training_container/training_ws/install/stsl_utils/lib:/home/ubuntu/rj_training_container/training_ws/install/stsl_rviz_plugins/lib:/home/ubuntu/rj_training_container/training_ws/install/stsl_nav_plugins/lib:/home/ubuntu/rj_training_container/training_ws/install/mission_orchestration/lib:/home/ubuntu/rj_training_container/training_ws/install/stsl_bt_nodes/lib:/home/ubuntu/rj_training_container/training_ws/install/stsl_aruco_tags/lib:/home/ubuntu/rj_training_container/training_ws/install/peak_finder/lib:/home/ubuntu/rj_training_container/training_ws/install/mineral_deposit_tracking/lib:/home/ubuntu/rj_training_container/training_ws/install/mineral_deposit_detection/lib:/home/ubuntu/rj_training_container/training_ws/install/localization/lib:/home/ubuntu/rj_training_container/training_ws/install/elevation_server/lib:/home/ubuntu/rj_training_container/training_ws/install/coordinate_transform/lib:/home/ubuntu/rj_training_container/training_ws/install/stsl_gazebo_plugins/lib:/home/ubuntu/rj_training_container/training_ws/install/obstacle_detector/lib:/home/ubuntu/rj_training_container/training_ws/install/mapping/lib:/home/ubuntu/rj_training_container/training_ws/install/joystick_package/lib:/home/ubuntu/rj_training_container/training_ws/install/joystick_msgs/lib:/home/ubuntu/rj_training_container/training_ws/install/controllers/lib:/home/ubuntu/rj_training_container/training_ws/install/astar_path_planner/lib:/usr/lib/x86_64-linux-gnu/gazebo-11/plugins:/opt/ros/humble/opt/rviz_ogre_vendor/lib:/opt/ros/humble/lib/x86_64-linux-gnu:/opt/ros/humble/lib /usr/bin/cmake --build /home/ubuntu/rj_training_container/training_ws/build/mineral_deposit_detection -- -j16 -l16
[498.255s] DEBUG:colcon.colcon_core.event_handler.log_command:Invoked command in '/home/ubuntu/rj_training_container/training_ws/build/coordinate_transform' returned '0': CMAKE_PREFIX_PATH=/home/ubuntu/rj_training_container/training_ws/install/stsl_interfaces:/home/ubuntu/rj_training_container/training_ws/install/stsl_desktop:/home/ubuntu/rj_training_container/training_ws/install/traini_bringup:/home/ubuntu/rj_training_container/training_ws/install/traini_gazebo:/home/ubuntu/rj_training_container/training_ws/install/traini_description:/home/ubuntu/rj_training_container/training_ws/install/teleop:/home/ubuntu/rj_training_container/training_ws/install/stsl_utils:/home/ubuntu/rj_training_container/training_ws/install/stsl_rviz_plugins:/home/ubuntu/rj_training_container/training_ws/install/stsl_nav_plugins:/home/ubuntu/rj_training_container/training_ws/install/mission_orchestration:/home/ubuntu/rj_training_container/training_ws/install/stsl_bt_nodes:/home/ubuntu/rj_training_container/training_ws/install/stsl_aruco_tags:/home/ubuntu/rj_training_container/training_ws/install/peak_finder:/home/ubuntu/rj_training_container/training_ws/install/mineral_deposit_tracking:/home/ubuntu/rj_training_container/training_ws/install/mineral_deposit_detection:/home/ubuntu/rj_training_container/training_ws/install/localization:/home/ubuntu/rj_training_container/training_ws/install/elevation_server:/home/ubuntu/rj_training_container/training_ws/install/coordinate_transform:/home/ubuntu/rj_training_container/training_ws/install/stsl_gazebo_plugins:/home/ubuntu/rj_training_container/training_ws/install/rj_training_bringup:/home/ubuntu/rj_training_container/training_ws/install/obstacle_detector:/home/ubuntu/rj_training_container/training_ws/install/mapping:/home/ubuntu/rj_training_container/training_ws/install/joystick_package:/home/ubuntu/rj_training_container/training_ws/install/joystick_msgs:/home/ubuntu/rj_training_container/training_ws/install/controllers:/home/ubuntu/rj_training_container/training_ws/install/astar_path_planner:/home/ubuntu/rj_training_container/training_ws/install/keyboard:/opt/ros/humble LD_LIBRARY_PATH=/home/ubuntu/rj_training_container/training_ws/install/stsl_interfaces/lib:/home/ubuntu/rj_training_container/training_ws/install/teleop/lib:/home/ubuntu/rj_training_container/training_ws/install/stsl_utils/lib:/home/ubuntu/rj_training_container/training_ws/install/stsl_rviz_plugins/lib:/home/ubuntu/rj_training_container/training_ws/install/stsl_nav_plugins/lib:/home/ubuntu/rj_training_container/training_ws/install/mission_orchestration/lib:/home/ubuntu/rj_training_container/training_ws/install/stsl_bt_nodes/lib:/home/ubuntu/rj_training_container/training_ws/install/stsl_aruco_tags/lib:/home/ubuntu/rj_training_container/training_ws/install/peak_finder/lib:/home/ubuntu/rj_training_container/training_ws/install/mineral_deposit_tracking/lib:/home/ubuntu/rj_training_container/training_ws/install/mineral_deposit_detection/lib:/home/ubuntu/rj_training_container/training_ws/install/localization/lib:/home/ubuntu/rj_training_container/training_ws/install/elevation_server/lib:/home/ubuntu/rj_training_container/training_ws/install/coordinate_transform/lib:/home/ubuntu/rj_training_container/training_ws/install/stsl_gazebo_plugins/lib:/home/ubuntu/rj_training_container/training_ws/install/obstacle_detector/lib:/home/ubuntu/rj_training_container/training_ws/install/mapping/lib:/home/ubuntu/rj_training_container/training_ws/install/joystick_package/lib:/home/ubuntu/rj_training_container/training_ws/install/joystick_msgs/lib:/home/ubuntu/rj_training_container/training_ws/install/controllers/lib:/home/ubuntu/rj_training_container/training_ws/install/astar_path_planner/lib:/usr/lib/x86_64-linux-gnu/gazebo-11/plugins:/opt/ros/humble/opt/rviz_ogre_vendor/lib:/opt/ros/humble/lib/x86_64-linux-gnu:/opt/ros/humble/lib /usr/bin/cmake --build /home/ubuntu/rj_training_container/training_ws/build/coordinate_transform -- -j16 -l16
[498.950s] DEBUG:colcon.colcon_core.event_handler.log_command:Invoked command in '/home/ubuntu/rj_training_container/training_ws/build/localization' returned '0': CMAKE_PREFIX_PATH=/home/ubuntu/rj_training_container/training_ws/install/stsl_interfaces:/home/ubuntu/rj_training_container/training_ws/install/stsl_desktop:/home/ubuntu/rj_training_container/training_ws/install/traini_bringup:/home/ubuntu/rj_training_container/training_ws/install/traini_gazebo:/home/ubuntu/rj_training_container/training_ws/install/traini_description:/home/ubuntu/rj_training_container/training_ws/install/teleop:/home/ubuntu/rj_training_container/training_ws/install/stsl_utils:/home/ubuntu/rj_training_container/training_ws/install/stsl_rviz_plugins:/home/ubuntu/rj_training_container/training_ws/install/stsl_nav_plugins:/home/ubuntu/rj_training_container/training_ws/install/mission_orchestration:/home/ubuntu/rj_training_container/training_ws/install/stsl_bt_nodes:/home/ubuntu/rj_training_container/training_ws/install/stsl_aruco_tags:/home/ubuntu/rj_training_container/training_ws/install/peak_finder:/home/ubuntu/rj_training_container/training_ws/install/mineral_deposit_tracking:/home/ubuntu/rj_training_container/training_ws/install/mineral_deposit_detection:/home/ubuntu/rj_training_container/training_ws/install/localization:/home/ubuntu/rj_training_container/training_ws/install/elevation_server:/home/ubuntu/rj_training_container/training_ws/install/coordinate_transform:/home/ubuntu/rj_training_container/training_ws/install/stsl_gazebo_plugins:/home/ubuntu/rj_training_container/training_ws/install/rj_training_bringup:/home/ubuntu/rj_training_container/training_ws/install/obstacle_detector:/home/ubuntu/rj_training_container/training_ws/install/mapping:/home/ubuntu/rj_training_container/training_ws/install/joystick_package:/home/ubuntu/rj_training_container/training_ws/install/joystick_msgs:/home/ubuntu/rj_training_container/training_ws/install/controllers:/home/ubuntu/rj_training_container/training_ws/install/astar_path_planner:/home/ubuntu/rj_training_container/training_ws/install/keyboard:/opt/ros/humble LD_LIBRARY_PATH=/home/ubuntu/rj_training_container/training_ws/install/stsl_interfaces/lib:/home/ubuntu/rj_training_container/training_ws/install/teleop/lib:/home/ubuntu/rj_training_container/training_ws/install/stsl_utils/lib:/home/ubuntu/rj_training_container/training_ws/install/stsl_rviz_plugins/lib:/home/ubuntu/rj_training_container/training_ws/install/stsl_nav_plugins/lib:/home/ubuntu/rj_training_container/training_ws/install/mission_orchestration/lib:/home/ubuntu/rj_training_container/training_ws/install/stsl_bt_nodes/lib:/home/ubuntu/rj_training_container/training_ws/install/stsl_aruco_tags/lib:/home/ubuntu/rj_training_container/training_ws/install/peak_finder/lib:/home/ubuntu/rj_training_container/training_ws/install/mineral_deposit_tracking/lib:/home/ubuntu/rj_training_container/training_ws/install/mineral_deposit_detection/lib:/home/ubuntu/rj_training_container/training_ws/install/localization/lib:/home/ubuntu/rj_training_container/training_ws/install/elevation_server/lib:/home/ubuntu/rj_training_container/training_ws/install/coordinate_transform/lib:/home/ubuntu/rj_training_container/training_ws/install/stsl_gazebo_plugins/lib:/home/ubuntu/rj_training_container/training_ws/install/obstacle_detector/lib:/home/ubuntu/rj_training_container/training_ws/install/mapping/lib:/home/ubuntu/rj_training_container/training_ws/install/joystick_package/lib:/home/ubuntu/rj_training_container/training_ws/install/joystick_msgs/lib:/home/ubuntu/rj_training_container/training_ws/install/controllers/lib:/home/ubuntu/rj_training_container/training_ws/install/astar_path_planner/lib:/usr/lib/x86_64-linux-gnu/gazebo-11/plugins:/opt/ros/humble/opt/rviz_ogre_vendor/lib:/opt/ros/humble/lib/x86_64-linux-gnu:/opt/ros/humble/lib /usr/bin/cmake --build /home/ubuntu/rj_training_container/training_ws/build/localization -- -j16 -l16
[500.270s] DEBUG:colcon.colcon_core.event_handler.log_command:Invoked command in '/home/ubuntu/rj_training_container/training_ws/build/mineral_deposit_tracking' returned '0': CMAKE_PREFIX_PATH=/home/ubuntu/rj_training_container/training_ws/install/stsl_interfaces:/home/ubuntu/rj_training_container/training_ws/install/stsl_desktop:/home/ubuntu/rj_training_container/training_ws/install/traini_bringup:/home/ubuntu/rj_training_container/training_ws/install/traini_gazebo:/home/ubuntu/rj_training_container/training_ws/install/traini_description:/home/ubuntu/rj_training_container/training_ws/install/teleop:/home/ubuntu/rj_training_container/training_ws/install/stsl_utils:/home/ubuntu/rj_training_container/training_ws/install/stsl_rviz_plugins:/home/ubuntu/rj_training_container/training_ws/install/stsl_nav_plugins:/home/ubuntu/rj_training_container/training_ws/install/mission_orchestration:/home/ubuntu/rj_training_container/training_ws/install/stsl_bt_nodes:/home/ubuntu/rj_training_container/training_ws/install/stsl_aruco_tags:/home/ubuntu/rj_training_container/training_ws/install/peak_finder:/home/ubuntu/rj_training_container/training_ws/install/mineral_deposit_tracking:/home/ubuntu/rj_training_container/training_ws/install/mineral_deposit_detection:/home/ubuntu/rj_training_container/training_ws/install/localization:/home/ubuntu/rj_training_container/training_ws/install/elevation_server:/home/ubuntu/rj_training_container/training_ws/install/coordinate_transform:/home/ubuntu/rj_training_container/training_ws/install/stsl_gazebo_plugins:/home/ubuntu/rj_training_container/training_ws/install/rj_training_bringup:/home/ubuntu/rj_training_container/training_ws/install/obstacle_detector:/home/ubuntu/rj_training_container/training_ws/install/mapping:/home/ubuntu/rj_training_container/training_ws/install/joystick_package:/home/ubuntu/rj_training_container/training_ws/install/joystick_msgs:/home/ubuntu/rj_training_container/training_ws/install/controllers:/home/ubuntu/rj_training_container/training_ws/install/astar_path_planner:/home/ubuntu/rj_training_container/training_ws/install/keyboard:/opt/ros/humble LD_LIBRARY_PATH=/home/ubuntu/rj_training_container/training_ws/install/stsl_interfaces/lib:/home/ubuntu/rj_training_container/training_ws/install/teleop/lib:/home/ubuntu/rj_training_container/training_ws/install/stsl_utils/lib:/home/ubuntu/rj_training_container/training_ws/install/stsl_rviz_plugins/lib:/home/ubuntu/rj_training_container/training_ws/install/stsl_nav_plugins/lib:/home/ubuntu/rj_training_container/training_ws/install/mission_orchestration/lib:/home/ubuntu/rj_training_container/training_ws/install/stsl_bt_nodes/lib:/home/ubuntu/rj_training_container/training_ws/install/stsl_aruco_tags/lib:/home/ubuntu/rj_training_container/training_ws/install/peak_finder/lib:/home/ubuntu/rj_training_container/training_ws/install/mineral_deposit_tracking/lib:/home/ubuntu/rj_training_container/training_ws/install/mineral_deposit_detection/lib:/home/ubuntu/rj_training_container/training_ws/install/localization/lib:/home/ubuntu/rj_training_container/training_ws/install/elevation_server/lib:/home/ubuntu/rj_training_container/training_ws/install/coordinate_transform/lib:/home/ubuntu/rj_training_container/training_ws/install/stsl_gazebo_plugins/lib:/home/ubuntu/rj_training_container/training_ws/install/obstacle_detector/lib:/home/ubuntu/rj_training_container/training_ws/install/mapping/lib:/home/ubuntu/rj_training_container/training_ws/install/joystick_package/lib:/home/ubuntu/rj_training_container/training_ws/install/joystick_msgs/lib:/home/ubuntu/rj_training_container/training_ws/install/controllers/lib:/home/ubuntu/rj_training_container/training_ws/install/astar_path_planner/lib:/usr/lib/x86_64-linux-gnu/gazebo-11/plugins:/opt/ros/humble/opt/rviz_ogre_vendor/lib:/opt/ros/humble/lib/x86_64-linux-gnu:/opt/ros/humble/lib /usr/bin/cmake --build /home/ubuntu/rj_training_container/training_ws/build/mineral_deposit_tracking -- -j16 -l16
[500.727s] DEBUG:colcon.colcon_core.event_handler.log_command:Invoked command in '/home/ubuntu/rj_training_container/training_ws/build/peak_finder' returned '0': CMAKE_PREFIX_PATH=/home/ubuntu/rj_training_container/training_ws/install/stsl_interfaces:/home/ubuntu/rj_training_container/training_ws/install/stsl_desktop:/home/ubuntu/rj_training_container/training_ws/install/traini_bringup:/home/ubuntu/rj_training_container/training_ws/install/traini_gazebo:/home/ubuntu/rj_training_container/training_ws/install/traini_description:/home/ubuntu/rj_training_container/training_ws/install/teleop:/home/ubuntu/rj_training_container/training_ws/install/stsl_utils:/home/ubuntu/rj_training_container/training_ws/install/stsl_rviz_plugins:/home/ubuntu/rj_training_container/training_ws/install/stsl_nav_plugins:/home/ubuntu/rj_training_container/training_ws/install/mission_orchestration:/home/ubuntu/rj_training_container/training_ws/install/stsl_bt_nodes:/home/ubuntu/rj_training_container/training_ws/install/stsl_aruco_tags:/home/ubuntu/rj_training_container/training_ws/install/peak_finder:/home/ubuntu/rj_training_container/training_ws/install/mineral_deposit_tracking:/home/ubuntu/rj_training_container/training_ws/install/mineral_deposit_detection:/home/ubuntu/rj_training_container/training_ws/install/localization:/home/ubuntu/rj_training_container/training_ws/install/elevation_server:/home/ubuntu/rj_training_container/training_ws/install/coordinate_transform:/home/ubuntu/rj_training_container/training_ws/install/stsl_gazebo_plugins:/home/ubuntu/rj_training_container/training_ws/install/rj_training_bringup:/home/ubuntu/rj_training_container/training_ws/install/obstacle_detector:/home/ubuntu/rj_training_container/training_ws/install/mapping:/home/ubuntu/rj_training_container/training_ws/install/joystick_package:/home/ubuntu/rj_training_container/training_ws/install/joystick_msgs:/home/ubuntu/rj_training_container/training_ws/install/controllers:/home/ubuntu/rj_training_container/training_ws/install/astar_path_planner:/home/ubuntu/rj_training_container/training_ws/install/keyboard:/opt/ros/humble LD_LIBRARY_PATH=/home/ubuntu/rj_training_container/training_ws/install/stsl_interfaces/lib:/home/ubuntu/rj_training_container/training_ws/install/teleop/lib:/home/ubuntu/rj_training_container/training_ws/install/stsl_utils/lib:/home/ubuntu/rj_training_container/training_ws/install/stsl_rviz_plugins/lib:/home/ubuntu/rj_training_container/training_ws/install/stsl_nav_plugins/lib:/home/ubuntu/rj_training_container/training_ws/install/mission_orchestration/lib:/home/ubuntu/rj_training_container/training_ws/install/stsl_bt_nodes/lib:/home/ubuntu/rj_training_container/training_ws/install/stsl_aruco_tags/lib:/home/ubuntu/rj_training_container/training_ws/install/peak_finder/lib:/home/ubuntu/rj_training_container/training_ws/install/mineral_deposit_tracking/lib:/home/ubuntu/rj_training_container/training_ws/install/mineral_deposit_detection/lib:/home/ubuntu/rj_training_container/training_ws/install/localization/lib:/home/ubuntu/rj_training_container/training_ws/install/elevation_server/lib:/home/ubuntu/rj_training_container/training_ws/install/coordinate_transform/lib:/home/ubuntu/rj_training_container/training_ws/install/stsl_gazebo_plugins/lib:/home/ubuntu/rj_training_container/training_ws/install/obstacle_detector/lib:/home/ubuntu/rj_training_container/training_ws/install/mapping/lib:/home/ubuntu/rj_training_container/training_ws/install/joystick_package/lib:/home/ubuntu/rj_training_container/training_ws/install/joystick_msgs/lib:/home/ubuntu/rj_training_container/training_ws/install/controllers/lib:/home/ubuntu/rj_training_container/training_ws/install/astar_path_planner/lib:/usr/lib/x86_64-linux-gnu/gazebo-11/plugins:/opt/ros/humble/opt/rviz_ogre_vendor/lib:/opt/ros/humble/lib/x86_64-linux-gnu:/opt/ros/humble/lib /usr/bin/cmake --build /home/ubuntu/rj_training_container/training_ws/build/peak_finder -- -j16 -l16
[515.972s] DEBUG:colcon.colcon_core.event_handler.log_command:Invoked command in '/home/ubuntu/rj_training_container/training_ws/build/stsl_rviz_plugins' returned '0': CMAKE_PREFIX_PATH=/home/ubuntu/rj_training_container/training_ws/install/stsl_interfaces:/home/ubuntu/rj_training_container/training_ws/install/stsl_desktop:/home/ubuntu/rj_training_container/training_ws/install/traini_bringup:/home/ubuntu/rj_training_container/training_ws/install/traini_gazebo:/home/ubuntu/rj_training_container/training_ws/install/traini_description:/home/ubuntu/rj_training_container/training_ws/install/teleop:/home/ubuntu/rj_training_container/training_ws/install/stsl_utils:/home/ubuntu/rj_training_container/training_ws/install/stsl_rviz_plugins:/home/ubuntu/rj_training_container/training_ws/install/stsl_nav_plugins:/home/ubuntu/rj_training_container/training_ws/install/mission_orchestration:/home/ubuntu/rj_training_container/training_ws/install/stsl_bt_nodes:/home/ubuntu/rj_training_container/training_ws/install/stsl_aruco_tags:/home/ubuntu/rj_training_container/training_ws/install/peak_finder:/home/ubuntu/rj_training_container/training_ws/install/mineral_deposit_tracking:/home/ubuntu/rj_training_container/training_ws/install/mineral_deposit_detection:/home/ubuntu/rj_training_container/training_ws/install/localization:/home/ubuntu/rj_training_container/training_ws/install/elevation_server:/home/ubuntu/rj_training_container/training_ws/install/coordinate_transform:/home/ubuntu/rj_training_container/training_ws/install/stsl_gazebo_plugins:/home/ubuntu/rj_training_container/training_ws/install/rj_training_bringup:/home/ubuntu/rj_training_container/training_ws/install/obstacle_detector:/home/ubuntu/rj_training_container/training_ws/install/mapping:/home/ubuntu/rj_training_container/training_ws/install/joystick_package:/home/ubuntu/rj_training_container/training_ws/install/joystick_msgs:/home/ubuntu/rj_training_container/training_ws/install/controllers:/home/ubuntu/rj_training_container/training_ws/install/astar_path_planner:/home/ubuntu/rj_training_container/training_ws/install/keyboard:/opt/ros/humble LD_LIBRARY_PATH=/home/ubuntu/rj_training_container/training_ws/install/stsl_interfaces/lib:/home/ubuntu/rj_training_container/training_ws/install/teleop/lib:/home/ubuntu/rj_training_container/training_ws/install/stsl_utils/lib:/home/ubuntu/rj_training_container/training_ws/install/stsl_rviz_plugins/lib:/home/ubuntu/rj_training_container/training_ws/install/stsl_nav_plugins/lib:/home/ubuntu/rj_training_container/training_ws/install/mission_orchestration/lib:/home/ubuntu/rj_training_container/training_ws/install/stsl_bt_nodes/lib:/home/ubuntu/rj_training_container/training_ws/install/stsl_aruco_tags/lib:/home/ubuntu/rj_training_container/training_ws/install/peak_finder/lib:/home/ubuntu/rj_training_container/training_ws/install/mineral_deposit_tracking/lib:/home/ubuntu/rj_training_container/training_ws/install/mineral_deposit_detection/lib:/home/ubuntu/rj_training_container/training_ws/install/localization/lib:/home/ubuntu/rj_training_container/training_ws/install/elevation_server/lib:/home/ubuntu/rj_training_container/training_ws/install/coordinate_transform/lib:/home/ubuntu/rj_training_container/training_ws/install/stsl_gazebo_plugins/lib:/home/ubuntu/rj_training_container/training_ws/install/obstacle_detector/lib:/home/ubuntu/rj_training_container/training_ws/install/mapping/lib:/home/ubuntu/rj_training_container/training_ws/install/joystick_package/lib:/home/ubuntu/rj_training_container/training_ws/install/joystick_msgs/lib:/home/ubuntu/rj_training_container/training_ws/install/controllers/lib:/home/ubuntu/rj_training_container/training_ws/install/astar_path_planner/lib:/usr/lib/x86_64-linux-gnu/gazebo-11/plugins:/opt/ros/humble/opt/rviz_ogre_vendor/lib:/opt/ros/humble/lib/x86_64-linux-gnu:/opt/ros/humble/lib /usr/bin/cmake --build /home/ubuntu/rj_training_container/training_ws/build/stsl_rviz_plugins -- -j16 -l16
[520.925s] DEBUG:colcon.colcon_core.event_handler.log_command:Invoking command in '/home/ubuntu/rj_training_container/training_ws/build/elevation_server': CMAKE_PREFIX_PATH=/home/ubuntu/rj_training_container/training_ws/install/stsl_interfaces:/home/ubuntu/rj_training_container/training_ws/install/stsl_desktop:/home/ubuntu/rj_training_container/training_ws/install/traini_bringup:/home/ubuntu/rj_training_container/training_ws/install/traini_gazebo:/home/ubuntu/rj_training_container/training_ws/install/traini_description:/home/ubuntu/rj_training_container/training_ws/install/teleop:/home/ubuntu/rj_training_container/training_ws/install/stsl_utils:/home/ubuntu/rj_training_container/training_ws/install/stsl_rviz_plugins:/home/ubuntu/rj_training_container/training_ws/install/stsl_nav_plugins:/home/ubuntu/rj_training_container/training_ws/install/mission_orchestration:/home/ubuntu/rj_training_container/training_ws/install/stsl_bt_nodes:/home/ubuntu/rj_training_container/training_ws/install/stsl_aruco_tags:/home/ubuntu/rj_training_container/training_ws/install/peak_finder:/home/ubuntu/rj_training_container/training_ws/install/mineral_deposit_tracking:/home/ubuntu/rj_training_container/training_ws/install/mineral_deposit_detection:/home/ubuntu/rj_training_container/training_ws/install/localization:/home/ubuntu/rj_training_container/training_ws/install/elevation_server:/home/ubuntu/rj_training_container/training_ws/install/coordinate_transform:/home/ubuntu/rj_training_container/training_ws/install/stsl_gazebo_plugins:/home/ubuntu/rj_training_container/training_ws/install/rj_training_bringup:/home/ubuntu/rj_training_container/training_ws/install/obstacle_detector:/home/ubuntu/rj_training_container/training_ws/install/mapping:/home/ubuntu/rj_training_container/training_ws/install/joystick_package:/home/ubuntu/rj_training_container/training_ws/install/joystick_msgs:/home/ubuntu/rj_training_container/training_ws/install/controllers:/home/ubuntu/rj_training_container/training_ws/install/astar_path_planner:/home/ubuntu/rj_training_container/training_ws/install/keyboard:/opt/ros/humble LD_LIBRARY_PATH=/home/ubuntu/rj_training_container/training_ws/install/stsl_interfaces/lib:/home/ubuntu/rj_training_container/training_ws/install/teleop/lib:/home/ubuntu/rj_training_container/training_ws/install/stsl_utils/lib:/home/ubuntu/rj_training_container/training_ws/install/stsl_rviz_plugins/lib:/home/ubuntu/rj_training_container/training_ws/install/stsl_nav_plugins/lib:/home/ubuntu/rj_training_container/training_ws/install/mission_orchestration/lib:/home/ubuntu/rj_training_container/training_ws/install/stsl_bt_nodes/lib:/home/ubuntu/rj_training_container/training_ws/install/stsl_aruco_tags/lib:/home/ubuntu/rj_training_container/training_ws/install/peak_finder/lib:/home/ubuntu/rj_training_container/training_ws/install/mineral_deposit_tracking/lib:/home/ubuntu/rj_training_container/training_ws/install/mineral_deposit_detection/lib:/home/ubuntu/rj_training_container/training_ws/install/localization/lib:/home/ubuntu/rj_training_container/training_ws/install/elevation_server/lib:/home/ubuntu/rj_training_container/training_ws/install/coordinate_transform/lib:/home/ubuntu/rj_training_container/training_ws/install/stsl_gazebo_plugins/lib:/home/ubuntu/rj_training_container/training_ws/install/obstacle_detector/lib:/home/ubuntu/rj_training_container/training_ws/install/mapping/lib:/home/ubuntu/rj_training_container/training_ws/install/joystick_package/lib:/home/ubuntu/rj_training_container/training_ws/install/joystick_msgs/lib:/home/ubuntu/rj_training_container/training_ws/install/controllers/lib:/home/ubuntu/rj_training_container/training_ws/install/astar_path_planner/lib:/usr/lib/x86_64-linux-gnu/gazebo-11/plugins:/opt/ros/humble/opt/rviz_ogre_vendor/lib:/opt/ros/humble/lib/x86_64-linux-gnu:/opt/ros/humble/lib /usr/bin/cmake --install /home/ubuntu/rj_training_container/training_ws/build/elevation_server
[521.654s] DEBUG:colcon.colcon_core.event_handler.log_command:Invoking command in '/home/ubuntu/rj_training_container/training_ws/build/mineral_deposit_detection': CMAKE_PREFIX_PATH=/home/ubuntu/rj_training_container/training_ws/install/stsl_interfaces:/home/ubuntu/rj_training_container/training_ws/install/stsl_desktop:/home/ubuntu/rj_training_container/training_ws/install/traini_bringup:/home/ubuntu/rj_training_container/training_ws/install/traini_gazebo:/home/ubuntu/rj_training_container/training_ws/install/traini_description:/home/ubuntu/rj_training_container/training_ws/install/teleop:/home/ubuntu/rj_training_container/training_ws/install/stsl_utils:/home/ubuntu/rj_training_container/training_ws/install/stsl_rviz_plugins:/home/ubuntu/rj_training_container/training_ws/install/stsl_nav_plugins:/home/ubuntu/rj_training_container/training_ws/install/mission_orchestration:/home/ubuntu/rj_training_container/training_ws/install/stsl_bt_nodes:/home/ubuntu/rj_training_container/training_ws/install/stsl_aruco_tags:/home/ubuntu/rj_training_container/training_ws/install/peak_finder:/home/ubuntu/rj_training_container/training_ws/install/mineral_deposit_tracking:/home/ubuntu/rj_training_container/training_ws/install/mineral_deposit_detection:/home/ubuntu/rj_training_container/training_ws/install/localization:/home/ubuntu/rj_training_container/training_ws/install/elevation_server:/home/ubuntu/rj_training_container/training_ws/install/coordinate_transform:/home/ubuntu/rj_training_container/training_ws/install/stsl_gazebo_plugins:/home/ubuntu/rj_training_container/training_ws/install/rj_training_bringup:/home/ubuntu/rj_training_container/training_ws/install/obstacle_detector:/home/ubuntu/rj_training_container/training_ws/install/mapping:/home/ubuntu/rj_training_container/training_ws/install/joystick_package:/home/ubuntu/rj_training_container/training_ws/install/joystick_msgs:/home/ubuntu/rj_training_container/training_ws/install/controllers:/home/ubuntu/rj_training_container/training_ws/install/astar_path_planner:/home/ubuntu/rj_training_container/training_ws/install/keyboard:/opt/ros/humble LD_LIBRARY_PATH=/home/ubuntu/rj_training_container/training_ws/install/stsl_interfaces/lib:/home/ubuntu/rj_training_container/training_ws/install/teleop/lib:/home/ubuntu/rj_training_container/training_ws/install/stsl_utils/lib:/home/ubuntu/rj_training_container/training_ws/install/stsl_rviz_plugins/lib:/home/ubuntu/rj_training_container/training_ws/install/stsl_nav_plugins/lib:/home/ubuntu/rj_training_container/training_ws/install/mission_orchestration/lib:/home/ubuntu/rj_training_container/training_ws/install/stsl_bt_nodes/lib:/home/ubuntu/rj_training_container/training_ws/install/stsl_aruco_tags/lib:/home/ubuntu/rj_training_container/training_ws/install/peak_finder/lib:/home/ubuntu/rj_training_container/training_ws/install/mineral_deposit_tracking/lib:/home/ubuntu/rj_training_container/training_ws/install/mineral_deposit_detection/lib:/home/ubuntu/rj_training_container/training_ws/install/localization/lib:/home/ubuntu/rj_training_container/training_ws/install/elevation_server/lib:/home/ubuntu/rj_training_container/training_ws/install/coordinate_transform/lib:/home/ubuntu/rj_training_container/training_ws/install/stsl_gazebo_plugins/lib:/home/ubuntu/rj_training_container/training_ws/install/obstacle_detector/lib:/home/ubuntu/rj_training_container/training_ws/install/mapping/lib:/home/ubuntu/rj_training_container/training_ws/install/joystick_package/lib:/home/ubuntu/rj_training_container/training_ws/install/joystick_msgs/lib:/home/ubuntu/rj_training_container/training_ws/install/controllers/lib:/home/ubuntu/rj_training_container/training_ws/install/astar_path_planner/lib:/usr/lib/x86_64-linux-gnu/gazebo-11/plugins:/opt/ros/humble/opt/rviz_ogre_vendor/lib:/opt/ros/humble/lib/x86_64-linux-gnu:/opt/ros/humble/lib /usr/bin/cmake --install /home/ubuntu/rj_training_container/training_ws/build/mineral_deposit_detection
[522.138s] DEBUG:colcon.colcon_core.event_handler.log_command:Invoking command in '/home/ubuntu/rj_training_container/training_ws/build/coordinate_transform': CMAKE_PREFIX_PATH=/home/ubuntu/rj_training_container/training_ws/install/stsl_interfaces:/home/ubuntu/rj_training_container/training_ws/install/stsl_desktop:/home/ubuntu/rj_training_container/training_ws/install/traini_bringup:/home/ubuntu/rj_training_container/training_ws/install/traini_gazebo:/home/ubuntu/rj_training_container/training_ws/install/traini_description:/home/ubuntu/rj_training_container/training_ws/install/teleop:/home/ubuntu/rj_training_container/training_ws/install/stsl_utils:/home/ubuntu/rj_training_container/training_ws/install/stsl_rviz_plugins:/home/ubuntu/rj_training_container/training_ws/install/stsl_nav_plugins:/home/ubuntu/rj_training_container/training_ws/install/mission_orchestration:/home/ubuntu/rj_training_container/training_ws/install/stsl_bt_nodes:/home/ubuntu/rj_training_container/training_ws/install/stsl_aruco_tags:/home/ubuntu/rj_training_container/training_ws/install/peak_finder:/home/ubuntu/rj_training_container/training_ws/install/mineral_deposit_tracking:/home/ubuntu/rj_training_container/training_ws/install/mineral_deposit_detection:/home/ubuntu/rj_training_container/training_ws/install/localization:/home/ubuntu/rj_training_container/training_ws/install/elevation_server:/home/ubuntu/rj_training_container/training_ws/install/coordinate_transform:/home/ubuntu/rj_training_container/training_ws/install/stsl_gazebo_plugins:/home/ubuntu/rj_training_container/training_ws/install/rj_training_bringup:/home/ubuntu/rj_training_container/training_ws/install/obstacle_detector:/home/ubuntu/rj_training_container/training_ws/install/mapping:/home/ubuntu/rj_training_container/training_ws/install/joystick_package:/home/ubuntu/rj_training_container/training_ws/install/joystick_msgs:/home/ubuntu/rj_training_container/training_ws/install/controllers:/home/ubuntu/rj_training_container/training_ws/install/astar_path_planner:/home/ubuntu/rj_training_container/training_ws/install/keyboard:/opt/ros/humble LD_LIBRARY_PATH=/home/ubuntu/rj_training_container/training_ws/install/stsl_interfaces/lib:/home/ubuntu/rj_training_container/training_ws/install/teleop/lib:/home/ubuntu/rj_training_container/training_ws/install/stsl_utils/lib:/home/ubuntu/rj_training_container/training_ws/install/stsl_rviz_plugins/lib:/home/ubuntu/rj_training_container/training_ws/install/stsl_nav_plugins/lib:/home/ubuntu/rj_training_container/training_ws/install/mission_orchestration/lib:/home/ubuntu/rj_training_container/training_ws/install/stsl_bt_nodes/lib:/home/ubuntu/rj_training_container/training_ws/install/stsl_aruco_tags/lib:/home/ubuntu/rj_training_container/training_ws/install/peak_finder/lib:/home/ubuntu/rj_training_container/training_ws/install/mineral_deposit_tracking/lib:/home/ubuntu/rj_training_container/training_ws/install/mineral_deposit_detection/lib:/home/ubuntu/rj_training_container/training_ws/install/localization/lib:/home/ubuntu/rj_training_container/training_ws/install/elevation_server/lib:/home/ubuntu/rj_training_container/training_ws/install/coordinate_transform/lib:/home/ubuntu/rj_training_container/training_ws/install/stsl_gazebo_plugins/lib:/home/ubuntu/rj_training_container/training_ws/install/obstacle_detector/lib:/home/ubuntu/rj_training_container/training_ws/install/mapping/lib:/home/ubuntu/rj_training_container/training_ws/install/joystick_package/lib:/home/ubuntu/rj_training_container/training_ws/install/joystick_msgs/lib:/home/ubuntu/rj_training_container/training_ws/install/controllers/lib:/home/ubuntu/rj_training_container/training_ws/install/astar_path_planner/lib:/usr/lib/x86_64-linux-gnu/gazebo-11/plugins:/opt/ros/humble/opt/rviz_ogre_vendor/lib:/opt/ros/humble/lib/x86_64-linux-gnu:/opt/ros/humble/lib /usr/bin/cmake --install /home/ubuntu/rj_training_container/training_ws/build/coordinate_transform
[524.150s] DEBUG:colcon.colcon_core.event_handler.log_command:Invoking command in '/home/ubuntu/rj_training_container/training_ws/build/mineral_deposit_tracking': CMAKE_PREFIX_PATH=/home/ubuntu/rj_training_container/training_ws/install/stsl_interfaces:/home/ubuntu/rj_training_container/training_ws/install/stsl_desktop:/home/ubuntu/rj_training_container/training_ws/install/traini_bringup:/home/ubuntu/rj_training_container/training_ws/install/traini_gazebo:/home/ubuntu/rj_training_container/training_ws/install/traini_description:/home/ubuntu/rj_training_container/training_ws/install/teleop:/home/ubuntu/rj_training_container/training_ws/install/stsl_utils:/home/ubuntu/rj_training_container/training_ws/install/stsl_rviz_plugins:/home/ubuntu/rj_training_container/training_ws/install/stsl_nav_plugins:/home/ubuntu/rj_training_container/training_ws/install/mission_orchestration:/home/ubuntu/rj_training_container/training_ws/install/stsl_bt_nodes:/home/ubuntu/rj_training_container/training_ws/install/stsl_aruco_tags:/home/ubuntu/rj_training_container/training_ws/install/peak_finder:/home/ubuntu/rj_training_container/training_ws/install/mineral_deposit_tracking:/home/ubuntu/rj_training_container/training_ws/install/mineral_deposit_detection:/home/ubuntu/rj_training_container/training_ws/install/localization:/home/ubuntu/rj_training_container/training_ws/install/elevation_server:/home/ubuntu/rj_training_container/training_ws/install/coordinate_transform:/home/ubuntu/rj_training_container/training_ws/install/stsl_gazebo_plugins:/home/ubuntu/rj_training_container/training_ws/install/rj_training_bringup:/home/ubuntu/rj_training_container/training_ws/install/obstacle_detector:/home/ubuntu/rj_training_container/training_ws/install/mapping:/home/ubuntu/rj_training_container/training_ws/install/joystick_package:/home/ubuntu/rj_training_container/training_ws/install/joystick_msgs:/home/ubuntu/rj_training_container/training_ws/install/controllers:/home/ubuntu/rj_training_container/training_ws/install/astar_path_planner:/home/ubuntu/rj_training_container/training_ws/install/keyboard:/opt/ros/humble LD_LIBRARY_PATH=/home/ubuntu/rj_training_container/training_ws/install/stsl_interfaces/lib:/home/ubuntu/rj_training_container/training_ws/install/teleop/lib:/home/ubuntu/rj_training_container/training_ws/install/stsl_utils/lib:/home/ubuntu/rj_training_container/training_ws/install/stsl_rviz_plugins/lib:/home/ubuntu/rj_training_container/training_ws/install/stsl_nav_plugins/lib:/home/ubuntu/rj_training_container/training_ws/install/mission_orchestration/lib:/home/ubuntu/rj_training_container/training_ws/install/stsl_bt_nodes/lib:/home/ubuntu/rj_training_container/training_ws/install/stsl_aruco_tags/lib:/home/ubuntu/rj_training_container/training_ws/install/peak_finder/lib:/home/ubuntu/rj_training_container/training_ws/install/mineral_deposit_tracking/lib:/home/ubuntu/rj_training_container/training_ws/install/mineral_deposit_detection/lib:/home/ubuntu/rj_training_container/training_ws/install/localization/lib:/home/ubuntu/rj_training_container/training_ws/install/elevation_server/lib:/home/ubuntu/rj_training_container/training_ws/install/coordinate_transform/lib:/home/ubuntu/rj_training_container/training_ws/install/stsl_gazebo_plugins/lib:/home/ubuntu/rj_training_container/training_ws/install/obstacle_detector/lib:/home/ubuntu/rj_training_container/training_ws/install/mapping/lib:/home/ubuntu/rj_training_container/training_ws/install/joystick_package/lib:/home/ubuntu/rj_training_container/training_ws/install/joystick_msgs/lib:/home/ubuntu/rj_training_container/training_ws/install/controllers/lib:/home/ubuntu/rj_training_container/training_ws/install/astar_path_planner/lib:/usr/lib/x86_64-linux-gnu/gazebo-11/plugins:/opt/ros/humble/opt/rviz_ogre_vendor/lib:/opt/ros/humble/lib/x86_64-linux-gnu:/opt/ros/humble/lib /usr/bin/cmake --install /home/ubuntu/rj_training_container/training_ws/build/mineral_deposit_tracking
[525.701s] Level 1:colcon.colcon_core.environment:create_environment_scripts_only(elevation_server)
[525.702s] Level 1:colcon.colcon_core.environment:checking '/home/ubuntu/rj_training_container/training_ws/install/elevation_server' for CMake module files
[525.703s] DEBUG:colcon.colcon_core.event_handler.log_command:Invoked command in '/home/ubuntu/rj_training_container/training_ws/build/elevation_server' returned '0': CMAKE_PREFIX_PATH=/home/ubuntu/rj_training_container/training_ws/install/stsl_interfaces:/home/ubuntu/rj_training_container/training_ws/install/stsl_desktop:/home/ubuntu/rj_training_container/training_ws/install/traini_bringup:/home/ubuntu/rj_training_container/training_ws/install/traini_gazebo:/home/ubuntu/rj_training_container/training_ws/install/traini_description:/home/ubuntu/rj_training_container/training_ws/install/teleop:/home/ubuntu/rj_training_container/training_ws/install/stsl_utils:/home/ubuntu/rj_training_container/training_ws/install/stsl_rviz_plugins:/home/ubuntu/rj_training_container/training_ws/install/stsl_nav_plugins:/home/ubuntu/rj_training_container/training_ws/install/mission_orchestration:/home/ubuntu/rj_training_container/training_ws/install/stsl_bt_nodes:/home/ubuntu/rj_training_container/training_ws/install/stsl_aruco_tags:/home/ubuntu/rj_training_container/training_ws/install/peak_finder:/home/ubuntu/rj_training_container/training_ws/install/mineral_deposit_tracking:/home/ubuntu/rj_training_container/training_ws/install/mineral_deposit_detection:/home/ubuntu/rj_training_container/training_ws/install/localization:/home/ubuntu/rj_training_container/training_ws/install/elevation_server:/home/ubuntu/rj_training_container/training_ws/install/coordinate_transform:/home/ubuntu/rj_training_container/training_ws/install/stsl_gazebo_plugins:/home/ubuntu/rj_training_container/training_ws/install/rj_training_bringup:/home/ubuntu/rj_training_container/training_ws/install/obstacle_detector:/home/ubuntu/rj_training_container/training_ws/install/mapping:/home/ubuntu/rj_training_container/training_ws/install/joystick_package:/home/ubuntu/rj_training_container/training_ws/install/joystick_msgs:/home/ubuntu/rj_training_container/training_ws/install/controllers:/home/ubuntu/rj_training_container/training_ws/install/astar_path_planner:/home/ubuntu/rj_training_container/training_ws/install/keyboard:/opt/ros/humble LD_LIBRARY_PATH=/home/ubuntu/rj_training_container/training_ws/install/stsl_interfaces/lib:/home/ubuntu/rj_training_container/training_ws/install/teleop/lib:/home/ubuntu/rj_training_container/training_ws/install/stsl_utils/lib:/home/ubuntu/rj_training_container/training_ws/install/stsl_rviz_plugins/lib:/home/ubuntu/rj_training_container/training_ws/install/stsl_nav_plugins/lib:/home/ubuntu/rj_training_container/training_ws/install/mission_orchestration/lib:/home/ubuntu/rj_training_container/training_ws/install/stsl_bt_nodes/lib:/home/ubuntu/rj_training_container/training_ws/install/stsl_aruco_tags/lib:/home/ubuntu/rj_training_container/training_ws/install/peak_finder/lib:/home/ubuntu/rj_training_container/training_ws/install/mineral_deposit_tracking/lib:/home/ubuntu/rj_training_container/training_ws/install/mineral_deposit_detection/lib:/home/ubuntu/rj_training_container/training_ws/install/localization/lib:/home/ubuntu/rj_training_container/training_ws/install/elevation_server/lib:/home/ubuntu/rj_training_container/training_ws/install/coordinate_transform/lib:/home/ubuntu/rj_training_container/training_ws/install/stsl_gazebo_plugins/lib:/home/ubuntu/rj_training_container/training_ws/install/obstacle_detector/lib:/home/ubuntu/rj_training_container/training_ws/install/mapping/lib:/home/ubuntu/rj_training_container/training_ws/install/joystick_package/lib:/home/ubuntu/rj_training_container/training_ws/install/joystick_msgs/lib:/home/ubuntu/rj_training_container/training_ws/install/controllers/lib:/home/ubuntu/rj_training_container/training_ws/install/astar_path_planner/lib:/usr/lib/x86_64-linux-gnu/gazebo-11/plugins:/opt/ros/humble/opt/rviz_ogre_vendor/lib:/opt/ros/humble/lib/x86_64-linux-gnu:/opt/ros/humble/lib /usr/bin/cmake --install /home/ubuntu/rj_training_container/training_ws/build/elevation_server
[525.876s] Level 1:colcon.colcon_core.environment:checking '/home/ubuntu/rj_training_container/training_ws/install/elevation_server' for CMake config files
[526.029s] Level 1:colcon.colcon_core.shell:create_environment_hook('elevation_server', 'cmake_prefix_path')
[526.030s] INFO:colcon.colcon_core.shell:Creating environment hook '/home/ubuntu/rj_training_container/training_ws/install/elevation_server/share/elevation_server/hook/cmake_prefix_path.ps1'
[526.055s] INFO:colcon.colcon_core.shell:Creating environment descriptor '/home/ubuntu/rj_training_container/training_ws/install/elevation_server/share/elevation_server/hook/cmake_prefix_path.dsv'
[526.084s] INFO:colcon.colcon_core.shell:Creating environment hook '/home/ubuntu/rj_training_container/training_ws/install/elevation_server/share/elevation_server/hook/cmake_prefix_path.sh'
[526.120s] Level 1:colcon.colcon_core.environment:checking '/home/ubuntu/rj_training_container/training_ws/install/elevation_server/lib'
[526.129s] Level 1:colcon.colcon_core.shell:create_environment_hook('elevation_server', 'ld_library_path_lib')
[526.130s] INFO:colcon.colcon_core.shell:Creating environment hook '/home/ubuntu/rj_training_container/training_ws/install/elevation_server/share/elevation_server/hook/ld_library_path_lib.ps1'
[526.158s] INFO:colcon.colcon_core.shell:Creating environment descriptor '/home/ubuntu/rj_training_container/training_ws/install/elevation_server/share/elevation_server/hook/ld_library_path_lib.dsv'
[526.185s] INFO:colcon.colcon_core.shell:Creating environment hook '/home/ubuntu/rj_training_container/training_ws/install/elevation_server/share/elevation_server/hook/ld_library_path_lib.sh'
[526.212s] Level 1:colcon.colcon_core.environment:checking '/home/ubuntu/rj_training_container/training_ws/install/elevation_server/bin'
[526.215s] Level 1:colcon.colcon_core.environment:checking '/home/ubuntu/rj_training_container/training_ws/install/elevation_server/lib/pkgconfig/elevation_server.pc'
[526.217s] Level 1:colcon.colcon_core.environment:checking '/home/ubuntu/rj_training_container/training_ws/install/elevation_server/lib/python3.10/site-packages'
[526.221s] Level 1:colcon.colcon_core.environment:checking '/home/ubuntu/rj_training_container/training_ws/install/elevation_server/bin'
[526.223s] INFO:colcon.colcon_core.shell:Creating package script '/home/ubuntu/rj_training_container/training_ws/install/elevation_server/share/elevation_server/package.ps1'
[526.248s] INFO:colcon.colcon_core.shell:Creating package descriptor '/home/ubuntu/rj_training_container/training_ws/install/elevation_server/share/elevation_server/package.dsv'
[526.271s] INFO:colcon.colcon_core.shell:Creating package script '/home/ubuntu/rj_training_container/training_ws/install/elevation_server/share/elevation_server/package.sh'
[526.294s] INFO:colcon.colcon_core.shell:Creating package script '/home/ubuntu/rj_training_container/training_ws/install/elevation_server/share/elevation_server/package.bash'
[526.315s] INFO:colcon.colcon_core.shell:Creating package script '/home/ubuntu/rj_training_container/training_ws/install/elevation_server/share/elevation_server/package.zsh'
[526.338s] Level 1:colcon.colcon_core.environment:create_file_with_runtime_dependencies(/home/ubuntu/rj_training_container/training_ws/install/elevation_server/share/colcon-core/packages/elevation_server)
[526.367s] Level 1:colcon.colcon_core.environment:create_environment_scripts_only(mineral_deposit_detection)
[526.368s] Level 1:colcon.colcon_core.environment:checking '/home/ubuntu/rj_training_container/training_ws/install/mineral_deposit_detection' for CMake module files
[526.369s] DEBUG:colcon.colcon_core.event_handler.log_command:Invoked command in '/home/ubuntu/rj_training_container/training_ws/build/mineral_deposit_detection' returned '0': CMAKE_PREFIX_PATH=/home/ubuntu/rj_training_container/training_ws/install/stsl_interfaces:/home/ubuntu/rj_training_container/training_ws/install/stsl_desktop:/home/ubuntu/rj_training_container/training_ws/install/traini_bringup:/home/ubuntu/rj_training_container/training_ws/install/traini_gazebo:/home/ubuntu/rj_training_container/training_ws/install/traini_description:/home/ubuntu/rj_training_container/training_ws/install/teleop:/home/ubuntu/rj_training_container/training_ws/install/stsl_utils:/home/ubuntu/rj_training_container/training_ws/install/stsl_rviz_plugins:/home/ubuntu/rj_training_container/training_ws/install/stsl_nav_plugins:/home/ubuntu/rj_training_container/training_ws/install/mission_orchestration:/home/ubuntu/rj_training_container/training_ws/install/stsl_bt_nodes:/home/ubuntu/rj_training_container/training_ws/install/stsl_aruco_tags:/home/ubuntu/rj_training_container/training_ws/install/peak_finder:/home/ubuntu/rj_training_container/training_ws/install/mineral_deposit_tracking:/home/ubuntu/rj_training_container/training_ws/install/mineral_deposit_detection:/home/ubuntu/rj_training_container/training_ws/install/localization:/home/ubuntu/rj_training_container/training_ws/install/elevation_server:/home/ubuntu/rj_training_container/training_ws/install/coordinate_transform:/home/ubuntu/rj_training_container/training_ws/install/stsl_gazebo_plugins:/home/ubuntu/rj_training_container/training_ws/install/rj_training_bringup:/home/ubuntu/rj_training_container/training_ws/install/obstacle_detector:/home/ubuntu/rj_training_container/training_ws/install/mapping:/home/ubuntu/rj_training_container/training_ws/install/joystick_package:/home/ubuntu/rj_training_container/training_ws/install/joystick_msgs:/home/ubuntu/rj_training_container/training_ws/install/controllers:/home/ubuntu/rj_training_container/training_ws/install/astar_path_planner:/home/ubuntu/rj_training_container/training_ws/install/keyboard:/opt/ros/humble LD_LIBRARY_PATH=/home/ubuntu/rj_training_container/training_ws/install/stsl_interfaces/lib:/home/ubuntu/rj_training_container/training_ws/install/teleop/lib:/home/ubuntu/rj_training_container/training_ws/install/stsl_utils/lib:/home/ubuntu/rj_training_container/training_ws/install/stsl_rviz_plugins/lib:/home/ubuntu/rj_training_container/training_ws/install/stsl_nav_plugins/lib:/home/ubuntu/rj_training_container/training_ws/install/mission_orchestration/lib:/home/ubuntu/rj_training_container/training_ws/install/stsl_bt_nodes/lib:/home/ubuntu/rj_training_container/training_ws/install/stsl_aruco_tags/lib:/home/ubuntu/rj_training_container/training_ws/install/peak_finder/lib:/home/ubuntu/rj_training_container/training_ws/install/mineral_deposit_tracking/lib:/home/ubuntu/rj_training_container/training_ws/install/mineral_deposit_detection/lib:/home/ubuntu/rj_training_container/training_ws/install/localization/lib:/home/ubuntu/rj_training_container/training_ws/install/elevation_server/lib:/home/ubuntu/rj_training_container/training_ws/install/coordinate_transform/lib:/home/ubuntu/rj_training_container/training_ws/install/stsl_gazebo_plugins/lib:/home/ubuntu/rj_training_container/training_ws/install/obstacle_detector/lib:/home/ubuntu/rj_training_container/training_ws/install/mapping/lib:/home/ubuntu/rj_training_container/training_ws/install/joystick_package/lib:/home/ubuntu/rj_training_container/training_ws/install/joystick_msgs/lib:/home/ubuntu/rj_training_container/training_ws/install/controllers/lib:/home/ubuntu/rj_training_container/training_ws/install/astar_path_planner/lib:/usr/lib/x86_64-linux-gnu/gazebo-11/plugins:/opt/ros/humble/opt/rviz_ogre_vendor/lib:/opt/ros/humble/lib/x86_64-linux-gnu:/opt/ros/humble/lib /usr/bin/cmake --install /home/ubuntu/rj_training_container/training_ws/build/mineral_deposit_detection
[526.525s] Level 1:colcon.colcon_core.environment:checking '/home/ubuntu/rj_training_container/training_ws/install/mineral_deposit_detection' for CMake config files
[526.695s] Level 1:colcon.colcon_core.shell:create_environment_hook('mineral_deposit_detection', 'cmake_prefix_path')
[526.696s] INFO:colcon.colcon_core.shell:Creating environment hook '/home/ubuntu/rj_training_container/training_ws/install/mineral_deposit_detection/share/mineral_deposit_detection/hook/cmake_prefix_path.ps1'
[526.721s] INFO:colcon.colcon_core.shell:Creating environment descriptor '/home/ubuntu/rj_training_container/training_ws/install/mineral_deposit_detection/share/mineral_deposit_detection/hook/cmake_prefix_path.dsv'
[526.747s] INFO:colcon.colcon_core.shell:Creating environment hook '/home/ubuntu/rj_training_container/training_ws/install/mineral_deposit_detection/share/mineral_deposit_detection/hook/cmake_prefix_path.sh'
[526.782s] Level 1:colcon.colcon_core.environment:checking '/home/ubuntu/rj_training_container/training_ws/install/mineral_deposit_detection/lib'
[526.790s] Level 1:colcon.colcon_core.shell:create_environment_hook('mineral_deposit_detection', 'ld_library_path_lib')
[526.791s] INFO:colcon.colcon_core.shell:Creating environment hook '/home/ubuntu/rj_training_container/training_ws/install/mineral_deposit_detection/share/mineral_deposit_detection/hook/ld_library_path_lib.ps1'
[526.820s] INFO:colcon.colcon_core.shell:Creating environment descriptor '/home/ubuntu/rj_training_container/training_ws/install/mineral_deposit_detection/share/mineral_deposit_detection/hook/ld_library_path_lib.dsv'
[526.848s] INFO:colcon.colcon_core.shell:Creating environment hook '/home/ubuntu/rj_training_container/training_ws/install/mineral_deposit_detection/share/mineral_deposit_detection/hook/ld_library_path_lib.sh'
[526.879s] Level 1:colcon.colcon_core.environment:checking '/home/ubuntu/rj_training_container/training_ws/install/mineral_deposit_detection/bin'
[526.882s] Level 1:colcon.colcon_core.environment:checking '/home/ubuntu/rj_training_container/training_ws/install/mineral_deposit_detection/lib/pkgconfig/mineral_deposit_detection.pc'
[526.884s] Level 1:colcon.colcon_core.environment:checking '/home/ubuntu/rj_training_container/training_ws/install/mineral_deposit_detection/lib/python3.10/site-packages'
[526.886s] Level 1:colcon.colcon_core.environment:checking '/home/ubuntu/rj_training_container/training_ws/install/mineral_deposit_detection/bin'
[526.888s] INFO:colcon.colcon_core.shell:Creating package script '/home/ubuntu/rj_training_container/training_ws/install/mineral_deposit_detection/share/mineral_deposit_detection/package.ps1'
[526.908s] INFO:colcon.colcon_core.shell:Creating package descriptor '/home/ubuntu/rj_training_container/training_ws/install/mineral_deposit_detection/share/mineral_deposit_detection/package.dsv'
[526.926s] INFO:colcon.colcon_core.shell:Creating package script '/home/ubuntu/rj_training_container/training_ws/install/mineral_deposit_detection/share/mineral_deposit_detection/package.sh'
[526.949s] INFO:colcon.colcon_core.shell:Creating package script '/home/ubuntu/rj_training_container/training_ws/install/mineral_deposit_detection/share/mineral_deposit_detection/package.bash'
[526.967s] INFO:colcon.colcon_core.shell:Creating package script '/home/ubuntu/rj_training_container/training_ws/install/mineral_deposit_detection/share/mineral_deposit_detection/package.zsh'
[526.985s] Level 1:colcon.colcon_core.environment:create_file_with_runtime_dependencies(/home/ubuntu/rj_training_container/training_ws/install/mineral_deposit_detection/share/colcon-core/packages/mineral_deposit_detection)
[527.014s] Level 1:colcon.colcon_core.environment:create_environment_scripts_only(coordinate_transform)
[527.015s] Level 1:colcon.colcon_core.environment:checking '/home/ubuntu/rj_training_container/training_ws/install/coordinate_transform' for CMake module files
[527.016s] DEBUG:colcon.colcon_core.event_handler.log_command:Invoked command in '/home/ubuntu/rj_training_container/training_ws/build/coordinate_transform' returned '0': CMAKE_PREFIX_PATH=/home/ubuntu/rj_training_container/training_ws/install/stsl_interfaces:/home/ubuntu/rj_training_container/training_ws/install/stsl_desktop:/home/ubuntu/rj_training_container/training_ws/install/traini_bringup:/home/ubuntu/rj_training_container/training_ws/install/traini_gazebo:/home/ubuntu/rj_training_container/training_ws/install/traini_description:/home/ubuntu/rj_training_container/training_ws/install/teleop:/home/ubuntu/rj_training_container/training_ws/install/stsl_utils:/home/ubuntu/rj_training_container/training_ws/install/stsl_rviz_plugins:/home/ubuntu/rj_training_container/training_ws/install/stsl_nav_plugins:/home/ubuntu/rj_training_container/training_ws/install/mission_orchestration:/home/ubuntu/rj_training_container/training_ws/install/stsl_bt_nodes:/home/ubuntu/rj_training_container/training_ws/install/stsl_aruco_tags:/home/ubuntu/rj_training_container/training_ws/install/peak_finder:/home/ubuntu/rj_training_container/training_ws/install/mineral_deposit_tracking:/home/ubuntu/rj_training_container/training_ws/install/mineral_deposit_detection:/home/ubuntu/rj_training_container/training_ws/install/localization:/home/ubuntu/rj_training_container/training_ws/install/elevation_server:/home/ubuntu/rj_training_container/training_ws/install/coordinate_transform:/home/ubuntu/rj_training_container/training_ws/install/stsl_gazebo_plugins:/home/ubuntu/rj_training_container/training_ws/install/rj_training_bringup:/home/ubuntu/rj_training_container/training_ws/install/obstacle_detector:/home/ubuntu/rj_training_container/training_ws/install/mapping:/home/ubuntu/rj_training_container/training_ws/install/joystick_package:/home/ubuntu/rj_training_container/training_ws/install/joystick_msgs:/home/ubuntu/rj_training_container/training_ws/install/controllers:/home/ubuntu/rj_training_container/training_ws/install/astar_path_planner:/home/ubuntu/rj_training_container/training_ws/install/keyboard:/opt/ros/humble LD_LIBRARY_PATH=/home/ubuntu/rj_training_container/training_ws/install/stsl_interfaces/lib:/home/ubuntu/rj_training_container/training_ws/install/teleop/lib:/home/ubuntu/rj_training_container/training_ws/install/stsl_utils/lib:/home/ubuntu/rj_training_container/training_ws/install/stsl_rviz_plugins/lib:/home/ubuntu/rj_training_container/training_ws/install/stsl_nav_plugins/lib:/home/ubuntu/rj_training_container/training_ws/install/mission_orchestration/lib:/home/ubuntu/rj_training_container/training_ws/install/stsl_bt_nodes/lib:/home/ubuntu/rj_training_container/training_ws/install/stsl_aruco_tags/lib:/home/ubuntu/rj_training_container/training_ws/install/peak_finder/lib:/home/ubuntu/rj_training_container/training_ws/install/mineral_deposit_tracking/lib:/home/ubuntu/rj_training_container/training_ws/install/mineral_deposit_detection/lib:/home/ubuntu/rj_training_container/training_ws/install/localization/lib:/home/ubuntu/rj_training_container/training_ws/install/elevation_server/lib:/home/ubuntu/rj_training_container/training_ws/install/coordinate_transform/lib:/home/ubuntu/rj_training_container/training_ws/install/stsl_gazebo_plugins/lib:/home/ubuntu/rj_training_container/training_ws/install/obstacle_detector/lib:/home/ubuntu/rj_training_container/training_ws/install/mapping/lib:/home/ubuntu/rj_training_container/training_ws/install/joystick_package/lib:/home/ubuntu/rj_training_container/training_ws/install/joystick_msgs/lib:/home/ubuntu/rj_training_container/training_ws/install/controllers/lib:/home/ubuntu/rj_training_container/training_ws/install/astar_path_planner/lib:/usr/lib/x86_64-linux-gnu/gazebo-11/plugins:/opt/ros/humble/opt/rviz_ogre_vendor/lib:/opt/ros/humble/lib/x86_64-linux-gnu:/opt/ros/humble/lib /usr/bin/cmake --install /home/ubuntu/rj_training_container/training_ws/build/coordinate_transform
[527.172s] Level 1:colcon.colcon_core.environment:checking '/home/ubuntu/rj_training_container/training_ws/install/coordinate_transform' for CMake config files
[527.346s] Level 1:colcon.colcon_core.shell:create_environment_hook('coordinate_transform', 'cmake_prefix_path')
[527.347s] INFO:colcon.colcon_core.shell:Creating environment hook '/home/ubuntu/rj_training_container/training_ws/install/coordinate_transform/share/coordinate_transform/hook/cmake_prefix_path.ps1'
[527.377s] INFO:colcon.colcon_core.shell:Creating environment descriptor '/home/ubuntu/rj_training_container/training_ws/install/coordinate_transform/share/coordinate_transform/hook/cmake_prefix_path.dsv'
[527.408s] INFO:colcon.colcon_core.shell:Creating environment hook '/home/ubuntu/rj_training_container/training_ws/install/coordinate_transform/share/coordinate_transform/hook/cmake_prefix_path.sh'
[527.448s] Level 1:colcon.colcon_core.environment:checking '/home/ubuntu/rj_training_container/training_ws/install/coordinate_transform/lib'
[527.457s] Level 1:colcon.colcon_core.shell:create_environment_hook('coordinate_transform', 'ld_library_path_lib')
[527.457s] INFO:colcon.colcon_core.shell:Creating environment hook '/home/ubuntu/rj_training_container/training_ws/install/coordinate_transform/share/coordinate_transform/hook/ld_library_path_lib.ps1'
[527.490s] INFO:colcon.colcon_core.shell:Creating environment descriptor '/home/ubuntu/rj_training_container/training_ws/install/coordinate_transform/share/coordinate_transform/hook/ld_library_path_lib.dsv'
[527.521s] INFO:colcon.colcon_core.shell:Creating environment hook '/home/ubuntu/rj_training_container/training_ws/install/coordinate_transform/share/coordinate_transform/hook/ld_library_path_lib.sh'
[527.548s] Level 1:colcon.colcon_core.environment:checking '/home/ubuntu/rj_training_container/training_ws/install/coordinate_transform/bin'
[527.548s] Level 1:colcon.colcon_core.environment:checking '/home/ubuntu/rj_training_container/training_ws/install/coordinate_transform/lib/pkgconfig/coordinate_transform.pc'
[527.549s] Level 1:colcon.colcon_core.environment:checking '/home/ubuntu/rj_training_container/training_ws/install/coordinate_transform/lib/python3.10/site-packages'
[527.552s] Level 1:colcon.colcon_core.environment:checking '/home/ubuntu/rj_training_container/training_ws/install/coordinate_transform/bin'
[527.554s] INFO:colcon.colcon_core.shell:Creating package script '/home/ubuntu/rj_training_container/training_ws/install/coordinate_transform/share/coordinate_transform/package.ps1'
[527.573s] INFO:colcon.colcon_core.shell:Creating package descriptor '/home/ubuntu/rj_training_container/training_ws/install/coordinate_transform/share/coordinate_transform/package.dsv'
[527.591s] INFO:colcon.colcon_core.shell:Creating package script '/home/ubuntu/rj_training_container/training_ws/install/coordinate_transform/share/coordinate_transform/package.sh'
[527.612s] INFO:colcon.colcon_core.shell:Creating package script '/home/ubuntu/rj_training_container/training_ws/install/coordinate_transform/share/coordinate_transform/package.bash'
[527.636s] INFO:colcon.colcon_core.shell:Creating package script '/home/ubuntu/rj_training_container/training_ws/install/coordinate_transform/share/coordinate_transform/package.zsh'
[527.654s] Level 1:colcon.colcon_core.environment:create_file_with_runtime_dependencies(/home/ubuntu/rj_training_container/training_ws/install/coordinate_transform/share/colcon-core/packages/coordinate_transform)
[527.694s] DEBUG:colcon.colcon_core.event_handler.log_command:Invoking command in '/home/ubuntu/rj_training_container/training_ws/build/peak_finder': CMAKE_PREFIX_PATH=/home/ubuntu/rj_training_container/training_ws/install/stsl_interfaces:/home/ubuntu/rj_training_container/training_ws/install/stsl_desktop:/home/ubuntu/rj_training_container/training_ws/install/traini_bringup:/home/ubuntu/rj_training_container/training_ws/install/traini_gazebo:/home/ubuntu/rj_training_container/training_ws/install/traini_description:/home/ubuntu/rj_training_container/training_ws/install/teleop:/home/ubuntu/rj_training_container/training_ws/install/stsl_utils:/home/ubuntu/rj_training_container/training_ws/install/stsl_rviz_plugins:/home/ubuntu/rj_training_container/training_ws/install/stsl_nav_plugins:/home/ubuntu/rj_training_container/training_ws/install/mission_orchestration:/home/ubuntu/rj_training_container/training_ws/install/stsl_bt_nodes:/home/ubuntu/rj_training_container/training_ws/install/stsl_aruco_tags:/home/ubuntu/rj_training_container/training_ws/install/peak_finder:/home/ubuntu/rj_training_container/training_ws/install/mineral_deposit_tracking:/home/ubuntu/rj_training_container/training_ws/install/mineral_deposit_detection:/home/ubuntu/rj_training_container/training_ws/install/localization:/home/ubuntu/rj_training_container/training_ws/install/elevation_server:/home/ubuntu/rj_training_container/training_ws/install/coordinate_transform:/home/ubuntu/rj_training_container/training_ws/install/stsl_gazebo_plugins:/home/ubuntu/rj_training_container/training_ws/install/rj_training_bringup:/home/ubuntu/rj_training_container/training_ws/install/obstacle_detector:/home/ubuntu/rj_training_container/training_ws/install/mapping:/home/ubuntu/rj_training_container/training_ws/install/joystick_package:/home/ubuntu/rj_training_container/training_ws/install/joystick_msgs:/home/ubuntu/rj_training_container/training_ws/install/controllers:/home/ubuntu/rj_training_container/training_ws/install/astar_path_planner:/home/ubuntu/rj_training_container/training_ws/install/keyboard:/opt/ros/humble LD_LIBRARY_PATH=/home/ubuntu/rj_training_container/training_ws/install/stsl_interfaces/lib:/home/ubuntu/rj_training_container/training_ws/install/teleop/lib:/home/ubuntu/rj_training_container/training_ws/install/stsl_utils/lib:/home/ubuntu/rj_training_container/training_ws/install/stsl_rviz_plugins/lib:/home/ubuntu/rj_training_container/training_ws/install/stsl_nav_plugins/lib:/home/ubuntu/rj_training_container/training_ws/install/mission_orchestration/lib:/home/ubuntu/rj_training_container/training_ws/install/stsl_bt_nodes/lib:/home/ubuntu/rj_training_container/training_ws/install/stsl_aruco_tags/lib:/home/ubuntu/rj_training_container/training_ws/install/peak_finder/lib:/home/ubuntu/rj_training_container/training_ws/install/mineral_deposit_tracking/lib:/home/ubuntu/rj_training_container/training_ws/install/mineral_deposit_detection/lib:/home/ubuntu/rj_training_container/training_ws/install/localization/lib:/home/ubuntu/rj_training_container/training_ws/install/elevation_server/lib:/home/ubuntu/rj_training_container/training_ws/install/coordinate_transform/lib:/home/ubuntu/rj_training_container/training_ws/install/stsl_gazebo_plugins/lib:/home/ubuntu/rj_training_container/training_ws/install/obstacle_detector/lib:/home/ubuntu/rj_training_container/training_ws/install/mapping/lib:/home/ubuntu/rj_training_container/training_ws/install/joystick_package/lib:/home/ubuntu/rj_training_container/training_ws/install/joystick_msgs/lib:/home/ubuntu/rj_training_container/training_ws/install/controllers/lib:/home/ubuntu/rj_training_container/training_ws/install/astar_path_planner/lib:/usr/lib/x86_64-linux-gnu/gazebo-11/plugins:/opt/ros/humble/opt/rviz_ogre_vendor/lib:/opt/ros/humble/lib/x86_64-linux-gnu:/opt/ros/humble/lib /usr/bin/cmake --install /home/ubuntu/rj_training_container/training_ws/build/peak_finder
[528.934s] Level 1:colcon.colcon_core.environment:create_environment_scripts_only(mineral_deposit_tracking)
[528.935s] Level 1:colcon.colcon_core.environment:checking '/home/ubuntu/rj_training_container/training_ws/install/mineral_deposit_tracking' for CMake module files
[528.936s] DEBUG:colcon.colcon_core.event_handler.log_command:Invoked command in '/home/ubuntu/rj_training_container/training_ws/build/mineral_deposit_tracking' returned '0': CMAKE_PREFIX_PATH=/home/ubuntu/rj_training_container/training_ws/install/stsl_interfaces:/home/ubuntu/rj_training_container/training_ws/install/stsl_desktop:/home/ubuntu/rj_training_container/training_ws/install/traini_bringup:/home/ubuntu/rj_training_container/training_ws/install/traini_gazebo:/home/ubuntu/rj_training_container/training_ws/install/traini_description:/home/ubuntu/rj_training_container/training_ws/install/teleop:/home/ubuntu/rj_training_container/training_ws/install/stsl_utils:/home/ubuntu/rj_training_container/training_ws/install/stsl_rviz_plugins:/home/ubuntu/rj_training_container/training_ws/install/stsl_nav_plugins:/home/ubuntu/rj_training_container/training_ws/install/mission_orchestration:/home/ubuntu/rj_training_container/training_ws/install/stsl_bt_nodes:/home/ubuntu/rj_training_container/training_ws/install/stsl_aruco_tags:/home/ubuntu/rj_training_container/training_ws/install/peak_finder:/home/ubuntu/rj_training_container/training_ws/install/mineral_deposit_tracking:/home/ubuntu/rj_training_container/training_ws/install/mineral_deposit_detection:/home/ubuntu/rj_training_container/training_ws/install/localization:/home/ubuntu/rj_training_container/training_ws/install/elevation_server:/home/ubuntu/rj_training_container/training_ws/install/coordinate_transform:/home/ubuntu/rj_training_container/training_ws/install/stsl_gazebo_plugins:/home/ubuntu/rj_training_container/training_ws/install/rj_training_bringup:/home/ubuntu/rj_training_container/training_ws/install/obstacle_detector:/home/ubuntu/rj_training_container/training_ws/install/mapping:/home/ubuntu/rj_training_container/training_ws/install/joystick_package:/home/ubuntu/rj_training_container/training_ws/install/joystick_msgs:/home/ubuntu/rj_training_container/training_ws/install/controllers:/home/ubuntu/rj_training_container/training_ws/install/astar_path_planner:/home/ubuntu/rj_training_container/training_ws/install/keyboard:/opt/ros/humble LD_LIBRARY_PATH=/home/ubuntu/rj_training_container/training_ws/install/stsl_interfaces/lib:/home/ubuntu/rj_training_container/training_ws/install/teleop/lib:/home/ubuntu/rj_training_container/training_ws/install/stsl_utils/lib:/home/ubuntu/rj_training_container/training_ws/install/stsl_rviz_plugins/lib:/home/ubuntu/rj_training_container/training_ws/install/stsl_nav_plugins/lib:/home/ubuntu/rj_training_container/training_ws/install/mission_orchestration/lib:/home/ubuntu/rj_training_container/training_ws/install/stsl_bt_nodes/lib:/home/ubuntu/rj_training_container/training_ws/install/stsl_aruco_tags/lib:/home/ubuntu/rj_training_container/training_ws/install/peak_finder/lib:/home/ubuntu/rj_training_container/training_ws/install/mineral_deposit_tracking/lib:/home/ubuntu/rj_training_container/training_ws/install/mineral_deposit_detection/lib:/home/ubuntu/rj_training_container/training_ws/install/localization/lib:/home/ubuntu/rj_training_container/training_ws/install/elevation_server/lib:/home/ubuntu/rj_training_container/training_ws/install/coordinate_transform/lib:/home/ubuntu/rj_training_container/training_ws/install/stsl_gazebo_plugins/lib:/home/ubuntu/rj_training_container/training_ws/install/obstacle_detector/lib:/home/ubuntu/rj_training_container/training_ws/install/mapping/lib:/home/ubuntu/rj_training_container/training_ws/install/joystick_package/lib:/home/ubuntu/rj_training_container/training_ws/install/joystick_msgs/lib:/home/ubuntu/rj_training_container/training_ws/install/controllers/lib:/home/ubuntu/rj_training_container/training_ws/install/astar_path_planner/lib:/usr/lib/x86_64-linux-gnu/gazebo-11/plugins:/opt/ros/humble/opt/rviz_ogre_vendor/lib:/opt/ros/humble/lib/x86_64-linux-gnu:/opt/ros/humble/lib /usr/bin/cmake --install /home/ubuntu/rj_training_container/training_ws/build/mineral_deposit_tracking
[529.085s] Level 1:colcon.colcon_core.environment:checking '/home/ubuntu/rj_training_container/training_ws/install/mineral_deposit_tracking' for CMake config files
[529.227s] Level 1:colcon.colcon_core.shell:create_environment_hook('mineral_deposit_tracking', 'cmake_prefix_path')
[529.228s] INFO:colcon.colcon_core.shell:Creating environment hook '/home/ubuntu/rj_training_container/training_ws/install/mineral_deposit_tracking/share/mineral_deposit_tracking/hook/cmake_prefix_path.ps1'
[529.257s] INFO:colcon.colcon_core.shell:Creating environment descriptor '/home/ubuntu/rj_training_container/training_ws/install/mineral_deposit_tracking/share/mineral_deposit_tracking/hook/cmake_prefix_path.dsv'
[529.283s] INFO:colcon.colcon_core.shell:Creating environment hook '/home/ubuntu/rj_training_container/training_ws/install/mineral_deposit_tracking/share/mineral_deposit_tracking/hook/cmake_prefix_path.sh'
[529.316s] Level 1:colcon.colcon_core.environment:checking '/home/ubuntu/rj_training_container/training_ws/install/mineral_deposit_tracking/lib'
[529.324s] Level 1:colcon.colcon_core.shell:create_environment_hook('mineral_deposit_tracking', 'ld_library_path_lib')
[529.326s] INFO:colcon.colcon_core.shell:Creating environment hook '/home/ubuntu/rj_training_container/training_ws/install/mineral_deposit_tracking/share/mineral_deposit_tracking/hook/ld_library_path_lib.ps1'
[529.386s] INFO:colcon.colcon_core.shell:Creating environment descriptor '/home/ubuntu/rj_training_container/training_ws/install/mineral_deposit_tracking/share/mineral_deposit_tracking/hook/ld_library_path_lib.dsv'
[529.442s] INFO:colcon.colcon_core.shell:Creating environment hook '/home/ubuntu/rj_training_container/training_ws/install/mineral_deposit_tracking/share/mineral_deposit_tracking/hook/ld_library_path_lib.sh'
[529.476s] Level 1:colcon.colcon_core.environment:checking '/home/ubuntu/rj_training_container/training_ws/install/mineral_deposit_tracking/bin'
[529.479s] Level 1:colcon.colcon_core.environment:checking '/home/ubuntu/rj_training_container/training_ws/install/mineral_deposit_tracking/lib/pkgconfig/mineral_deposit_tracking.pc'
[529.484s] Level 1:colcon.colcon_core.environment:checking '/home/ubuntu/rj_training_container/training_ws/install/mineral_deposit_tracking/lib/python3.10/site-packages'
[529.488s] Level 1:colcon.colcon_core.environment:checking '/home/ubuntu/rj_training_container/training_ws/install/mineral_deposit_tracking/bin'
[529.491s] INFO:colcon.colcon_core.shell:Creating package script '/home/ubuntu/rj_training_container/training_ws/install/mineral_deposit_tracking/share/mineral_deposit_tracking/package.ps1'
[529.518s] INFO:colcon.colcon_core.shell:Creating package descriptor '/home/ubuntu/rj_training_container/training_ws/install/mineral_deposit_tracking/share/mineral_deposit_tracking/package.dsv'
[529.544s] INFO:colcon.colcon_core.shell:Creating package script '/home/ubuntu/rj_training_container/training_ws/install/mineral_deposit_tracking/share/mineral_deposit_tracking/package.sh'
[529.568s] INFO:colcon.colcon_core.shell:Creating package script '/home/ubuntu/rj_training_container/training_ws/install/mineral_deposit_tracking/share/mineral_deposit_tracking/package.bash'
[529.595s] INFO:colcon.colcon_core.shell:Creating package script '/home/ubuntu/rj_training_container/training_ws/install/mineral_deposit_tracking/share/mineral_deposit_tracking/package.zsh'
[529.620s] Level 1:colcon.colcon_core.environment:create_file_with_runtime_dependencies(/home/ubuntu/rj_training_container/training_ws/install/mineral_deposit_tracking/share/colcon-core/packages/mineral_deposit_tracking)
[530.912s] DEBUG:colcon.colcon_core.event_handler.log_command:Invoking command in '/home/ubuntu/rj_training_container/training_ws/build/stsl_bt_nodes': CMAKE_PREFIX_PATH=/home/ubuntu/rj_training_container/training_ws/install/stsl_interfaces:/home/ubuntu/rj_training_container/training_ws/install/stsl_desktop:/home/ubuntu/rj_training_container/training_ws/install/traini_bringup:/home/ubuntu/rj_training_container/training_ws/install/traini_gazebo:/home/ubuntu/rj_training_container/training_ws/install/traini_description:/home/ubuntu/rj_training_container/training_ws/install/teleop:/home/ubuntu/rj_training_container/training_ws/install/stsl_utils:/home/ubuntu/rj_training_container/training_ws/install/stsl_rviz_plugins:/home/ubuntu/rj_training_container/training_ws/install/stsl_nav_plugins:/home/ubuntu/rj_training_container/training_ws/install/mission_orchestration:/home/ubuntu/rj_training_container/training_ws/install/stsl_bt_nodes:/home/ubuntu/rj_training_container/training_ws/install/stsl_aruco_tags:/home/ubuntu/rj_training_container/training_ws/install/peak_finder:/home/ubuntu/rj_training_container/training_ws/install/mineral_deposit_tracking:/home/ubuntu/rj_training_container/training_ws/install/mineral_deposit_detection:/home/ubuntu/rj_training_container/training_ws/install/localization:/home/ubuntu/rj_training_container/training_ws/install/elevation_server:/home/ubuntu/rj_training_container/training_ws/install/coordinate_transform:/home/ubuntu/rj_training_container/training_ws/install/stsl_gazebo_plugins:/home/ubuntu/rj_training_container/training_ws/install/rj_training_bringup:/home/ubuntu/rj_training_container/training_ws/install/obstacle_detector:/home/ubuntu/rj_training_container/training_ws/install/mapping:/home/ubuntu/rj_training_container/training_ws/install/joystick_package:/home/ubuntu/rj_training_container/training_ws/install/joystick_msgs:/home/ubuntu/rj_training_container/training_ws/install/controllers:/home/ubuntu/rj_training_container/training_ws/install/astar_path_planner:/home/ubuntu/rj_training_container/training_ws/install/keyboard:/opt/ros/humble LD_LIBRARY_PATH=/home/ubuntu/rj_training_container/training_ws/install/stsl_interfaces/lib:/home/ubuntu/rj_training_container/training_ws/install/teleop/lib:/home/ubuntu/rj_training_container/training_ws/install/stsl_utils/lib:/home/ubuntu/rj_training_container/training_ws/install/stsl_rviz_plugins/lib:/home/ubuntu/rj_training_container/training_ws/install/stsl_nav_plugins/lib:/home/ubuntu/rj_training_container/training_ws/install/mission_orchestration/lib:/home/ubuntu/rj_training_container/training_ws/install/stsl_bt_nodes/lib:/home/ubuntu/rj_training_container/training_ws/install/stsl_aruco_tags/lib:/home/ubuntu/rj_training_container/training_ws/install/peak_finder/lib:/home/ubuntu/rj_training_container/training_ws/install/mineral_deposit_tracking/lib:/home/ubuntu/rj_training_container/training_ws/install/mineral_deposit_detection/lib:/home/ubuntu/rj_training_container/training_ws/install/localization/lib:/home/ubuntu/rj_training_container/training_ws/install/elevation_server/lib:/home/ubuntu/rj_training_container/training_ws/install/coordinate_transform/lib:/home/ubuntu/rj_training_container/training_ws/install/stsl_gazebo_plugins/lib:/home/ubuntu/rj_training_container/training_ws/install/obstacle_detector/lib:/home/ubuntu/rj_training_container/training_ws/install/mapping/lib:/home/ubuntu/rj_training_container/training_ws/install/joystick_package/lib:/home/ubuntu/rj_training_container/training_ws/install/joystick_msgs/lib:/home/ubuntu/rj_training_container/training_ws/install/controllers/lib:/home/ubuntu/rj_training_container/training_ws/install/astar_path_planner/lib:/usr/lib/x86_64-linux-gnu/gazebo-11/plugins:/opt/ros/humble/opt/rviz_ogre_vendor/lib:/opt/ros/humble/lib/x86_64-linux-gnu:/opt/ros/humble/lib /usr/bin/cmake --install /home/ubuntu/rj_training_container/training_ws/build/stsl_bt_nodes
[531.143s] DEBUG:colcon.colcon_core.event_handler.log_command:Invoking command in '/home/ubuntu/rj_training_container/training_ws/build/localization': CMAKE_PREFIX_PATH=/home/ubuntu/rj_training_container/training_ws/install/stsl_interfaces:/home/ubuntu/rj_training_container/training_ws/install/stsl_desktop:/home/ubuntu/rj_training_container/training_ws/install/traini_bringup:/home/ubuntu/rj_training_container/training_ws/install/traini_gazebo:/home/ubuntu/rj_training_container/training_ws/install/traini_description:/home/ubuntu/rj_training_container/training_ws/install/teleop:/home/ubuntu/rj_training_container/training_ws/install/stsl_utils:/home/ubuntu/rj_training_container/training_ws/install/stsl_rviz_plugins:/home/ubuntu/rj_training_container/training_ws/install/stsl_nav_plugins:/home/ubuntu/rj_training_container/training_ws/install/mission_orchestration:/home/ubuntu/rj_training_container/training_ws/install/stsl_bt_nodes:/home/ubuntu/rj_training_container/training_ws/install/stsl_aruco_tags:/home/ubuntu/rj_training_container/training_ws/install/peak_finder:/home/ubuntu/rj_training_container/training_ws/install/mineral_deposit_tracking:/home/ubuntu/rj_training_container/training_ws/install/mineral_deposit_detection:/home/ubuntu/rj_training_container/training_ws/install/localization:/home/ubuntu/rj_training_container/training_ws/install/elevation_server:/home/ubuntu/rj_training_container/training_ws/install/coordinate_transform:/home/ubuntu/rj_training_container/training_ws/install/stsl_gazebo_plugins:/home/ubuntu/rj_training_container/training_ws/install/rj_training_bringup:/home/ubuntu/rj_training_container/training_ws/install/obstacle_detector:/home/ubuntu/rj_training_container/training_ws/install/mapping:/home/ubuntu/rj_training_container/training_ws/install/joystick_package:/home/ubuntu/rj_training_container/training_ws/install/joystick_msgs:/home/ubuntu/rj_training_container/training_ws/install/controllers:/home/ubuntu/rj_training_container/training_ws/install/astar_path_planner:/home/ubuntu/rj_training_container/training_ws/install/keyboard:/opt/ros/humble LD_LIBRARY_PATH=/home/ubuntu/rj_training_container/training_ws/install/stsl_interfaces/lib:/home/ubuntu/rj_training_container/training_ws/install/teleop/lib:/home/ubuntu/rj_training_container/training_ws/install/stsl_utils/lib:/home/ubuntu/rj_training_container/training_ws/install/stsl_rviz_plugins/lib:/home/ubuntu/rj_training_container/training_ws/install/stsl_nav_plugins/lib:/home/ubuntu/rj_training_container/training_ws/install/mission_orchestration/lib:/home/ubuntu/rj_training_container/training_ws/install/stsl_bt_nodes/lib:/home/ubuntu/rj_training_container/training_ws/install/stsl_aruco_tags/lib:/home/ubuntu/rj_training_container/training_ws/install/peak_finder/lib:/home/ubuntu/rj_training_container/training_ws/install/mineral_deposit_tracking/lib:/home/ubuntu/rj_training_container/training_ws/install/mineral_deposit_detection/lib:/home/ubuntu/rj_training_container/training_ws/install/localization/lib:/home/ubuntu/rj_training_container/training_ws/install/elevation_server/lib:/home/ubuntu/rj_training_container/training_ws/install/coordinate_transform/lib:/home/ubuntu/rj_training_container/training_ws/install/stsl_gazebo_plugins/lib:/home/ubuntu/rj_training_container/training_ws/install/obstacle_detector/lib:/home/ubuntu/rj_training_container/training_ws/install/mapping/lib:/home/ubuntu/rj_training_container/training_ws/install/joystick_package/lib:/home/ubuntu/rj_training_container/training_ws/install/joystick_msgs/lib:/home/ubuntu/rj_training_container/training_ws/install/controllers/lib:/home/ubuntu/rj_training_container/training_ws/install/astar_path_planner/lib:/usr/lib/x86_64-linux-gnu/gazebo-11/plugins:/opt/ros/humble/opt/rviz_ogre_vendor/lib:/opt/ros/humble/lib/x86_64-linux-gnu:/opt/ros/humble/lib /usr/bin/cmake --install /home/ubuntu/rj_training_container/training_ws/build/localization
[531.694s] Level 1:colcon.colcon_core.environment:create_environment_scripts_only(peak_finder)
[531.695s] Level 1:colcon.colcon_core.environment:checking '/home/ubuntu/rj_training_container/training_ws/install/peak_finder' for CMake module files
[531.696s] DEBUG:colcon.colcon_core.event_handler.log_command:Invoked command in '/home/ubuntu/rj_training_container/training_ws/build/peak_finder' returned '0': CMAKE_PREFIX_PATH=/home/ubuntu/rj_training_container/training_ws/install/stsl_interfaces:/home/ubuntu/rj_training_container/training_ws/install/stsl_desktop:/home/ubuntu/rj_training_container/training_ws/install/traini_bringup:/home/ubuntu/rj_training_container/training_ws/install/traini_gazebo:/home/ubuntu/rj_training_container/training_ws/install/traini_description:/home/ubuntu/rj_training_container/training_ws/install/teleop:/home/ubuntu/rj_training_container/training_ws/install/stsl_utils:/home/ubuntu/rj_training_container/training_ws/install/stsl_rviz_plugins:/home/ubuntu/rj_training_container/training_ws/install/stsl_nav_plugins:/home/ubuntu/rj_training_container/training_ws/install/mission_orchestration:/home/ubuntu/rj_training_container/training_ws/install/stsl_bt_nodes:/home/ubuntu/rj_training_container/training_ws/install/stsl_aruco_tags:/home/ubuntu/rj_training_container/training_ws/install/peak_finder:/home/ubuntu/rj_training_container/training_ws/install/mineral_deposit_tracking:/home/ubuntu/rj_training_container/training_ws/install/mineral_deposit_detection:/home/ubuntu/rj_training_container/training_ws/install/localization:/home/ubuntu/rj_training_container/training_ws/install/elevation_server:/home/ubuntu/rj_training_container/training_ws/install/coordinate_transform:/home/ubuntu/rj_training_container/training_ws/install/stsl_gazebo_plugins:/home/ubuntu/rj_training_container/training_ws/install/rj_training_bringup:/home/ubuntu/rj_training_container/training_ws/install/obstacle_detector:/home/ubuntu/rj_training_container/training_ws/install/mapping:/home/ubuntu/rj_training_container/training_ws/install/joystick_package:/home/ubuntu/rj_training_container/training_ws/install/joystick_msgs:/home/ubuntu/rj_training_container/training_ws/install/controllers:/home/ubuntu/rj_training_container/training_ws/install/astar_path_planner:/home/ubuntu/rj_training_container/training_ws/install/keyboard:/opt/ros/humble LD_LIBRARY_PATH=/home/ubuntu/rj_training_container/training_ws/install/stsl_interfaces/lib:/home/ubuntu/rj_training_container/training_ws/install/teleop/lib:/home/ubuntu/rj_training_container/training_ws/install/stsl_utils/lib:/home/ubuntu/rj_training_container/training_ws/install/stsl_rviz_plugins/lib:/home/ubuntu/rj_training_container/training_ws/install/stsl_nav_plugins/lib:/home/ubuntu/rj_training_container/training_ws/install/mission_orchestration/lib:/home/ubuntu/rj_training_container/training_ws/install/stsl_bt_nodes/lib:/home/ubuntu/rj_training_container/training_ws/install/stsl_aruco_tags/lib:/home/ubuntu/rj_training_container/training_ws/install/peak_finder/lib:/home/ubuntu/rj_training_container/training_ws/install/mineral_deposit_tracking/lib:/home/ubuntu/rj_training_container/training_ws/install/mineral_deposit_detection/lib:/home/ubuntu/rj_training_container/training_ws/install/localization/lib:/home/ubuntu/rj_training_container/training_ws/install/elevation_server/lib:/home/ubuntu/rj_training_container/training_ws/install/coordinate_transform/lib:/home/ubuntu/rj_training_container/training_ws/install/stsl_gazebo_plugins/lib:/home/ubuntu/rj_training_container/training_ws/install/obstacle_detector/lib:/home/ubuntu/rj_training_container/training_ws/install/mapping/lib:/home/ubuntu/rj_training_container/training_ws/install/joystick_package/lib:/home/ubuntu/rj_training_container/training_ws/install/joystick_msgs/lib:/home/ubuntu/rj_training_container/training_ws/install/controllers/lib:/home/ubuntu/rj_training_container/training_ws/install/astar_path_planner/lib:/usr/lib/x86_64-linux-gnu/gazebo-11/plugins:/opt/ros/humble/opt/rviz_ogre_vendor/lib:/opt/ros/humble/lib/x86_64-linux-gnu:/opt/ros/humble/lib /usr/bin/cmake --install /home/ubuntu/rj_training_container/training_ws/build/peak_finder
[531.863s] Level 1:colcon.colcon_core.environment:checking '/home/ubuntu/rj_training_container/training_ws/install/peak_finder' for CMake config files
[532.001s] Level 1:colcon.colcon_core.shell:create_environment_hook('peak_finder', 'cmake_prefix_path')
[532.002s] INFO:colcon.colcon_core.shell:Creating environment hook '/home/ubuntu/rj_training_container/training_ws/install/peak_finder/share/peak_finder/hook/cmake_prefix_path.ps1'
[532.026s] INFO:colcon.colcon_core.shell:Creating environment descriptor '/home/ubuntu/rj_training_container/training_ws/install/peak_finder/share/peak_finder/hook/cmake_prefix_path.dsv'
[532.053s] INFO:colcon.colcon_core.shell:Creating environment hook '/home/ubuntu/rj_training_container/training_ws/install/peak_finder/share/peak_finder/hook/cmake_prefix_path.sh'
[532.086s] Level 1:colcon.colcon_core.environment:checking '/home/ubuntu/rj_training_container/training_ws/install/peak_finder/lib'
[532.094s] Level 1:colcon.colcon_core.shell:create_environment_hook('peak_finder', 'ld_library_path_lib')
[532.095s] INFO:colcon.colcon_core.shell:Creating environment hook '/home/ubuntu/rj_training_container/training_ws/install/peak_finder/share/peak_finder/hook/ld_library_path_lib.ps1'
[532.123s] INFO:colcon.colcon_core.shell:Creating environment descriptor '/home/ubuntu/rj_training_container/training_ws/install/peak_finder/share/peak_finder/hook/ld_library_path_lib.dsv'
[532.149s] INFO:colcon.colcon_core.shell:Creating environment hook '/home/ubuntu/rj_training_container/training_ws/install/peak_finder/share/peak_finder/hook/ld_library_path_lib.sh'
[532.176s] Level 1:colcon.colcon_core.environment:checking '/home/ubuntu/rj_training_container/training_ws/install/peak_finder/bin'
[532.178s] Level 1:colcon.colcon_core.environment:checking '/home/ubuntu/rj_training_container/training_ws/install/peak_finder/lib/pkgconfig/peak_finder.pc'
[532.182s] Level 1:colcon.colcon_core.environment:checking '/home/ubuntu/rj_training_container/training_ws/install/peak_finder/lib/python3.10/site-packages'
[532.185s] Level 1:colcon.colcon_core.environment:checking '/home/ubuntu/rj_training_container/training_ws/install/peak_finder/bin'
[532.188s] INFO:colcon.colcon_core.shell:Creating package script '/home/ubuntu/rj_training_container/training_ws/install/peak_finder/share/peak_finder/package.ps1'
[532.212s] INFO:colcon.colcon_core.shell:Creating package descriptor '/home/ubuntu/rj_training_container/training_ws/install/peak_finder/share/peak_finder/package.dsv'
[532.233s] INFO:colcon.colcon_core.shell:Creating package script '/home/ubuntu/rj_training_container/training_ws/install/peak_finder/share/peak_finder/package.sh'
[532.255s] INFO:colcon.colcon_core.shell:Creating package script '/home/ubuntu/rj_training_container/training_ws/install/peak_finder/share/peak_finder/package.bash'
[532.276s] INFO:colcon.colcon_core.shell:Creating package script '/home/ubuntu/rj_training_container/training_ws/install/peak_finder/share/peak_finder/package.zsh'
[532.306s] Level 1:colcon.colcon_core.environment:create_file_with_runtime_dependencies(/home/ubuntu/rj_training_container/training_ws/install/peak_finder/share/colcon-core/packages/peak_finder)
[532.347s] DEBUG:colcon.colcon_core.event_handler.log_command:Invoking command in '/home/ubuntu/rj_training_container/training_ws/build/stsl_aruco_tags': CMAKE_PREFIX_PATH=/home/ubuntu/rj_training_container/training_ws/install/stsl_interfaces:/home/ubuntu/rj_training_container/training_ws/install/stsl_desktop:/home/ubuntu/rj_training_container/training_ws/install/traini_bringup:/home/ubuntu/rj_training_container/training_ws/install/traini_gazebo:/home/ubuntu/rj_training_container/training_ws/install/traini_description:/home/ubuntu/rj_training_container/training_ws/install/teleop:/home/ubuntu/rj_training_container/training_ws/install/stsl_utils:/home/ubuntu/rj_training_container/training_ws/install/stsl_rviz_plugins:/home/ubuntu/rj_training_container/training_ws/install/stsl_nav_plugins:/home/ubuntu/rj_training_container/training_ws/install/mission_orchestration:/home/ubuntu/rj_training_container/training_ws/install/stsl_bt_nodes:/home/ubuntu/rj_training_container/training_ws/install/stsl_aruco_tags:/home/ubuntu/rj_training_container/training_ws/install/peak_finder:/home/ubuntu/rj_training_container/training_ws/install/mineral_deposit_tracking:/home/ubuntu/rj_training_container/training_ws/install/mineral_deposit_detection:/home/ubuntu/rj_training_container/training_ws/install/localization:/home/ubuntu/rj_training_container/training_ws/install/elevation_server:/home/ubuntu/rj_training_container/training_ws/install/coordinate_transform:/home/ubuntu/rj_training_container/training_ws/install/stsl_gazebo_plugins:/home/ubuntu/rj_training_container/training_ws/install/rj_training_bringup:/home/ubuntu/rj_training_container/training_ws/install/obstacle_detector:/home/ubuntu/rj_training_container/training_ws/install/mapping:/home/ubuntu/rj_training_container/training_ws/install/joystick_package:/home/ubuntu/rj_training_container/training_ws/install/joystick_msgs:/home/ubuntu/rj_training_container/training_ws/install/controllers:/home/ubuntu/rj_training_container/training_ws/install/astar_path_planner:/home/ubuntu/rj_training_container/training_ws/install/keyboard:/opt/ros/humble LD_LIBRARY_PATH=/home/ubuntu/rj_training_container/training_ws/install/stsl_interfaces/lib:/home/ubuntu/rj_training_container/training_ws/install/teleop/lib:/home/ubuntu/rj_training_container/training_ws/install/stsl_utils/lib:/home/ubuntu/rj_training_container/training_ws/install/stsl_rviz_plugins/lib:/home/ubuntu/rj_training_container/training_ws/install/stsl_nav_plugins/lib:/home/ubuntu/rj_training_container/training_ws/install/mission_orchestration/lib:/home/ubuntu/rj_training_container/training_ws/install/stsl_bt_nodes/lib:/home/ubuntu/rj_training_container/training_ws/install/stsl_aruco_tags/lib:/home/ubuntu/rj_training_container/training_ws/install/peak_finder/lib:/home/ubuntu/rj_training_container/training_ws/install/mineral_deposit_tracking/lib:/home/ubuntu/rj_training_container/training_ws/install/mineral_deposit_detection/lib:/home/ubuntu/rj_training_container/training_ws/install/localization/lib:/home/ubuntu/rj_training_container/training_ws/install/elevation_server/lib:/home/ubuntu/rj_training_container/training_ws/install/coordinate_transform/lib:/home/ubuntu/rj_training_container/training_ws/install/stsl_gazebo_plugins/lib:/home/ubuntu/rj_training_container/training_ws/install/obstacle_detector/lib:/home/ubuntu/rj_training_container/training_ws/install/mapping/lib:/home/ubuntu/rj_training_container/training_ws/install/joystick_package/lib:/home/ubuntu/rj_training_container/training_ws/install/joystick_msgs/lib:/home/ubuntu/rj_training_container/training_ws/install/controllers/lib:/home/ubuntu/rj_training_container/training_ws/install/astar_path_planner/lib:/usr/lib/x86_64-linux-gnu/gazebo-11/plugins:/opt/ros/humble/opt/rviz_ogre_vendor/lib:/opt/ros/humble/lib/x86_64-linux-gnu:/opt/ros/humble/lib /usr/bin/cmake --install /home/ubuntu/rj_training_container/training_ws/build/stsl_aruco_tags
[534.783s] Level 1:colcon.colcon_core.environment:create_environment_scripts_only(stsl_bt_nodes)
[534.784s] Level 1:colcon.colcon_core.environment:checking '/home/ubuntu/rj_training_container/training_ws/install/stsl_bt_nodes' for CMake module files
[534.785s] DEBUG:colcon.colcon_core.event_handler.log_command:Invoked command in '/home/ubuntu/rj_training_container/training_ws/build/stsl_bt_nodes' returned '0': CMAKE_PREFIX_PATH=/home/ubuntu/rj_training_container/training_ws/install/stsl_interfaces:/home/ubuntu/rj_training_container/training_ws/install/stsl_desktop:/home/ubuntu/rj_training_container/training_ws/install/traini_bringup:/home/ubuntu/rj_training_container/training_ws/install/traini_gazebo:/home/ubuntu/rj_training_container/training_ws/install/traini_description:/home/ubuntu/rj_training_container/training_ws/install/teleop:/home/ubuntu/rj_training_container/training_ws/install/stsl_utils:/home/ubuntu/rj_training_container/training_ws/install/stsl_rviz_plugins:/home/ubuntu/rj_training_container/training_ws/install/stsl_nav_plugins:/home/ubuntu/rj_training_container/training_ws/install/mission_orchestration:/home/ubuntu/rj_training_container/training_ws/install/stsl_bt_nodes:/home/ubuntu/rj_training_container/training_ws/install/stsl_aruco_tags:/home/ubuntu/rj_training_container/training_ws/install/peak_finder:/home/ubuntu/rj_training_container/training_ws/install/mineral_deposit_tracking:/home/ubuntu/rj_training_container/training_ws/install/mineral_deposit_detection:/home/ubuntu/rj_training_container/training_ws/install/localization:/home/ubuntu/rj_training_container/training_ws/install/elevation_server:/home/ubuntu/rj_training_container/training_ws/install/coordinate_transform:/home/ubuntu/rj_training_container/training_ws/install/stsl_gazebo_plugins:/home/ubuntu/rj_training_container/training_ws/install/rj_training_bringup:/home/ubuntu/rj_training_container/training_ws/install/obstacle_detector:/home/ubuntu/rj_training_container/training_ws/install/mapping:/home/ubuntu/rj_training_container/training_ws/install/joystick_package:/home/ubuntu/rj_training_container/training_ws/install/joystick_msgs:/home/ubuntu/rj_training_container/training_ws/install/controllers:/home/ubuntu/rj_training_container/training_ws/install/astar_path_planner:/home/ubuntu/rj_training_container/training_ws/install/keyboard:/opt/ros/humble LD_LIBRARY_PATH=/home/ubuntu/rj_training_container/training_ws/install/stsl_interfaces/lib:/home/ubuntu/rj_training_container/training_ws/install/teleop/lib:/home/ubuntu/rj_training_container/training_ws/install/stsl_utils/lib:/home/ubuntu/rj_training_container/training_ws/install/stsl_rviz_plugins/lib:/home/ubuntu/rj_training_container/training_ws/install/stsl_nav_plugins/lib:/home/ubuntu/rj_training_container/training_ws/install/mission_orchestration/lib:/home/ubuntu/rj_training_container/training_ws/install/stsl_bt_nodes/lib:/home/ubuntu/rj_training_container/training_ws/install/stsl_aruco_tags/lib:/home/ubuntu/rj_training_container/training_ws/install/peak_finder/lib:/home/ubuntu/rj_training_container/training_ws/install/mineral_deposit_tracking/lib:/home/ubuntu/rj_training_container/training_ws/install/mineral_deposit_detection/lib:/home/ubuntu/rj_training_container/training_ws/install/localization/lib:/home/ubuntu/rj_training_container/training_ws/install/elevation_server/lib:/home/ubuntu/rj_training_container/training_ws/install/coordinate_transform/lib:/home/ubuntu/rj_training_container/training_ws/install/stsl_gazebo_plugins/lib:/home/ubuntu/rj_training_container/training_ws/install/obstacle_detector/lib:/home/ubuntu/rj_training_container/training_ws/install/mapping/lib:/home/ubuntu/rj_training_container/training_ws/install/joystick_package/lib:/home/ubuntu/rj_training_container/training_ws/install/joystick_msgs/lib:/home/ubuntu/rj_training_container/training_ws/install/controllers/lib:/home/ubuntu/rj_training_container/training_ws/install/astar_path_planner/lib:/usr/lib/x86_64-linux-gnu/gazebo-11/plugins:/opt/ros/humble/opt/rviz_ogre_vendor/lib:/opt/ros/humble/lib/x86_64-linux-gnu:/opt/ros/humble/lib /usr/bin/cmake --install /home/ubuntu/rj_training_container/training_ws/build/stsl_bt_nodes
[534.950s] Level 1:colcon.colcon_core.environment:checking '/home/ubuntu/rj_training_container/training_ws/install/stsl_bt_nodes' for CMake config files
[535.098s] Level 1:colcon.colcon_core.shell:create_environment_hook('stsl_bt_nodes', 'cmake_prefix_path')
[535.099s] INFO:colcon.colcon_core.shell:Creating environment hook '/home/ubuntu/rj_training_container/training_ws/install/stsl_bt_nodes/share/stsl_bt_nodes/hook/cmake_prefix_path.ps1'
[535.128s] INFO:colcon.colcon_core.shell:Creating environment descriptor '/home/ubuntu/rj_training_container/training_ws/install/stsl_bt_nodes/share/stsl_bt_nodes/hook/cmake_prefix_path.dsv'
[535.161s] INFO:colcon.colcon_core.shell:Creating environment hook '/home/ubuntu/rj_training_container/training_ws/install/stsl_bt_nodes/share/stsl_bt_nodes/hook/cmake_prefix_path.sh'
[535.190s] Level 1:colcon.colcon_core.environment:checking '/home/ubuntu/rj_training_container/training_ws/install/stsl_bt_nodes/lib'
[535.196s] Level 1:colcon.colcon_core.shell:create_environment_hook('stsl_bt_nodes', 'ld_library_path_lib')
[535.197s] INFO:colcon.colcon_core.shell:Creating environment hook '/home/ubuntu/rj_training_container/training_ws/install/stsl_bt_nodes/share/stsl_bt_nodes/hook/ld_library_path_lib.ps1'
[535.228s] INFO:colcon.colcon_core.shell:Creating environment descriptor '/home/ubuntu/rj_training_container/training_ws/install/stsl_bt_nodes/share/stsl_bt_nodes/hook/ld_library_path_lib.dsv'
[535.256s] INFO:colcon.colcon_core.shell:Creating environment hook '/home/ubuntu/rj_training_container/training_ws/install/stsl_bt_nodes/share/stsl_bt_nodes/hook/ld_library_path_lib.sh'
[535.286s] Level 1:colcon.colcon_core.environment:checking '/home/ubuntu/rj_training_container/training_ws/install/stsl_bt_nodes/bin'
[535.289s] Level 1:colcon.colcon_core.environment:checking '/home/ubuntu/rj_training_container/training_ws/install/stsl_bt_nodes/lib/pkgconfig/stsl_bt_nodes.pc'
[535.292s] Level 1:colcon.colcon_core.environment:checking '/home/ubuntu/rj_training_container/training_ws/install/stsl_bt_nodes/lib/python3.10/site-packages'
[535.296s] Level 1:colcon.colcon_core.environment:checking '/home/ubuntu/rj_training_container/training_ws/install/stsl_bt_nodes/bin'
[535.298s] INFO:colcon.colcon_core.shell:Creating package script '/home/ubuntu/rj_training_container/training_ws/install/stsl_bt_nodes/share/stsl_bt_nodes/package.ps1'
[535.325s] INFO:colcon.colcon_core.shell:Creating package descriptor '/home/ubuntu/rj_training_container/training_ws/install/stsl_bt_nodes/share/stsl_bt_nodes/package.dsv'
[535.350s] INFO:colcon.colcon_core.shell:Creating package script '/home/ubuntu/rj_training_container/training_ws/install/stsl_bt_nodes/share/stsl_bt_nodes/package.sh'
[535.376s] INFO:colcon.colcon_core.shell:Creating package script '/home/ubuntu/rj_training_container/training_ws/install/stsl_bt_nodes/share/stsl_bt_nodes/package.bash'
[535.401s] INFO:colcon.colcon_core.shell:Creating package script '/home/ubuntu/rj_training_container/training_ws/install/stsl_bt_nodes/share/stsl_bt_nodes/package.zsh'
[535.428s] Level 1:colcon.colcon_core.environment:create_file_with_runtime_dependencies(/home/ubuntu/rj_training_container/training_ws/install/stsl_bt_nodes/share/colcon-core/packages/stsl_bt_nodes)
[535.623s] Level 1:colcon.colcon_core.environment:create_environment_scripts_only(localization)
[535.623s] Level 1:colcon.colcon_core.environment:checking '/home/ubuntu/rj_training_container/training_ws/install/localization' for CMake module files
[535.625s] DEBUG:colcon.colcon_core.event_handler.log_command:Invoked command in '/home/ubuntu/rj_training_container/training_ws/build/localization' returned '0': CMAKE_PREFIX_PATH=/home/ubuntu/rj_training_container/training_ws/install/stsl_interfaces:/home/ubuntu/rj_training_container/training_ws/install/stsl_desktop:/home/ubuntu/rj_training_container/training_ws/install/traini_bringup:/home/ubuntu/rj_training_container/training_ws/install/traini_gazebo:/home/ubuntu/rj_training_container/training_ws/install/traini_description:/home/ubuntu/rj_training_container/training_ws/install/teleop:/home/ubuntu/rj_training_container/training_ws/install/stsl_utils:/home/ubuntu/rj_training_container/training_ws/install/stsl_rviz_plugins:/home/ubuntu/rj_training_container/training_ws/install/stsl_nav_plugins:/home/ubuntu/rj_training_container/training_ws/install/mission_orchestration:/home/ubuntu/rj_training_container/training_ws/install/stsl_bt_nodes:/home/ubuntu/rj_training_container/training_ws/install/stsl_aruco_tags:/home/ubuntu/rj_training_container/training_ws/install/peak_finder:/home/ubuntu/rj_training_container/training_ws/install/mineral_deposit_tracking:/home/ubuntu/rj_training_container/training_ws/install/mineral_deposit_detection:/home/ubuntu/rj_training_container/training_ws/install/localization:/home/ubuntu/rj_training_container/training_ws/install/elevation_server:/home/ubuntu/rj_training_container/training_ws/install/coordinate_transform:/home/ubuntu/rj_training_container/training_ws/install/stsl_gazebo_plugins:/home/ubuntu/rj_training_container/training_ws/install/rj_training_bringup:/home/ubuntu/rj_training_container/training_ws/install/obstacle_detector:/home/ubuntu/rj_training_container/training_ws/install/mapping:/home/ubuntu/rj_training_container/training_ws/install/joystick_package:/home/ubuntu/rj_training_container/training_ws/install/joystick_msgs:/home/ubuntu/rj_training_container/training_ws/install/controllers:/home/ubuntu/rj_training_container/training_ws/install/astar_path_planner:/home/ubuntu/rj_training_container/training_ws/install/keyboard:/opt/ros/humble LD_LIBRARY_PATH=/home/ubuntu/rj_training_container/training_ws/install/stsl_interfaces/lib:/home/ubuntu/rj_training_container/training_ws/install/teleop/lib:/home/ubuntu/rj_training_container/training_ws/install/stsl_utils/lib:/home/ubuntu/rj_training_container/training_ws/install/stsl_rviz_plugins/lib:/home/ubuntu/rj_training_container/training_ws/install/stsl_nav_plugins/lib:/home/ubuntu/rj_training_container/training_ws/install/mission_orchestration/lib:/home/ubuntu/rj_training_container/training_ws/install/stsl_bt_nodes/lib:/home/ubuntu/rj_training_container/training_ws/install/stsl_aruco_tags/lib:/home/ubuntu/rj_training_container/training_ws/install/peak_finder/lib:/home/ubuntu/rj_training_container/training_ws/install/mineral_deposit_tracking/lib:/home/ubuntu/rj_training_container/training_ws/install/mineral_deposit_detection/lib:/home/ubuntu/rj_training_container/training_ws/install/localization/lib:/home/ubuntu/rj_training_container/training_ws/install/elevation_server/lib:/home/ubuntu/rj_training_container/training_ws/install/coordinate_transform/lib:/home/ubuntu/rj_training_container/training_ws/install/stsl_gazebo_plugins/lib:/home/ubuntu/rj_training_container/training_ws/install/obstacle_detector/lib:/home/ubuntu/rj_training_container/training_ws/install/mapping/lib:/home/ubuntu/rj_training_container/training_ws/install/joystick_package/lib:/home/ubuntu/rj_training_container/training_ws/install/joystick_msgs/lib:/home/ubuntu/rj_training_container/training_ws/install/controllers/lib:/home/ubuntu/rj_training_container/training_ws/install/astar_path_planner/lib:/usr/lib/x86_64-linux-gnu/gazebo-11/plugins:/opt/ros/humble/opt/rviz_ogre_vendor/lib:/opt/ros/humble/lib/x86_64-linux-gnu:/opt/ros/humble/lib /usr/bin/cmake --install /home/ubuntu/rj_training_container/training_ws/build/localization
[535.809s] Level 1:colcon.colcon_core.environment:checking '/home/ubuntu/rj_training_container/training_ws/install/localization' for CMake config files
[535.973s] Level 1:colcon.colcon_core.shell:create_environment_hook('localization', 'cmake_prefix_path')
[535.974s] INFO:colcon.colcon_core.shell:Creating environment hook '/home/ubuntu/rj_training_container/training_ws/install/localization/share/localization/hook/cmake_prefix_path.ps1'
[536.002s] INFO:colcon.colcon_core.shell:Creating environment descriptor '/home/ubuntu/rj_training_container/training_ws/install/localization/share/localization/hook/cmake_prefix_path.dsv'
[536.025s] INFO:colcon.colcon_core.shell:Creating environment hook '/home/ubuntu/rj_training_container/training_ws/install/localization/share/localization/hook/cmake_prefix_path.sh'
[536.065s] Level 1:colcon.colcon_core.environment:checking '/home/ubuntu/rj_training_container/training_ws/install/localization/lib'
[536.073s] Level 1:colcon.colcon_core.shell:create_environment_hook('localization', 'ld_library_path_lib')
[536.074s] INFO:colcon.colcon_core.shell:Creating environment hook '/home/ubuntu/rj_training_container/training_ws/install/localization/share/localization/hook/ld_library_path_lib.ps1'
[536.098s] INFO:colcon.colcon_core.shell:Creating environment descriptor '/home/ubuntu/rj_training_container/training_ws/install/localization/share/localization/hook/ld_library_path_lib.dsv'
[536.126s] INFO:colcon.colcon_core.shell:Creating environment hook '/home/ubuntu/rj_training_container/training_ws/install/localization/share/localization/hook/ld_library_path_lib.sh'
[536.153s] Level 1:colcon.colcon_core.environment:checking '/home/ubuntu/rj_training_container/training_ws/install/localization/bin'
[536.155s] Level 1:colcon.colcon_core.environment:checking '/home/ubuntu/rj_training_container/training_ws/install/localization/lib/pkgconfig/localization.pc'
[536.156s] Level 1:colcon.colcon_core.environment:checking '/home/ubuntu/rj_training_container/training_ws/install/localization/lib/python3.10/site-packages'
[536.159s] Level 1:colcon.colcon_core.environment:checking '/home/ubuntu/rj_training_container/training_ws/install/localization/bin'
[536.161s] INFO:colcon.colcon_core.shell:Creating package script '/home/ubuntu/rj_training_container/training_ws/install/localization/share/localization/package.ps1'
[536.182s] INFO:colcon.colcon_core.shell:Creating package descriptor '/home/ubuntu/rj_training_container/training_ws/install/localization/share/localization/package.dsv'
[536.207s] INFO:colcon.colcon_core.shell:Creating package script '/home/ubuntu/rj_training_container/training_ws/install/localization/share/localization/package.sh'
[536.235s] INFO:colcon.colcon_core.shell:Creating package script '/home/ubuntu/rj_training_container/training_ws/install/localization/share/localization/package.bash'
[536.253s] INFO:colcon.colcon_core.shell:Creating package script '/home/ubuntu/rj_training_container/training_ws/install/localization/share/localization/package.zsh'
[536.274s] Level 1:colcon.colcon_core.environment:create_file_with_runtime_dependencies(/home/ubuntu/rj_training_container/training_ws/install/localization/share/colcon-core/packages/localization)
[537.338s] Level 1:colcon.colcon_core.environment:create_environment_scripts_only(stsl_aruco_tags)
[537.339s] Level 1:colcon.colcon_core.environment:checking '/home/ubuntu/rj_training_container/training_ws/install/stsl_aruco_tags' for CMake module files
[537.340s] DEBUG:colcon.colcon_core.event_handler.log_command:Invoked command in '/home/ubuntu/rj_training_container/training_ws/build/stsl_aruco_tags' returned '0': CMAKE_PREFIX_PATH=/home/ubuntu/rj_training_container/training_ws/install/stsl_interfaces:/home/ubuntu/rj_training_container/training_ws/install/stsl_desktop:/home/ubuntu/rj_training_container/training_ws/install/traini_bringup:/home/ubuntu/rj_training_container/training_ws/install/traini_gazebo:/home/ubuntu/rj_training_container/training_ws/install/traini_description:/home/ubuntu/rj_training_container/training_ws/install/teleop:/home/ubuntu/rj_training_container/training_ws/install/stsl_utils:/home/ubuntu/rj_training_container/training_ws/install/stsl_rviz_plugins:/home/ubuntu/rj_training_container/training_ws/install/stsl_nav_plugins:/home/ubuntu/rj_training_container/training_ws/install/mission_orchestration:/home/ubuntu/rj_training_container/training_ws/install/stsl_bt_nodes:/home/ubuntu/rj_training_container/training_ws/install/stsl_aruco_tags:/home/ubuntu/rj_training_container/training_ws/install/peak_finder:/home/ubuntu/rj_training_container/training_ws/install/mineral_deposit_tracking:/home/ubuntu/rj_training_container/training_ws/install/mineral_deposit_detection:/home/ubuntu/rj_training_container/training_ws/install/localization:/home/ubuntu/rj_training_container/training_ws/install/elevation_server:/home/ubuntu/rj_training_container/training_ws/install/coordinate_transform:/home/ubuntu/rj_training_container/training_ws/install/stsl_gazebo_plugins:/home/ubuntu/rj_training_container/training_ws/install/rj_training_bringup:/home/ubuntu/rj_training_container/training_ws/install/obstacle_detector:/home/ubuntu/rj_training_container/training_ws/install/mapping:/home/ubuntu/rj_training_container/training_ws/install/joystick_package:/home/ubuntu/rj_training_container/training_ws/install/joystick_msgs:/home/ubuntu/rj_training_container/training_ws/install/controllers:/home/ubuntu/rj_training_container/training_ws/install/astar_path_planner:/home/ubuntu/rj_training_container/training_ws/install/keyboard:/opt/ros/humble LD_LIBRARY_PATH=/home/ubuntu/rj_training_container/training_ws/install/stsl_interfaces/lib:/home/ubuntu/rj_training_container/training_ws/install/teleop/lib:/home/ubuntu/rj_training_container/training_ws/install/stsl_utils/lib:/home/ubuntu/rj_training_container/training_ws/install/stsl_rviz_plugins/lib:/home/ubuntu/rj_training_container/training_ws/install/stsl_nav_plugins/lib:/home/ubuntu/rj_training_container/training_ws/install/mission_orchestration/lib:/home/ubuntu/rj_training_container/training_ws/install/stsl_bt_nodes/lib:/home/ubuntu/rj_training_container/training_ws/install/stsl_aruco_tags/lib:/home/ubuntu/rj_training_container/training_ws/install/peak_finder/lib:/home/ubuntu/rj_training_container/training_ws/install/mineral_deposit_tracking/lib:/home/ubuntu/rj_training_container/training_ws/install/mineral_deposit_detection/lib:/home/ubuntu/rj_training_container/training_ws/install/localization/lib:/home/ubuntu/rj_training_container/training_ws/install/elevation_server/lib:/home/ubuntu/rj_training_container/training_ws/install/coordinate_transform/lib:/home/ubuntu/rj_training_container/training_ws/install/stsl_gazebo_plugins/lib:/home/ubuntu/rj_training_container/training_ws/install/obstacle_detector/lib:/home/ubuntu/rj_training_container/training_ws/install/mapping/lib:/home/ubuntu/rj_training_container/training_ws/install/joystick_package/lib:/home/ubuntu/rj_training_container/training_ws/install/joystick_msgs/lib:/home/ubuntu/rj_training_container/training_ws/install/controllers/lib:/home/ubuntu/rj_training_container/training_ws/install/astar_path_planner/lib:/usr/lib/x86_64-linux-gnu/gazebo-11/plugins:/opt/ros/humble/opt/rviz_ogre_vendor/lib:/opt/ros/humble/lib/x86_64-linux-gnu:/opt/ros/humble/lib /usr/bin/cmake --install /home/ubuntu/rj_training_container/training_ws/build/stsl_aruco_tags
[537.557s] Level 1:colcon.colcon_core.environment:checking '/home/ubuntu/rj_training_container/training_ws/install/stsl_aruco_tags' for CMake config files
[537.736s] Level 1:colcon.colcon_core.shell:create_environment_hook('stsl_aruco_tags', 'cmake_prefix_path')
[537.737s] INFO:colcon.colcon_core.shell:Creating environment hook '/home/ubuntu/rj_training_container/training_ws/install/stsl_aruco_tags/share/stsl_aruco_tags/hook/cmake_prefix_path.ps1'
[537.763s] INFO:colcon.colcon_core.shell:Creating environment descriptor '/home/ubuntu/rj_training_container/training_ws/install/stsl_aruco_tags/share/stsl_aruco_tags/hook/cmake_prefix_path.dsv'
[537.788s] INFO:colcon.colcon_core.shell:Creating environment hook '/home/ubuntu/rj_training_container/training_ws/install/stsl_aruco_tags/share/stsl_aruco_tags/hook/cmake_prefix_path.sh'
[537.826s] Level 1:colcon.colcon_core.environment:checking '/home/ubuntu/rj_training_container/training_ws/install/stsl_aruco_tags/lib'
[537.835s] Level 1:colcon.colcon_core.shell:create_environment_hook('stsl_aruco_tags', 'ld_library_path_lib')
[537.836s] INFO:colcon.colcon_core.shell:Creating environment hook '/home/ubuntu/rj_training_container/training_ws/install/stsl_aruco_tags/share/stsl_aruco_tags/hook/ld_library_path_lib.ps1'
[537.870s] INFO:colcon.colcon_core.shell:Creating environment descriptor '/home/ubuntu/rj_training_container/training_ws/install/stsl_aruco_tags/share/stsl_aruco_tags/hook/ld_library_path_lib.dsv'
[537.899s] INFO:colcon.colcon_core.shell:Creating environment hook '/home/ubuntu/rj_training_container/training_ws/install/stsl_aruco_tags/share/stsl_aruco_tags/hook/ld_library_path_lib.sh'
[537.924s] Level 1:colcon.colcon_core.environment:checking '/home/ubuntu/rj_training_container/training_ws/install/stsl_aruco_tags/bin'
[537.926s] Level 1:colcon.colcon_core.environment:checking '/home/ubuntu/rj_training_container/training_ws/install/stsl_aruco_tags/lib/pkgconfig/stsl_aruco_tags.pc'
[537.929s] Level 1:colcon.colcon_core.environment:checking '/home/ubuntu/rj_training_container/training_ws/install/stsl_aruco_tags/lib/python3.10/site-packages'
[537.932s] Level 1:colcon.colcon_core.environment:checking '/home/ubuntu/rj_training_container/training_ws/install/stsl_aruco_tags/bin'
[537.935s] INFO:colcon.colcon_core.shell:Creating package script '/home/ubuntu/rj_training_container/training_ws/install/stsl_aruco_tags/share/stsl_aruco_tags/package.ps1'
[537.959s] INFO:colcon.colcon_core.shell:Creating package descriptor '/home/ubuntu/rj_training_container/training_ws/install/stsl_aruco_tags/share/stsl_aruco_tags/package.dsv'
[537.982s] INFO:colcon.colcon_core.shell:Creating package script '/home/ubuntu/rj_training_container/training_ws/install/stsl_aruco_tags/share/stsl_aruco_tags/package.sh'
[538.006s] INFO:colcon.colcon_core.shell:Creating package script '/home/ubuntu/rj_training_container/training_ws/install/stsl_aruco_tags/share/stsl_aruco_tags/package.bash'
[538.030s] INFO:colcon.colcon_core.shell:Creating package script '/home/ubuntu/rj_training_container/training_ws/install/stsl_aruco_tags/share/stsl_aruco_tags/package.zsh'
[538.055s] Level 1:colcon.colcon_core.environment:create_file_with_runtime_dependencies(/home/ubuntu/rj_training_container/training_ws/install/stsl_aruco_tags/share/colcon-core/packages/stsl_aruco_tags)
[545.320s] DEBUG:colcon.colcon_core.event_handler.log_command:Invoking command in '/home/ubuntu/rj_training_container/training_ws/build/stsl_rviz_plugins': CMAKE_PREFIX_PATH=/home/ubuntu/rj_training_container/training_ws/install/stsl_interfaces:/home/ubuntu/rj_training_container/training_ws/install/stsl_desktop:/home/ubuntu/rj_training_container/training_ws/install/traini_bringup:/home/ubuntu/rj_training_container/training_ws/install/traini_gazebo:/home/ubuntu/rj_training_container/training_ws/install/traini_description:/home/ubuntu/rj_training_container/training_ws/install/teleop:/home/ubuntu/rj_training_container/training_ws/install/stsl_utils:/home/ubuntu/rj_training_container/training_ws/install/stsl_rviz_plugins:/home/ubuntu/rj_training_container/training_ws/install/stsl_nav_plugins:/home/ubuntu/rj_training_container/training_ws/install/mission_orchestration:/home/ubuntu/rj_training_container/training_ws/install/stsl_bt_nodes:/home/ubuntu/rj_training_container/training_ws/install/stsl_aruco_tags:/home/ubuntu/rj_training_container/training_ws/install/peak_finder:/home/ubuntu/rj_training_container/training_ws/install/mineral_deposit_tracking:/home/ubuntu/rj_training_container/training_ws/install/mineral_deposit_detection:/home/ubuntu/rj_training_container/training_ws/install/localization:/home/ubuntu/rj_training_container/training_ws/install/elevation_server:/home/ubuntu/rj_training_container/training_ws/install/coordinate_transform:/home/ubuntu/rj_training_container/training_ws/install/stsl_gazebo_plugins:/home/ubuntu/rj_training_container/training_ws/install/rj_training_bringup:/home/ubuntu/rj_training_container/training_ws/install/obstacle_detector:/home/ubuntu/rj_training_container/training_ws/install/mapping:/home/ubuntu/rj_training_container/training_ws/install/joystick_package:/home/ubuntu/rj_training_container/training_ws/install/joystick_msgs:/home/ubuntu/rj_training_container/training_ws/install/controllers:/home/ubuntu/rj_training_container/training_ws/install/astar_path_planner:/home/ubuntu/rj_training_container/training_ws/install/keyboard:/opt/ros/humble LD_LIBRARY_PATH=/home/ubuntu/rj_training_container/training_ws/install/stsl_interfaces/lib:/home/ubuntu/rj_training_container/training_ws/install/teleop/lib:/home/ubuntu/rj_training_container/training_ws/install/stsl_utils/lib:/home/ubuntu/rj_training_container/training_ws/install/stsl_rviz_plugins/lib:/home/ubuntu/rj_training_container/training_ws/install/stsl_nav_plugins/lib:/home/ubuntu/rj_training_container/training_ws/install/mission_orchestration/lib:/home/ubuntu/rj_training_container/training_ws/install/stsl_bt_nodes/lib:/home/ubuntu/rj_training_container/training_ws/install/stsl_aruco_tags/lib:/home/ubuntu/rj_training_container/training_ws/install/peak_finder/lib:/home/ubuntu/rj_training_container/training_ws/install/mineral_deposit_tracking/lib:/home/ubuntu/rj_training_container/training_ws/install/mineral_deposit_detection/lib:/home/ubuntu/rj_training_container/training_ws/install/localization/lib:/home/ubuntu/rj_training_container/training_ws/install/elevation_server/lib:/home/ubuntu/rj_training_container/training_ws/install/coordinate_transform/lib:/home/ubuntu/rj_training_container/training_ws/install/stsl_gazebo_plugins/lib:/home/ubuntu/rj_training_container/training_ws/install/obstacle_detector/lib:/home/ubuntu/rj_training_container/training_ws/install/mapping/lib:/home/ubuntu/rj_training_container/training_ws/install/joystick_package/lib:/home/ubuntu/rj_training_container/training_ws/install/joystick_msgs/lib:/home/ubuntu/rj_training_container/training_ws/install/controllers/lib:/home/ubuntu/rj_training_container/training_ws/install/astar_path_planner/lib:/usr/lib/x86_64-linux-gnu/gazebo-11/plugins:/opt/ros/humble/opt/rviz_ogre_vendor/lib:/opt/ros/humble/lib/x86_64-linux-gnu:/opt/ros/humble/lib /usr/bin/cmake --install /home/ubuntu/rj_training_container/training_ws/build/stsl_rviz_plugins
[549.550s] Level 1:colcon.colcon_core.environment:create_environment_scripts_only(elevation_server)
[549.551s] Level 1:colcon.colcon_core.environment:checking '/home/ubuntu/rj_training_container/training_ws/install/elevation_server' for CMake module files
[549.744s] Level 1:colcon.colcon_core.environment:checking '/home/ubuntu/rj_training_container/training_ws/install/elevation_server' for CMake config files
[549.895s] Level 1:colcon.colcon_core.shell:create_environment_hook('elevation_server', 'cmake_prefix_path')
[549.896s] INFO:colcon.colcon_core.shell:Creating environment hook '/home/ubuntu/rj_training_container/training_ws/install/elevation_server/share/elevation_server/hook/cmake_prefix_path.ps1'
[549.927s] INFO:colcon.colcon_core.shell:Creating environment descriptor '/home/ubuntu/rj_training_container/training_ws/install/elevation_server/share/elevation_server/hook/cmake_prefix_path.dsv'
[549.957s] INFO:colcon.colcon_core.shell:Creating environment hook '/home/ubuntu/rj_training_container/training_ws/install/elevation_server/share/elevation_server/hook/cmake_prefix_path.sh'
[549.992s] Level 1:colcon.colcon_core.environment:checking '/home/ubuntu/rj_training_container/training_ws/install/elevation_server/lib'
[550.001s] Level 1:colcon.colcon_core.shell:create_environment_hook('elevation_server', 'ld_library_path_lib')
[550.002s] INFO:colcon.colcon_core.shell:Creating environment hook '/home/ubuntu/rj_training_container/training_ws/install/elevation_server/share/elevation_server/hook/ld_library_path_lib.ps1'
[550.029s] INFO:colcon.colcon_core.shell:Creating environment descriptor '/home/ubuntu/rj_training_container/training_ws/install/elevation_server/share/elevation_server/hook/ld_library_path_lib.dsv'
[550.053s] INFO:colcon.colcon_core.shell:Creating environment hook '/home/ubuntu/rj_training_container/training_ws/install/elevation_server/share/elevation_server/hook/ld_library_path_lib.sh'
[550.077s] Level 1:colcon.colcon_core.environment:checking '/home/ubuntu/rj_training_container/training_ws/install/elevation_server/bin'
[550.079s] Level 1:colcon.colcon_core.environment:checking '/home/ubuntu/rj_training_container/training_ws/install/elevation_server/lib/pkgconfig/elevation_server.pc'
[550.083s] Level 1:colcon.colcon_core.environment:checking '/home/ubuntu/rj_training_container/training_ws/install/elevation_server/lib/python3.10/site-packages'
[550.087s] Level 1:colcon.colcon_core.environment:checking '/home/ubuntu/rj_training_container/training_ws/install/elevation_server/bin'
[550.089s] INFO:colcon.colcon_core.shell:Creating package script '/home/ubuntu/rj_training_container/training_ws/install/elevation_server/share/elevation_server/package.ps1'
[550.113s] INFO:colcon.colcon_core.shell:Creating package descriptor '/home/ubuntu/rj_training_container/training_ws/install/elevation_server/share/elevation_server/package.dsv'
[550.139s] INFO:colcon.colcon_core.shell:Creating package script '/home/ubuntu/rj_training_container/training_ws/install/elevation_server/share/elevation_server/package.sh'
[550.167s] INFO:colcon.colcon_core.shell:Creating package script '/home/ubuntu/rj_training_container/training_ws/install/elevation_server/share/elevation_server/package.bash'
[550.188s] INFO:colcon.colcon_core.shell:Creating package script '/home/ubuntu/rj_training_container/training_ws/install/elevation_server/share/elevation_server/package.zsh'
[550.209s] Level 1:colcon.colcon_core.environment:create_file_with_runtime_dependencies(/home/ubuntu/rj_training_container/training_ws/install/elevation_server/share/colcon-core/packages/elevation_server)
[550.228s] Level 1:colcon.colcon_core.environment:create_environment_scripts_only(mineral_deposit_detection)
[550.229s] Level 1:colcon.colcon_core.environment:checking '/home/ubuntu/rj_training_container/training_ws/install/mineral_deposit_detection' for CMake module files
[550.368s] Level 1:colcon.colcon_core.environment:checking '/home/ubuntu/rj_training_container/training_ws/install/mineral_deposit_detection' for CMake config files
[550.504s] Level 1:colcon.colcon_core.shell:create_environment_hook('mineral_deposit_detection', 'cmake_prefix_path')
[550.505s] INFO:colcon.colcon_core.shell:Creating environment hook '/home/ubuntu/rj_training_container/training_ws/install/mineral_deposit_detection/share/mineral_deposit_detection/hook/cmake_prefix_path.ps1'
[550.530s] INFO:colcon.colcon_core.shell:Creating environment descriptor '/home/ubuntu/rj_training_container/training_ws/install/mineral_deposit_detection/share/mineral_deposit_detection/hook/cmake_prefix_path.dsv'
[550.557s] INFO:colcon.colcon_core.shell:Creating environment hook '/home/ubuntu/rj_training_container/training_ws/install/mineral_deposit_detection/share/mineral_deposit_detection/hook/cmake_prefix_path.sh'
[550.589s] Level 1:colcon.colcon_core.environment:checking '/home/ubuntu/rj_training_container/training_ws/install/mineral_deposit_detection/lib'
[550.596s] Level 1:colcon.colcon_core.shell:create_environment_hook('mineral_deposit_detection', 'ld_library_path_lib')
[550.597s] INFO:colcon.colcon_core.shell:Creating environment hook '/home/ubuntu/rj_training_container/training_ws/install/mineral_deposit_detection/share/mineral_deposit_detection/hook/ld_library_path_lib.ps1'
[550.622s] INFO:colcon.colcon_core.shell:Creating environment descriptor '/home/ubuntu/rj_training_container/training_ws/install/mineral_deposit_detection/share/mineral_deposit_detection/hook/ld_library_path_lib.dsv'
[550.649s] INFO:colcon.colcon_core.shell:Creating environment hook '/home/ubuntu/rj_training_container/training_ws/install/mineral_deposit_detection/share/mineral_deposit_detection/hook/ld_library_path_lib.sh'
[550.670s] Level 1:colcon.colcon_core.environment:checking '/home/ubuntu/rj_training_container/training_ws/install/mineral_deposit_detection/bin'
[550.672s] Level 1:colcon.colcon_core.environment:checking '/home/ubuntu/rj_training_container/training_ws/install/mineral_deposit_detection/lib/pkgconfig/mineral_deposit_detection.pc'
[550.675s] Level 1:colcon.colcon_core.environment:checking '/home/ubuntu/rj_training_container/training_ws/install/mineral_deposit_detection/lib/python3.10/site-packages'
[550.677s] Level 1:colcon.colcon_core.environment:checking '/home/ubuntu/rj_training_container/training_ws/install/mineral_deposit_detection/bin'
[550.679s] INFO:colcon.colcon_core.shell:Creating package script '/home/ubuntu/rj_training_container/training_ws/install/mineral_deposit_detection/share/mineral_deposit_detection/package.ps1'
[550.697s] INFO:colcon.colcon_core.shell:Creating package descriptor '/home/ubuntu/rj_training_container/training_ws/install/mineral_deposit_detection/share/mineral_deposit_detection/package.dsv'
[550.715s] INFO:colcon.colcon_core.shell:Creating package script '/home/ubuntu/rj_training_container/training_ws/install/mineral_deposit_detection/share/mineral_deposit_detection/package.sh'
[550.730s] INFO:colcon.colcon_core.shell:Creating package script '/home/ubuntu/rj_training_container/training_ws/install/mineral_deposit_detection/share/mineral_deposit_detection/package.bash'
[550.747s] INFO:colcon.colcon_core.shell:Creating package script '/home/ubuntu/rj_training_container/training_ws/install/mineral_deposit_detection/share/mineral_deposit_detection/package.zsh'
[550.765s] Level 1:colcon.colcon_core.environment:create_file_with_runtime_dependencies(/home/ubuntu/rj_training_container/training_ws/install/mineral_deposit_detection/share/colcon-core/packages/mineral_deposit_detection)
[550.782s] Level 1:colcon.colcon_core.environment:create_environment_scripts_only(stsl_rviz_plugins)
[550.782s] Level 1:colcon.colcon_core.environment:checking '/home/ubuntu/rj_training_container/training_ws/install/stsl_rviz_plugins' for CMake module files
[550.797s] DEBUG:colcon.colcon_core.event_handler.log_command:Invoked command in '/home/ubuntu/rj_training_container/training_ws/build/stsl_rviz_plugins' returned '0': CMAKE_PREFIX_PATH=/home/ubuntu/rj_training_container/training_ws/install/stsl_interfaces:/home/ubuntu/rj_training_container/training_ws/install/stsl_desktop:/home/ubuntu/rj_training_container/training_ws/install/traini_bringup:/home/ubuntu/rj_training_container/training_ws/install/traini_gazebo:/home/ubuntu/rj_training_container/training_ws/install/traini_description:/home/ubuntu/rj_training_container/training_ws/install/teleop:/home/ubuntu/rj_training_container/training_ws/install/stsl_utils:/home/ubuntu/rj_training_container/training_ws/install/stsl_rviz_plugins:/home/ubuntu/rj_training_container/training_ws/install/stsl_nav_plugins:/home/ubuntu/rj_training_container/training_ws/install/mission_orchestration:/home/ubuntu/rj_training_container/training_ws/install/stsl_bt_nodes:/home/ubuntu/rj_training_container/training_ws/install/stsl_aruco_tags:/home/ubuntu/rj_training_container/training_ws/install/peak_finder:/home/ubuntu/rj_training_container/training_ws/install/mineral_deposit_tracking:/home/ubuntu/rj_training_container/training_ws/install/mineral_deposit_detection:/home/ubuntu/rj_training_container/training_ws/install/localization:/home/ubuntu/rj_training_container/training_ws/install/elevation_server:/home/ubuntu/rj_training_container/training_ws/install/coordinate_transform:/home/ubuntu/rj_training_container/training_ws/install/stsl_gazebo_plugins:/home/ubuntu/rj_training_container/training_ws/install/rj_training_bringup:/home/ubuntu/rj_training_container/training_ws/install/obstacle_detector:/home/ubuntu/rj_training_container/training_ws/install/mapping:/home/ubuntu/rj_training_container/training_ws/install/joystick_package:/home/ubuntu/rj_training_container/training_ws/install/joystick_msgs:/home/ubuntu/rj_training_container/training_ws/install/controllers:/home/ubuntu/rj_training_container/training_ws/install/astar_path_planner:/home/ubuntu/rj_training_container/training_ws/install/keyboard:/opt/ros/humble LD_LIBRARY_PATH=/home/ubuntu/rj_training_container/training_ws/install/stsl_interfaces/lib:/home/ubuntu/rj_training_container/training_ws/install/teleop/lib:/home/ubuntu/rj_training_container/training_ws/install/stsl_utils/lib:/home/ubuntu/rj_training_container/training_ws/install/stsl_rviz_plugins/lib:/home/ubuntu/rj_training_container/training_ws/install/stsl_nav_plugins/lib:/home/ubuntu/rj_training_container/training_ws/install/mission_orchestration/lib:/home/ubuntu/rj_training_container/training_ws/install/stsl_bt_nodes/lib:/home/ubuntu/rj_training_container/training_ws/install/stsl_aruco_tags/lib:/home/ubuntu/rj_training_container/training_ws/install/peak_finder/lib:/home/ubuntu/rj_training_container/training_ws/install/mineral_deposit_tracking/lib:/home/ubuntu/rj_training_container/training_ws/install/mineral_deposit_detection/lib:/home/ubuntu/rj_training_container/training_ws/install/localization/lib:/home/ubuntu/rj_training_container/training_ws/install/elevation_server/lib:/home/ubuntu/rj_training_container/training_ws/install/coordinate_transform/lib:/home/ubuntu/rj_training_container/training_ws/install/stsl_gazebo_plugins/lib:/home/ubuntu/rj_training_container/training_ws/install/obstacle_detector/lib:/home/ubuntu/rj_training_container/training_ws/install/mapping/lib:/home/ubuntu/rj_training_container/training_ws/install/joystick_package/lib:/home/ubuntu/rj_training_container/training_ws/install/joystick_msgs/lib:/home/ubuntu/rj_training_container/training_ws/install/controllers/lib:/home/ubuntu/rj_training_container/training_ws/install/astar_path_planner/lib:/usr/lib/x86_64-linux-gnu/gazebo-11/plugins:/opt/ros/humble/opt/rviz_ogre_vendor/lib:/opt/ros/humble/lib/x86_64-linux-gnu:/opt/ros/humble/lib /usr/bin/cmake --install /home/ubuntu/rj_training_container/training_ws/build/stsl_rviz_plugins
[550.908s] Level 1:colcon.colcon_core.environment:checking '/home/ubuntu/rj_training_container/training_ws/install/stsl_rviz_plugins' for CMake config files
[551.014s] Level 1:colcon.colcon_core.shell:create_environment_hook('stsl_rviz_plugins', 'cmake_prefix_path')
[551.015s] INFO:colcon.colcon_core.shell:Creating environment hook '/home/ubuntu/rj_training_container/training_ws/install/stsl_rviz_plugins/share/stsl_rviz_plugins/hook/cmake_prefix_path.ps1'
[551.037s] INFO:colcon.colcon_core.shell:Creating environment descriptor '/home/ubuntu/rj_training_container/training_ws/install/stsl_rviz_plugins/share/stsl_rviz_plugins/hook/cmake_prefix_path.dsv'
[551.060s] INFO:colcon.colcon_core.shell:Creating environment hook '/home/ubuntu/rj_training_container/training_ws/install/stsl_rviz_plugins/share/stsl_rviz_plugins/hook/cmake_prefix_path.sh'
[551.086s] Level 1:colcon.colcon_core.environment:checking '/home/ubuntu/rj_training_container/training_ws/install/stsl_rviz_plugins/lib'
[551.089s] Level 1:colcon.colcon_core.shell:create_environment_hook('stsl_rviz_plugins', 'ld_library_path_lib')
[551.090s] INFO:colcon.colcon_core.shell:Creating environment hook '/home/ubuntu/rj_training_container/training_ws/install/stsl_rviz_plugins/share/stsl_rviz_plugins/hook/ld_library_path_lib.ps1'
[551.108s] INFO:colcon.colcon_core.shell:Creating environment descriptor '/home/ubuntu/rj_training_container/training_ws/install/stsl_rviz_plugins/share/stsl_rviz_plugins/hook/ld_library_path_lib.dsv'
[551.129s] INFO:colcon.colcon_core.shell:Creating environment hook '/home/ubuntu/rj_training_container/training_ws/install/stsl_rviz_plugins/share/stsl_rviz_plugins/hook/ld_library_path_lib.sh'
[551.151s] Level 1:colcon.colcon_core.environment:checking '/home/ubuntu/rj_training_container/training_ws/install/stsl_rviz_plugins/bin'
[551.153s] Level 1:colcon.colcon_core.environment:checking '/home/ubuntu/rj_training_container/training_ws/install/stsl_rviz_plugins/lib/pkgconfig/stsl_rviz_plugins.pc'
[551.156s] Level 1:colcon.colcon_core.environment:checking '/home/ubuntu/rj_training_container/training_ws/install/stsl_rviz_plugins/lib/python3.10/site-packages'
[551.159s] Level 1:colcon.colcon_core.environment:checking '/home/ubuntu/rj_training_container/training_ws/install/stsl_rviz_plugins/bin'
[551.161s] INFO:colcon.colcon_core.shell:Creating package script '/home/ubuntu/rj_training_container/training_ws/install/stsl_rviz_plugins/share/stsl_rviz_plugins/package.ps1'
[551.178s] INFO:colcon.colcon_core.shell:Creating package descriptor '/home/ubuntu/rj_training_container/training_ws/install/stsl_rviz_plugins/share/stsl_rviz_plugins/package.dsv'
[551.201s] INFO:colcon.colcon_core.shell:Creating package script '/home/ubuntu/rj_training_container/training_ws/install/stsl_rviz_plugins/share/stsl_rviz_plugins/package.sh'
[551.220s] INFO:colcon.colcon_core.shell:Creating package script '/home/ubuntu/rj_training_container/training_ws/install/stsl_rviz_plugins/share/stsl_rviz_plugins/package.bash'
[551.238s] INFO:colcon.colcon_core.shell:Creating package script '/home/ubuntu/rj_training_container/training_ws/install/stsl_rviz_plugins/share/stsl_rviz_plugins/package.zsh'
[551.257s] Level 1:colcon.colcon_core.environment:create_file_with_runtime_dependencies(/home/ubuntu/rj_training_container/training_ws/install/stsl_rviz_plugins/share/colcon-core/packages/stsl_rviz_plugins)
[551.279s] Level 1:colcon.colcon_core.environment:create_environment_scripts_only(coordinate_transform)
[551.280s] Level 1:colcon.colcon_core.environment:checking '/home/ubuntu/rj_training_container/training_ws/install/coordinate_transform' for CMake module files
[551.418s] Level 1:colcon.colcon_core.environment:checking '/home/ubuntu/rj_training_container/training_ws/install/coordinate_transform' for CMake config files
[551.553s] Level 1:colcon.colcon_core.shell:create_environment_hook('coordinate_transform', 'cmake_prefix_path')
[551.554s] INFO:colcon.colcon_core.shell:Creating environment hook '/home/ubuntu/rj_training_container/training_ws/install/coordinate_transform/share/coordinate_transform/hook/cmake_prefix_path.ps1'
[551.579s] INFO:colcon.colcon_core.shell:Creating environment descriptor '/home/ubuntu/rj_training_container/training_ws/install/coordinate_transform/share/coordinate_transform/hook/cmake_prefix_path.dsv'
[551.604s] INFO:colcon.colcon_core.shell:Creating environment hook '/home/ubuntu/rj_training_container/training_ws/install/coordinate_transform/share/coordinate_transform/hook/cmake_prefix_path.sh'
[551.634s] Level 1:colcon.colcon_core.environment:checking '/home/ubuntu/rj_training_container/training_ws/install/coordinate_transform/lib'
[551.642s] Level 1:colcon.colcon_core.shell:create_environment_hook('coordinate_transform', 'ld_library_path_lib')
[551.643s] INFO:colcon.colcon_core.shell:Creating environment hook '/home/ubuntu/rj_training_container/training_ws/install/coordinate_transform/share/coordinate_transform/hook/ld_library_path_lib.ps1'
[551.668s] INFO:colcon.colcon_core.shell:Creating environment descriptor '/home/ubuntu/rj_training_container/training_ws/install/coordinate_transform/share/coordinate_transform/hook/ld_library_path_lib.dsv'
[551.707s] INFO:colcon.colcon_core.shell:Creating environment hook '/home/ubuntu/rj_training_container/training_ws/install/coordinate_transform/share/coordinate_transform/hook/ld_library_path_lib.sh'
[551.734s] Level 1:colcon.colcon_core.environment:checking '/home/ubuntu/rj_training_container/training_ws/install/coordinate_transform/bin'
[551.736s] Level 1:colcon.colcon_core.environment:checking '/home/ubuntu/rj_training_container/training_ws/install/coordinate_transform/lib/pkgconfig/coordinate_transform.pc'
[551.740s] Level 1:colcon.colcon_core.environment:checking '/home/ubuntu/rj_training_container/training_ws/install/coordinate_transform/lib/python3.10/site-packages'
[551.743s] Level 1:colcon.colcon_core.environment:checking '/home/ubuntu/rj_training_container/training_ws/install/coordinate_transform/bin'
[551.746s] INFO:colcon.colcon_core.shell:Creating package script '/home/ubuntu/rj_training_container/training_ws/install/coordinate_transform/share/coordinate_transform/package.ps1'
[551.768s] INFO:colcon.colcon_core.shell:Creating package descriptor '/home/ubuntu/rj_training_container/training_ws/install/coordinate_transform/share/coordinate_transform/package.dsv'
[551.789s] INFO:colcon.colcon_core.shell:Creating package script '/home/ubuntu/rj_training_container/training_ws/install/coordinate_transform/share/coordinate_transform/package.sh'
[551.811s] INFO:colcon.colcon_core.shell:Creating package script '/home/ubuntu/rj_training_container/training_ws/install/coordinate_transform/share/coordinate_transform/package.bash'
[551.830s] INFO:colcon.colcon_core.shell:Creating package script '/home/ubuntu/rj_training_container/training_ws/install/coordinate_transform/share/coordinate_transform/package.zsh'
[551.848s] Level 1:colcon.colcon_core.environment:create_file_with_runtime_dependencies(/home/ubuntu/rj_training_container/training_ws/install/coordinate_transform/share/colcon-core/packages/coordinate_transform)
[552.744s] Level 1:colcon.colcon_core.environment:create_environment_scripts_only(mineral_deposit_tracking)
[552.744s] Level 1:colcon.colcon_core.environment:checking '/home/ubuntu/rj_training_container/training_ws/install/mineral_deposit_tracking' for CMake module files
[552.866s] Level 1:colcon.colcon_core.environment:checking '/home/ubuntu/rj_training_container/training_ws/install/mineral_deposit_tracking' for CMake config files
[552.990s] Level 1:colcon.colcon_core.shell:create_environment_hook('mineral_deposit_tracking', 'cmake_prefix_path')
[552.991s] INFO:colcon.colcon_core.shell:Creating environment hook '/home/ubuntu/rj_training_container/training_ws/install/mineral_deposit_tracking/share/mineral_deposit_tracking/hook/cmake_prefix_path.ps1'
[553.016s] INFO:colcon.colcon_core.shell:Creating environment descriptor '/home/ubuntu/rj_training_container/training_ws/install/mineral_deposit_tracking/share/mineral_deposit_tracking/hook/cmake_prefix_path.dsv'
[553.042s] INFO:colcon.colcon_core.shell:Creating environment hook '/home/ubuntu/rj_training_container/training_ws/install/mineral_deposit_tracking/share/mineral_deposit_tracking/hook/cmake_prefix_path.sh'
[553.071s] Level 1:colcon.colcon_core.environment:checking '/home/ubuntu/rj_training_container/training_ws/install/mineral_deposit_tracking/lib'
[553.079s] Level 1:colcon.colcon_core.shell:create_environment_hook('mineral_deposit_tracking', 'ld_library_path_lib')
[553.080s] INFO:colcon.colcon_core.shell:Creating environment hook '/home/ubuntu/rj_training_container/training_ws/install/mineral_deposit_tracking/share/mineral_deposit_tracking/hook/ld_library_path_lib.ps1'
[553.107s] INFO:colcon.colcon_core.shell:Creating environment descriptor '/home/ubuntu/rj_training_container/training_ws/install/mineral_deposit_tracking/share/mineral_deposit_tracking/hook/ld_library_path_lib.dsv'
[553.133s] INFO:colcon.colcon_core.shell:Creating environment hook '/home/ubuntu/rj_training_container/training_ws/install/mineral_deposit_tracking/share/mineral_deposit_tracking/hook/ld_library_path_lib.sh'
[553.159s] Level 1:colcon.colcon_core.environment:checking '/home/ubuntu/rj_training_container/training_ws/install/mineral_deposit_tracking/bin'
[553.162s] Level 1:colcon.colcon_core.environment:checking '/home/ubuntu/rj_training_container/training_ws/install/mineral_deposit_tracking/lib/pkgconfig/mineral_deposit_tracking.pc'
[553.166s] Level 1:colcon.colcon_core.environment:checking '/home/ubuntu/rj_training_container/training_ws/install/mineral_deposit_tracking/lib/python3.10/site-packages'
[553.169s] Level 1:colcon.colcon_core.environment:checking '/home/ubuntu/rj_training_container/training_ws/install/mineral_deposit_tracking/bin'
[553.170s] INFO:colcon.colcon_core.shell:Creating package script '/home/ubuntu/rj_training_container/training_ws/install/mineral_deposit_tracking/share/mineral_deposit_tracking/package.ps1'
[553.194s] INFO:colcon.colcon_core.shell:Creating package descriptor '/home/ubuntu/rj_training_container/training_ws/install/mineral_deposit_tracking/share/mineral_deposit_tracking/package.dsv'
[553.222s] INFO:colcon.colcon_core.shell:Creating package script '/home/ubuntu/rj_training_container/training_ws/install/mineral_deposit_tracking/share/mineral_deposit_tracking/package.sh'
[553.248s] INFO:colcon.colcon_core.shell:Creating package script '/home/ubuntu/rj_training_container/training_ws/install/mineral_deposit_tracking/share/mineral_deposit_tracking/package.bash'
[553.266s] INFO:colcon.colcon_core.shell:Creating package script '/home/ubuntu/rj_training_container/training_ws/install/mineral_deposit_tracking/share/mineral_deposit_tracking/package.zsh'
[553.284s] Level 1:colcon.colcon_core.environment:create_file_with_runtime_dependencies(/home/ubuntu/rj_training_container/training_ws/install/mineral_deposit_tracking/share/colcon-core/packages/mineral_deposit_tracking)
[556.714s] Level 1:colcon.colcon_core.environment:create_environment_scripts_only(peak_finder)
[556.714s] Level 1:colcon.colcon_core.environment:checking '/home/ubuntu/rj_training_container/training_ws/install/peak_finder' for CMake module files
[556.822s] Level 1:colcon.colcon_core.environment:checking '/home/ubuntu/rj_training_container/training_ws/install/peak_finder' for CMake config files
[556.917s] Level 1:colcon.colcon_core.shell:create_environment_hook('peak_finder', 'cmake_prefix_path')
[556.919s] INFO:colcon.colcon_core.shell:Creating environment hook '/home/ubuntu/rj_training_container/training_ws/install/peak_finder/share/peak_finder/hook/cmake_prefix_path.ps1'
[556.938s] INFO:colcon.colcon_core.shell:Creating environment descriptor '/home/ubuntu/rj_training_container/training_ws/install/peak_finder/share/peak_finder/hook/cmake_prefix_path.dsv'
[556.958s] INFO:colcon.colcon_core.shell:Creating environment hook '/home/ubuntu/rj_training_container/training_ws/install/peak_finder/share/peak_finder/hook/cmake_prefix_path.sh'
[556.980s] Level 1:colcon.colcon_core.environment:checking '/home/ubuntu/rj_training_container/training_ws/install/peak_finder/lib'
[556.987s] Level 1:colcon.colcon_core.shell:create_environment_hook('peak_finder', 'ld_library_path_lib')
[556.987s] INFO:colcon.colcon_core.shell:Creating environment hook '/home/ubuntu/rj_training_container/training_ws/install/peak_finder/share/peak_finder/hook/ld_library_path_lib.ps1'
[557.012s] INFO:colcon.colcon_core.shell:Creating environment descriptor '/home/ubuntu/rj_training_container/training_ws/install/peak_finder/share/peak_finder/hook/ld_library_path_lib.dsv'
[557.032s] INFO:colcon.colcon_core.shell:Creating environment hook '/home/ubuntu/rj_training_container/training_ws/install/peak_finder/share/peak_finder/hook/ld_library_path_lib.sh'
[557.050s] Level 1:colcon.colcon_core.environment:checking '/home/ubuntu/rj_training_container/training_ws/install/peak_finder/bin'
[557.051s] Level 1:colcon.colcon_core.environment:checking '/home/ubuntu/rj_training_container/training_ws/install/peak_finder/lib/pkgconfig/peak_finder.pc'
[557.054s] Level 1:colcon.colcon_core.environment:checking '/home/ubuntu/rj_training_container/training_ws/install/peak_finder/lib/python3.10/site-packages'
[557.056s] Level 1:colcon.colcon_core.environment:checking '/home/ubuntu/rj_training_container/training_ws/install/peak_finder/bin'
[557.057s] INFO:colcon.colcon_core.shell:Creating package script '/home/ubuntu/rj_training_container/training_ws/install/peak_finder/share/peak_finder/package.ps1'
[557.072s] INFO:colcon.colcon_core.shell:Creating package descriptor '/home/ubuntu/rj_training_container/training_ws/install/peak_finder/share/peak_finder/package.dsv'
[557.083s] INFO:colcon.colcon_core.shell:Creating package script '/home/ubuntu/rj_training_container/training_ws/install/peak_finder/share/peak_finder/package.sh'
[557.097s] INFO:colcon.colcon_core.shell:Creating package script '/home/ubuntu/rj_training_container/training_ws/install/peak_finder/share/peak_finder/package.bash'
[557.111s] INFO:colcon.colcon_core.shell:Creating package script '/home/ubuntu/rj_training_container/training_ws/install/peak_finder/share/peak_finder/package.zsh'
[557.126s] Level 1:colcon.colcon_core.environment:create_file_with_runtime_dependencies(/home/ubuntu/rj_training_container/training_ws/install/peak_finder/share/colcon-core/packages/peak_finder)
[560.938s] Level 1:colcon.colcon_core.environment:create_environment_scripts_only(localization)
[560.938s] Level 1:colcon.colcon_core.environment:checking '/home/ubuntu/rj_training_container/training_ws/install/localization' for CMake module files
[561.034s] Level 1:colcon.colcon_core.environment:checking '/home/ubuntu/rj_training_container/training_ws/install/localization' for CMake config files
[561.122s] Level 1:colcon.colcon_core.shell:create_environment_hook('localization', 'cmake_prefix_path')
[561.123s] INFO:colcon.colcon_core.shell:Creating environment hook '/home/ubuntu/rj_training_container/training_ws/install/localization/share/localization/hook/cmake_prefix_path.ps1'
[561.142s] INFO:colcon.colcon_core.shell:Creating environment descriptor '/home/ubuntu/rj_training_container/training_ws/install/localization/share/localization/hook/cmake_prefix_path.dsv'
[561.158s] INFO:colcon.colcon_core.shell:Creating environment hook '/home/ubuntu/rj_training_container/training_ws/install/localization/share/localization/hook/cmake_prefix_path.sh'
[561.179s] Level 1:colcon.colcon_core.environment:checking '/home/ubuntu/rj_training_container/training_ws/install/localization/lib'
[561.182s] Level 1:colcon.colcon_core.shell:create_environment_hook('localization', 'ld_library_path_lib')
[561.182s] INFO:colcon.colcon_core.shell:Creating environment hook '/home/ubuntu/rj_training_container/training_ws/install/localization/share/localization/hook/ld_library_path_lib.ps1'
[561.196s] INFO:colcon.colcon_core.shell:Creating environment descriptor '/home/ubuntu/rj_training_container/training_ws/install/localization/share/localization/hook/ld_library_path_lib.dsv'
[561.213s] INFO:colcon.colcon_core.shell:Creating environment hook '/home/ubuntu/rj_training_container/training_ws/install/localization/share/localization/hook/ld_library_path_lib.sh'
[561.226s] Level 1:colcon.colcon_core.environment:checking '/home/ubuntu/rj_training_container/training_ws/install/localization/bin'
[561.228s] Level 1:colcon.colcon_core.environment:checking '/home/ubuntu/rj_training_container/training_ws/install/localization/lib/pkgconfig/localization.pc'
[561.230s] Level 1:colcon.colcon_core.environment:checking '/home/ubuntu/rj_training_container/training_ws/install/localization/lib/python3.10/site-packages'
[561.232s] Level 1:colcon.colcon_core.environment:checking '/home/ubuntu/rj_training_container/training_ws/install/localization/bin'
[561.234s] INFO:colcon.colcon_core.shell:Creating package script '/home/ubuntu/rj_training_container/training_ws/install/localization/share/localization/package.ps1'
[561.248s] INFO:colcon.colcon_core.shell:Creating package descriptor '/home/ubuntu/rj_training_container/training_ws/install/localization/share/localization/package.dsv'
[561.261s] INFO:colcon.colcon_core.shell:Creating package script '/home/ubuntu/rj_training_container/training_ws/install/localization/share/localization/package.sh'
[561.276s] INFO:colcon.colcon_core.shell:Creating package script '/home/ubuntu/rj_training_container/training_ws/install/localization/share/localization/package.bash'
[561.290s] INFO:colcon.colcon_core.shell:Creating package script '/home/ubuntu/rj_training_container/training_ws/install/localization/share/localization/package.zsh'
[561.305s] Level 1:colcon.colcon_core.environment:create_file_with_runtime_dependencies(/home/ubuntu/rj_training_container/training_ws/install/localization/share/colcon-core/packages/localization)
[561.494s] Level 1:colcon.colcon_core.environment:create_environment_scripts_only(stsl_bt_nodes)
[561.495s] Level 1:colcon.colcon_core.environment:checking '/home/ubuntu/rj_training_container/training_ws/install/stsl_bt_nodes' for CMake module files
[561.583s] Level 1:colcon.colcon_core.environment:checking '/home/ubuntu/rj_training_container/training_ws/install/stsl_bt_nodes' for CMake config files
[561.645s] Level 1:colcon.colcon_core.shell:create_environment_hook('stsl_bt_nodes', 'cmake_prefix_path')
[561.646s] INFO:colcon.colcon_core.shell:Creating environment hook '/home/ubuntu/rj_training_container/training_ws/install/stsl_bt_nodes/share/stsl_bt_nodes/hook/cmake_prefix_path.ps1'
[561.661s] INFO:colcon.colcon_core.shell:Creating environment descriptor '/home/ubuntu/rj_training_container/training_ws/install/stsl_bt_nodes/share/stsl_bt_nodes/hook/cmake_prefix_path.dsv'
[561.679s] INFO:colcon.colcon_core.shell:Creating environment hook '/home/ubuntu/rj_training_container/training_ws/install/stsl_bt_nodes/share/stsl_bt_nodes/hook/cmake_prefix_path.sh'
[561.697s] Level 1:colcon.colcon_core.environment:checking '/home/ubuntu/rj_training_container/training_ws/install/stsl_bt_nodes/lib'
[561.701s] Level 1:colcon.colcon_core.shell:create_environment_hook('stsl_bt_nodes', 'ld_library_path_lib')
[561.701s] INFO:colcon.colcon_core.shell:Creating environment hook '/home/ubuntu/rj_training_container/training_ws/install/stsl_bt_nodes/share/stsl_bt_nodes/hook/ld_library_path_lib.ps1'
[561.716s] INFO:colcon.colcon_core.shell:Creating environment descriptor '/home/ubuntu/rj_training_container/training_ws/install/stsl_bt_nodes/share/stsl_bt_nodes/hook/ld_library_path_lib.dsv'
[561.731s] INFO:colcon.colcon_core.shell:Creating environment hook '/home/ubuntu/rj_training_container/training_ws/install/stsl_bt_nodes/share/stsl_bt_nodes/hook/ld_library_path_lib.sh'
[561.744s] Level 1:colcon.colcon_core.environment:checking '/home/ubuntu/rj_training_container/training_ws/install/stsl_bt_nodes/bin'
[561.745s] Level 1:colcon.colcon_core.environment:checking '/home/ubuntu/rj_training_container/training_ws/install/stsl_bt_nodes/lib/pkgconfig/stsl_bt_nodes.pc'
[561.747s] Level 1:colcon.colcon_core.environment:checking '/home/ubuntu/rj_training_container/training_ws/install/stsl_bt_nodes/lib/python3.10/site-packages'
[561.749s] Level 1:colcon.colcon_core.environment:checking '/home/ubuntu/rj_training_container/training_ws/install/stsl_bt_nodes/bin'
[561.750s] INFO:colcon.colcon_core.shell:Creating package script '/home/ubuntu/rj_training_container/training_ws/install/stsl_bt_nodes/share/stsl_bt_nodes/package.ps1'
[561.763s] INFO:colcon.colcon_core.shell:Creating package descriptor '/home/ubuntu/rj_training_container/training_ws/install/stsl_bt_nodes/share/stsl_bt_nodes/package.dsv'
[561.776s] INFO:colcon.colcon_core.shell:Creating package script '/home/ubuntu/rj_training_container/training_ws/install/stsl_bt_nodes/share/stsl_bt_nodes/package.sh'
[561.789s] INFO:colcon.colcon_core.shell:Creating package script '/home/ubuntu/rj_training_container/training_ws/install/stsl_bt_nodes/share/stsl_bt_nodes/package.bash'
[561.801s] INFO:colcon.colcon_core.shell:Creating package script '/home/ubuntu/rj_training_container/training_ws/install/stsl_bt_nodes/share/stsl_bt_nodes/package.zsh'
[561.813s] Level 1:colcon.colcon_core.environment:create_file_with_runtime_dependencies(/home/ubuntu/rj_training_container/training_ws/install/stsl_bt_nodes/share/colcon-core/packages/stsl_bt_nodes)
[561.822s] INFO:colcon.colcon_ros.task.ament_cmake.build:Building ROS package in '/home/ubuntu/rj_training_container/training_ws/src/stsl/mission_orchestration' with build type 'ament_cmake'
[561.823s] INFO:colcon.colcon_cmake.task.cmake.build:Building CMake package in '/home/ubuntu/rj_training_container/training_ws/src/stsl/mission_orchestration'
[561.823s] INFO:colcon.colcon_core.shell:Skip shell extension 'powershell' for command environment: Not usable outside of PowerShell
[561.824s] DEBUG:colcon.colcon_core.shell:Skip shell extension 'dsv' for command environment
[563.660s] Level 1:colcon.colcon_core.environment:create_environment_scripts_only(stsl_aruco_tags)
[563.660s] Level 1:colcon.colcon_core.environment:checking '/home/ubuntu/rj_training_container/training_ws/install/stsl_aruco_tags' for CMake module files
[563.782s] Level 1:colcon.colcon_core.environment:checking '/home/ubuntu/rj_training_container/training_ws/install/stsl_aruco_tags' for CMake config files
[563.860s] Level 1:colcon.colcon_core.shell:create_environment_hook('stsl_aruco_tags', 'cmake_prefix_path')
[563.860s] INFO:colcon.colcon_core.shell:Creating environment hook '/home/ubuntu/rj_training_container/training_ws/install/stsl_aruco_tags/share/stsl_aruco_tags/hook/cmake_prefix_path.ps1'
[563.876s] INFO:colcon.colcon_core.shell:Creating environment descriptor '/home/ubuntu/rj_training_container/training_ws/install/stsl_aruco_tags/share/stsl_aruco_tags/hook/cmake_prefix_path.dsv'
[563.890s] INFO:colcon.colcon_core.shell:Creating environment hook '/home/ubuntu/rj_training_container/training_ws/install/stsl_aruco_tags/share/stsl_aruco_tags/hook/cmake_prefix_path.sh'
[563.908s] Level 1:colcon.colcon_core.environment:checking '/home/ubuntu/rj_training_container/training_ws/install/stsl_aruco_tags/lib'
[563.912s] Level 1:colcon.colcon_core.shell:create_environment_hook('stsl_aruco_tags', 'ld_library_path_lib')
[563.913s] INFO:colcon.colcon_core.shell:Creating environment hook '/home/ubuntu/rj_training_container/training_ws/install/stsl_aruco_tags/share/stsl_aruco_tags/hook/ld_library_path_lib.ps1'
[563.928s] INFO:colcon.colcon_core.shell:Creating environment descriptor '/home/ubuntu/rj_training_container/training_ws/install/stsl_aruco_tags/share/stsl_aruco_tags/hook/ld_library_path_lib.dsv'
[563.943s] INFO:colcon.colcon_core.shell:Creating environment hook '/home/ubuntu/rj_training_container/training_ws/install/stsl_aruco_tags/share/stsl_aruco_tags/hook/ld_library_path_lib.sh'
[563.958s] Level 1:colcon.colcon_core.environment:checking '/home/ubuntu/rj_training_container/training_ws/install/stsl_aruco_tags/bin'
[563.960s] Level 1:colcon.colcon_core.environment:checking '/home/ubuntu/rj_training_container/training_ws/install/stsl_aruco_tags/lib/pkgconfig/stsl_aruco_tags.pc'
[563.962s] Level 1:colcon.colcon_core.environment:checking '/home/ubuntu/rj_training_container/training_ws/install/stsl_aruco_tags/lib/python3.10/site-packages'
[563.964s] Level 1:colcon.colcon_core.environment:checking '/home/ubuntu/rj_training_container/training_ws/install/stsl_aruco_tags/bin'
[563.966s] INFO:colcon.colcon_core.shell:Creating package script '/home/ubuntu/rj_training_container/training_ws/install/stsl_aruco_tags/share/stsl_aruco_tags/package.ps1'
[563.977s] INFO:colcon.colcon_core.shell:Creating package descriptor '/home/ubuntu/rj_training_container/training_ws/install/stsl_aruco_tags/share/stsl_aruco_tags/package.dsv'
[563.990s] INFO:colcon.colcon_core.shell:Creating package script '/home/ubuntu/rj_training_container/training_ws/install/stsl_aruco_tags/share/stsl_aruco_tags/package.sh'
[564.002s] INFO:colcon.colcon_core.shell:Creating package script '/home/ubuntu/rj_training_container/training_ws/install/stsl_aruco_tags/share/stsl_aruco_tags/package.bash'
[564.015s] INFO:colcon.colcon_core.shell:Creating package script '/home/ubuntu/rj_training_container/training_ws/install/stsl_aruco_tags/share/stsl_aruco_tags/package.zsh'
[564.028s] Level 1:colcon.colcon_core.environment:create_file_with_runtime_dependencies(/home/ubuntu/rj_training_container/training_ws/install/stsl_aruco_tags/share/colcon-core/packages/stsl_aruco_tags)
[564.037s] INFO:colcon.colcon_ros.task.ament_cmake.build:Building ROS package in '/home/ubuntu/rj_training_container/training_ws/src/stsl/traini_gazebo' with build type 'ament_cmake'
[564.038s] INFO:colcon.colcon_cmake.task.cmake.build:Building CMake package in '/home/ubuntu/rj_training_container/training_ws/src/stsl/traini_gazebo'
[564.038s] INFO:colcon.colcon_core.shell:Skip shell extension 'powershell' for command environment: Not usable outside of PowerShell
[564.038s] DEBUG:colcon.colcon_core.shell:Skip shell extension 'dsv' for command environment
[564.739s] DEBUG:colcon.colcon_core.event_handler.log_command:Invoking command in '/home/ubuntu/rj_training_container/training_ws/build/mission_orchestration': CMAKE_PREFIX_PATH=/home/ubuntu/rj_training_container/training_ws/install/stsl_bt_nodes:/home/ubuntu/rj_training_container/training_ws/install/stsl_interfaces:/home/ubuntu/rj_training_container/training_ws/install/stsl_desktop:/home/ubuntu/rj_training_container/training_ws/install/traini_bringup:/home/ubuntu/rj_training_container/training_ws/install/traini_gazebo:/home/ubuntu/rj_training_container/training_ws/install/traini_description:/home/ubuntu/rj_training_container/training_ws/install/teleop:/home/ubuntu/rj_training_container/training_ws/install/stsl_utils:/home/ubuntu/rj_training_container/training_ws/install/stsl_rviz_plugins:/home/ubuntu/rj_training_container/training_ws/install/stsl_nav_plugins:/home/ubuntu/rj_training_container/training_ws/install/mission_orchestration:/home/ubuntu/rj_training_container/training_ws/install/stsl_aruco_tags:/home/ubuntu/rj_training_container/training_ws/install/peak_finder:/home/ubuntu/rj_training_container/training_ws/install/mineral_deposit_tracking:/home/ubuntu/rj_training_container/training_ws/install/mineral_deposit_detection:/home/ubuntu/rj_training_container/training_ws/install/localization:/home/ubuntu/rj_training_container/training_ws/install/elevation_server:/home/ubuntu/rj_training_container/training_ws/install/coordinate_transform:/home/ubuntu/rj_training_container/training_ws/install/stsl_gazebo_plugins:/home/ubuntu/rj_training_container/training_ws/install/rj_training_bringup:/home/ubuntu/rj_training_container/training_ws/install/obstacle_detector:/home/ubuntu/rj_training_container/training_ws/install/mapping:/home/ubuntu/rj_training_container/training_ws/install/joystick_package:/home/ubuntu/rj_training_container/training_ws/install/joystick_msgs:/home/ubuntu/rj_training_container/training_ws/install/controllers:/home/ubuntu/rj_training_container/training_ws/install/astar_path_planner:/home/ubuntu/rj_training_container/training_ws/install/keyboard:/opt/ros/humble LD_LIBRARY_PATH=/home/ubuntu/rj_training_container/training_ws/install/stsl_bt_nodes/lib:/home/ubuntu/rj_training_container/training_ws/install/stsl_interfaces/lib:/home/ubuntu/rj_training_container/training_ws/install/teleop/lib:/home/ubuntu/rj_training_container/training_ws/install/stsl_utils/lib:/home/ubuntu/rj_training_container/training_ws/install/stsl_rviz_plugins/lib:/home/ubuntu/rj_training_container/training_ws/install/stsl_nav_plugins/lib:/home/ubuntu/rj_training_container/training_ws/install/mission_orchestration/lib:/home/ubuntu/rj_training_container/training_ws/install/stsl_aruco_tags/lib:/home/ubuntu/rj_training_container/training_ws/install/peak_finder/lib:/home/ubuntu/rj_training_container/training_ws/install/mineral_deposit_tracking/lib:/home/ubuntu/rj_training_container/training_ws/install/mineral_deposit_detection/lib:/home/ubuntu/rj_training_container/training_ws/install/localization/lib:/home/ubuntu/rj_training_container/training_ws/install/elevation_server/lib:/home/ubuntu/rj_training_container/training_ws/install/coordinate_transform/lib:/home/ubuntu/rj_training_container/training_ws/install/stsl_gazebo_plugins/lib:/home/ubuntu/rj_training_container/training_ws/install/obstacle_detector/lib:/home/ubuntu/rj_training_container/training_ws/install/mapping/lib:/home/ubuntu/rj_training_container/training_ws/install/joystick_package/lib:/home/ubuntu/rj_training_container/training_ws/install/joystick_msgs/lib:/home/ubuntu/rj_training_container/training_ws/install/controllers/lib:/home/ubuntu/rj_training_container/training_ws/install/astar_path_planner/lib:/usr/lib/x86_64-linux-gnu/gazebo-11/plugins:/opt/ros/humble/opt/rviz_ogre_vendor/lib:/opt/ros/humble/lib/x86_64-linux-gnu:/opt/ros/humble/lib /usr/bin/cmake --build /home/ubuntu/rj_training_container/training_ws/build/mission_orchestration -- -j16 -l16
[566.096s] DEBUG:colcon.colcon_core.event_handler.log_command:Invoking command in '/home/ubuntu/rj_training_container/training_ws/build/traini_gazebo': CMAKE_PREFIX_PATH=/home/ubuntu/rj_training_container/training_ws/install/stsl_aruco_tags:/home/ubuntu/rj_training_container/training_ws/install/stsl_interfaces:/home/ubuntu/rj_training_container/training_ws/install/stsl_gazebo_plugins:/home/ubuntu/rj_training_container/training_ws/install/stsl_desktop:/home/ubuntu/rj_training_container/training_ws/install/traini_bringup:/home/ubuntu/rj_training_container/training_ws/install/traini_gazebo:/home/ubuntu/rj_training_container/training_ws/install/traini_description:/home/ubuntu/rj_training_container/training_ws/install/teleop:/home/ubuntu/rj_training_container/training_ws/install/stsl_utils:/home/ubuntu/rj_training_container/training_ws/install/stsl_rviz_plugins:/home/ubuntu/rj_training_container/training_ws/install/stsl_nav_plugins:/home/ubuntu/rj_training_container/training_ws/install/mission_orchestration:/home/ubuntu/rj_training_container/training_ws/install/stsl_bt_nodes:/home/ubuntu/rj_training_container/training_ws/install/peak_finder:/home/ubuntu/rj_training_container/training_ws/install/mineral_deposit_tracking:/home/ubuntu/rj_training_container/training_ws/install/mineral_deposit_detection:/home/ubuntu/rj_training_container/training_ws/install/localization:/home/ubuntu/rj_training_container/training_ws/install/elevation_server:/home/ubuntu/rj_training_container/training_ws/install/coordinate_transform:/home/ubuntu/rj_training_container/training_ws/install/rj_training_bringup:/home/ubuntu/rj_training_container/training_ws/install/obstacle_detector:/home/ubuntu/rj_training_container/training_ws/install/mapping:/home/ubuntu/rj_training_container/training_ws/install/joystick_package:/home/ubuntu/rj_training_container/training_ws/install/joystick_msgs:/home/ubuntu/rj_training_container/training_ws/install/controllers:/home/ubuntu/rj_training_container/training_ws/install/astar_path_planner:/home/ubuntu/rj_training_container/training_ws/install/keyboard:/opt/ros/humble LD_LIBRARY_PATH=/home/ubuntu/rj_training_container/training_ws/install/stsl_aruco_tags/lib:/home/ubuntu/rj_training_container/training_ws/install/stsl_interfaces/lib:/home/ubuntu/rj_training_container/training_ws/install/stsl_gazebo_plugins/lib:/home/ubuntu/rj_training_container/training_ws/install/teleop/lib:/home/ubuntu/rj_training_container/training_ws/install/stsl_utils/lib:/home/ubuntu/rj_training_container/training_ws/install/stsl_rviz_plugins/lib:/home/ubuntu/rj_training_container/training_ws/install/stsl_nav_plugins/lib:/home/ubuntu/rj_training_container/training_ws/install/mission_orchestration/lib:/home/ubuntu/rj_training_container/training_ws/install/stsl_bt_nodes/lib:/home/ubuntu/rj_training_container/training_ws/install/peak_finder/lib:/home/ubuntu/rj_training_container/training_ws/install/mineral_deposit_tracking/lib:/home/ubuntu/rj_training_container/training_ws/install/mineral_deposit_detection/lib:/home/ubuntu/rj_training_container/training_ws/install/localization/lib:/home/ubuntu/rj_training_container/training_ws/install/elevation_server/lib:/home/ubuntu/rj_training_container/training_ws/install/coordinate_transform/lib:/home/ubuntu/rj_training_container/training_ws/install/obstacle_detector/lib:/home/ubuntu/rj_training_container/training_ws/install/mapping/lib:/home/ubuntu/rj_training_container/training_ws/install/joystick_package/lib:/home/ubuntu/rj_training_container/training_ws/install/joystick_msgs/lib:/home/ubuntu/rj_training_container/training_ws/install/controllers/lib:/home/ubuntu/rj_training_container/training_ws/install/astar_path_planner/lib:/usr/lib/x86_64-linux-gnu/gazebo-11/plugins:/opt/ros/humble/opt/rviz_ogre_vendor/lib:/opt/ros/humble/lib/x86_64-linux-gnu:/opt/ros/humble/lib /usr/bin/cmake --build /home/ubuntu/rj_training_container/training_ws/build/traini_gazebo -- -j16 -l16
[568.513s] Level 1:colcon.colcon_core.environment:create_environment_scripts_only(stsl_rviz_plugins)
[568.513s] Level 1:colcon.colcon_core.environment:checking '/home/ubuntu/rj_training_container/training_ws/install/stsl_rviz_plugins' for CMake module files
[568.586s] Level 1:colcon.colcon_core.environment:checking '/home/ubuntu/rj_training_container/training_ws/install/stsl_rviz_plugins' for CMake config files
[568.656s] Level 1:colcon.colcon_core.shell:create_environment_hook('stsl_rviz_plugins', 'cmake_prefix_path')
[568.657s] INFO:colcon.colcon_core.shell:Creating environment hook '/home/ubuntu/rj_training_container/training_ws/install/stsl_rviz_plugins/share/stsl_rviz_plugins/hook/cmake_prefix_path.ps1'
[568.672s] INFO:colcon.colcon_core.shell:Creating environment descriptor '/home/ubuntu/rj_training_container/training_ws/install/stsl_rviz_plugins/share/stsl_rviz_plugins/hook/cmake_prefix_path.dsv'
[568.687s] INFO:colcon.colcon_core.shell:Creating environment hook '/home/ubuntu/rj_training_container/training_ws/install/stsl_rviz_plugins/share/stsl_rviz_plugins/hook/cmake_prefix_path.sh'
[568.706s] Level 1:colcon.colcon_core.environment:checking '/home/ubuntu/rj_training_container/training_ws/install/stsl_rviz_plugins/lib'
[568.710s] Level 1:colcon.colcon_core.shell:create_environment_hook('stsl_rviz_plugins', 'ld_library_path_lib')
[568.710s] INFO:colcon.colcon_core.shell:Creating environment hook '/home/ubuntu/rj_training_container/training_ws/install/stsl_rviz_plugins/share/stsl_rviz_plugins/hook/ld_library_path_lib.ps1'
[568.724s] INFO:colcon.colcon_core.shell:Creating environment descriptor '/home/ubuntu/rj_training_container/training_ws/install/stsl_rviz_plugins/share/stsl_rviz_plugins/hook/ld_library_path_lib.dsv'
[568.740s] INFO:colcon.colcon_core.shell:Creating environment hook '/home/ubuntu/rj_training_container/training_ws/install/stsl_rviz_plugins/share/stsl_rviz_plugins/hook/ld_library_path_lib.sh'
[568.754s] Level 1:colcon.colcon_core.environment:checking '/home/ubuntu/rj_training_container/training_ws/install/stsl_rviz_plugins/bin'
[568.755s] Level 1:colcon.colcon_core.environment:checking '/home/ubuntu/rj_training_container/training_ws/install/stsl_rviz_plugins/lib/pkgconfig/stsl_rviz_plugins.pc'
[568.757s] Level 1:colcon.colcon_core.environment:checking '/home/ubuntu/rj_training_container/training_ws/install/stsl_rviz_plugins/lib/python3.10/site-packages'
[568.759s] Level 1:colcon.colcon_core.environment:checking '/home/ubuntu/rj_training_container/training_ws/install/stsl_rviz_plugins/bin'
[568.760s] INFO:colcon.colcon_core.shell:Creating package script '/home/ubuntu/rj_training_container/training_ws/install/stsl_rviz_plugins/share/stsl_rviz_plugins/package.ps1'
[568.772s] INFO:colcon.colcon_core.shell:Creating package descriptor '/home/ubuntu/rj_training_container/training_ws/install/stsl_rviz_plugins/share/stsl_rviz_plugins/package.dsv'
[568.785s] INFO:colcon.colcon_core.shell:Creating package script '/home/ubuntu/rj_training_container/training_ws/install/stsl_rviz_plugins/share/stsl_rviz_plugins/package.sh'
[568.798s] INFO:colcon.colcon_core.shell:Creating package script '/home/ubuntu/rj_training_container/training_ws/install/stsl_rviz_plugins/share/stsl_rviz_plugins/package.bash'
[568.809s] INFO:colcon.colcon_core.shell:Creating package script '/home/ubuntu/rj_training_container/training_ws/install/stsl_rviz_plugins/share/stsl_rviz_plugins/package.zsh'
[568.820s] Level 1:colcon.colcon_core.environment:create_file_with_runtime_dependencies(/home/ubuntu/rj_training_container/training_ws/install/stsl_rviz_plugins/share/colcon-core/packages/stsl_rviz_plugins)
[577.461s] DEBUG:colcon.colcon_core.event_handler.log_command:Invoked command in '/home/ubuntu/rj_training_container/training_ws/build/mission_orchestration' returned '0': CMAKE_PREFIX_PATH=/home/ubuntu/rj_training_container/training_ws/install/stsl_bt_nodes:/home/ubuntu/rj_training_container/training_ws/install/stsl_interfaces:/home/ubuntu/rj_training_container/training_ws/install/stsl_desktop:/home/ubuntu/rj_training_container/training_ws/install/traini_bringup:/home/ubuntu/rj_training_container/training_ws/install/traini_gazebo:/home/ubuntu/rj_training_container/training_ws/install/traini_description:/home/ubuntu/rj_training_container/training_ws/install/teleop:/home/ubuntu/rj_training_container/training_ws/install/stsl_utils:/home/ubuntu/rj_training_container/training_ws/install/stsl_rviz_plugins:/home/ubuntu/rj_training_container/training_ws/install/stsl_nav_plugins:/home/ubuntu/rj_training_container/training_ws/install/mission_orchestration:/home/ubuntu/rj_training_container/training_ws/install/stsl_aruco_tags:/home/ubuntu/rj_training_container/training_ws/install/peak_finder:/home/ubuntu/rj_training_container/training_ws/install/mineral_deposit_tracking:/home/ubuntu/rj_training_container/training_ws/install/mineral_deposit_detection:/home/ubuntu/rj_training_container/training_ws/install/localization:/home/ubuntu/rj_training_container/training_ws/install/elevation_server:/home/ubuntu/rj_training_container/training_ws/install/coordinate_transform:/home/ubuntu/rj_training_container/training_ws/install/stsl_gazebo_plugins:/home/ubuntu/rj_training_container/training_ws/install/rj_training_bringup:/home/ubuntu/rj_training_container/training_ws/install/obstacle_detector:/home/ubuntu/rj_training_container/training_ws/install/mapping:/home/ubuntu/rj_training_container/training_ws/install/joystick_package:/home/ubuntu/rj_training_container/training_ws/install/joystick_msgs:/home/ubuntu/rj_training_container/training_ws/install/controllers:/home/ubuntu/rj_training_container/training_ws/install/astar_path_planner:/home/ubuntu/rj_training_container/training_ws/install/keyboard:/opt/ros/humble LD_LIBRARY_PATH=/home/ubuntu/rj_training_container/training_ws/install/stsl_bt_nodes/lib:/home/ubuntu/rj_training_container/training_ws/install/stsl_interfaces/lib:/home/ubuntu/rj_training_container/training_ws/install/teleop/lib:/home/ubuntu/rj_training_container/training_ws/install/stsl_utils/lib:/home/ubuntu/rj_training_container/training_ws/install/stsl_rviz_plugins/lib:/home/ubuntu/rj_training_container/training_ws/install/stsl_nav_plugins/lib:/home/ubuntu/rj_training_container/training_ws/install/mission_orchestration/lib:/home/ubuntu/rj_training_container/training_ws/install/stsl_aruco_tags/lib:/home/ubuntu/rj_training_container/training_ws/install/peak_finder/lib:/home/ubuntu/rj_training_container/training_ws/install/mineral_deposit_tracking/lib:/home/ubuntu/rj_training_container/training_ws/install/mineral_deposit_detection/lib:/home/ubuntu/rj_training_container/training_ws/install/localization/lib:/home/ubuntu/rj_training_container/training_ws/install/elevation_server/lib:/home/ubuntu/rj_training_container/training_ws/install/coordinate_transform/lib:/home/ubuntu/rj_training_container/training_ws/install/stsl_gazebo_plugins/lib:/home/ubuntu/rj_training_container/training_ws/install/obstacle_detector/lib:/home/ubuntu/rj_training_container/training_ws/install/mapping/lib:/home/ubuntu/rj_training_container/training_ws/install/joystick_package/lib:/home/ubuntu/rj_training_container/training_ws/install/joystick_msgs/lib:/home/ubuntu/rj_training_container/training_ws/install/controllers/lib:/home/ubuntu/rj_training_container/training_ws/install/astar_path_planner/lib:/usr/lib/x86_64-linux-gnu/gazebo-11/plugins:/opt/ros/humble/opt/rviz_ogre_vendor/lib:/opt/ros/humble/lib/x86_64-linux-gnu:/opt/ros/humble/lib /usr/bin/cmake --build /home/ubuntu/rj_training_container/training_ws/build/mission_orchestration -- -j16 -l16
[580.737s] DEBUG:colcon.colcon_core.event_handler.log_command:Invoked command in '/home/ubuntu/rj_training_container/training_ws/build/traini_gazebo' returned '0': CMAKE_PREFIX_PATH=/home/ubuntu/rj_training_container/training_ws/install/stsl_aruco_tags:/home/ubuntu/rj_training_container/training_ws/install/stsl_interfaces:/home/ubuntu/rj_training_container/training_ws/install/stsl_gazebo_plugins:/home/ubuntu/rj_training_container/training_ws/install/stsl_desktop:/home/ubuntu/rj_training_container/training_ws/install/traini_bringup:/home/ubuntu/rj_training_container/training_ws/install/traini_gazebo:/home/ubuntu/rj_training_container/training_ws/install/traini_description:/home/ubuntu/rj_training_container/training_ws/install/teleop:/home/ubuntu/rj_training_container/training_ws/install/stsl_utils:/home/ubuntu/rj_training_container/training_ws/install/stsl_rviz_plugins:/home/ubuntu/rj_training_container/training_ws/install/stsl_nav_plugins:/home/ubuntu/rj_training_container/training_ws/install/mission_orchestration:/home/ubuntu/rj_training_container/training_ws/install/stsl_bt_nodes:/home/ubuntu/rj_training_container/training_ws/install/peak_finder:/home/ubuntu/rj_training_container/training_ws/install/mineral_deposit_tracking:/home/ubuntu/rj_training_container/training_ws/install/mineral_deposit_detection:/home/ubuntu/rj_training_container/training_ws/install/localization:/home/ubuntu/rj_training_container/training_ws/install/elevation_server:/home/ubuntu/rj_training_container/training_ws/install/coordinate_transform:/home/ubuntu/rj_training_container/training_ws/install/rj_training_bringup:/home/ubuntu/rj_training_container/training_ws/install/obstacle_detector:/home/ubuntu/rj_training_container/training_ws/install/mapping:/home/ubuntu/rj_training_container/training_ws/install/joystick_package:/home/ubuntu/rj_training_container/training_ws/install/joystick_msgs:/home/ubuntu/rj_training_container/training_ws/install/controllers:/home/ubuntu/rj_training_container/training_ws/install/astar_path_planner:/home/ubuntu/rj_training_container/training_ws/install/keyboard:/opt/ros/humble LD_LIBRARY_PATH=/home/ubuntu/rj_training_container/training_ws/install/stsl_aruco_tags/lib:/home/ubuntu/rj_training_container/training_ws/install/stsl_interfaces/lib:/home/ubuntu/rj_training_container/training_ws/install/stsl_gazebo_plugins/lib:/home/ubuntu/rj_training_container/training_ws/install/teleop/lib:/home/ubuntu/rj_training_container/training_ws/install/stsl_utils/lib:/home/ubuntu/rj_training_container/training_ws/install/stsl_rviz_plugins/lib:/home/ubuntu/rj_training_container/training_ws/install/stsl_nav_plugins/lib:/home/ubuntu/rj_training_container/training_ws/install/mission_orchestration/lib:/home/ubuntu/rj_training_container/training_ws/install/stsl_bt_nodes/lib:/home/ubuntu/rj_training_container/training_ws/install/peak_finder/lib:/home/ubuntu/rj_training_container/training_ws/install/mineral_deposit_tracking/lib:/home/ubuntu/rj_training_container/training_ws/install/mineral_deposit_detection/lib:/home/ubuntu/rj_training_container/training_ws/install/localization/lib:/home/ubuntu/rj_training_container/training_ws/install/elevation_server/lib:/home/ubuntu/rj_training_container/training_ws/install/coordinate_transform/lib:/home/ubuntu/rj_training_container/training_ws/install/obstacle_detector/lib:/home/ubuntu/rj_training_container/training_ws/install/mapping/lib:/home/ubuntu/rj_training_container/training_ws/install/joystick_package/lib:/home/ubuntu/rj_training_container/training_ws/install/joystick_msgs/lib:/home/ubuntu/rj_training_container/training_ws/install/controllers/lib:/home/ubuntu/rj_training_container/training_ws/install/astar_path_planner/lib:/usr/lib/x86_64-linux-gnu/gazebo-11/plugins:/opt/ros/humble/opt/rviz_ogre_vendor/lib:/opt/ros/humble/lib/x86_64-linux-gnu:/opt/ros/humble/lib /usr/bin/cmake --build /home/ubuntu/rj_training_container/training_ws/build/traini_gazebo -- -j16 -l16
[590.778s] DEBUG:colcon.colcon_core.event_handler.log_command:Invoking command in '/home/ubuntu/rj_training_container/training_ws/build/traini_gazebo': CMAKE_PREFIX_PATH=/home/ubuntu/rj_training_container/training_ws/install/stsl_aruco_tags:/home/ubuntu/rj_training_container/training_ws/install/stsl_interfaces:/home/ubuntu/rj_training_container/training_ws/install/stsl_gazebo_plugins:/home/ubuntu/rj_training_container/training_ws/install/stsl_desktop:/home/ubuntu/rj_training_container/training_ws/install/traini_bringup:/home/ubuntu/rj_training_container/training_ws/install/traini_gazebo:/home/ubuntu/rj_training_container/training_ws/install/traini_description:/home/ubuntu/rj_training_container/training_ws/install/teleop:/home/ubuntu/rj_training_container/training_ws/install/stsl_utils:/home/ubuntu/rj_training_container/training_ws/install/stsl_rviz_plugins:/home/ubuntu/rj_training_container/training_ws/install/stsl_nav_plugins:/home/ubuntu/rj_training_container/training_ws/install/mission_orchestration:/home/ubuntu/rj_training_container/training_ws/install/stsl_bt_nodes:/home/ubuntu/rj_training_container/training_ws/install/peak_finder:/home/ubuntu/rj_training_container/training_ws/install/mineral_deposit_tracking:/home/ubuntu/rj_training_container/training_ws/install/mineral_deposit_detection:/home/ubuntu/rj_training_container/training_ws/install/localization:/home/ubuntu/rj_training_container/training_ws/install/elevation_server:/home/ubuntu/rj_training_container/training_ws/install/coordinate_transform:/home/ubuntu/rj_training_container/training_ws/install/rj_training_bringup:/home/ubuntu/rj_training_container/training_ws/install/obstacle_detector:/home/ubuntu/rj_training_container/training_ws/install/mapping:/home/ubuntu/rj_training_container/training_ws/install/joystick_package:/home/ubuntu/rj_training_container/training_ws/install/joystick_msgs:/home/ubuntu/rj_training_container/training_ws/install/controllers:/home/ubuntu/rj_training_container/training_ws/install/astar_path_planner:/home/ubuntu/rj_training_container/training_ws/install/keyboard:/opt/ros/humble LD_LIBRARY_PATH=/home/ubuntu/rj_training_container/training_ws/install/stsl_aruco_tags/lib:/home/ubuntu/rj_training_container/training_ws/install/stsl_interfaces/lib:/home/ubuntu/rj_training_container/training_ws/install/stsl_gazebo_plugins/lib:/home/ubuntu/rj_training_container/training_ws/install/teleop/lib:/home/ubuntu/rj_training_container/training_ws/install/stsl_utils/lib:/home/ubuntu/rj_training_container/training_ws/install/stsl_rviz_plugins/lib:/home/ubuntu/rj_training_container/training_ws/install/stsl_nav_plugins/lib:/home/ubuntu/rj_training_container/training_ws/install/mission_orchestration/lib:/home/ubuntu/rj_training_container/training_ws/install/stsl_bt_nodes/lib:/home/ubuntu/rj_training_container/training_ws/install/peak_finder/lib:/home/ubuntu/rj_training_container/training_ws/install/mineral_deposit_tracking/lib:/home/ubuntu/rj_training_container/training_ws/install/mineral_deposit_detection/lib:/home/ubuntu/rj_training_container/training_ws/install/localization/lib:/home/ubuntu/rj_training_container/training_ws/install/elevation_server/lib:/home/ubuntu/rj_training_container/training_ws/install/coordinate_transform/lib:/home/ubuntu/rj_training_container/training_ws/install/obstacle_detector/lib:/home/ubuntu/rj_training_container/training_ws/install/mapping/lib:/home/ubuntu/rj_training_container/training_ws/install/joystick_package/lib:/home/ubuntu/rj_training_container/training_ws/install/joystick_msgs/lib:/home/ubuntu/rj_training_container/training_ws/install/controllers/lib:/home/ubuntu/rj_training_container/training_ws/install/astar_path_planner/lib:/usr/lib/x86_64-linux-gnu/gazebo-11/plugins:/opt/ros/humble/opt/rviz_ogre_vendor/lib:/opt/ros/humble/lib/x86_64-linux-gnu:/opt/ros/humble/lib /usr/bin/cmake --install /home/ubuntu/rj_training_container/training_ws/build/traini_gazebo
[593.031s] DEBUG:colcon.colcon_core.event_handler.log_command:Invoking command in '/home/ubuntu/rj_training_container/training_ws/build/mission_orchestration': CMAKE_PREFIX_PATH=/home/ubuntu/rj_training_container/training_ws/install/stsl_bt_nodes:/home/ubuntu/rj_training_container/training_ws/install/stsl_interfaces:/home/ubuntu/rj_training_container/training_ws/install/stsl_desktop:/home/ubuntu/rj_training_container/training_ws/install/traini_bringup:/home/ubuntu/rj_training_container/training_ws/install/traini_gazebo:/home/ubuntu/rj_training_container/training_ws/install/traini_description:/home/ubuntu/rj_training_container/training_ws/install/teleop:/home/ubuntu/rj_training_container/training_ws/install/stsl_utils:/home/ubuntu/rj_training_container/training_ws/install/stsl_rviz_plugins:/home/ubuntu/rj_training_container/training_ws/install/stsl_nav_plugins:/home/ubuntu/rj_training_container/training_ws/install/mission_orchestration:/home/ubuntu/rj_training_container/training_ws/install/stsl_aruco_tags:/home/ubuntu/rj_training_container/training_ws/install/peak_finder:/home/ubuntu/rj_training_container/training_ws/install/mineral_deposit_tracking:/home/ubuntu/rj_training_container/training_ws/install/mineral_deposit_detection:/home/ubuntu/rj_training_container/training_ws/install/localization:/home/ubuntu/rj_training_container/training_ws/install/elevation_server:/home/ubuntu/rj_training_container/training_ws/install/coordinate_transform:/home/ubuntu/rj_training_container/training_ws/install/stsl_gazebo_plugins:/home/ubuntu/rj_training_container/training_ws/install/rj_training_bringup:/home/ubuntu/rj_training_container/training_ws/install/obstacle_detector:/home/ubuntu/rj_training_container/training_ws/install/mapping:/home/ubuntu/rj_training_container/training_ws/install/joystick_package:/home/ubuntu/rj_training_container/training_ws/install/joystick_msgs:/home/ubuntu/rj_training_container/training_ws/install/controllers:/home/ubuntu/rj_training_container/training_ws/install/astar_path_planner:/home/ubuntu/rj_training_container/training_ws/install/keyboard:/opt/ros/humble LD_LIBRARY_PATH=/home/ubuntu/rj_training_container/training_ws/install/stsl_bt_nodes/lib:/home/ubuntu/rj_training_container/training_ws/install/stsl_interfaces/lib:/home/ubuntu/rj_training_container/training_ws/install/teleop/lib:/home/ubuntu/rj_training_container/training_ws/install/stsl_utils/lib:/home/ubuntu/rj_training_container/training_ws/install/stsl_rviz_plugins/lib:/home/ubuntu/rj_training_container/training_ws/install/stsl_nav_plugins/lib:/home/ubuntu/rj_training_container/training_ws/install/mission_orchestration/lib:/home/ubuntu/rj_training_container/training_ws/install/stsl_aruco_tags/lib:/home/ubuntu/rj_training_container/training_ws/install/peak_finder/lib:/home/ubuntu/rj_training_container/training_ws/install/mineral_deposit_tracking/lib:/home/ubuntu/rj_training_container/training_ws/install/mineral_deposit_detection/lib:/home/ubuntu/rj_training_container/training_ws/install/localization/lib:/home/ubuntu/rj_training_container/training_ws/install/elevation_server/lib:/home/ubuntu/rj_training_container/training_ws/install/coordinate_transform/lib:/home/ubuntu/rj_training_container/training_ws/install/stsl_gazebo_plugins/lib:/home/ubuntu/rj_training_container/training_ws/install/obstacle_detector/lib:/home/ubuntu/rj_training_container/training_ws/install/mapping/lib:/home/ubuntu/rj_training_container/training_ws/install/joystick_package/lib:/home/ubuntu/rj_training_container/training_ws/install/joystick_msgs/lib:/home/ubuntu/rj_training_container/training_ws/install/controllers/lib:/home/ubuntu/rj_training_container/training_ws/install/astar_path_planner/lib:/usr/lib/x86_64-linux-gnu/gazebo-11/plugins:/opt/ros/humble/opt/rviz_ogre_vendor/lib:/opt/ros/humble/lib/x86_64-linux-gnu:/opt/ros/humble/lib /usr/bin/cmake --install /home/ubuntu/rj_training_container/training_ws/build/mission_orchestration
[595.626s] Level 1:colcon.colcon_core.environment:create_environment_scripts_only(mission_orchestration)
[595.627s] Level 1:colcon.colcon_core.environment:checking '/home/ubuntu/rj_training_container/training_ws/install/mission_orchestration' for CMake module files
[595.627s] DEBUG:colcon.colcon_core.event_handler.log_command:Invoked command in '/home/ubuntu/rj_training_container/training_ws/build/mission_orchestration' returned '0': CMAKE_PREFIX_PATH=/home/ubuntu/rj_training_container/training_ws/install/stsl_bt_nodes:/home/ubuntu/rj_training_container/training_ws/install/stsl_interfaces:/home/ubuntu/rj_training_container/training_ws/install/stsl_desktop:/home/ubuntu/rj_training_container/training_ws/install/traini_bringup:/home/ubuntu/rj_training_container/training_ws/install/traini_gazebo:/home/ubuntu/rj_training_container/training_ws/install/traini_description:/home/ubuntu/rj_training_container/training_ws/install/teleop:/home/ubuntu/rj_training_container/training_ws/install/stsl_utils:/home/ubuntu/rj_training_container/training_ws/install/stsl_rviz_plugins:/home/ubuntu/rj_training_container/training_ws/install/stsl_nav_plugins:/home/ubuntu/rj_training_container/training_ws/install/mission_orchestration:/home/ubuntu/rj_training_container/training_ws/install/stsl_aruco_tags:/home/ubuntu/rj_training_container/training_ws/install/peak_finder:/home/ubuntu/rj_training_container/training_ws/install/mineral_deposit_tracking:/home/ubuntu/rj_training_container/training_ws/install/mineral_deposit_detection:/home/ubuntu/rj_training_container/training_ws/install/localization:/home/ubuntu/rj_training_container/training_ws/install/elevation_server:/home/ubuntu/rj_training_container/training_ws/install/coordinate_transform:/home/ubuntu/rj_training_container/training_ws/install/stsl_gazebo_plugins:/home/ubuntu/rj_training_container/training_ws/install/rj_training_bringup:/home/ubuntu/rj_training_container/training_ws/install/obstacle_detector:/home/ubuntu/rj_training_container/training_ws/install/mapping:/home/ubuntu/rj_training_container/training_ws/install/joystick_package:/home/ubuntu/rj_training_container/training_ws/install/joystick_msgs:/home/ubuntu/rj_training_container/training_ws/install/controllers:/home/ubuntu/rj_training_container/training_ws/install/astar_path_planner:/home/ubuntu/rj_training_container/training_ws/install/keyboard:/opt/ros/humble LD_LIBRARY_PATH=/home/ubuntu/rj_training_container/training_ws/install/stsl_bt_nodes/lib:/home/ubuntu/rj_training_container/training_ws/install/stsl_interfaces/lib:/home/ubuntu/rj_training_container/training_ws/install/teleop/lib:/home/ubuntu/rj_training_container/training_ws/install/stsl_utils/lib:/home/ubuntu/rj_training_container/training_ws/install/stsl_rviz_plugins/lib:/home/ubuntu/rj_training_container/training_ws/install/stsl_nav_plugins/lib:/home/ubuntu/rj_training_container/training_ws/install/mission_orchestration/lib:/home/ubuntu/rj_training_container/training_ws/install/stsl_aruco_tags/lib:/home/ubuntu/rj_training_container/training_ws/install/peak_finder/lib:/home/ubuntu/rj_training_container/training_ws/install/mineral_deposit_tracking/lib:/home/ubuntu/rj_training_container/training_ws/install/mineral_deposit_detection/lib:/home/ubuntu/rj_training_container/training_ws/install/localization/lib:/home/ubuntu/rj_training_container/training_ws/install/elevation_server/lib:/home/ubuntu/rj_training_container/training_ws/install/coordinate_transform/lib:/home/ubuntu/rj_training_container/training_ws/install/stsl_gazebo_plugins/lib:/home/ubuntu/rj_training_container/training_ws/install/obstacle_detector/lib:/home/ubuntu/rj_training_container/training_ws/install/mapping/lib:/home/ubuntu/rj_training_container/training_ws/install/joystick_package/lib:/home/ubuntu/rj_training_container/training_ws/install/joystick_msgs/lib:/home/ubuntu/rj_training_container/training_ws/install/controllers/lib:/home/ubuntu/rj_training_container/training_ws/install/astar_path_planner/lib:/usr/lib/x86_64-linux-gnu/gazebo-11/plugins:/opt/ros/humble/opt/rviz_ogre_vendor/lib:/opt/ros/humble/lib/x86_64-linux-gnu:/opt/ros/humble/lib /usr/bin/cmake --install /home/ubuntu/rj_training_container/training_ws/build/mission_orchestration
[595.714s] Level 1:colcon.colcon_core.environment:checking '/home/ubuntu/rj_training_container/training_ws/install/mission_orchestration' for CMake config files
[595.792s] Level 1:colcon.colcon_core.shell:create_environment_hook('mission_orchestration', 'cmake_prefix_path')
[595.793s] INFO:colcon.colcon_core.shell:Creating environment hook '/home/ubuntu/rj_training_container/training_ws/install/mission_orchestration/share/mission_orchestration/hook/cmake_prefix_path.ps1'
[595.805s] INFO:colcon.colcon_core.shell:Creating environment descriptor '/home/ubuntu/rj_training_container/training_ws/install/mission_orchestration/share/mission_orchestration/hook/cmake_prefix_path.dsv'
[595.819s] INFO:colcon.colcon_core.shell:Creating environment hook '/home/ubuntu/rj_training_container/training_ws/install/mission_orchestration/share/mission_orchestration/hook/cmake_prefix_path.sh'
[595.836s] Level 1:colcon.colcon_core.environment:checking '/home/ubuntu/rj_training_container/training_ws/install/mission_orchestration/lib'
[595.840s] Level 1:colcon.colcon_core.shell:create_environment_hook('mission_orchestration', 'ld_library_path_lib')
[595.840s] INFO:colcon.colcon_core.shell:Creating environment hook '/home/ubuntu/rj_training_container/training_ws/install/mission_orchestration/share/mission_orchestration/hook/ld_library_path_lib.ps1'
[595.856s] INFO:colcon.colcon_core.shell:Creating environment descriptor '/home/ubuntu/rj_training_container/training_ws/install/mission_orchestration/share/mission_orchestration/hook/ld_library_path_lib.dsv'
[595.870s] INFO:colcon.colcon_core.shell:Creating environment hook '/home/ubuntu/rj_training_container/training_ws/install/mission_orchestration/share/mission_orchestration/hook/ld_library_path_lib.sh'
[595.886s] Level 1:colcon.colcon_core.environment:checking '/home/ubuntu/rj_training_container/training_ws/install/mission_orchestration/bin'
[595.887s] Level 1:colcon.colcon_core.environment:checking '/home/ubuntu/rj_training_container/training_ws/install/mission_orchestration/lib/pkgconfig/mission_orchestration.pc'
[595.890s] Level 1:colcon.colcon_core.environment:checking '/home/ubuntu/rj_training_container/training_ws/install/mission_orchestration/lib/python3.10/site-packages'
[595.892s] Level 1:colcon.colcon_core.environment:checking '/home/ubuntu/rj_training_container/training_ws/install/mission_orchestration/bin'
[595.893s] INFO:colcon.colcon_core.shell:Creating package script '/home/ubuntu/rj_training_container/training_ws/install/mission_orchestration/share/mission_orchestration/package.ps1'
[595.904s] INFO:colcon.colcon_core.shell:Creating package descriptor '/home/ubuntu/rj_training_container/training_ws/install/mission_orchestration/share/mission_orchestration/package.dsv'
[595.916s] INFO:colcon.colcon_core.shell:Creating package script '/home/ubuntu/rj_training_container/training_ws/install/mission_orchestration/share/mission_orchestration/package.sh'
[595.928s] INFO:colcon.colcon_core.shell:Creating package script '/home/ubuntu/rj_training_container/training_ws/install/mission_orchestration/share/mission_orchestration/package.bash'
[595.939s] INFO:colcon.colcon_core.shell:Creating package script '/home/ubuntu/rj_training_container/training_ws/install/mission_orchestration/share/mission_orchestration/package.zsh'
[595.951s] Level 1:colcon.colcon_core.environment:create_file_with_runtime_dependencies(/home/ubuntu/rj_training_container/training_ws/install/mission_orchestration/share/colcon-core/packages/mission_orchestration)
[602.443s] Level 1:colcon.colcon_core.environment:create_environment_scripts_only(traini_gazebo)
[602.444s] Level 1:colcon.colcon_core.environment:checking '/home/ubuntu/rj_training_container/training_ws/install/traini_gazebo' for CMake module files
[602.445s] DEBUG:colcon.colcon_core.event_handler.log_command:Invoked command in '/home/ubuntu/rj_training_container/training_ws/build/traini_gazebo' returned '0': CMAKE_PREFIX_PATH=/home/ubuntu/rj_training_container/training_ws/install/stsl_aruco_tags:/home/ubuntu/rj_training_container/training_ws/install/stsl_interfaces:/home/ubuntu/rj_training_container/training_ws/install/stsl_gazebo_plugins:/home/ubuntu/rj_training_container/training_ws/install/stsl_desktop:/home/ubuntu/rj_training_container/training_ws/install/traini_bringup:/home/ubuntu/rj_training_container/training_ws/install/traini_gazebo:/home/ubuntu/rj_training_container/training_ws/install/traini_description:/home/ubuntu/rj_training_container/training_ws/install/teleop:/home/ubuntu/rj_training_container/training_ws/install/stsl_utils:/home/ubuntu/rj_training_container/training_ws/install/stsl_rviz_plugins:/home/ubuntu/rj_training_container/training_ws/install/stsl_nav_plugins:/home/ubuntu/rj_training_container/training_ws/install/mission_orchestration:/home/ubuntu/rj_training_container/training_ws/install/stsl_bt_nodes:/home/ubuntu/rj_training_container/training_ws/install/peak_finder:/home/ubuntu/rj_training_container/training_ws/install/mineral_deposit_tracking:/home/ubuntu/rj_training_container/training_ws/install/mineral_deposit_detection:/home/ubuntu/rj_training_container/training_ws/install/localization:/home/ubuntu/rj_training_container/training_ws/install/elevation_server:/home/ubuntu/rj_training_container/training_ws/install/coordinate_transform:/home/ubuntu/rj_training_container/training_ws/install/rj_training_bringup:/home/ubuntu/rj_training_container/training_ws/install/obstacle_detector:/home/ubuntu/rj_training_container/training_ws/install/mapping:/home/ubuntu/rj_training_container/training_ws/install/joystick_package:/home/ubuntu/rj_training_container/training_ws/install/joystick_msgs:/home/ubuntu/rj_training_container/training_ws/install/controllers:/home/ubuntu/rj_training_container/training_ws/install/astar_path_planner:/home/ubuntu/rj_training_container/training_ws/install/keyboard:/opt/ros/humble LD_LIBRARY_PATH=/home/ubuntu/rj_training_container/training_ws/install/stsl_aruco_tags/lib:/home/ubuntu/rj_training_container/training_ws/install/stsl_interfaces/lib:/home/ubuntu/rj_training_container/training_ws/install/stsl_gazebo_plugins/lib:/home/ubuntu/rj_training_container/training_ws/install/teleop/lib:/home/ubuntu/rj_training_container/training_ws/install/stsl_utils/lib:/home/ubuntu/rj_training_container/training_ws/install/stsl_rviz_plugins/lib:/home/ubuntu/rj_training_container/training_ws/install/stsl_nav_plugins/lib:/home/ubuntu/rj_training_container/training_ws/install/mission_orchestration/lib:/home/ubuntu/rj_training_container/training_ws/install/stsl_bt_nodes/lib:/home/ubuntu/rj_training_container/training_ws/install/peak_finder/lib:/home/ubuntu/rj_training_container/training_ws/install/mineral_deposit_tracking/lib:/home/ubuntu/rj_training_container/training_ws/install/mineral_deposit_detection/lib:/home/ubuntu/rj_training_container/training_ws/install/localization/lib:/home/ubuntu/rj_training_container/training_ws/install/elevation_server/lib:/home/ubuntu/rj_training_container/training_ws/install/coordinate_transform/lib:/home/ubuntu/rj_training_container/training_ws/install/obstacle_detector/lib:/home/ubuntu/rj_training_container/training_ws/install/mapping/lib:/home/ubuntu/rj_training_container/training_ws/install/joystick_package/lib:/home/ubuntu/rj_training_container/training_ws/install/joystick_msgs/lib:/home/ubuntu/rj_training_container/training_ws/install/controllers/lib:/home/ubuntu/rj_training_container/training_ws/install/astar_path_planner/lib:/usr/lib/x86_64-linux-gnu/gazebo-11/plugins:/opt/ros/humble/opt/rviz_ogre_vendor/lib:/opt/ros/humble/lib/x86_64-linux-gnu:/opt/ros/humble/lib /usr/bin/cmake --install /home/ubuntu/rj_training_container/training_ws/build/traini_gazebo
[602.536s] Level 1:colcon.colcon_core.environment:checking '/home/ubuntu/rj_training_container/training_ws/install/traini_gazebo' for CMake config files
[602.600s] Level 1:colcon.colcon_core.shell:create_environment_hook('traini_gazebo', 'cmake_prefix_path')
[602.600s] INFO:colcon.colcon_core.shell:Creating environment hook '/home/ubuntu/rj_training_container/training_ws/install/traini_gazebo/share/traini_gazebo/hook/cmake_prefix_path.ps1'
[602.614s] INFO:colcon.colcon_core.shell:Creating environment descriptor '/home/ubuntu/rj_training_container/training_ws/install/traini_gazebo/share/traini_gazebo/hook/cmake_prefix_path.dsv'
[602.627s] INFO:colcon.colcon_core.shell:Creating environment hook '/home/ubuntu/rj_training_container/training_ws/install/traini_gazebo/share/traini_gazebo/hook/cmake_prefix_path.sh'
[602.642s] Level 1:colcon.colcon_core.environment:checking '/home/ubuntu/rj_training_container/training_ws/install/traini_gazebo/lib'
[602.646s] Level 1:colcon.colcon_core.environment:checking '/home/ubuntu/rj_training_container/training_ws/install/traini_gazebo/bin'
[602.647s] Level 1:colcon.colcon_core.environment:checking '/home/ubuntu/rj_training_container/training_ws/install/traini_gazebo/lib/pkgconfig/traini_gazebo.pc'
[602.649s] Level 1:colcon.colcon_core.environment:checking '/home/ubuntu/rj_training_container/training_ws/install/traini_gazebo/lib/python3.10/site-packages'
[602.651s] Level 1:colcon.colcon_core.environment:checking '/home/ubuntu/rj_training_container/training_ws/install/traini_gazebo/bin'
[602.652s] INFO:colcon.colcon_core.shell:Creating package script '/home/ubuntu/rj_training_container/training_ws/install/traini_gazebo/share/traini_gazebo/package.ps1'
[602.663s] INFO:colcon.colcon_core.shell:Creating package descriptor '/home/ubuntu/rj_training_container/training_ws/install/traini_gazebo/share/traini_gazebo/package.dsv'
[602.674s] INFO:colcon.colcon_core.shell:Creating package script '/home/ubuntu/rj_training_container/training_ws/install/traini_gazebo/share/traini_gazebo/package.sh'
[602.685s] INFO:colcon.colcon_core.shell:Creating package script '/home/ubuntu/rj_training_container/training_ws/install/traini_gazebo/share/traini_gazebo/package.bash'
[602.696s] INFO:colcon.colcon_core.shell:Creating package script '/home/ubuntu/rj_training_container/training_ws/install/traini_gazebo/share/traini_gazebo/package.zsh'
[602.707s] Level 1:colcon.colcon_core.environment:create_file_with_runtime_dependencies(/home/ubuntu/rj_training_container/training_ws/install/traini_gazebo/share/colcon-core/packages/traini_gazebo)
[611.889s] Level 1:colcon.colcon_core.environment:create_environment_scripts_only(mission_orchestration)
[611.890s] Level 1:colcon.colcon_core.environment:checking '/home/ubuntu/rj_training_container/training_ws/install/mission_orchestration' for CMake module files
[611.969s] Level 1:colcon.colcon_core.environment:checking '/home/ubuntu/rj_training_container/training_ws/install/mission_orchestration' for CMake config files
[612.040s] Level 1:colcon.colcon_core.shell:create_environment_hook('mission_orchestration', 'cmake_prefix_path')
[612.040s] INFO:colcon.colcon_core.shell:Creating environment hook '/home/ubuntu/rj_training_container/training_ws/install/mission_orchestration/share/mission_orchestration/hook/cmake_prefix_path.ps1'
[612.053s] INFO:colcon.colcon_core.shell:Creating environment descriptor '/home/ubuntu/rj_training_container/training_ws/install/mission_orchestration/share/mission_orchestration/hook/cmake_prefix_path.dsv'
[612.066s] INFO:colcon.colcon_core.shell:Creating environment hook '/home/ubuntu/rj_training_container/training_ws/install/mission_orchestration/share/mission_orchestration/hook/cmake_prefix_path.sh'
[612.082s] Level 1:colcon.colcon_core.environment:checking '/home/ubuntu/rj_training_container/training_ws/install/mission_orchestration/lib'
[612.086s] Level 1:colcon.colcon_core.shell:create_environment_hook('mission_orchestration', 'ld_library_path_lib')
[612.087s] INFO:colcon.colcon_core.shell:Creating environment hook '/home/ubuntu/rj_training_container/training_ws/install/mission_orchestration/share/mission_orchestration/hook/ld_library_path_lib.ps1'
[612.100s] INFO:colcon.colcon_core.shell:Creating environment descriptor '/home/ubuntu/rj_training_container/training_ws/install/mission_orchestration/share/mission_orchestration/hook/ld_library_path_lib.dsv'
[612.114s] INFO:colcon.colcon_core.shell:Creating environment hook '/home/ubuntu/rj_training_container/training_ws/install/mission_orchestration/share/mission_orchestration/hook/ld_library_path_lib.sh'
[612.127s] Level 1:colcon.colcon_core.environment:checking '/home/ubuntu/rj_training_container/training_ws/install/mission_orchestration/bin'
[612.128s] Level 1:colcon.colcon_core.environment:checking '/home/ubuntu/rj_training_container/training_ws/install/mission_orchestration/lib/pkgconfig/mission_orchestration.pc'
[612.130s] Level 1:colcon.colcon_core.environment:checking '/home/ubuntu/rj_training_container/training_ws/install/mission_orchestration/lib/python3.10/site-packages'
[612.132s] Level 1:colcon.colcon_core.environment:checking '/home/ubuntu/rj_training_container/training_ws/install/mission_orchestration/bin'
[612.133s] INFO:colcon.colcon_core.shell:Creating package script '/home/ubuntu/rj_training_container/training_ws/install/mission_orchestration/share/mission_orchestration/package.ps1'
[612.143s] INFO:colcon.colcon_core.shell:Creating package descriptor '/home/ubuntu/rj_training_container/training_ws/install/mission_orchestration/share/mission_orchestration/package.dsv'
[612.154s] INFO:colcon.colcon_core.shell:Creating package script '/home/ubuntu/rj_training_container/training_ws/install/mission_orchestration/share/mission_orchestration/package.sh'
[612.165s] INFO:colcon.colcon_core.shell:Creating package script '/home/ubuntu/rj_training_container/training_ws/install/mission_orchestration/share/mission_orchestration/package.bash'
[612.176s] INFO:colcon.colcon_core.shell:Creating package script '/home/ubuntu/rj_training_container/training_ws/install/mission_orchestration/share/mission_orchestration/package.zsh'
[612.187s] Level 1:colcon.colcon_core.environment:create_file_with_runtime_dependencies(/home/ubuntu/rj_training_container/training_ws/install/mission_orchestration/share/colcon-core/packages/mission_orchestration)
[612.537s] Level 1:colcon.colcon_core.environment:create_environment_scripts_only(traini_gazebo)
[612.543s] Level 1:colcon.colcon_core.environment:checking '/home/ubuntu/rj_training_container/training_ws/install/traini_gazebo' for CMake module files
[612.642s] Level 1:colcon.colcon_core.environment:checking '/home/ubuntu/rj_training_container/training_ws/install/traini_gazebo' for CMake config files
[612.712s] Level 1:colcon.colcon_core.shell:create_environment_hook('traini_gazebo', 'cmake_prefix_path')
[612.712s] INFO:colcon.colcon_core.shell:Creating environment hook '/home/ubuntu/rj_training_container/training_ws/install/traini_gazebo/share/traini_gazebo/hook/cmake_prefix_path.ps1'
[612.727s] INFO:colcon.colcon_core.shell:Creating environment descriptor '/home/ubuntu/rj_training_container/training_ws/install/traini_gazebo/share/traini_gazebo/hook/cmake_prefix_path.dsv'
[612.741s] INFO:colcon.colcon_core.shell:Creating environment hook '/home/ubuntu/rj_training_container/training_ws/install/traini_gazebo/share/traini_gazebo/hook/cmake_prefix_path.sh'
[612.758s] Level 1:colcon.colcon_core.environment:checking '/home/ubuntu/rj_training_container/training_ws/install/traini_gazebo/lib'
[612.763s] Level 1:colcon.colcon_core.environment:checking '/home/ubuntu/rj_training_container/training_ws/install/traini_gazebo/bin'
[612.765s] Level 1:colcon.colcon_core.environment:checking '/home/ubuntu/rj_training_container/training_ws/install/traini_gazebo/lib/pkgconfig/traini_gazebo.pc'
[612.767s] Level 1:colcon.colcon_core.environment:checking '/home/ubuntu/rj_training_container/training_ws/install/traini_gazebo/lib/python3.10/site-packages'
[612.769s] Level 1:colcon.colcon_core.environment:checking '/home/ubuntu/rj_training_container/training_ws/install/traini_gazebo/bin'
[612.771s] INFO:colcon.colcon_core.shell:Creating package script '/home/ubuntu/rj_training_container/training_ws/install/traini_gazebo/share/traini_gazebo/package.ps1'
[612.783s] INFO:colcon.colcon_core.shell:Creating package descriptor '/home/ubuntu/rj_training_container/training_ws/install/traini_gazebo/share/traini_gazebo/package.dsv'
[612.796s] INFO:colcon.colcon_core.shell:Creating package script '/home/ubuntu/rj_training_container/training_ws/install/traini_gazebo/share/traini_gazebo/package.sh'
[612.808s] INFO:colcon.colcon_core.shell:Creating package script '/home/ubuntu/rj_training_container/training_ws/install/traini_gazebo/share/traini_gazebo/package.bash'
[612.821s] INFO:colcon.colcon_core.shell:Creating package script '/home/ubuntu/rj_training_container/training_ws/install/traini_gazebo/share/traini_gazebo/package.zsh'
[612.833s] Level 1:colcon.colcon_core.environment:create_file_with_runtime_dependencies(/home/ubuntu/rj_training_container/training_ws/install/traini_gazebo/share/colcon-core/packages/traini_gazebo)
[612.843s] INFO:colcon.colcon_ros.task.ament_cmake.build:Building ROS package in '/home/ubuntu/rj_training_container/training_ws/src/stsl/traini_bringup' with build type 'ament_cmake'
[612.843s] INFO:colcon.colcon_cmake.task.cmake.build:Building CMake package in '/home/ubuntu/rj_training_container/training_ws/src/stsl/traini_bringup'
[612.843s] INFO:colcon.colcon_core.shell:Skip shell extension 'powershell' for command environment: Not usable outside of PowerShell
[612.844s] DEBUG:colcon.colcon_core.shell:Skip shell extension 'dsv' for command environment
[615.442s] DEBUG:colcon.colcon_core.event_handler.log_command:Invoking command in '/home/ubuntu/rj_training_container/training_ws/build/traini_bringup': CMAKE_PREFIX_PATH=/home/ubuntu/rj_training_container/training_ws/install/traini_gazebo:/home/ubuntu/rj_training_container/training_ws/install/stsl_aruco_tags:/home/ubuntu/rj_training_container/training_ws/install/traini_description:/home/ubuntu/rj_training_container/training_ws/install/stsl_interfaces:/home/ubuntu/rj_training_container/training_ws/install/stsl_gazebo_plugins:/home/ubuntu/rj_training_container/training_ws/install/stsl_desktop:/home/ubuntu/rj_training_container/training_ws/install/traini_bringup:/home/ubuntu/rj_training_container/training_ws/install/teleop:/home/ubuntu/rj_training_container/training_ws/install/stsl_utils:/home/ubuntu/rj_training_container/training_ws/install/stsl_rviz_plugins:/home/ubuntu/rj_training_container/training_ws/install/stsl_nav_plugins:/home/ubuntu/rj_training_container/training_ws/install/mission_orchestration:/home/ubuntu/rj_training_container/training_ws/install/stsl_bt_nodes:/home/ubuntu/rj_training_container/training_ws/install/peak_finder:/home/ubuntu/rj_training_container/training_ws/install/mineral_deposit_tracking:/home/ubuntu/rj_training_container/training_ws/install/mineral_deposit_detection:/home/ubuntu/rj_training_container/training_ws/install/localization:/home/ubuntu/rj_training_container/training_ws/install/elevation_server:/home/ubuntu/rj_training_container/training_ws/install/coordinate_transform:/home/ubuntu/rj_training_container/training_ws/install/rj_training_bringup:/home/ubuntu/rj_training_container/training_ws/install/obstacle_detector:/home/ubuntu/rj_training_container/training_ws/install/mapping:/home/ubuntu/rj_training_container/training_ws/install/joystick_package:/home/ubuntu/rj_training_container/training_ws/install/joystick_msgs:/home/ubuntu/rj_training_container/training_ws/install/controllers:/home/ubuntu/rj_training_container/training_ws/install/astar_path_planner:/home/ubuntu/rj_training_container/training_ws/install/keyboard:/opt/ros/humble LD_LIBRARY_PATH=/home/ubuntu/rj_training_container/training_ws/install/stsl_aruco_tags/lib:/home/ubuntu/rj_training_container/training_ws/install/stsl_interfaces/lib:/home/ubuntu/rj_training_container/training_ws/install/stsl_gazebo_plugins/lib:/home/ubuntu/rj_training_container/training_ws/install/teleop/lib:/home/ubuntu/rj_training_container/training_ws/install/stsl_utils/lib:/home/ubuntu/rj_training_container/training_ws/install/stsl_rviz_plugins/lib:/home/ubuntu/rj_training_container/training_ws/install/stsl_nav_plugins/lib:/home/ubuntu/rj_training_container/training_ws/install/mission_orchestration/lib:/home/ubuntu/rj_training_container/training_ws/install/stsl_bt_nodes/lib:/home/ubuntu/rj_training_container/training_ws/install/peak_finder/lib:/home/ubuntu/rj_training_container/training_ws/install/mineral_deposit_tracking/lib:/home/ubuntu/rj_training_container/training_ws/install/mineral_deposit_detection/lib:/home/ubuntu/rj_training_container/training_ws/install/localization/lib:/home/ubuntu/rj_training_container/training_ws/install/elevation_server/lib:/home/ubuntu/rj_training_container/training_ws/install/coordinate_transform/lib:/home/ubuntu/rj_training_container/training_ws/install/obstacle_detector/lib:/home/ubuntu/rj_training_container/training_ws/install/mapping/lib:/home/ubuntu/rj_training_container/training_ws/install/joystick_package/lib:/home/ubuntu/rj_training_container/training_ws/install/joystick_msgs/lib:/home/ubuntu/rj_training_container/training_ws/install/controllers/lib:/home/ubuntu/rj_training_container/training_ws/install/astar_path_planner/lib:/usr/lib/x86_64-linux-gnu/gazebo-11/plugins:/opt/ros/humble/opt/rviz_ogre_vendor/lib:/opt/ros/humble/lib/x86_64-linux-gnu:/opt/ros/humble/lib /usr/bin/cmake --build /home/ubuntu/rj_training_container/training_ws/build/traini_bringup -- -j16 -l16
[625.360s] DEBUG:colcon.colcon_core.event_handler.log_command:Invoked command in '/home/ubuntu/rj_training_container/training_ws/build/traini_bringup' returned '0': CMAKE_PREFIX_PATH=/home/ubuntu/rj_training_container/training_ws/install/traini_gazebo:/home/ubuntu/rj_training_container/training_ws/install/stsl_aruco_tags:/home/ubuntu/rj_training_container/training_ws/install/traini_description:/home/ubuntu/rj_training_container/training_ws/install/stsl_interfaces:/home/ubuntu/rj_training_container/training_ws/install/stsl_gazebo_plugins:/home/ubuntu/rj_training_container/training_ws/install/stsl_desktop:/home/ubuntu/rj_training_container/training_ws/install/traini_bringup:/home/ubuntu/rj_training_container/training_ws/install/teleop:/home/ubuntu/rj_training_container/training_ws/install/stsl_utils:/home/ubuntu/rj_training_container/training_ws/install/stsl_rviz_plugins:/home/ubuntu/rj_training_container/training_ws/install/stsl_nav_plugins:/home/ubuntu/rj_training_container/training_ws/install/mission_orchestration:/home/ubuntu/rj_training_container/training_ws/install/stsl_bt_nodes:/home/ubuntu/rj_training_container/training_ws/install/peak_finder:/home/ubuntu/rj_training_container/training_ws/install/mineral_deposit_tracking:/home/ubuntu/rj_training_container/training_ws/install/mineral_deposit_detection:/home/ubuntu/rj_training_container/training_ws/install/localization:/home/ubuntu/rj_training_container/training_ws/install/elevation_server:/home/ubuntu/rj_training_container/training_ws/install/coordinate_transform:/home/ubuntu/rj_training_container/training_ws/install/rj_training_bringup:/home/ubuntu/rj_training_container/training_ws/install/obstacle_detector:/home/ubuntu/rj_training_container/training_ws/install/mapping:/home/ubuntu/rj_training_container/training_ws/install/joystick_package:/home/ubuntu/rj_training_container/training_ws/install/joystick_msgs:/home/ubuntu/rj_training_container/training_ws/install/controllers:/home/ubuntu/rj_training_container/training_ws/install/astar_path_planner:/home/ubuntu/rj_training_container/training_ws/install/keyboard:/opt/ros/humble LD_LIBRARY_PATH=/home/ubuntu/rj_training_container/training_ws/install/stsl_aruco_tags/lib:/home/ubuntu/rj_training_container/training_ws/install/stsl_interfaces/lib:/home/ubuntu/rj_training_container/training_ws/install/stsl_gazebo_plugins/lib:/home/ubuntu/rj_training_container/training_ws/install/teleop/lib:/home/ubuntu/rj_training_container/training_ws/install/stsl_utils/lib:/home/ubuntu/rj_training_container/training_ws/install/stsl_rviz_plugins/lib:/home/ubuntu/rj_training_container/training_ws/install/stsl_nav_plugins/lib:/home/ubuntu/rj_training_container/training_ws/install/mission_orchestration/lib:/home/ubuntu/rj_training_container/training_ws/install/stsl_bt_nodes/lib:/home/ubuntu/rj_training_container/training_ws/install/peak_finder/lib:/home/ubuntu/rj_training_container/training_ws/install/mineral_deposit_tracking/lib:/home/ubuntu/rj_training_container/training_ws/install/mineral_deposit_detection/lib:/home/ubuntu/rj_training_container/training_ws/install/localization/lib:/home/ubuntu/rj_training_container/training_ws/install/elevation_server/lib:/home/ubuntu/rj_training_container/training_ws/install/coordinate_transform/lib:/home/ubuntu/rj_training_container/training_ws/install/obstacle_detector/lib:/home/ubuntu/rj_training_container/training_ws/install/mapping/lib:/home/ubuntu/rj_training_container/training_ws/install/joystick_package/lib:/home/ubuntu/rj_training_container/training_ws/install/joystick_msgs/lib:/home/ubuntu/rj_training_container/training_ws/install/controllers/lib:/home/ubuntu/rj_training_container/training_ws/install/astar_path_planner/lib:/usr/lib/x86_64-linux-gnu/gazebo-11/plugins:/opt/ros/humble/opt/rviz_ogre_vendor/lib:/opt/ros/humble/lib/x86_64-linux-gnu:/opt/ros/humble/lib /usr/bin/cmake --build /home/ubuntu/rj_training_container/training_ws/build/traini_bringup -- -j16 -l16
[637.377s] DEBUG:colcon.colcon_core.event_handler.log_command:Invoking command in '/home/ubuntu/rj_training_container/training_ws/build/traini_bringup': CMAKE_PREFIX_PATH=/home/ubuntu/rj_training_container/training_ws/install/traini_gazebo:/home/ubuntu/rj_training_container/training_ws/install/stsl_aruco_tags:/home/ubuntu/rj_training_container/training_ws/install/traini_description:/home/ubuntu/rj_training_container/training_ws/install/stsl_interfaces:/home/ubuntu/rj_training_container/training_ws/install/stsl_gazebo_plugins:/home/ubuntu/rj_training_container/training_ws/install/stsl_desktop:/home/ubuntu/rj_training_container/training_ws/install/traini_bringup:/home/ubuntu/rj_training_container/training_ws/install/teleop:/home/ubuntu/rj_training_container/training_ws/install/stsl_utils:/home/ubuntu/rj_training_container/training_ws/install/stsl_rviz_plugins:/home/ubuntu/rj_training_container/training_ws/install/stsl_nav_plugins:/home/ubuntu/rj_training_container/training_ws/install/mission_orchestration:/home/ubuntu/rj_training_container/training_ws/install/stsl_bt_nodes:/home/ubuntu/rj_training_container/training_ws/install/peak_finder:/home/ubuntu/rj_training_container/training_ws/install/mineral_deposit_tracking:/home/ubuntu/rj_training_container/training_ws/install/mineral_deposit_detection:/home/ubuntu/rj_training_container/training_ws/install/localization:/home/ubuntu/rj_training_container/training_ws/install/elevation_server:/home/ubuntu/rj_training_container/training_ws/install/coordinate_transform:/home/ubuntu/rj_training_container/training_ws/install/rj_training_bringup:/home/ubuntu/rj_training_container/training_ws/install/obstacle_detector:/home/ubuntu/rj_training_container/training_ws/install/mapping:/home/ubuntu/rj_training_container/training_ws/install/joystick_package:/home/ubuntu/rj_training_container/training_ws/install/joystick_msgs:/home/ubuntu/rj_training_container/training_ws/install/controllers:/home/ubuntu/rj_training_container/training_ws/install/astar_path_planner:/home/ubuntu/rj_training_container/training_ws/install/keyboard:/opt/ros/humble LD_LIBRARY_PATH=/home/ubuntu/rj_training_container/training_ws/install/stsl_aruco_tags/lib:/home/ubuntu/rj_training_container/training_ws/install/stsl_interfaces/lib:/home/ubuntu/rj_training_container/training_ws/install/stsl_gazebo_plugins/lib:/home/ubuntu/rj_training_container/training_ws/install/teleop/lib:/home/ubuntu/rj_training_container/training_ws/install/stsl_utils/lib:/home/ubuntu/rj_training_container/training_ws/install/stsl_rviz_plugins/lib:/home/ubuntu/rj_training_container/training_ws/install/stsl_nav_plugins/lib:/home/ubuntu/rj_training_container/training_ws/install/mission_orchestration/lib:/home/ubuntu/rj_training_container/training_ws/install/stsl_bt_nodes/lib:/home/ubuntu/rj_training_container/training_ws/install/peak_finder/lib:/home/ubuntu/rj_training_container/training_ws/install/mineral_deposit_tracking/lib:/home/ubuntu/rj_training_container/training_ws/install/mineral_deposit_detection/lib:/home/ubuntu/rj_training_container/training_ws/install/localization/lib:/home/ubuntu/rj_training_container/training_ws/install/elevation_server/lib:/home/ubuntu/rj_training_container/training_ws/install/coordinate_transform/lib:/home/ubuntu/rj_training_container/training_ws/install/obstacle_detector/lib:/home/ubuntu/rj_training_container/training_ws/install/mapping/lib:/home/ubuntu/rj_training_container/training_ws/install/joystick_package/lib:/home/ubuntu/rj_training_container/training_ws/install/joystick_msgs/lib:/home/ubuntu/rj_training_container/training_ws/install/controllers/lib:/home/ubuntu/rj_training_container/training_ws/install/astar_path_planner/lib:/usr/lib/x86_64-linux-gnu/gazebo-11/plugins:/opt/ros/humble/opt/rviz_ogre_vendor/lib:/opt/ros/humble/lib/x86_64-linux-gnu:/opt/ros/humble/lib /usr/bin/cmake --install /home/ubuntu/rj_training_container/training_ws/build/traini_bringup
[639.926s] Level 1:colcon.colcon_core.environment:create_environment_scripts_only(traini_bringup)
[639.926s] Level 1:colcon.colcon_core.environment:checking '/home/ubuntu/rj_training_container/training_ws/install/traini_bringup' for CMake module files
[639.927s] DEBUG:colcon.colcon_core.event_handler.log_command:Invoked command in '/home/ubuntu/rj_training_container/training_ws/build/traini_bringup' returned '0': CMAKE_PREFIX_PATH=/home/ubuntu/rj_training_container/training_ws/install/traini_gazebo:/home/ubuntu/rj_training_container/training_ws/install/stsl_aruco_tags:/home/ubuntu/rj_training_container/training_ws/install/traini_description:/home/ubuntu/rj_training_container/training_ws/install/stsl_interfaces:/home/ubuntu/rj_training_container/training_ws/install/stsl_gazebo_plugins:/home/ubuntu/rj_training_container/training_ws/install/stsl_desktop:/home/ubuntu/rj_training_container/training_ws/install/traini_bringup:/home/ubuntu/rj_training_container/training_ws/install/teleop:/home/ubuntu/rj_training_container/training_ws/install/stsl_utils:/home/ubuntu/rj_training_container/training_ws/install/stsl_rviz_plugins:/home/ubuntu/rj_training_container/training_ws/install/stsl_nav_plugins:/home/ubuntu/rj_training_container/training_ws/install/mission_orchestration:/home/ubuntu/rj_training_container/training_ws/install/stsl_bt_nodes:/home/ubuntu/rj_training_container/training_ws/install/peak_finder:/home/ubuntu/rj_training_container/training_ws/install/mineral_deposit_tracking:/home/ubuntu/rj_training_container/training_ws/install/mineral_deposit_detection:/home/ubuntu/rj_training_container/training_ws/install/localization:/home/ubuntu/rj_training_container/training_ws/install/elevation_server:/home/ubuntu/rj_training_container/training_ws/install/coordinate_transform:/home/ubuntu/rj_training_container/training_ws/install/rj_training_bringup:/home/ubuntu/rj_training_container/training_ws/install/obstacle_detector:/home/ubuntu/rj_training_container/training_ws/install/mapping:/home/ubuntu/rj_training_container/training_ws/install/joystick_package:/home/ubuntu/rj_training_container/training_ws/install/joystick_msgs:/home/ubuntu/rj_training_container/training_ws/install/controllers:/home/ubuntu/rj_training_container/training_ws/install/astar_path_planner:/home/ubuntu/rj_training_container/training_ws/install/keyboard:/opt/ros/humble LD_LIBRARY_PATH=/home/ubuntu/rj_training_container/training_ws/install/stsl_aruco_tags/lib:/home/ubuntu/rj_training_container/training_ws/install/stsl_interfaces/lib:/home/ubuntu/rj_training_container/training_ws/install/stsl_gazebo_plugins/lib:/home/ubuntu/rj_training_container/training_ws/install/teleop/lib:/home/ubuntu/rj_training_container/training_ws/install/stsl_utils/lib:/home/ubuntu/rj_training_container/training_ws/install/stsl_rviz_plugins/lib:/home/ubuntu/rj_training_container/training_ws/install/stsl_nav_plugins/lib:/home/ubuntu/rj_training_container/training_ws/install/mission_orchestration/lib:/home/ubuntu/rj_training_container/training_ws/install/stsl_bt_nodes/lib:/home/ubuntu/rj_training_container/training_ws/install/peak_finder/lib:/home/ubuntu/rj_training_container/training_ws/install/mineral_deposit_tracking/lib:/home/ubuntu/rj_training_container/training_ws/install/mineral_deposit_detection/lib:/home/ubuntu/rj_training_container/training_ws/install/localization/lib:/home/ubuntu/rj_training_container/training_ws/install/elevation_server/lib:/home/ubuntu/rj_training_container/training_ws/install/coordinate_transform/lib:/home/ubuntu/rj_training_container/training_ws/install/obstacle_detector/lib:/home/ubuntu/rj_training_container/training_ws/install/mapping/lib:/home/ubuntu/rj_training_container/training_ws/install/joystick_package/lib:/home/ubuntu/rj_training_container/training_ws/install/joystick_msgs/lib:/home/ubuntu/rj_training_container/training_ws/install/controllers/lib:/home/ubuntu/rj_training_container/training_ws/install/astar_path_planner/lib:/usr/lib/x86_64-linux-gnu/gazebo-11/plugins:/opt/ros/humble/opt/rviz_ogre_vendor/lib:/opt/ros/humble/lib/x86_64-linux-gnu:/opt/ros/humble/lib /usr/bin/cmake --install /home/ubuntu/rj_training_container/training_ws/build/traini_bringup
[640.015s] Level 1:colcon.colcon_core.environment:checking '/home/ubuntu/rj_training_container/training_ws/install/traini_bringup' for CMake config files
[640.075s] Level 1:colcon.colcon_core.shell:create_environment_hook('traini_bringup', 'cmake_prefix_path')
[640.076s] INFO:colcon.colcon_core.shell:Creating environment hook '/home/ubuntu/rj_training_container/training_ws/install/traini_bringup/share/traini_bringup/hook/cmake_prefix_path.ps1'
[640.092s] INFO:colcon.colcon_core.shell:Creating environment descriptor '/home/ubuntu/rj_training_container/training_ws/install/traini_bringup/share/traini_bringup/hook/cmake_prefix_path.dsv'
[640.108s] INFO:colcon.colcon_core.shell:Creating environment hook '/home/ubuntu/rj_training_container/training_ws/install/traini_bringup/share/traini_bringup/hook/cmake_prefix_path.sh'
[640.126s] Level 1:colcon.colcon_core.environment:checking '/home/ubuntu/rj_training_container/training_ws/install/traini_bringup/bin'
[640.128s] Level 1:colcon.colcon_core.environment:checking '/home/ubuntu/rj_training_container/training_ws/install/traini_bringup/lib/pkgconfig/traini_bringup.pc'
[640.129s] Level 1:colcon.colcon_core.environment:checking '/home/ubuntu/rj_training_container/training_ws/install/traini_bringup/lib/python3.10/site-packages'
[640.131s] Level 1:colcon.colcon_core.environment:checking '/home/ubuntu/rj_training_container/training_ws/install/traini_bringup/bin'
[640.133s] INFO:colcon.colcon_core.shell:Creating package script '/home/ubuntu/rj_training_container/training_ws/install/traini_bringup/share/traini_bringup/package.ps1'
[640.145s] INFO:colcon.colcon_core.shell:Creating package descriptor '/home/ubuntu/rj_training_container/training_ws/install/traini_bringup/share/traini_bringup/package.dsv'
[640.158s] INFO:colcon.colcon_core.shell:Creating package script '/home/ubuntu/rj_training_container/training_ws/install/traini_bringup/share/traini_bringup/package.sh'
[640.171s] INFO:colcon.colcon_core.shell:Creating package script '/home/ubuntu/rj_training_container/training_ws/install/traini_bringup/share/traini_bringup/package.bash'
[640.183s] INFO:colcon.colcon_core.shell:Creating package script '/home/ubuntu/rj_training_container/training_ws/install/traini_bringup/share/traini_bringup/package.zsh'
[640.197s] Level 1:colcon.colcon_core.environment:create_file_with_runtime_dependencies(/home/ubuntu/rj_training_container/training_ws/install/traini_bringup/share/colcon-core/packages/traini_bringup)
[652.132s] Level 1:colcon.colcon_core.environment:create_environment_scripts_only(traini_bringup)
[652.133s] Level 1:colcon.colcon_core.environment:checking '/home/ubuntu/rj_training_container/training_ws/install/traini_bringup' for CMake module files
[652.226s] Level 1:colcon.colcon_core.environment:checking '/home/ubuntu/rj_training_container/training_ws/install/traini_bringup' for CMake config files
[652.288s] Level 1:colcon.colcon_core.shell:create_environment_hook('traini_bringup', 'cmake_prefix_path')
[652.288s] INFO:colcon.colcon_core.shell:Creating environment hook '/home/ubuntu/rj_training_container/training_ws/install/traini_bringup/share/traini_bringup/hook/cmake_prefix_path.ps1'
[652.302s] INFO:colcon.colcon_core.shell:Creating environment descriptor '/home/ubuntu/rj_training_container/training_ws/install/traini_bringup/share/traini_bringup/hook/cmake_prefix_path.dsv'
[652.316s] INFO:colcon.colcon_core.shell:Creating environment hook '/home/ubuntu/rj_training_container/training_ws/install/traini_bringup/share/traini_bringup/hook/cmake_prefix_path.sh'
[652.333s] Level 1:colcon.colcon_core.environment:checking '/home/ubuntu/rj_training_container/training_ws/install/traini_bringup/bin'
[652.335s] Level 1:colcon.colcon_core.environment:checking '/home/ubuntu/rj_training_container/training_ws/install/traini_bringup/lib/pkgconfig/traini_bringup.pc'
[652.337s] Level 1:colcon.colcon_core.environment:checking '/home/ubuntu/rj_training_container/training_ws/install/traini_bringup/lib/python3.10/site-packages'
[652.338s] Level 1:colcon.colcon_core.environment:checking '/home/ubuntu/rj_training_container/training_ws/install/traini_bringup/bin'
[652.340s] INFO:colcon.colcon_core.shell:Creating package script '/home/ubuntu/rj_training_container/training_ws/install/traini_bringup/share/traini_bringup/package.ps1'
[652.353s] INFO:colcon.colcon_core.shell:Creating package descriptor '/home/ubuntu/rj_training_container/training_ws/install/traini_bringup/share/traini_bringup/package.dsv'
[652.366s] INFO:colcon.colcon_core.shell:Creating package script '/home/ubuntu/rj_training_container/training_ws/install/traini_bringup/share/traini_bringup/package.sh'
[652.379s] INFO:colcon.colcon_core.shell:Creating package script '/home/ubuntu/rj_training_container/training_ws/install/traini_bringup/share/traini_bringup/package.bash'
[652.392s] INFO:colcon.colcon_core.shell:Creating package script '/home/ubuntu/rj_training_container/training_ws/install/traini_bringup/share/traini_bringup/package.zsh'
[652.405s] Level 1:colcon.colcon_core.environment:create_file_with_runtime_dependencies(/home/ubuntu/rj_training_container/training_ws/install/traini_bringup/share/colcon-core/packages/traini_bringup)
[652.415s] INFO:colcon.colcon_ros.task.ament_cmake.build:Building ROS package in '/home/ubuntu/rj_training_container/training_ws/src/stsl/stsl_desktop' with build type 'ament_cmake'
[652.415s] INFO:colcon.colcon_cmake.task.cmake.build:Building CMake package in '/home/ubuntu/rj_training_container/training_ws/src/stsl/stsl_desktop'
[652.416s] INFO:colcon.colcon_core.shell:Skip shell extension 'powershell' for command environment: Not usable outside of PowerShell
[652.416s] DEBUG:colcon.colcon_core.shell:Skip shell extension 'dsv' for command environment
[655.763s] DEBUG:colcon.colcon_core.event_handler.log_command:Invoking command in '/home/ubuntu/rj_training_container/training_ws/build/stsl_desktop': CMAKE_PREFIX_PATH=/home/ubuntu/rj_training_container/training_ws/install/traini_bringup:/home/ubuntu/rj_training_container/training_ws/install/traini_gazebo:/home/ubuntu/rj_training_container/training_ws/install/mission_orchestration:/home/ubuntu/rj_training_container/training_ws/install/stsl_rviz_plugins:/home/ubuntu/rj_training_container/training_ws/install/stsl_bt_nodes:/home/ubuntu/rj_training_container/training_ws/install/stsl_aruco_tags:/home/ubuntu/rj_training_container/training_ws/install/mineral_deposit_detection:/home/ubuntu/rj_training_container/training_ws/install/elevation_server:/home/ubuntu/rj_training_container/training_ws/install/traini_description:/home/ubuntu/rj_training_container/training_ws/install/stsl_utils:/home/ubuntu/rj_training_container/training_ws/install/stsl_nav_plugins:/home/ubuntu/rj_training_container/training_ws/install/stsl_interfaces:/home/ubuntu/rj_training_container/training_ws/install/stsl_gazebo_plugins:/home/ubuntu/rj_training_container/training_ws/install/stsl_desktop:/home/ubuntu/rj_training_container/training_ws/install/teleop:/home/ubuntu/rj_training_container/training_ws/install/peak_finder:/home/ubuntu/rj_training_container/training_ws/install/mineral_deposit_tracking:/home/ubuntu/rj_training_container/training_ws/install/localization:/home/ubuntu/rj_training_container/training_ws/install/coordinate_transform:/home/ubuntu/rj_training_container/training_ws/install/rj_training_bringup:/home/ubuntu/rj_training_container/training_ws/install/obstacle_detector:/home/ubuntu/rj_training_container/training_ws/install/mapping:/home/ubuntu/rj_training_container/training_ws/install/joystick_package:/home/ubuntu/rj_training_container/training_ws/install/joystick_msgs:/home/ubuntu/rj_training_container/training_ws/install/controllers:/home/ubuntu/rj_training_container/training_ws/install/astar_path_planner:/home/ubuntu/rj_training_container/training_ws/install/keyboard:/opt/ros/humble LD_LIBRARY_PATH=/home/ubuntu/rj_training_container/training_ws/install/mission_orchestration/lib:/home/ubuntu/rj_training_container/training_ws/install/stsl_rviz_plugins/lib:/home/ubuntu/rj_training_container/training_ws/install/stsl_bt_nodes/lib:/home/ubuntu/rj_training_container/training_ws/install/stsl_aruco_tags/lib:/home/ubuntu/rj_training_container/training_ws/install/mineral_deposit_detection/lib:/home/ubuntu/rj_training_container/training_ws/install/elevation_server/lib:/home/ubuntu/rj_training_container/training_ws/install/stsl_utils/lib:/home/ubuntu/rj_training_container/training_ws/install/stsl_nav_plugins/lib:/home/ubuntu/rj_training_container/training_ws/install/stsl_interfaces/lib:/home/ubuntu/rj_training_container/training_ws/install/stsl_gazebo_plugins/lib:/home/ubuntu/rj_training_container/training_ws/install/teleop/lib:/home/ubuntu/rj_training_container/training_ws/install/peak_finder/lib:/home/ubuntu/rj_training_container/training_ws/install/mineral_deposit_tracking/lib:/home/ubuntu/rj_training_container/training_ws/install/localization/lib:/home/ubuntu/rj_training_container/training_ws/install/coordinate_transform/lib:/home/ubuntu/rj_training_container/training_ws/install/obstacle_detector/lib:/home/ubuntu/rj_training_container/training_ws/install/mapping/lib:/home/ubuntu/rj_training_container/training_ws/install/joystick_package/lib:/home/ubuntu/rj_training_container/training_ws/install/joystick_msgs/lib:/home/ubuntu/rj_training_container/training_ws/install/controllers/lib:/home/ubuntu/rj_training_container/training_ws/install/astar_path_planner/lib:/usr/lib/x86_64-linux-gnu/gazebo-11/plugins:/opt/ros/humble/opt/rviz_ogre_vendor/lib:/opt/ros/humble/lib/x86_64-linux-gnu:/opt/ros/humble/lib /usr/bin/cmake --build /home/ubuntu/rj_training_container/training_ws/build/stsl_desktop -- -j16 -l16
[665.913s] DEBUG:colcon.colcon_core.event_handler.log_command:Invoked command in '/home/ubuntu/rj_training_container/training_ws/build/stsl_desktop' returned '0': CMAKE_PREFIX_PATH=/home/ubuntu/rj_training_container/training_ws/install/traini_bringup:/home/ubuntu/rj_training_container/training_ws/install/traini_gazebo:/home/ubuntu/rj_training_container/training_ws/install/mission_orchestration:/home/ubuntu/rj_training_container/training_ws/install/stsl_rviz_plugins:/home/ubuntu/rj_training_container/training_ws/install/stsl_bt_nodes:/home/ubuntu/rj_training_container/training_ws/install/stsl_aruco_tags:/home/ubuntu/rj_training_container/training_ws/install/mineral_deposit_detection:/home/ubuntu/rj_training_container/training_ws/install/elevation_server:/home/ubuntu/rj_training_container/training_ws/install/traini_description:/home/ubuntu/rj_training_container/training_ws/install/stsl_utils:/home/ubuntu/rj_training_container/training_ws/install/stsl_nav_plugins:/home/ubuntu/rj_training_container/training_ws/install/stsl_interfaces:/home/ubuntu/rj_training_container/training_ws/install/stsl_gazebo_plugins:/home/ubuntu/rj_training_container/training_ws/install/stsl_desktop:/home/ubuntu/rj_training_container/training_ws/install/teleop:/home/ubuntu/rj_training_container/training_ws/install/peak_finder:/home/ubuntu/rj_training_container/training_ws/install/mineral_deposit_tracking:/home/ubuntu/rj_training_container/training_ws/install/localization:/home/ubuntu/rj_training_container/training_ws/install/coordinate_transform:/home/ubuntu/rj_training_container/training_ws/install/rj_training_bringup:/home/ubuntu/rj_training_container/training_ws/install/obstacle_detector:/home/ubuntu/rj_training_container/training_ws/install/mapping:/home/ubuntu/rj_training_container/training_ws/install/joystick_package:/home/ubuntu/rj_training_container/training_ws/install/joystick_msgs:/home/ubuntu/rj_training_container/training_ws/install/controllers:/home/ubuntu/rj_training_container/training_ws/install/astar_path_planner:/home/ubuntu/rj_training_container/training_ws/install/keyboard:/opt/ros/humble LD_LIBRARY_PATH=/home/ubuntu/rj_training_container/training_ws/install/mission_orchestration/lib:/home/ubuntu/rj_training_container/training_ws/install/stsl_rviz_plugins/lib:/home/ubuntu/rj_training_container/training_ws/install/stsl_bt_nodes/lib:/home/ubuntu/rj_training_container/training_ws/install/stsl_aruco_tags/lib:/home/ubuntu/rj_training_container/training_ws/install/mineral_deposit_detection/lib:/home/ubuntu/rj_training_container/training_ws/install/elevation_server/lib:/home/ubuntu/rj_training_container/training_ws/install/stsl_utils/lib:/home/ubuntu/rj_training_container/training_ws/install/stsl_nav_plugins/lib:/home/ubuntu/rj_training_container/training_ws/install/stsl_interfaces/lib:/home/ubuntu/rj_training_container/training_ws/install/stsl_gazebo_plugins/lib:/home/ubuntu/rj_training_container/training_ws/install/teleop/lib:/home/ubuntu/rj_training_container/training_ws/install/peak_finder/lib:/home/ubuntu/rj_training_container/training_ws/install/mineral_deposit_tracking/lib:/home/ubuntu/rj_training_container/training_ws/install/localization/lib:/home/ubuntu/rj_training_container/training_ws/install/coordinate_transform/lib:/home/ubuntu/rj_training_container/training_ws/install/obstacle_detector/lib:/home/ubuntu/rj_training_container/training_ws/install/mapping/lib:/home/ubuntu/rj_training_container/training_ws/install/joystick_package/lib:/home/ubuntu/rj_training_container/training_ws/install/joystick_msgs/lib:/home/ubuntu/rj_training_container/training_ws/install/controllers/lib:/home/ubuntu/rj_training_container/training_ws/install/astar_path_planner/lib:/usr/lib/x86_64-linux-gnu/gazebo-11/plugins:/opt/ros/humble/opt/rviz_ogre_vendor/lib:/opt/ros/humble/lib/x86_64-linux-gnu:/opt/ros/humble/lib /usr/bin/cmake --build /home/ubuntu/rj_training_container/training_ws/build/stsl_desktop -- -j16 -l16
[677.821s] DEBUG:colcon.colcon_core.event_handler.log_command:Invoking command in '/home/ubuntu/rj_training_container/training_ws/build/stsl_desktop': CMAKE_PREFIX_PATH=/home/ubuntu/rj_training_container/training_ws/install/traini_bringup:/home/ubuntu/rj_training_container/training_ws/install/traini_gazebo:/home/ubuntu/rj_training_container/training_ws/install/mission_orchestration:/home/ubuntu/rj_training_container/training_ws/install/stsl_rviz_plugins:/home/ubuntu/rj_training_container/training_ws/install/stsl_bt_nodes:/home/ubuntu/rj_training_container/training_ws/install/stsl_aruco_tags:/home/ubuntu/rj_training_container/training_ws/install/mineral_deposit_detection:/home/ubuntu/rj_training_container/training_ws/install/elevation_server:/home/ubuntu/rj_training_container/training_ws/install/traini_description:/home/ubuntu/rj_training_container/training_ws/install/stsl_utils:/home/ubuntu/rj_training_container/training_ws/install/stsl_nav_plugins:/home/ubuntu/rj_training_container/training_ws/install/stsl_interfaces:/home/ubuntu/rj_training_container/training_ws/install/stsl_gazebo_plugins:/home/ubuntu/rj_training_container/training_ws/install/stsl_desktop:/home/ubuntu/rj_training_container/training_ws/install/teleop:/home/ubuntu/rj_training_container/training_ws/install/peak_finder:/home/ubuntu/rj_training_container/training_ws/install/mineral_deposit_tracking:/home/ubuntu/rj_training_container/training_ws/install/localization:/home/ubuntu/rj_training_container/training_ws/install/coordinate_transform:/home/ubuntu/rj_training_container/training_ws/install/rj_training_bringup:/home/ubuntu/rj_training_container/training_ws/install/obstacle_detector:/home/ubuntu/rj_training_container/training_ws/install/mapping:/home/ubuntu/rj_training_container/training_ws/install/joystick_package:/home/ubuntu/rj_training_container/training_ws/install/joystick_msgs:/home/ubuntu/rj_training_container/training_ws/install/controllers:/home/ubuntu/rj_training_container/training_ws/install/astar_path_planner:/home/ubuntu/rj_training_container/training_ws/install/keyboard:/opt/ros/humble LD_LIBRARY_PATH=/home/ubuntu/rj_training_container/training_ws/install/mission_orchestration/lib:/home/ubuntu/rj_training_container/training_ws/install/stsl_rviz_plugins/lib:/home/ubuntu/rj_training_container/training_ws/install/stsl_bt_nodes/lib:/home/ubuntu/rj_training_container/training_ws/install/stsl_aruco_tags/lib:/home/ubuntu/rj_training_container/training_ws/install/mineral_deposit_detection/lib:/home/ubuntu/rj_training_container/training_ws/install/elevation_server/lib:/home/ubuntu/rj_training_container/training_ws/install/stsl_utils/lib:/home/ubuntu/rj_training_container/training_ws/install/stsl_nav_plugins/lib:/home/ubuntu/rj_training_container/training_ws/install/stsl_interfaces/lib:/home/ubuntu/rj_training_container/training_ws/install/stsl_gazebo_plugins/lib:/home/ubuntu/rj_training_container/training_ws/install/teleop/lib:/home/ubuntu/rj_training_container/training_ws/install/peak_finder/lib:/home/ubuntu/rj_training_container/training_ws/install/mineral_deposit_tracking/lib:/home/ubuntu/rj_training_container/training_ws/install/localization/lib:/home/ubuntu/rj_training_container/training_ws/install/coordinate_transform/lib:/home/ubuntu/rj_training_container/training_ws/install/obstacle_detector/lib:/home/ubuntu/rj_training_container/training_ws/install/mapping/lib:/home/ubuntu/rj_training_container/training_ws/install/joystick_package/lib:/home/ubuntu/rj_training_container/training_ws/install/joystick_msgs/lib:/home/ubuntu/rj_training_container/training_ws/install/controllers/lib:/home/ubuntu/rj_training_container/training_ws/install/astar_path_planner/lib:/usr/lib/x86_64-linux-gnu/gazebo-11/plugins:/opt/ros/humble/opt/rviz_ogre_vendor/lib:/opt/ros/humble/lib/x86_64-linux-gnu:/opt/ros/humble/lib /usr/bin/cmake --install /home/ubuntu/rj_training_container/training_ws/build/stsl_desktop
[680.313s] Level 1:colcon.colcon_core.environment:create_environment_scripts_only(stsl_desktop)
[680.313s] Level 1:colcon.colcon_core.environment:checking '/home/ubuntu/rj_training_container/training_ws/install/stsl_desktop' for CMake module files
[680.315s] DEBUG:colcon.colcon_core.event_handler.log_command:Invoked command in '/home/ubuntu/rj_training_container/training_ws/build/stsl_desktop' returned '0': CMAKE_PREFIX_PATH=/home/ubuntu/rj_training_container/training_ws/install/traini_bringup:/home/ubuntu/rj_training_container/training_ws/install/traini_gazebo:/home/ubuntu/rj_training_container/training_ws/install/mission_orchestration:/home/ubuntu/rj_training_container/training_ws/install/stsl_rviz_plugins:/home/ubuntu/rj_training_container/training_ws/install/stsl_bt_nodes:/home/ubuntu/rj_training_container/training_ws/install/stsl_aruco_tags:/home/ubuntu/rj_training_container/training_ws/install/mineral_deposit_detection:/home/ubuntu/rj_training_container/training_ws/install/elevation_server:/home/ubuntu/rj_training_container/training_ws/install/traini_description:/home/ubuntu/rj_training_container/training_ws/install/stsl_utils:/home/ubuntu/rj_training_container/training_ws/install/stsl_nav_plugins:/home/ubuntu/rj_training_container/training_ws/install/stsl_interfaces:/home/ubuntu/rj_training_container/training_ws/install/stsl_gazebo_plugins:/home/ubuntu/rj_training_container/training_ws/install/stsl_desktop:/home/ubuntu/rj_training_container/training_ws/install/teleop:/home/ubuntu/rj_training_container/training_ws/install/peak_finder:/home/ubuntu/rj_training_container/training_ws/install/mineral_deposit_tracking:/home/ubuntu/rj_training_container/training_ws/install/localization:/home/ubuntu/rj_training_container/training_ws/install/coordinate_transform:/home/ubuntu/rj_training_container/training_ws/install/rj_training_bringup:/home/ubuntu/rj_training_container/training_ws/install/obstacle_detector:/home/ubuntu/rj_training_container/training_ws/install/mapping:/home/ubuntu/rj_training_container/training_ws/install/joystick_package:/home/ubuntu/rj_training_container/training_ws/install/joystick_msgs:/home/ubuntu/rj_training_container/training_ws/install/controllers:/home/ubuntu/rj_training_container/training_ws/install/astar_path_planner:/home/ubuntu/rj_training_container/training_ws/install/keyboard:/opt/ros/humble LD_LIBRARY_PATH=/home/ubuntu/rj_training_container/training_ws/install/mission_orchestration/lib:/home/ubuntu/rj_training_container/training_ws/install/stsl_rviz_plugins/lib:/home/ubuntu/rj_training_container/training_ws/install/stsl_bt_nodes/lib:/home/ubuntu/rj_training_container/training_ws/install/stsl_aruco_tags/lib:/home/ubuntu/rj_training_container/training_ws/install/mineral_deposit_detection/lib:/home/ubuntu/rj_training_container/training_ws/install/elevation_server/lib:/home/ubuntu/rj_training_container/training_ws/install/stsl_utils/lib:/home/ubuntu/rj_training_container/training_ws/install/stsl_nav_plugins/lib:/home/ubuntu/rj_training_container/training_ws/install/stsl_interfaces/lib:/home/ubuntu/rj_training_container/training_ws/install/stsl_gazebo_plugins/lib:/home/ubuntu/rj_training_container/training_ws/install/teleop/lib:/home/ubuntu/rj_training_container/training_ws/install/peak_finder/lib:/home/ubuntu/rj_training_container/training_ws/install/mineral_deposit_tracking/lib:/home/ubuntu/rj_training_container/training_ws/install/localization/lib:/home/ubuntu/rj_training_container/training_ws/install/coordinate_transform/lib:/home/ubuntu/rj_training_container/training_ws/install/obstacle_detector/lib:/home/ubuntu/rj_training_container/training_ws/install/mapping/lib:/home/ubuntu/rj_training_container/training_ws/install/joystick_package/lib:/home/ubuntu/rj_training_container/training_ws/install/joystick_msgs/lib:/home/ubuntu/rj_training_container/training_ws/install/controllers/lib:/home/ubuntu/rj_training_container/training_ws/install/astar_path_planner/lib:/usr/lib/x86_64-linux-gnu/gazebo-11/plugins:/opt/ros/humble/opt/rviz_ogre_vendor/lib:/opt/ros/humble/lib/x86_64-linux-gnu:/opt/ros/humble/lib /usr/bin/cmake --install /home/ubuntu/rj_training_container/training_ws/build/stsl_desktop
[680.388s] Level 1:colcon.colcon_core.environment:checking '/home/ubuntu/rj_training_container/training_ws/install/stsl_desktop' for CMake config files
[680.450s] Level 1:colcon.colcon_core.shell:create_environment_hook('stsl_desktop', 'cmake_prefix_path')
[680.450s] INFO:colcon.colcon_core.shell:Creating environment hook '/home/ubuntu/rj_training_container/training_ws/install/stsl_desktop/share/stsl_desktop/hook/cmake_prefix_path.ps1'
[680.464s] INFO:colcon.colcon_core.shell:Creating environment descriptor '/home/ubuntu/rj_training_container/training_ws/install/stsl_desktop/share/stsl_desktop/hook/cmake_prefix_path.dsv'
[680.478s] INFO:colcon.colcon_core.shell:Creating environment hook '/home/ubuntu/rj_training_container/training_ws/install/stsl_desktop/share/stsl_desktop/hook/cmake_prefix_path.sh'
[680.496s] Level 1:colcon.colcon_core.environment:checking '/home/ubuntu/rj_training_container/training_ws/install/stsl_desktop/bin'
[680.499s] Level 1:colcon.colcon_core.environment:checking '/home/ubuntu/rj_training_container/training_ws/install/stsl_desktop/lib/pkgconfig/stsl_desktop.pc'
[680.500s] Level 1:colcon.colcon_core.environment:checking '/home/ubuntu/rj_training_container/training_ws/install/stsl_desktop/lib/python3.10/site-packages'
[680.502s] Level 1:colcon.colcon_core.environment:checking '/home/ubuntu/rj_training_container/training_ws/install/stsl_desktop/bin'
[680.503s] INFO:colcon.colcon_core.shell:Creating package script '/home/ubuntu/rj_training_container/training_ws/install/stsl_desktop/share/stsl_desktop/package.ps1'
[680.514s] INFO:colcon.colcon_core.shell:Creating package descriptor '/home/ubuntu/rj_training_container/training_ws/install/stsl_desktop/share/stsl_desktop/package.dsv'
[680.527s] INFO:colcon.colcon_core.shell:Creating package script '/home/ubuntu/rj_training_container/training_ws/install/stsl_desktop/share/stsl_desktop/package.sh'
[680.541s] INFO:colcon.colcon_core.shell:Creating package script '/home/ubuntu/rj_training_container/training_ws/install/stsl_desktop/share/stsl_desktop/package.bash'
[680.553s] INFO:colcon.colcon_core.shell:Creating package script '/home/ubuntu/rj_training_container/training_ws/install/stsl_desktop/share/stsl_desktop/package.zsh'
[680.567s] Level 1:colcon.colcon_core.environment:create_file_with_runtime_dependencies(/home/ubuntu/rj_training_container/training_ws/install/stsl_desktop/share/colcon-core/packages/stsl_desktop)
[692.471s] Level 1:colcon.colcon_core.environment:create_environment_scripts_only(stsl_desktop)
[692.472s] Level 1:colcon.colcon_core.environment:checking '/home/ubuntu/rj_training_container/training_ws/install/stsl_desktop' for CMake module files
[692.566s] Level 1:colcon.colcon_core.environment:checking '/home/ubuntu/rj_training_container/training_ws/install/stsl_desktop' for CMake config files
[692.640s] Level 1:colcon.colcon_core.shell:create_environment_hook('stsl_desktop', 'cmake_prefix_path')
[692.641s] INFO:colcon.colcon_core.shell:Creating environment hook '/home/ubuntu/rj_training_container/training_ws/install/stsl_desktop/share/stsl_desktop/hook/cmake_prefix_path.ps1'
[692.660s] INFO:colcon.colcon_core.shell:Creating environment descriptor '/home/ubuntu/rj_training_container/training_ws/install/stsl_desktop/share/stsl_desktop/hook/cmake_prefix_path.dsv'
[692.676s] INFO:colcon.colcon_core.shell:Creating environment hook '/home/ubuntu/rj_training_container/training_ws/install/stsl_desktop/share/stsl_desktop/hook/cmake_prefix_path.sh'
[692.698s] Level 1:colcon.colcon_core.environment:checking '/home/ubuntu/rj_training_container/training_ws/install/stsl_desktop/bin'
[692.699s] Level 1:colcon.colcon_core.environment:checking '/home/ubuntu/rj_training_container/training_ws/install/stsl_desktop/lib/pkgconfig/stsl_desktop.pc'
[692.701s] Level 1:colcon.colcon_core.environment:checking '/home/ubuntu/rj_training_container/training_ws/install/stsl_desktop/lib/python3.10/site-packages'
[692.703s] Level 1:colcon.colcon_core.environment:checking '/home/ubuntu/rj_training_container/training_ws/install/stsl_desktop/bin'
[692.706s] INFO:colcon.colcon_core.shell:Creating package script '/home/ubuntu/rj_training_container/training_ws/install/stsl_desktop/share/stsl_desktop/package.ps1'
[692.719s] INFO:colcon.colcon_core.shell:Creating package descriptor '/home/ubuntu/rj_training_container/training_ws/install/stsl_desktop/share/stsl_desktop/package.dsv'
[692.732s] INFO:colcon.colcon_core.shell:Creating package script '/home/ubuntu/rj_training_container/training_ws/install/stsl_desktop/share/stsl_desktop/package.sh'
[692.746s] INFO:colcon.colcon_core.shell:Creating package script '/home/ubuntu/rj_training_container/training_ws/install/stsl_desktop/share/stsl_desktop/package.bash'
[692.759s] INFO:colcon.colcon_core.shell:Creating package script '/home/ubuntu/rj_training_container/training_ws/install/stsl_desktop/share/stsl_desktop/package.zsh'
[692.772s] Level 1:colcon.colcon_core.environment:create_file_with_runtime_dependencies(/home/ubuntu/rj_training_container/training_ws/install/stsl_desktop/share/colcon-core/packages/stsl_desktop)
[692.784s] DEBUG:colcon.colcon_parallel_executor.executor.parallel:closing loop
[692.785s] DEBUG:colcon.colcon_parallel_executor.executor.parallel:loop closed
[692.785s] DEBUG:colcon.colcon_parallel_executor.executor.parallel:run_until_complete finished with '0'
[692.785s] DEBUG:colcon.colcon_core.event_reactor:joining thread
[693.207s] INFO:colcon.colcon_core.plugin_system:Skipping extension 'colcon_notification.desktop_notification.terminal_notifier': Not used on non-Darwin systems
[693.208s] INFO:colcon.colcon_core.plugin_system:Skipping extension 'colcon_notification.desktop_notification.win32': Not used on non-Windows systems
[693.208s] INFO:colcon.colcon_notification.desktop_notification:Sending desktop notification using 'notify2'
[693.533s] DEBUG:colcon.colcon_core.event_reactor:joined thread
[693.534s] INFO:colcon.colcon_core.shell:Creating prefix script '/home/ubuntu/rj_training_container/training_ws/install/local_setup.ps1'
[693.545s] INFO:colcon.colcon_core.shell:Creating prefix util module '/home/ubuntu/rj_training_container/training_ws/install/_local_setup_util_ps1.py'
[693.555s] INFO:colcon.colcon_core.shell:Creating prefix chain script '/home/ubuntu/rj_training_container/training_ws/install/setup.ps1'
[693.926s] INFO:colcon.colcon_core.shell:Creating prefix script '/home/ubuntu/rj_training_container/training_ws/install/local_setup.sh'
[693.937s] INFO:colcon.colcon_core.shell:Creating prefix util module '/home/ubuntu/rj_training_container/training_ws/install/_local_setup_util_sh.py'
[693.946s] INFO:colcon.colcon_core.shell:Creating prefix chain script '/home/ubuntu/rj_training_container/training_ws/install/setup.sh'
[694.228s] INFO:colcon.colcon_core.shell:Creating prefix script '/home/ubuntu/rj_training_container/training_ws/install/local_setup.bash'
[694.236s] INFO:colcon.colcon_core.shell:Creating prefix chain script '/home/ubuntu/rj_training_container/training_ws/install/setup.bash'
[694.495s] INFO:colcon.colcon_core.shell:Creating prefix script '/home/ubuntu/rj_training_container/training_ws/install/local_setup.zsh'
[694.502s] INFO:colcon.colcon_core.shell:Creating prefix chain script '/home/ubuntu/rj_training_container/training_ws/install/setup.zsh'
