[1.224s] DEBUG:colcon:Command line arguments: ['/usr/bin/colcon', 'build']
[1.225s] DEBUG:colcon:Parsed command line arguments: Namespace(log_base=None, log_level=None, verb_name='build', build_base='build', install_base='install', merge_install=False, symlink_install=False, test_result_base=None, continue_on_error=False, executor='parallel', parallel_workers=16, event_handlers=None, ignore_user_meta=False, metas=['./colcon.meta'], base_paths=['.'], packages_ignore=None, packages_ignore_regex=None, paths=None, packages_up_to=None, packages_up_to_regex=None, packages_above=None, packages_above_and_dependencies=None, packages_above_depth=None, packages_select_by_dep=None, packages_skip_by_dep=None, packages_skip_up_to=None, packages_select_build_failed=False, packages_skip_build_finished=False, packages_select_test_failures=False, packages_skip_test_passed=False, packages_select=None, packages_skip=None, packages_select_regex=None, packages_skip_regex=None, packages_start=None, packages_end=None, allow_overriding=[], cmake_args=None, cmake_target=None, cmake_target_skip_unavailable=False, cmake_clean_cache=False, cmake_clean_first=False, cmake_force_configure=False, ament_cmake_args=None, catkin_cmake_args=None, catkin_skip_building_tests=False, verb_parser=<colcon_defaults.argument_parser.defaults.DefaultArgumentsDecorator object at 0x7f53e449f910>, verb_extension=<colcon_core.verb.build.BuildVerb object at 0x7f53e45a45b0>, main=<bound method BuildVerb.main of <colcon_core.verb.build.BuildVerb object at 0x7f53e45a45b0>>)
[2.097s] Level 1:colcon.colcon_core.package_discovery:discover_packages(colcon_meta) check parameters
[2.097s] Level 1:colcon.colcon_core.package_discovery:discover_packages(recursive) check parameters
[2.098s] Level 1:colcon.colcon_core.package_discovery:discover_packages(ignore) check parameters
[2.098s] Level 1:colcon.colcon_core.package_discovery:discover_packages(path) check parameters
[2.098s] Level 1:colcon.colcon_core.package_discovery:discover_packages(colcon_meta) discover
[2.099s] Level 1:colcon.colcon_core.package_discovery:discover_packages(recursive) discover
[2.099s] INFO:colcon.colcon_core.package_discovery:Crawling recursively for packages in '/home/ubuntu/rj_training_container/training_ws'
[2.101s] Level 1:colcon.colcon_core.package_identification:_identify(.) by extensions ['ignore', 'ignore_ament_install']
[2.102s] Level 1:colcon.colcon_core.package_identification:_identify(.) by extension 'ignore'
[2.103s] Level 1:colcon.colcon_core.package_identification:_identify(.) by extension 'ignore_ament_install'
[2.104s] Level 1:colcon.colcon_core.package_identification:_identify(.) by extensions ['colcon_pkg']
[2.104s] Level 1:colcon.colcon_core.package_identification:_identify(.) by extension 'colcon_pkg'
[2.104s] Level 1:colcon.colcon_core.package_identification:_identify(.) by extensions ['colcon_meta']
[2.105s] Level 1:colcon.colcon_core.package_identification:_identify(.) by extension 'colcon_meta'
[2.105s] Level 1:colcon.colcon_core.package_identification:_identify(.) by extensions ['ros']
[2.105s] Level 1:colcon.colcon_core.package_identification:_identify(.) by extension 'ros'
[2.136s] Level 1:colcon.colcon_core.package_identification:_identify(.) by extensions ['cmake', 'python']
[2.137s] Level 1:colcon.colcon_core.package_identification:_identify(.) by extension 'cmake'
[2.138s] Level 1:colcon.colcon_core.package_identification:_identify(.) by extension 'python'
[2.138s] Level 1:colcon.colcon_core.package_identification:_identify(.) by extensions ['python_setup_py']
[2.139s] Level 1:colcon.colcon_core.package_identification:_identify(.) by extension 'python_setup_py'
[2.143s] Level 1:colcon.colcon_core.package_identification:_identify(build) by extensions ['ignore', 'ignore_ament_install']
[2.143s] Level 1:colcon.colcon_core.package_identification:_identify(build) by extension 'ignore'
[2.145s] Level 1:colcon.colcon_core.package_identification:_identify(build) ignored
[2.148s] Level 1:colcon.colcon_core.package_identification:_identify(install) by extensions ['ignore', 'ignore_ament_install']
[2.149s] Level 1:colcon.colcon_core.package_identification:_identify(install) by extension 'ignore'
[2.150s] Level 1:colcon.colcon_core.package_identification:_identify(install) ignored
[2.156s] Level 1:colcon.colcon_core.package_identification:_identify(log) by extensions ['ignore', 'ignore_ament_install']
[2.156s] Level 1:colcon.colcon_core.package_identification:_identify(log) by extension 'ignore'
[2.157s] Level 1:colcon.colcon_core.package_identification:_identify(log) ignored
[2.160s] Level 1:colcon.colcon_core.package_identification:_identify(src) by extensions ['ignore', 'ignore_ament_install']
[2.160s] Level 1:colcon.colcon_core.package_identification:_identify(src) by extension 'ignore'
[2.161s] Level 1:colcon.colcon_core.package_identification:_identify(src) by extension 'ignore_ament_install'
[2.163s] Level 1:colcon.colcon_core.package_identification:_identify(src) by extensions ['colcon_pkg']
[2.163s] Level 1:colcon.colcon_core.package_identification:_identify(src) by extension 'colcon_pkg'
[2.164s] Level 1:colcon.colcon_core.package_identification:_identify(src) by extensions ['colcon_meta']
[2.164s] Level 1:colcon.colcon_core.package_identification:_identify(src) by extension 'colcon_meta'
[2.165s] Level 1:colcon.colcon_core.package_identification:_identify(src) by extensions ['ros']
[2.165s] Level 1:colcon.colcon_core.package_identification:_identify(src) by extension 'ros'
[2.169s] Level 1:colcon.colcon_core.package_identification:_identify(src) by extensions ['cmake', 'python']
[2.170s] Level 1:colcon.colcon_core.package_identification:_identify(src) by extension 'cmake'
[2.171s] Level 1:colcon.colcon_core.package_identification:_identify(src) by extension 'python'
[2.172s] Level 1:colcon.colcon_core.package_identification:_identify(src) by extensions ['python_setup_py']
[2.172s] Level 1:colcon.colcon_core.package_identification:_identify(src) by extension 'python_setup_py'
[2.177s] Level 1:colcon.colcon_core.package_identification:_identify(src/software-training-old) by extensions ['ignore', 'ignore_ament_install']
[2.178s] Level 1:colcon.colcon_core.package_identification:_identify(src/software-training-old) by extension 'ignore'
[2.179s] Level 1:colcon.colcon_core.package_identification:_identify(src/software-training-old) by extension 'ignore_ament_install'
[2.182s] Level 1:colcon.colcon_core.package_identification:_identify(src/software-training-old) by extensions ['colcon_pkg']
[2.182s] Level 1:colcon.colcon_core.package_identification:_identify(src/software-training-old) by extension 'colcon_pkg'
[2.183s] Level 1:colcon.colcon_core.package_identification:_identify(src/software-training-old) by extensions ['colcon_meta']
[2.184s] Level 1:colcon.colcon_core.package_identification:_identify(src/software-training-old) by extension 'colcon_meta'
[2.186s] Level 1:colcon.colcon_core.package_identification:_identify(src/software-training-old) by extensions ['ros']
[2.186s] Level 1:colcon.colcon_core.package_identification:_identify(src/software-training-old) by extension 'ros'
[2.192s] Level 1:colcon.colcon_core.package_identification:_identify(src/software-training-old) by extensions ['cmake', 'python']
[2.193s] Level 1:colcon.colcon_core.package_identification:_identify(src/software-training-old) by extension 'cmake'
[2.194s] Level 1:colcon.colcon_core.package_identification:_identify(src/software-training-old) by extension 'python'
[2.195s] Level 1:colcon.colcon_core.package_identification:_identify(src/software-training-old) by extensions ['python_setup_py']
[2.196s] Level 1:colcon.colcon_core.package_identification:_identify(src/software-training-old) by extension 'python_setup_py'
[2.204s] Level 1:colcon.colcon_core.package_identification:_identify(src/software-training-old/astar_path_planner) by extensions ['ignore', 'ignore_ament_install']
[2.204s] Level 1:colcon.colcon_core.package_identification:_identify(src/software-training-old/astar_path_planner) by extension 'ignore'
[2.206s] Level 1:colcon.colcon_core.package_identification:_identify(src/software-training-old/astar_path_planner) by extension 'ignore_ament_install'
[2.210s] Level 1:colcon.colcon_core.package_identification:_identify(src/software-training-old/astar_path_planner) by extensions ['colcon_pkg']
[2.210s] Level 1:colcon.colcon_core.package_identification:_identify(src/software-training-old/astar_path_planner) by extension 'colcon_pkg'
[2.212s] Level 1:colcon.colcon_core.package_identification:_identify(src/software-training-old/astar_path_planner) by extensions ['colcon_meta']
[2.212s] Level 1:colcon.colcon_core.package_identification:_identify(src/software-training-old/astar_path_planner) by extension 'colcon_meta'
[2.216s] Level 1:colcon.colcon_core.package_identification:_identify(src/software-training-old/astar_path_planner) by extensions ['ros']
[2.216s] Level 1:colcon.colcon_core.package_identification:_identify(src/software-training-old/astar_path_planner) by extension 'ros'
[2.257s] DEBUG:colcon.colcon_core.package_identification:Package 'src/software-training-old/astar_path_planner' with type 'ros.ament_cmake' and name 'astar_path_planner'
[2.265s] Level 1:colcon.colcon_core.package_identification:_identify(src/software-training-old/controllers) by extensions ['ignore', 'ignore_ament_install']
[2.266s] Level 1:colcon.colcon_core.package_identification:_identify(src/software-training-old/controllers) by extension 'ignore'
[2.268s] Level 1:colcon.colcon_core.package_identification:_identify(src/software-training-old/controllers) by extension 'ignore_ament_install'
[2.272s] Level 1:colcon.colcon_core.package_identification:_identify(src/software-training-old/controllers) by extensions ['colcon_pkg']
[2.272s] Level 1:colcon.colcon_core.package_identification:_identify(src/software-training-old/controllers) by extension 'colcon_pkg'
[2.274s] Level 1:colcon.colcon_core.package_identification:_identify(src/software-training-old/controllers) by extensions ['colcon_meta']
[2.274s] Level 1:colcon.colcon_core.package_identification:_identify(src/software-training-old/controllers) by extension 'colcon_meta'
[2.278s] Level 1:colcon.colcon_core.package_identification:_identify(src/software-training-old/controllers) by extensions ['ros']
[2.278s] Level 1:colcon.colcon_core.package_identification:_identify(src/software-training-old/controllers) by extension 'ros'
[2.307s] DEBUG:colcon.colcon_core.package_identification:Package 'src/software-training-old/controllers' with type 'ros.ament_cmake' and name 'controllers'
[2.315s] Level 1:colcon.colcon_core.package_identification:_identify(src/software-training-old/coordinate_transform) by extensions ['ignore', 'ignore_ament_install']
[2.316s] Level 1:colcon.colcon_core.package_identification:_identify(src/software-training-old/coordinate_transform) by extension 'ignore'
[2.318s] Level 1:colcon.colcon_core.package_identification:_identify(src/software-training-old/coordinate_transform) by extension 'ignore_ament_install'
[2.321s] Level 1:colcon.colcon_core.package_identification:_identify(src/software-training-old/coordinate_transform) by extensions ['colcon_pkg']
[2.322s] Level 1:colcon.colcon_core.package_identification:_identify(src/software-training-old/coordinate_transform) by extension 'colcon_pkg'
[2.324s] Level 1:colcon.colcon_core.package_identification:_identify(src/software-training-old/coordinate_transform) by extensions ['colcon_meta']
[2.324s] Level 1:colcon.colcon_core.package_identification:_identify(src/software-training-old/coordinate_transform) by extension 'colcon_meta'
[2.328s] Level 1:colcon.colcon_core.package_identification:_identify(src/software-training-old/coordinate_transform) by extensions ['ros']
[2.328s] Level 1:colcon.colcon_core.package_identification:_identify(src/software-training-old/coordinate_transform) by extension 'ros'
[2.355s] DEBUG:colcon.colcon_core.package_identification:Package 'src/software-training-old/coordinate_transform' with type 'ros.ament_cmake' and name 'coordinate_transform'
[2.362s] Level 1:colcon.colcon_core.package_identification:_identify(src/software-training-old/localization) by extensions ['ignore', 'ignore_ament_install']
[2.363s] Level 1:colcon.colcon_core.package_identification:_identify(src/software-training-old/localization) by extension 'ignore'
[2.365s] Level 1:colcon.colcon_core.package_identification:_identify(src/software-training-old/localization) by extension 'ignore_ament_install'
[2.369s] Level 1:colcon.colcon_core.package_identification:_identify(src/software-training-old/localization) by extensions ['colcon_pkg']
[2.369s] Level 1:colcon.colcon_core.package_identification:_identify(src/software-training-old/localization) by extension 'colcon_pkg'
[2.371s] Level 1:colcon.colcon_core.package_identification:_identify(src/software-training-old/localization) by extensions ['colcon_meta']
[2.371s] Level 1:colcon.colcon_core.package_identification:_identify(src/software-training-old/localization) by extension 'colcon_meta'
[2.375s] Level 1:colcon.colcon_core.package_identification:_identify(src/software-training-old/localization) by extensions ['ros']
[2.375s] Level 1:colcon.colcon_core.package_identification:_identify(src/software-training-old/localization) by extension 'ros'
[2.412s] DEBUG:colcon.colcon_core.package_identification:Package 'src/software-training-old/localization' with type 'ros.ament_cmake' and name 'localization'
[2.420s] Level 1:colcon.colcon_core.package_identification:_identify(src/software-training-old/mapping) by extensions ['ignore', 'ignore_ament_install']
[2.420s] Level 1:colcon.colcon_core.package_identification:_identify(src/software-training-old/mapping) by extension 'ignore'
[2.422s] Level 1:colcon.colcon_core.package_identification:_identify(src/software-training-old/mapping) by extension 'ignore_ament_install'
[2.426s] Level 1:colcon.colcon_core.package_identification:_identify(src/software-training-old/mapping) by extensions ['colcon_pkg']
[2.426s] Level 1:colcon.colcon_core.package_identification:_identify(src/software-training-old/mapping) by extension 'colcon_pkg'
[2.428s] Level 1:colcon.colcon_core.package_identification:_identify(src/software-training-old/mapping) by extensions ['colcon_meta']
[2.428s] Level 1:colcon.colcon_core.package_identification:_identify(src/software-training-old/mapping) by extension 'colcon_meta'
[2.433s] Level 1:colcon.colcon_core.package_identification:_identify(src/software-training-old/mapping) by extensions ['ros']
[2.434s] Level 1:colcon.colcon_core.package_identification:_identify(src/software-training-old/mapping) by extension 'ros'
[2.463s] DEBUG:colcon.colcon_core.package_identification:Package 'src/software-training-old/mapping' with type 'ros.ament_cmake' and name 'mapping'
[2.471s] Level 1:colcon.colcon_core.package_identification:_identify(src/software-training-old/mineral_deposit_tracking) by extensions ['ignore', 'ignore_ament_install']
[2.471s] Level 1:colcon.colcon_core.package_identification:_identify(src/software-training-old/mineral_deposit_tracking) by extension 'ignore'
[2.473s] Level 1:colcon.colcon_core.package_identification:_identify(src/software-training-old/mineral_deposit_tracking) by extension 'ignore_ament_install'
[2.478s] Level 1:colcon.colcon_core.package_identification:_identify(src/software-training-old/mineral_deposit_tracking) by extensions ['colcon_pkg']
[2.478s] Level 1:colcon.colcon_core.package_identification:_identify(src/software-training-old/mineral_deposit_tracking) by extension 'colcon_pkg'
[2.480s] Level 1:colcon.colcon_core.package_identification:_identify(src/software-training-old/mineral_deposit_tracking) by extensions ['colcon_meta']
[2.480s] Level 1:colcon.colcon_core.package_identification:_identify(src/software-training-old/mineral_deposit_tracking) by extension 'colcon_meta'
[2.484s] Level 1:colcon.colcon_core.package_identification:_identify(src/software-training-old/mineral_deposit_tracking) by extensions ['ros']
[2.485s] Level 1:colcon.colcon_core.package_identification:_identify(src/software-training-old/mineral_deposit_tracking) by extension 'ros'
[2.515s] DEBUG:colcon.colcon_core.package_identification:Package 'src/software-training-old/mineral_deposit_tracking' with type 'ros.ament_cmake' and name 'mineral_deposit_tracking'
[2.524s] Level 1:colcon.colcon_core.package_identification:_identify(src/software-training-old/obstacle_detector) by extensions ['ignore', 'ignore_ament_install']
[2.524s] Level 1:colcon.colcon_core.package_identification:_identify(src/software-training-old/obstacle_detector) by extension 'ignore'
[2.526s] Level 1:colcon.colcon_core.package_identification:_identify(src/software-training-old/obstacle_detector) by extension 'ignore_ament_install'
[2.530s] Level 1:colcon.colcon_core.package_identification:_identify(src/software-training-old/obstacle_detector) by extensions ['colcon_pkg']
[2.531s] Level 1:colcon.colcon_core.package_identification:_identify(src/software-training-old/obstacle_detector) by extension 'colcon_pkg'
[2.533s] Level 1:colcon.colcon_core.package_identification:_identify(src/software-training-old/obstacle_detector) by extensions ['colcon_meta']
[2.533s] Level 1:colcon.colcon_core.package_identification:_identify(src/software-training-old/obstacle_detector) by extension 'colcon_meta'
[2.537s] Level 1:colcon.colcon_core.package_identification:_identify(src/software-training-old/obstacle_detector) by extensions ['ros']
[2.538s] Level 1:colcon.colcon_core.package_identification:_identify(src/software-training-old/obstacle_detector) by extension 'ros'
[2.568s] DEBUG:colcon.colcon_core.package_identification:Package 'src/software-training-old/obstacle_detector' with type 'ros.ament_cmake' and name 'obstacle_detector'
[2.576s] Level 1:colcon.colcon_core.package_identification:_identify(src/software-training-old/peak_finder) by extensions ['ignore', 'ignore_ament_install']
[2.577s] Level 1:colcon.colcon_core.package_identification:_identify(src/software-training-old/peak_finder) by extension 'ignore'
[2.579s] Level 1:colcon.colcon_core.package_identification:_identify(src/software-training-old/peak_finder) by extension 'ignore_ament_install'
[2.583s] Level 1:colcon.colcon_core.package_identification:_identify(src/software-training-old/peak_finder) by extensions ['colcon_pkg']
[2.584s] Level 1:colcon.colcon_core.package_identification:_identify(src/software-training-old/peak_finder) by extension 'colcon_pkg'
[2.586s] Level 1:colcon.colcon_core.package_identification:_identify(src/software-training-old/peak_finder) by extensions ['colcon_meta']
[2.586s] Level 1:colcon.colcon_core.package_identification:_identify(src/software-training-old/peak_finder) by extension 'colcon_meta'
[2.591s] Level 1:colcon.colcon_core.package_identification:_identify(src/software-training-old/peak_finder) by extensions ['ros']
[2.591s] Level 1:colcon.colcon_core.package_identification:_identify(src/software-training-old/peak_finder) by extension 'ros'
[2.621s] DEBUG:colcon.colcon_core.package_identification:Package 'src/software-training-old/peak_finder' with type 'ros.ament_cmake' and name 'peak_finder'
[2.629s] Level 1:colcon.colcon_core.package_identification:_identify(src/software-training-old/projects) by extensions ['ignore', 'ignore_ament_install']
[2.630s] Level 1:colcon.colcon_core.package_identification:_identify(src/software-training-old/projects) by extension 'ignore'
[2.632s] Level 1:colcon.colcon_core.package_identification:_identify(src/software-training-old/projects) by extension 'ignore_ament_install'
[2.636s] Level 1:colcon.colcon_core.package_identification:_identify(src/software-training-old/projects) by extensions ['colcon_pkg']
[2.636s] Level 1:colcon.colcon_core.package_identification:_identify(src/software-training-old/projects) by extension 'colcon_pkg'
[2.638s] Level 1:colcon.colcon_core.package_identification:_identify(src/software-training-old/projects) by extensions ['colcon_meta']
[2.638s] Level 1:colcon.colcon_core.package_identification:_identify(src/software-training-old/projects) by extension 'colcon_meta'
[2.642s] Level 1:colcon.colcon_core.package_identification:_identify(src/software-training-old/projects) by extensions ['ros']
[2.642s] Level 1:colcon.colcon_core.package_identification:_identify(src/software-training-old/projects) by extension 'ros'
[2.651s] Level 1:colcon.colcon_core.package_identification:_identify(src/software-training-old/projects) by extensions ['cmake', 'python']
[2.651s] Level 1:colcon.colcon_core.package_identification:_identify(src/software-training-old/projects) by extension 'cmake'
[2.653s] Level 1:colcon.colcon_core.package_identification:_identify(src/software-training-old/projects) by extension 'python'
[2.655s] Level 1:colcon.colcon_core.package_identification:_identify(src/software-training-old/projects) by extensions ['python_setup_py']
[2.655s] Level 1:colcon.colcon_core.package_identification:_identify(src/software-training-old/projects) by extension 'python_setup_py'
[2.667s] Level 1:colcon.colcon_core.package_identification:_identify(src/software-training-old/projects/week_1) by extensions ['ignore', 'ignore_ament_install']
[2.667s] Level 1:colcon.colcon_core.package_identification:_identify(src/software-training-old/projects/week_1) by extension 'ignore'
[2.670s] Level 1:colcon.colcon_core.package_identification:_identify(src/software-training-old/projects/week_1) by extension 'ignore_ament_install'
[2.674s] Level 1:colcon.colcon_core.package_identification:_identify(src/software-training-old/projects/week_1) by extensions ['colcon_pkg']
[2.675s] Level 1:colcon.colcon_core.package_identification:_identify(src/software-training-old/projects/week_1) by extension 'colcon_pkg'
[2.677s] Level 1:colcon.colcon_core.package_identification:_identify(src/software-training-old/projects/week_1) by extensions ['colcon_meta']
[2.677s] Level 1:colcon.colcon_core.package_identification:_identify(src/software-training-old/projects/week_1) by extension 'colcon_meta'
[2.684s] Level 1:colcon.colcon_core.package_identification:_identify(src/software-training-old/projects/week_1) by extensions ['ros']
[2.684s] Level 1:colcon.colcon_core.package_identification:_identify(src/software-training-old/projects/week_1) by extension 'ros'
[2.697s] Level 1:colcon.colcon_core.package_identification:_identify(src/software-training-old/projects/week_1) by extensions ['cmake', 'python']
[2.697s] Level 1:colcon.colcon_core.package_identification:_identify(src/software-training-old/projects/week_1) by extension 'cmake'
[2.700s] Level 1:colcon.colcon_core.package_identification:_identify(src/software-training-old/projects/week_1) by extension 'python'
[2.702s] Level 1:colcon.colcon_core.package_identification:_identify(src/software-training-old/projects/week_1) by extensions ['python_setup_py']
[2.702s] Level 1:colcon.colcon_core.package_identification:_identify(src/software-training-old/projects/week_1) by extension 'python_setup_py'
[2.714s] Level 1:colcon.colcon_core.package_identification:_identify(src/software-training-old/projects/week_2) by extensions ['ignore', 'ignore_ament_install']
[2.715s] Level 1:colcon.colcon_core.package_identification:_identify(src/software-training-old/projects/week_2) by extension 'ignore'
[2.717s] Level 1:colcon.colcon_core.package_identification:_identify(src/software-training-old/projects/week_2) by extension 'ignore_ament_install'
[2.722s] Level 1:colcon.colcon_core.package_identification:_identify(src/software-training-old/projects/week_2) by extensions ['colcon_pkg']
[2.722s] Level 1:colcon.colcon_core.package_identification:_identify(src/software-training-old/projects/week_2) by extension 'colcon_pkg'
[2.725s] Level 1:colcon.colcon_core.package_identification:_identify(src/software-training-old/projects/week_2) by extensions ['colcon_meta']
[2.725s] Level 1:colcon.colcon_core.package_identification:_identify(src/software-training-old/projects/week_2) by extension 'colcon_meta'
[2.731s] Level 1:colcon.colcon_core.package_identification:_identify(src/software-training-old/projects/week_2) by extensions ['ros']
[2.731s] Level 1:colcon.colcon_core.package_identification:_identify(src/software-training-old/projects/week_2) by extension 'ros'
[2.740s] Level 1:colcon.colcon_core.package_identification:_identify(src/software-training-old/projects/week_2) by extensions ['cmake', 'python']
[2.741s] Level 1:colcon.colcon_core.package_identification:_identify(src/software-training-old/projects/week_2) by extension 'cmake'
[2.743s] Level 1:colcon.colcon_core.package_identification:_identify(src/software-training-old/projects/week_2) by extension 'python'
[2.745s] Level 1:colcon.colcon_core.package_identification:_identify(src/software-training-old/projects/week_2) by extensions ['python_setup_py']
[2.745s] Level 1:colcon.colcon_core.package_identification:_identify(src/software-training-old/projects/week_2) by extension 'python_setup_py'
[2.757s] Level 1:colcon.colcon_core.package_identification:_identify(src/software-training-old/projects/week_3) by extensions ['ignore', 'ignore_ament_install']
[2.757s] Level 1:colcon.colcon_core.package_identification:_identify(src/software-training-old/projects/week_3) by extension 'ignore'
[2.759s] Level 1:colcon.colcon_core.package_identification:_identify(src/software-training-old/projects/week_3) by extension 'ignore_ament_install'
[2.763s] Level 1:colcon.colcon_core.package_identification:_identify(src/software-training-old/projects/week_3) by extensions ['colcon_pkg']
[2.763s] Level 1:colcon.colcon_core.package_identification:_identify(src/software-training-old/projects/week_3) by extension 'colcon_pkg'
[2.766s] Level 1:colcon.colcon_core.package_identification:_identify(src/software-training-old/projects/week_3) by extensions ['colcon_meta']
[2.766s] Level 1:colcon.colcon_core.package_identification:_identify(src/software-training-old/projects/week_3) by extension 'colcon_meta'
[2.771s] Level 1:colcon.colcon_core.package_identification:_identify(src/software-training-old/projects/week_3) by extensions ['ros']
[2.772s] Level 1:colcon.colcon_core.package_identification:_identify(src/software-training-old/projects/week_3) by extension 'ros'
[2.781s] Level 1:colcon.colcon_core.package_identification:_identify(src/software-training-old/projects/week_3) by extensions ['cmake', 'python']
[2.782s] Level 1:colcon.colcon_core.package_identification:_identify(src/software-training-old/projects/week_3) by extension 'cmake'
[2.784s] Level 1:colcon.colcon_core.package_identification:_identify(src/software-training-old/projects/week_3) by extension 'python'
[2.787s] Level 1:colcon.colcon_core.package_identification:_identify(src/software-training-old/projects/week_3) by extensions ['python_setup_py']
[2.787s] Level 1:colcon.colcon_core.package_identification:_identify(src/software-training-old/projects/week_3) by extension 'python_setup_py'
[2.798s] Level 1:colcon.colcon_core.package_identification:_identify(src/software-training-old/projects/week_4) by extensions ['ignore', 'ignore_ament_install']
[2.799s] Level 1:colcon.colcon_core.package_identification:_identify(src/software-training-old/projects/week_4) by extension 'ignore'
[2.801s] Level 1:colcon.colcon_core.package_identification:_identify(src/software-training-old/projects/week_4) by extension 'ignore_ament_install'
[2.805s] Level 1:colcon.colcon_core.package_identification:_identify(src/software-training-old/projects/week_4) by extensions ['colcon_pkg']
[2.806s] Level 1:colcon.colcon_core.package_identification:_identify(src/software-training-old/projects/week_4) by extension 'colcon_pkg'
[2.808s] Level 1:colcon.colcon_core.package_identification:_identify(src/software-training-old/projects/week_4) by extensions ['colcon_meta']
[2.808s] Level 1:colcon.colcon_core.package_identification:_identify(src/software-training-old/projects/week_4) by extension 'colcon_meta'
[2.813s] Level 1:colcon.colcon_core.package_identification:_identify(src/software-training-old/projects/week_4) by extensions ['ros']
[2.814s] Level 1:colcon.colcon_core.package_identification:_identify(src/software-training-old/projects/week_4) by extension 'ros'
[2.824s] Level 1:colcon.colcon_core.package_identification:_identify(src/software-training-old/projects/week_4) by extensions ['cmake', 'python']
[2.825s] Level 1:colcon.colcon_core.package_identification:_identify(src/software-training-old/projects/week_4) by extension 'cmake'
[2.827s] Level 1:colcon.colcon_core.package_identification:_identify(src/software-training-old/projects/week_4) by extension 'python'
[2.829s] Level 1:colcon.colcon_core.package_identification:_identify(src/software-training-old/projects/week_4) by extensions ['python_setup_py']
[2.830s] Level 1:colcon.colcon_core.package_identification:_identify(src/software-training-old/projects/week_4) by extension 'python_setup_py'
[2.840s] Level 1:colcon.colcon_core.package_identification:_identify(src/software-training-old/projects/week_5) by extensions ['ignore', 'ignore_ament_install']
[2.841s] Level 1:colcon.colcon_core.package_identification:_identify(src/software-training-old/projects/week_5) by extension 'ignore'
[2.843s] Level 1:colcon.colcon_core.package_identification:_identify(src/software-training-old/projects/week_5) by extension 'ignore_ament_install'
[2.847s] Level 1:colcon.colcon_core.package_identification:_identify(src/software-training-old/projects/week_5) by extensions ['colcon_pkg']
[2.848s] Level 1:colcon.colcon_core.package_identification:_identify(src/software-training-old/projects/week_5) by extension 'colcon_pkg'
[2.850s] Level 1:colcon.colcon_core.package_identification:_identify(src/software-training-old/projects/week_5) by extensions ['colcon_meta']
[2.850s] Level 1:colcon.colcon_core.package_identification:_identify(src/software-training-old/projects/week_5) by extension 'colcon_meta'
[2.856s] Level 1:colcon.colcon_core.package_identification:_identify(src/software-training-old/projects/week_5) by extensions ['ros']
[2.857s] Level 1:colcon.colcon_core.package_identification:_identify(src/software-training-old/projects/week_5) by extension 'ros'
[2.868s] Level 1:colcon.colcon_core.package_identification:_identify(src/software-training-old/projects/week_5) by extensions ['cmake', 'python']
[2.868s] Level 1:colcon.colcon_core.package_identification:_identify(src/software-training-old/projects/week_5) by extension 'cmake'
[2.871s] Level 1:colcon.colcon_core.package_identification:_identify(src/software-training-old/projects/week_5) by extension 'python'
[2.873s] Level 1:colcon.colcon_core.package_identification:_identify(src/software-training-old/projects/week_5) by extensions ['python_setup_py']
[2.873s] Level 1:colcon.colcon_core.package_identification:_identify(src/software-training-old/projects/week_5) by extension 'python_setup_py'
[2.885s] Level 1:colcon.colcon_core.package_identification:_identify(src/software-training-old/projects/week_6) by extensions ['ignore', 'ignore_ament_install']
[2.885s] Level 1:colcon.colcon_core.package_identification:_identify(src/software-training-old/projects/week_6) by extension 'ignore'
[2.887s] Level 1:colcon.colcon_core.package_identification:_identify(src/software-training-old/projects/week_6) by extension 'ignore_ament_install'
[2.892s] Level 1:colcon.colcon_core.package_identification:_identify(src/software-training-old/projects/week_6) by extensions ['colcon_pkg']
[2.892s] Level 1:colcon.colcon_core.package_identification:_identify(src/software-training-old/projects/week_6) by extension 'colcon_pkg'
[2.895s] Level 1:colcon.colcon_core.package_identification:_identify(src/software-training-old/projects/week_6) by extensions ['colcon_meta']
[2.895s] Level 1:colcon.colcon_core.package_identification:_identify(src/software-training-old/projects/week_6) by extension 'colcon_meta'
[2.901s] Level 1:colcon.colcon_core.package_identification:_identify(src/software-training-old/projects/week_6) by extensions ['ros']
[2.901s] Level 1:colcon.colcon_core.package_identification:_identify(src/software-training-old/projects/week_6) by extension 'ros'
[2.912s] Level 1:colcon.colcon_core.package_identification:_identify(src/software-training-old/projects/week_6) by extensions ['cmake', 'python']
[2.912s] Level 1:colcon.colcon_core.package_identification:_identify(src/software-training-old/projects/week_6) by extension 'cmake'
[2.915s] Level 1:colcon.colcon_core.package_identification:_identify(src/software-training-old/projects/week_6) by extension 'python'
[2.917s] Level 1:colcon.colcon_core.package_identification:_identify(src/software-training-old/projects/week_6) by extensions ['python_setup_py']
[2.918s] Level 1:colcon.colcon_core.package_identification:_identify(src/software-training-old/projects/week_6) by extension 'python_setup_py'
[2.930s] Level 1:colcon.colcon_core.package_identification:_identify(src/software-training-old/projects/week_7) by extensions ['ignore', 'ignore_ament_install']
[2.930s] Level 1:colcon.colcon_core.package_identification:_identify(src/software-training-old/projects/week_7) by extension 'ignore'
[2.932s] Level 1:colcon.colcon_core.package_identification:_identify(src/software-training-old/projects/week_7) by extension 'ignore_ament_install'
[2.937s] Level 1:colcon.colcon_core.package_identification:_identify(src/software-training-old/projects/week_7) by extensions ['colcon_pkg']
[2.937s] Level 1:colcon.colcon_core.package_identification:_identify(src/software-training-old/projects/week_7) by extension 'colcon_pkg'
[2.939s] Level 1:colcon.colcon_core.package_identification:_identify(src/software-training-old/projects/week_7) by extensions ['colcon_meta']
[2.940s] Level 1:colcon.colcon_core.package_identification:_identify(src/software-training-old/projects/week_7) by extension 'colcon_meta'
[2.946s] Level 1:colcon.colcon_core.package_identification:_identify(src/software-training-old/projects/week_7) by extensions ['ros']
[2.946s] Level 1:colcon.colcon_core.package_identification:_identify(src/software-training-old/projects/week_7) by extension 'ros'
[2.957s] Level 1:colcon.colcon_core.package_identification:_identify(src/software-training-old/projects/week_7) by extensions ['cmake', 'python']
[2.957s] Level 1:colcon.colcon_core.package_identification:_identify(src/software-training-old/projects/week_7) by extension 'cmake'
[2.960s] Level 1:colcon.colcon_core.package_identification:_identify(src/software-training-old/projects/week_7) by extension 'python'
[2.962s] Level 1:colcon.colcon_core.package_identification:_identify(src/software-training-old/projects/week_7) by extensions ['python_setup_py']
[2.963s] Level 1:colcon.colcon_core.package_identification:_identify(src/software-training-old/projects/week_7) by extension 'python_setup_py'
[2.981s] Level 1:colcon.colcon_core.package_identification:_identify(src/software-training-old/projects/week_8) by extensions ['ignore', 'ignore_ament_install']
[2.982s] Level 1:colcon.colcon_core.package_identification:_identify(src/software-training-old/projects/week_8) by extension 'ignore'
[2.984s] Level 1:colcon.colcon_core.package_identification:_identify(src/software-training-old/projects/week_8) by extension 'ignore_ament_install'
[2.988s] Level 1:colcon.colcon_core.package_identification:_identify(src/software-training-old/projects/week_8) by extensions ['colcon_pkg']
[2.989s] Level 1:colcon.colcon_core.package_identification:_identify(src/software-training-old/projects/week_8) by extension 'colcon_pkg'
[2.991s] Level 1:colcon.colcon_core.package_identification:_identify(src/software-training-old/projects/week_8) by extensions ['colcon_meta']
[2.991s] Level 1:colcon.colcon_core.package_identification:_identify(src/software-training-old/projects/week_8) by extension 'colcon_meta'
[2.997s] Level 1:colcon.colcon_core.package_identification:_identify(src/software-training-old/projects/week_8) by extensions ['ros']
[2.997s] Level 1:colcon.colcon_core.package_identification:_identify(src/software-training-old/projects/week_8) by extension 'ros'
[3.008s] Level 1:colcon.colcon_core.package_identification:_identify(src/software-training-old/projects/week_8) by extensions ['cmake', 'python']
[3.008s] Level 1:colcon.colcon_core.package_identification:_identify(src/software-training-old/projects/week_8) by extension 'cmake'
[3.011s] Level 1:colcon.colcon_core.package_identification:_identify(src/software-training-old/projects/week_8) by extension 'python'
[3.013s] Level 1:colcon.colcon_core.package_identification:_identify(src/software-training-old/projects/week_8) by extensions ['python_setup_py']
[3.013s] Level 1:colcon.colcon_core.package_identification:_identify(src/software-training-old/projects/week_8) by extension 'python_setup_py'
[3.022s] Level 1:colcon.colcon_core.package_identification:_identify(src/software-training-old/reference_solutions) by extensions ['ignore', 'ignore_ament_install']
[3.022s] Level 1:colcon.colcon_core.package_identification:_identify(src/software-training-old/reference_solutions) by extension 'ignore'
[3.025s] Level 1:colcon.colcon_core.package_identification:_identify(src/software-training-old/reference_solutions) ignored
[3.033s] Level 1:colcon.colcon_core.package_identification:_identify(src/software-training-old/rj_training_bringup) by extensions ['ignore', 'ignore_ament_install']
[3.033s] Level 1:colcon.colcon_core.package_identification:_identify(src/software-training-old/rj_training_bringup) by extension 'ignore'
[3.035s] Level 1:colcon.colcon_core.package_identification:_identify(src/software-training-old/rj_training_bringup) by extension 'ignore_ament_install'
[3.039s] Level 1:colcon.colcon_core.package_identification:_identify(src/software-training-old/rj_training_bringup) by extensions ['colcon_pkg']
[3.039s] Level 1:colcon.colcon_core.package_identification:_identify(src/software-training-old/rj_training_bringup) by extension 'colcon_pkg'
[3.041s] Level 1:colcon.colcon_core.package_identification:_identify(src/software-training-old/rj_training_bringup) by extensions ['colcon_meta']
[3.042s] Level 1:colcon.colcon_core.package_identification:_identify(src/software-training-old/rj_training_bringup) by extension 'colcon_meta'
[3.046s] Level 1:colcon.colcon_core.package_identification:_identify(src/software-training-old/rj_training_bringup) by extensions ['ros']
[3.046s] Level 1:colcon.colcon_core.package_identification:_identify(src/software-training-old/rj_training_bringup) by extension 'ros'
[3.077s] DEBUG:colcon.colcon_core.package_identification:Package 'src/software-training-old/rj_training_bringup' with type 'ros.ament_cmake' and name 'rj_training_bringup'
[3.085s] Level 1:colcon.colcon_core.package_identification:_identify(src/software-training-old/setup_instructons) by extensions ['ignore', 'ignore_ament_install']
[3.085s] Level 1:colcon.colcon_core.package_identification:_identify(src/software-training-old/setup_instructons) by extension 'ignore'
[3.087s] Level 1:colcon.colcon_core.package_identification:_identify(src/software-training-old/setup_instructons) by extension 'ignore_ament_install'
[3.091s] Level 1:colcon.colcon_core.package_identification:_identify(src/software-training-old/setup_instructons) by extensions ['colcon_pkg']
[3.092s] Level 1:colcon.colcon_core.package_identification:_identify(src/software-training-old/setup_instructons) by extension 'colcon_pkg'
[3.094s] Level 1:colcon.colcon_core.package_identification:_identify(src/software-training-old/setup_instructons) by extensions ['colcon_meta']
[3.094s] Level 1:colcon.colcon_core.package_identification:_identify(src/software-training-old/setup_instructons) by extension 'colcon_meta'
[3.097s] Level 1:colcon.colcon_core.package_identification:_identify(src/software-training-old/setup_instructons) by extensions ['ros']
[3.098s] Level 1:colcon.colcon_core.package_identification:_identify(src/software-training-old/setup_instructons) by extension 'ros'
[3.107s] Level 1:colcon.colcon_core.package_identification:_identify(src/software-training-old/setup_instructons) by extensions ['cmake', 'python']
[3.107s] Level 1:colcon.colcon_core.package_identification:_identify(src/software-training-old/setup_instructons) by extension 'cmake'
[3.109s] Level 1:colcon.colcon_core.package_identification:_identify(src/software-training-old/setup_instructons) by extension 'python'
[3.111s] Level 1:colcon.colcon_core.package_identification:_identify(src/software-training-old/setup_instructons) by extensions ['python_setup_py']
[3.112s] Level 1:colcon.colcon_core.package_identification:_identify(src/software-training-old/setup_instructons) by extension 'python_setup_py'
[3.119s] Level 1:colcon.colcon_core.package_identification:_identify(src/stsl) by extensions ['ignore', 'ignore_ament_install']
[3.119s] Level 1:colcon.colcon_core.package_identification:_identify(src/stsl) by extension 'ignore'
[3.121s] Level 1:colcon.colcon_core.package_identification:_identify(src/stsl) by extension 'ignore_ament_install'
[3.124s] Level 1:colcon.colcon_core.package_identification:_identify(src/stsl) by extensions ['colcon_pkg']
[3.124s] Level 1:colcon.colcon_core.package_identification:_identify(src/stsl) by extension 'colcon_pkg'
[3.126s] Level 1:colcon.colcon_core.package_identification:_identify(src/stsl) by extensions ['colcon_meta']
[3.126s] Level 1:colcon.colcon_core.package_identification:_identify(src/stsl) by extension 'colcon_meta'
[3.128s] Level 1:colcon.colcon_core.package_identification:_identify(src/stsl) by extensions ['ros']
[3.128s] Level 1:colcon.colcon_core.package_identification:_identify(src/stsl) by extension 'ros'
[3.135s] Level 1:colcon.colcon_core.package_identification:_identify(src/stsl) by extensions ['cmake', 'python']
[3.135s] Level 1:colcon.colcon_core.package_identification:_identify(src/stsl) by extension 'cmake'
[3.137s] Level 1:colcon.colcon_core.package_identification:_identify(src/stsl) by extension 'python'
[3.138s] Level 1:colcon.colcon_core.package_identification:_identify(src/stsl) by extensions ['python_setup_py']
[3.139s] Level 1:colcon.colcon_core.package_identification:_identify(src/stsl) by extension 'python_setup_py'
[3.147s] Level 1:colcon.colcon_core.package_identification:_identify(src/stsl/deployment) by extensions ['ignore', 'ignore_ament_install']
[3.147s] Level 1:colcon.colcon_core.package_identification:_identify(src/stsl/deployment) by extension 'ignore'
[3.149s] Level 1:colcon.colcon_core.package_identification:_identify(src/stsl/deployment) by extension 'ignore_ament_install'
[3.153s] Level 1:colcon.colcon_core.package_identification:_identify(src/stsl/deployment) by extensions ['colcon_pkg']
[3.153s] Level 1:colcon.colcon_core.package_identification:_identify(src/stsl/deployment) by extension 'colcon_pkg'
[3.155s] Level 1:colcon.colcon_core.package_identification:_identify(src/stsl/deployment) by extensions ['colcon_meta']
[3.156s] Level 1:colcon.colcon_core.package_identification:_identify(src/stsl/deployment) by extension 'colcon_meta'
[3.159s] Level 1:colcon.colcon_core.package_identification:_identify(src/stsl/deployment) by extensions ['ros']
[3.159s] Level 1:colcon.colcon_core.package_identification:_identify(src/stsl/deployment) by extension 'ros'
[3.169s] Level 1:colcon.colcon_core.package_identification:_identify(src/stsl/deployment) by extensions ['cmake', 'python']
[3.169s] Level 1:colcon.colcon_core.package_identification:_identify(src/stsl/deployment) by extension 'cmake'
[3.171s] Level 1:colcon.colcon_core.package_identification:_identify(src/stsl/deployment) by extension 'python'
[3.173s] Level 1:colcon.colcon_core.package_identification:_identify(src/stsl/deployment) by extensions ['python_setup_py']
[3.173s] Level 1:colcon.colcon_core.package_identification:_identify(src/stsl/deployment) by extension 'python_setup_py'
[3.185s] Level 1:colcon.colcon_core.package_identification:_identify(src/stsl/deployment/package_generation) by extensions ['ignore', 'ignore_ament_install']
[3.185s] Level 1:colcon.colcon_core.package_identification:_identify(src/stsl/deployment/package_generation) by extension 'ignore'
[3.188s] Level 1:colcon.colcon_core.package_identification:_identify(src/stsl/deployment/package_generation) by extension 'ignore_ament_install'
[3.193s] Level 1:colcon.colcon_core.package_identification:_identify(src/stsl/deployment/package_generation) by extensions ['colcon_pkg']
[3.193s] Level 1:colcon.colcon_core.package_identification:_identify(src/stsl/deployment/package_generation) by extension 'colcon_pkg'
[3.196s] Level 1:colcon.colcon_core.package_identification:_identify(src/stsl/deployment/package_generation) by extensions ['colcon_meta']
[3.196s] Level 1:colcon.colcon_core.package_identification:_identify(src/stsl/deployment/package_generation) by extension 'colcon_meta'
[3.202s] Level 1:colcon.colcon_core.package_identification:_identify(src/stsl/deployment/package_generation) by extensions ['ros']
[3.202s] Level 1:colcon.colcon_core.package_identification:_identify(src/stsl/deployment/package_generation) by extension 'ros'
[3.214s] Level 1:colcon.colcon_core.package_identification:_identify(src/stsl/deployment/package_generation) by extensions ['cmake', 'python']
[3.214s] Level 1:colcon.colcon_core.package_identification:_identify(src/stsl/deployment/package_generation) by extension 'cmake'
[3.217s] Level 1:colcon.colcon_core.package_identification:_identify(src/stsl/deployment/package_generation) by extension 'python'
[3.219s] Level 1:colcon.colcon_core.package_identification:_identify(src/stsl/deployment/package_generation) by extensions ['python_setup_py']
[3.219s] Level 1:colcon.colcon_core.package_identification:_identify(src/stsl/deployment/package_generation) by extension 'python_setup_py'
[3.230s] Level 1:colcon.colcon_core.package_identification:_identify(src/stsl/deployment/package_hosting) by extensions ['ignore', 'ignore_ament_install']
[3.231s] Level 1:colcon.colcon_core.package_identification:_identify(src/stsl/deployment/package_hosting) by extension 'ignore'
[3.233s] Level 1:colcon.colcon_core.package_identification:_identify(src/stsl/deployment/package_hosting) by extension 'ignore_ament_install'
[3.238s] Level 1:colcon.colcon_core.package_identification:_identify(src/stsl/deployment/package_hosting) by extensions ['colcon_pkg']
[3.238s] Level 1:colcon.colcon_core.package_identification:_identify(src/stsl/deployment/package_hosting) by extension 'colcon_pkg'
[3.241s] Level 1:colcon.colcon_core.package_identification:_identify(src/stsl/deployment/package_hosting) by extensions ['colcon_meta']
[3.241s] Level 1:colcon.colcon_core.package_identification:_identify(src/stsl/deployment/package_hosting) by extension 'colcon_meta'
[3.246s] Level 1:colcon.colcon_core.package_identification:_identify(src/stsl/deployment/package_hosting) by extensions ['ros']
[3.247s] Level 1:colcon.colcon_core.package_identification:_identify(src/stsl/deployment/package_hosting) by extension 'ros'
[3.256s] Level 1:colcon.colcon_core.package_identification:_identify(src/stsl/deployment/package_hosting) by extensions ['cmake', 'python']
[3.256s] Level 1:colcon.colcon_core.package_identification:_identify(src/stsl/deployment/package_hosting) by extension 'cmake'
[3.258s] Level 1:colcon.colcon_core.package_identification:_identify(src/stsl/deployment/package_hosting) by extension 'python'
[3.260s] Level 1:colcon.colcon_core.package_identification:_identify(src/stsl/deployment/package_hosting) by extensions ['python_setup_py']
[3.261s] Level 1:colcon.colcon_core.package_identification:_identify(src/stsl/deployment/package_hosting) by extension 'python_setup_py'
[3.269s] Level 1:colcon.colcon_core.package_identification:_identify(src/stsl/elevation_server) by extensions ['ignore', 'ignore_ament_install']
[3.269s] Level 1:colcon.colcon_core.package_identification:_identify(src/stsl/elevation_server) by extension 'ignore'
[3.271s] Level 1:colcon.colcon_core.package_identification:_identify(src/stsl/elevation_server) by extension 'ignore_ament_install'
[3.274s] Level 1:colcon.colcon_core.package_identification:_identify(src/stsl/elevation_server) by extensions ['colcon_pkg']
[3.274s] Level 1:colcon.colcon_core.package_identification:_identify(src/stsl/elevation_server) by extension 'colcon_pkg'
[3.275s] Level 1:colcon.colcon_core.package_identification:_identify(src/stsl/elevation_server) by extensions ['colcon_meta']
[3.276s] Level 1:colcon.colcon_core.package_identification:_identify(src/stsl/elevation_server) by extension 'colcon_meta'
[3.279s] Level 1:colcon.colcon_core.package_identification:_identify(src/stsl/elevation_server) by extensions ['ros']
[3.279s] Level 1:colcon.colcon_core.package_identification:_identify(src/stsl/elevation_server) by extension 'ros'
[3.311s] DEBUG:colcon.colcon_core.package_identification:Package 'src/stsl/elevation_server' with type 'ros.ament_cmake' and name 'elevation_server'
[3.319s] Level 1:colcon.colcon_core.package_identification:_identify(src/stsl/mineral_deposit_detection) by extensions ['ignore', 'ignore_ament_install']
[3.320s] Level 1:colcon.colcon_core.package_identification:_identify(src/stsl/mineral_deposit_detection) by extension 'ignore'
[3.321s] Level 1:colcon.colcon_core.package_identification:_identify(src/stsl/mineral_deposit_detection) by extension 'ignore_ament_install'
[3.325s] Level 1:colcon.colcon_core.package_identification:_identify(src/stsl/mineral_deposit_detection) by extensions ['colcon_pkg']
[3.325s] Level 1:colcon.colcon_core.package_identification:_identify(src/stsl/mineral_deposit_detection) by extension 'colcon_pkg'
[3.327s] Level 1:colcon.colcon_core.package_identification:_identify(src/stsl/mineral_deposit_detection) by extensions ['colcon_meta']
[3.327s] Level 1:colcon.colcon_core.package_identification:_identify(src/stsl/mineral_deposit_detection) by extension 'colcon_meta'
[3.331s] Level 1:colcon.colcon_core.package_identification:_identify(src/stsl/mineral_deposit_detection) by extensions ['ros']
[3.331s] Level 1:colcon.colcon_core.package_identification:_identify(src/stsl/mineral_deposit_detection) by extension 'ros'
[3.358s] DEBUG:colcon.colcon_core.package_identification:Package 'src/stsl/mineral_deposit_detection' with type 'ros.ament_cmake' and name 'mineral_deposit_detection'
[3.364s] Level 1:colcon.colcon_core.package_identification:_identify(src/stsl/mission_orchestration) by extensions ['ignore', 'ignore_ament_install']
[3.364s] Level 1:colcon.colcon_core.package_identification:_identify(src/stsl/mission_orchestration) by extension 'ignore'
[3.366s] Level 1:colcon.colcon_core.package_identification:_identify(src/stsl/mission_orchestration) by extension 'ignore_ament_install'
[3.369s] Level 1:colcon.colcon_core.package_identification:_identify(src/stsl/mission_orchestration) by extensions ['colcon_pkg']
[3.369s] Level 1:colcon.colcon_core.package_identification:_identify(src/stsl/mission_orchestration) by extension 'colcon_pkg'
[3.371s] Level 1:colcon.colcon_core.package_identification:_identify(src/stsl/mission_orchestration) by extensions ['colcon_meta']
[3.372s] Level 1:colcon.colcon_core.package_identification:_identify(src/stsl/mission_orchestration) by extension 'colcon_meta'
[3.376s] Level 1:colcon.colcon_core.package_identification:_identify(src/stsl/mission_orchestration) by extensions ['ros']
[3.376s] Level 1:colcon.colcon_core.package_identification:_identify(src/stsl/mission_orchestration) by extension 'ros'
[3.404s] DEBUG:colcon.colcon_core.package_identification:Package 'src/stsl/mission_orchestration' with type 'ros.ament_cmake' and name 'mission_orchestration'
[3.411s] Level 1:colcon.colcon_core.package_identification:_identify(src/stsl/stsl_aruco_tags) by extensions ['ignore', 'ignore_ament_install']
[3.411s] Level 1:colcon.colcon_core.package_identification:_identify(src/stsl/stsl_aruco_tags) by extension 'ignore'
[3.413s] Level 1:colcon.colcon_core.package_identification:_identify(src/stsl/stsl_aruco_tags) by extension 'ignore_ament_install'
[3.417s] Level 1:colcon.colcon_core.package_identification:_identify(src/stsl/stsl_aruco_tags) by extensions ['colcon_pkg']
[3.417s] Level 1:colcon.colcon_core.package_identification:_identify(src/stsl/stsl_aruco_tags) by extension 'colcon_pkg'
[3.419s] Level 1:colcon.colcon_core.package_identification:_identify(src/stsl/stsl_aruco_tags) by extensions ['colcon_meta']
[3.419s] Level 1:colcon.colcon_core.package_identification:_identify(src/stsl/stsl_aruco_tags) by extension 'colcon_meta'
[3.422s] Level 1:colcon.colcon_core.package_identification:_identify(src/stsl/stsl_aruco_tags) by extensions ['ros']
[3.422s] Level 1:colcon.colcon_core.package_identification:_identify(src/stsl/stsl_aruco_tags) by extension 'ros'
[3.450s] DEBUG:colcon.colcon_core.package_identification:Package 'src/stsl/stsl_aruco_tags' with type 'ros.ament_cmake' and name 'stsl_aruco_tags'
[3.458s] Level 1:colcon.colcon_core.package_identification:_identify(src/stsl/stsl_bt_nodes) by extensions ['ignore', 'ignore_ament_install']
[3.458s] Level 1:colcon.colcon_core.package_identification:_identify(src/stsl/stsl_bt_nodes) by extension 'ignore'
[3.460s] Level 1:colcon.colcon_core.package_identification:_identify(src/stsl/stsl_bt_nodes) by extension 'ignore_ament_install'
[3.463s] Level 1:colcon.colcon_core.package_identification:_identify(src/stsl/stsl_bt_nodes) by extensions ['colcon_pkg']
[3.463s] Level 1:colcon.colcon_core.package_identification:_identify(src/stsl/stsl_bt_nodes) by extension 'colcon_pkg'
[3.465s] Level 1:colcon.colcon_core.package_identification:_identify(src/stsl/stsl_bt_nodes) by extensions ['colcon_meta']
[3.465s] Level 1:colcon.colcon_core.package_identification:_identify(src/stsl/stsl_bt_nodes) by extension 'colcon_meta'
[3.469s] Level 1:colcon.colcon_core.package_identification:_identify(src/stsl/stsl_bt_nodes) by extensions ['ros']
[3.469s] Level 1:colcon.colcon_core.package_identification:_identify(src/stsl/stsl_bt_nodes) by extension 'ros'
[3.496s] DEBUG:colcon.colcon_core.package_identification:Package 'src/stsl/stsl_bt_nodes' with type 'ros.ament_cmake' and name 'stsl_bt_nodes'
[3.503s] Level 1:colcon.colcon_core.package_identification:_identify(src/stsl/stsl_desktop) by extensions ['ignore', 'ignore_ament_install']
[3.503s] Level 1:colcon.colcon_core.package_identification:_identify(src/stsl/stsl_desktop) by extension 'ignore'
[3.505s] Level 1:colcon.colcon_core.package_identification:_identify(src/stsl/stsl_desktop) by extension 'ignore_ament_install'
[3.509s] Level 1:colcon.colcon_core.package_identification:_identify(src/stsl/stsl_desktop) by extensions ['colcon_pkg']
[3.509s] Level 1:colcon.colcon_core.package_identification:_identify(src/stsl/stsl_desktop) by extension 'colcon_pkg'
[3.511s] Level 1:colcon.colcon_core.package_identification:_identify(src/stsl/stsl_desktop) by extensions ['colcon_meta']
[3.511s] Level 1:colcon.colcon_core.package_identification:_identify(src/stsl/stsl_desktop) by extension 'colcon_meta'
[3.514s] Level 1:colcon.colcon_core.package_identification:_identify(src/stsl/stsl_desktop) by extensions ['ros']
[3.514s] Level 1:colcon.colcon_core.package_identification:_identify(src/stsl/stsl_desktop) by extension 'ros'
[3.544s] DEBUG:colcon.colcon_core.package_identification:Package 'src/stsl/stsl_desktop' with type 'ros.ament_cmake' and name 'stsl_desktop'
[3.551s] Level 1:colcon.colcon_core.package_identification:_identify(src/stsl/stsl_gazebo_plugins) by extensions ['ignore', 'ignore_ament_install']
[3.552s] Level 1:colcon.colcon_core.package_identification:_identify(src/stsl/stsl_gazebo_plugins) by extension 'ignore'
[3.554s] Level 1:colcon.colcon_core.package_identification:_identify(src/stsl/stsl_gazebo_plugins) by extension 'ignore_ament_install'
[3.557s] Level 1:colcon.colcon_core.package_identification:_identify(src/stsl/stsl_gazebo_plugins) by extensions ['colcon_pkg']
[3.557s] Level 1:colcon.colcon_core.package_identification:_identify(src/stsl/stsl_gazebo_plugins) by extension 'colcon_pkg'
[3.559s] Level 1:colcon.colcon_core.package_identification:_identify(src/stsl/stsl_gazebo_plugins) by extensions ['colcon_meta']
[3.559s] Level 1:colcon.colcon_core.package_identification:_identify(src/stsl/stsl_gazebo_plugins) by extension 'colcon_meta'
[3.563s] Level 1:colcon.colcon_core.package_identification:_identify(src/stsl/stsl_gazebo_plugins) by extensions ['ros']
[3.563s] Level 1:colcon.colcon_core.package_identification:_identify(src/stsl/stsl_gazebo_plugins) by extension 'ros'
[3.599s] DEBUG:colcon.colcon_core.package_identification:Package 'src/stsl/stsl_gazebo_plugins' with type 'ros.ament_cmake' and name 'stsl_gazebo_plugins'
[3.607s] Level 1:colcon.colcon_core.package_identification:_identify(src/stsl/stsl_interfaces) by extensions ['ignore', 'ignore_ament_install']
[3.607s] Level 1:colcon.colcon_core.package_identification:_identify(src/stsl/stsl_interfaces) by extension 'ignore'
[3.609s] Level 1:colcon.colcon_core.package_identification:_identify(src/stsl/stsl_interfaces) by extension 'ignore_ament_install'
[3.613s] Level 1:colcon.colcon_core.package_identification:_identify(src/stsl/stsl_interfaces) by extensions ['colcon_pkg']
[3.613s] Level 1:colcon.colcon_core.package_identification:_identify(src/stsl/stsl_interfaces) by extension 'colcon_pkg'
[3.614s] Level 1:colcon.colcon_core.package_identification:_identify(src/stsl/stsl_interfaces) by extensions ['colcon_meta']
[3.614s] Level 1:colcon.colcon_core.package_identification:_identify(src/stsl/stsl_interfaces) by extension 'colcon_meta'
[3.618s] Level 1:colcon.colcon_core.package_identification:_identify(src/stsl/stsl_interfaces) by extensions ['ros']
[3.619s] Level 1:colcon.colcon_core.package_identification:_identify(src/stsl/stsl_interfaces) by extension 'ros'
[3.647s] DEBUG:colcon.colcon_core.package_identification:Package 'src/stsl/stsl_interfaces' with type 'ros.ament_cmake' and name 'stsl_interfaces'
[3.654s] Level 1:colcon.colcon_core.package_identification:_identify(src/stsl/stsl_nav_plugins) by extensions ['ignore', 'ignore_ament_install']
[3.654s] Level 1:colcon.colcon_core.package_identification:_identify(src/stsl/stsl_nav_plugins) by extension 'ignore'
[3.656s] Level 1:colcon.colcon_core.package_identification:_identify(src/stsl/stsl_nav_plugins) by extension 'ignore_ament_install'
[3.659s] Level 1:colcon.colcon_core.package_identification:_identify(src/stsl/stsl_nav_plugins) by extensions ['colcon_pkg']
[3.659s] Level 1:colcon.colcon_core.package_identification:_identify(src/stsl/stsl_nav_plugins) by extension 'colcon_pkg'
[3.661s] Level 1:colcon.colcon_core.package_identification:_identify(src/stsl/stsl_nav_plugins) by extensions ['colcon_meta']
[3.661s] Level 1:colcon.colcon_core.package_identification:_identify(src/stsl/stsl_nav_plugins) by extension 'colcon_meta'
[3.665s] Level 1:colcon.colcon_core.package_identification:_identify(src/stsl/stsl_nav_plugins) by extensions ['ros']
[3.665s] Level 1:colcon.colcon_core.package_identification:_identify(src/stsl/stsl_nav_plugins) by extension 'ros'
[3.691s] DEBUG:colcon.colcon_core.package_identification:Package 'src/stsl/stsl_nav_plugins' with type 'ros.ament_cmake' and name 'stsl_nav_plugins'
[3.699s] Level 1:colcon.colcon_core.package_identification:_identify(src/stsl/stsl_rviz_plugins) by extensions ['ignore', 'ignore_ament_install']
[3.699s] Level 1:colcon.colcon_core.package_identification:_identify(src/stsl/stsl_rviz_plugins) by extension 'ignore'
[3.700s] Level 1:colcon.colcon_core.package_identification:_identify(src/stsl/stsl_rviz_plugins) by extension 'ignore_ament_install'
[3.703s] Level 1:colcon.colcon_core.package_identification:_identify(src/stsl/stsl_rviz_plugins) by extensions ['colcon_pkg']
[3.703s] Level 1:colcon.colcon_core.package_identification:_identify(src/stsl/stsl_rviz_plugins) by extension 'colcon_pkg'
[3.705s] Level 1:colcon.colcon_core.package_identification:_identify(src/stsl/stsl_rviz_plugins) by extensions ['colcon_meta']
[3.705s] Level 1:colcon.colcon_core.package_identification:_identify(src/stsl/stsl_rviz_plugins) by extension 'colcon_meta'
[3.709s] Level 1:colcon.colcon_core.package_identification:_identify(src/stsl/stsl_rviz_plugins) by extensions ['ros']
[3.709s] Level 1:colcon.colcon_core.package_identification:_identify(src/stsl/stsl_rviz_plugins) by extension 'ros'
[3.735s] DEBUG:colcon.colcon_core.package_identification:Package 'src/stsl/stsl_rviz_plugins' with type 'ros.ament_cmake' and name 'stsl_rviz_plugins'
[3.741s] Level 1:colcon.colcon_core.package_identification:_identify(src/stsl/stsl_utils) by extensions ['ignore', 'ignore_ament_install']
[3.741s] Level 1:colcon.colcon_core.package_identification:_identify(src/stsl/stsl_utils) by extension 'ignore'
[3.743s] Level 1:colcon.colcon_core.package_identification:_identify(src/stsl/stsl_utils) by extension 'ignore_ament_install'
[3.746s] Level 1:colcon.colcon_core.package_identification:_identify(src/stsl/stsl_utils) by extensions ['colcon_pkg']
[3.746s] Level 1:colcon.colcon_core.package_identification:_identify(src/stsl/stsl_utils) by extension 'colcon_pkg'
[3.748s] Level 1:colcon.colcon_core.package_identification:_identify(src/stsl/stsl_utils) by extensions ['colcon_meta']
[3.748s] Level 1:colcon.colcon_core.package_identification:_identify(src/stsl/stsl_utils) by extension 'colcon_meta'
[3.751s] Level 1:colcon.colcon_core.package_identification:_identify(src/stsl/stsl_utils) by extensions ['ros']
[3.751s] Level 1:colcon.colcon_core.package_identification:_identify(src/stsl/stsl_utils) by extension 'ros'
[3.779s] DEBUG:colcon.colcon_core.package_identification:Package 'src/stsl/stsl_utils' with type 'ros.ament_cmake' and name 'stsl_utils'
[3.788s] Level 1:colcon.colcon_core.package_identification:_identify(src/stsl/traini_bringup) by extensions ['ignore', 'ignore_ament_install']
[3.789s] Level 1:colcon.colcon_core.package_identification:_identify(src/stsl/traini_bringup) by extension 'ignore'
[3.791s] Level 1:colcon.colcon_core.package_identification:_identify(src/stsl/traini_bringup) by extension 'ignore_ament_install'
[3.794s] Level 1:colcon.colcon_core.package_identification:_identify(src/stsl/traini_bringup) by extensions ['colcon_pkg']
[3.795s] Level 1:colcon.colcon_core.package_identification:_identify(src/stsl/traini_bringup) by extension 'colcon_pkg'
[3.796s] Level 1:colcon.colcon_core.package_identification:_identify(src/stsl/traini_bringup) by extensions ['colcon_meta']
[3.797s] Level 1:colcon.colcon_core.package_identification:_identify(src/stsl/traini_bringup) by extension 'colcon_meta'
[3.800s] Level 1:colcon.colcon_core.package_identification:_identify(src/stsl/traini_bringup) by extensions ['ros']
[3.800s] Level 1:colcon.colcon_core.package_identification:_identify(src/stsl/traini_bringup) by extension 'ros'
[3.827s] DEBUG:colcon.colcon_core.package_identification:Package 'src/stsl/traini_bringup' with type 'ros.ament_cmake' and name 'traini_bringup'
[3.834s] Level 1:colcon.colcon_core.package_identification:_identify(src/stsl/traini_description) by extensions ['ignore', 'ignore_ament_install']
[3.835s] Level 1:colcon.colcon_core.package_identification:_identify(src/stsl/traini_description) by extension 'ignore'
[3.837s] Level 1:colcon.colcon_core.package_identification:_identify(src/stsl/traini_description) by extension 'ignore_ament_install'
[3.839s] Level 1:colcon.colcon_core.package_identification:_identify(src/stsl/traini_description) by extensions ['colcon_pkg']
[3.840s] Level 1:colcon.colcon_core.package_identification:_identify(src/stsl/traini_description) by extension 'colcon_pkg'
[3.841s] Level 1:colcon.colcon_core.package_identification:_identify(src/stsl/traini_description) by extensions ['colcon_meta']
[3.841s] Level 1:colcon.colcon_core.package_identification:_identify(src/stsl/traini_description) by extension 'colcon_meta'
[3.844s] Level 1:colcon.colcon_core.package_identification:_identify(src/stsl/traini_description) by extensions ['ros']
[3.845s] Level 1:colcon.colcon_core.package_identification:_identify(src/stsl/traini_description) by extension 'ros'
[3.868s] DEBUG:colcon.colcon_core.package_identification:Package 'src/stsl/traini_description' with type 'ros.ament_cmake' and name 'traini_description'
[3.875s] Level 1:colcon.colcon_core.package_identification:_identify(src/stsl/traini_gazebo) by extensions ['ignore', 'ignore_ament_install']
[3.875s] Level 1:colcon.colcon_core.package_identification:_identify(src/stsl/traini_gazebo) by extension 'ignore'
[3.876s] Level 1:colcon.colcon_core.package_identification:_identify(src/stsl/traini_gazebo) by extension 'ignore_ament_install'
[3.879s] Level 1:colcon.colcon_core.package_identification:_identify(src/stsl/traini_gazebo) by extensions ['colcon_pkg']
[3.880s] Level 1:colcon.colcon_core.package_identification:_identify(src/stsl/traini_gazebo) by extension 'colcon_pkg'
[3.881s] Level 1:colcon.colcon_core.package_identification:_identify(src/stsl/traini_gazebo) by extensions ['colcon_meta']
[3.881s] Level 1:colcon.colcon_core.package_identification:_identify(src/stsl/traini_gazebo) by extension 'colcon_meta'
[3.884s] Level 1:colcon.colcon_core.package_identification:_identify(src/stsl/traini_gazebo) by extensions ['ros']
[3.885s] Level 1:colcon.colcon_core.package_identification:_identify(src/stsl/traini_gazebo) by extension 'ros'
[3.911s] DEBUG:colcon.colcon_core.package_identification:Package 'src/stsl/traini_gazebo' with type 'ros.ament_cmake' and name 'traini_gazebo'
[3.918s] Level 1:colcon.colcon_core.package_identification:_identify(src/stsl/traini_onboard_interface) by extensions ['ignore', 'ignore_ament_install']
[3.918s] Level 1:colcon.colcon_core.package_identification:_identify(src/stsl/traini_onboard_interface) by extension 'ignore'
[3.920s] Level 1:colcon.colcon_core.package_identification:_identify(src/stsl/traini_onboard_interface) ignored
[3.924s] Level 1:colcon.colcon_core.package_identification:_identify(src/trainingv2) by extensions ['ignore', 'ignore_ament_install']
[3.924s] Level 1:colcon.colcon_core.package_identification:_identify(src/trainingv2) by extension 'ignore'
[3.926s] Level 1:colcon.colcon_core.package_identification:_identify(src/trainingv2) by extension 'ignore_ament_install'
[3.928s] Level 1:colcon.colcon_core.package_identification:_identify(src/trainingv2) by extensions ['colcon_pkg']
[3.928s] Level 1:colcon.colcon_core.package_identification:_identify(src/trainingv2) by extension 'colcon_pkg'
[3.929s] Level 1:colcon.colcon_core.package_identification:_identify(src/trainingv2) by extensions ['colcon_meta']
[3.930s] Level 1:colcon.colcon_core.package_identification:_identify(src/trainingv2) by extension 'colcon_meta'
[3.932s] Level 1:colcon.colcon_core.package_identification:_identify(src/trainingv2) by extensions ['ros']
[3.932s] Level 1:colcon.colcon_core.package_identification:_identify(src/trainingv2) by extension 'ros'
[3.938s] Level 1:colcon.colcon_core.package_identification:_identify(src/trainingv2) by extensions ['cmake', 'python']
[3.938s] Level 1:colcon.colcon_core.package_identification:_identify(src/trainingv2) by extension 'cmake'
[3.939s] Level 1:colcon.colcon_core.package_identification:_identify(src/trainingv2) by extension 'python'
[3.941s] Level 1:colcon.colcon_core.package_identification:_identify(src/trainingv2) by extensions ['python_setup_py']
[3.941s] Level 1:colcon.colcon_core.package_identification:_identify(src/trainingv2) by extension 'python_setup_py'
[3.949s] Level 1:colcon.colcon_core.package_identification:_identify(src/trainingv2/Week 1) by extensions ['ignore', 'ignore_ament_install']
[3.949s] Level 1:colcon.colcon_core.package_identification:_identify(src/trainingv2/Week 1) by extension 'ignore'
[3.951s] Level 1:colcon.colcon_core.package_identification:_identify(src/trainingv2/Week 1) by extension 'ignore_ament_install'
[3.954s] Level 1:colcon.colcon_core.package_identification:_identify(src/trainingv2/Week 1) by extensions ['colcon_pkg']
[3.954s] Level 1:colcon.colcon_core.package_identification:_identify(src/trainingv2/Week 1) by extension 'colcon_pkg'
[3.956s] Level 1:colcon.colcon_core.package_identification:_identify(src/trainingv2/Week 1) by extensions ['colcon_meta']
[3.956s] Level 1:colcon.colcon_core.package_identification:_identify(src/trainingv2/Week 1) by extension 'colcon_meta'
[3.960s] Level 1:colcon.colcon_core.package_identification:_identify(src/trainingv2/Week 1) by extensions ['ros']
[3.960s] Level 1:colcon.colcon_core.package_identification:_identify(src/trainingv2/Week 1) by extension 'ros'
[3.968s] Level 1:colcon.colcon_core.package_identification:_identify(src/trainingv2/Week 1) by extensions ['cmake', 'python']
[3.969s] Level 1:colcon.colcon_core.package_identification:_identify(src/trainingv2/Week 1) by extension 'cmake'
[3.970s] Level 1:colcon.colcon_core.package_identification:_identify(src/trainingv2/Week 1) by extension 'python'
[3.972s] Level 1:colcon.colcon_core.package_identification:_identify(src/trainingv2/Week 1) by extensions ['python_setup_py']
[3.972s] Level 1:colcon.colcon_core.package_identification:_identify(src/trainingv2/Week 1) by extension 'python_setup_py'
[3.982s] Level 1:colcon.colcon_core.package_identification:_identify(src/trainingv2/Week 1/lecture_material) by extensions ['ignore', 'ignore_ament_install']
[3.982s] Level 1:colcon.colcon_core.package_identification:_identify(src/trainingv2/Week 1/lecture_material) by extension 'ignore'
[3.984s] Level 1:colcon.colcon_core.package_identification:_identify(src/trainingv2/Week 1/lecture_material) by extension 'ignore_ament_install'
[3.988s] Level 1:colcon.colcon_core.package_identification:_identify(src/trainingv2/Week 1/lecture_material) by extensions ['colcon_pkg']
[3.989s] Level 1:colcon.colcon_core.package_identification:_identify(src/trainingv2/Week 1/lecture_material) by extension 'colcon_pkg'
[3.991s] Level 1:colcon.colcon_core.package_identification:_identify(src/trainingv2/Week 1/lecture_material) by extensions ['colcon_meta']
[3.991s] Level 1:colcon.colcon_core.package_identification:_identify(src/trainingv2/Week 1/lecture_material) by extension 'colcon_meta'
[3.997s] Level 1:colcon.colcon_core.package_identification:_identify(src/trainingv2/Week 1/lecture_material) by extensions ['ros']
[3.997s] Level 1:colcon.colcon_core.package_identification:_identify(src/trainingv2/Week 1/lecture_material) by extension 'ros'
[4.007s] Level 1:colcon.colcon_core.package_identification:_identify(src/trainingv2/Week 1/lecture_material) by extensions ['cmake', 'python']
[4.007s] Level 1:colcon.colcon_core.package_identification:_identify(src/trainingv2/Week 1/lecture_material) by extension 'cmake'
[4.010s] Level 1:colcon.colcon_core.package_identification:_identify(src/trainingv2/Week 1/lecture_material) by extension 'python'
[4.012s] Level 1:colcon.colcon_core.package_identification:_identify(src/trainingv2/Week 1/lecture_material) by extensions ['python_setup_py']
[4.012s] Level 1:colcon.colcon_core.package_identification:_identify(src/trainingv2/Week 1/lecture_material) by extension 'python_setup_py'
[4.020s] Level 1:colcon.colcon_core.package_identification:_identify(src/trainingv2/Week 2) by extensions ['ignore', 'ignore_ament_install']
[4.020s] Level 1:colcon.colcon_core.package_identification:_identify(src/trainingv2/Week 2) by extension 'ignore'
[4.022s] Level 1:colcon.colcon_core.package_identification:_identify(src/trainingv2/Week 2) by extension 'ignore_ament_install'
[4.025s] Level 1:colcon.colcon_core.package_identification:_identify(src/trainingv2/Week 2) by extensions ['colcon_pkg']
[4.026s] Level 1:colcon.colcon_core.package_identification:_identify(src/trainingv2/Week 2) by extension 'colcon_pkg'
[4.027s] Level 1:colcon.colcon_core.package_identification:_identify(src/trainingv2/Week 2) by extensions ['colcon_meta']
[4.028s] Level 1:colcon.colcon_core.package_identification:_identify(src/trainingv2/Week 2) by extension 'colcon_meta'
[4.031s] Level 1:colcon.colcon_core.package_identification:_identify(src/trainingv2/Week 2) by extensions ['ros']
[4.032s] Level 1:colcon.colcon_core.package_identification:_identify(src/trainingv2/Week 2) by extension 'ros'
[4.040s] Level 1:colcon.colcon_core.package_identification:_identify(src/trainingv2/Week 2) by extensions ['cmake', 'python']
[4.040s] Level 1:colcon.colcon_core.package_identification:_identify(src/trainingv2/Week 2) by extension 'cmake'
[4.042s] Level 1:colcon.colcon_core.package_identification:_identify(src/trainingv2/Week 2) by extension 'python'
[4.045s] Level 1:colcon.colcon_core.package_identification:_identify(src/trainingv2/Week 2) by extensions ['python_setup_py']
[4.046s] Level 1:colcon.colcon_core.package_identification:_identify(src/trainingv2/Week 2) by extension 'python_setup_py'
[4.057s] Level 1:colcon.colcon_core.package_identification:_identify(src/trainingv2/Week 2/code) by extensions ['ignore', 'ignore_ament_install']
[4.057s] Level 1:colcon.colcon_core.package_identification:_identify(src/trainingv2/Week 2/code) by extension 'ignore'
[4.059s] Level 1:colcon.colcon_core.package_identification:_identify(src/trainingv2/Week 2/code) by extension 'ignore_ament_install'
[4.063s] Level 1:colcon.colcon_core.package_identification:_identify(src/trainingv2/Week 2/code) by extensions ['colcon_pkg']
[4.063s] Level 1:colcon.colcon_core.package_identification:_identify(src/trainingv2/Week 2/code) by extension 'colcon_pkg'
[4.066s] Level 1:colcon.colcon_core.package_identification:_identify(src/trainingv2/Week 2/code) by extensions ['colcon_meta']
[4.066s] Level 1:colcon.colcon_core.package_identification:_identify(src/trainingv2/Week 2/code) by extension 'colcon_meta'
[4.072s] Level 1:colcon.colcon_core.package_identification:_identify(src/trainingv2/Week 2/code) by extensions ['ros']
[4.073s] Level 1:colcon.colcon_core.package_identification:_identify(src/trainingv2/Week 2/code) by extension 'ros'
[4.083s] Level 1:colcon.colcon_core.package_identification:_identify(src/trainingv2/Week 2/code) by extensions ['cmake', 'python']
[4.083s] Level 1:colcon.colcon_core.package_identification:_identify(src/trainingv2/Week 2/code) by extension 'cmake'
[4.085s] Level 1:colcon.colcon_core.package_identification:_identify(src/trainingv2/Week 2/code) by extension 'python'
[4.087s] Level 1:colcon.colcon_core.package_identification:_identify(src/trainingv2/Week 2/code) by extensions ['python_setup_py']
[4.087s] Level 1:colcon.colcon_core.package_identification:_identify(src/trainingv2/Week 2/code) by extension 'python_setup_py'
[4.100s] Level 1:colcon.colcon_core.package_identification:_identify(src/trainingv2/Week 2/code/include) by extensions ['ignore', 'ignore_ament_install']
[4.100s] Level 1:colcon.colcon_core.package_identification:_identify(src/trainingv2/Week 2/code/include) by extension 'ignore'
[4.103s] Level 1:colcon.colcon_core.package_identification:_identify(src/trainingv2/Week 2/code/include) by extension 'ignore_ament_install'
[4.108s] Level 1:colcon.colcon_core.package_identification:_identify(src/trainingv2/Week 2/code/include) by extensions ['colcon_pkg']
[4.108s] Level 1:colcon.colcon_core.package_identification:_identify(src/trainingv2/Week 2/code/include) by extension 'colcon_pkg'
[4.110s] Level 1:colcon.colcon_core.package_identification:_identify(src/trainingv2/Week 2/code/include) by extensions ['colcon_meta']
[4.111s] Level 1:colcon.colcon_core.package_identification:_identify(src/trainingv2/Week 2/code/include) by extension 'colcon_meta'
[4.118s] Level 1:colcon.colcon_core.package_identification:_identify(src/trainingv2/Week 2/code/include) by extensions ['ros']
[4.118s] Level 1:colcon.colcon_core.package_identification:_identify(src/trainingv2/Week 2/code/include) by extension 'ros'
[4.131s] Level 1:colcon.colcon_core.package_identification:_identify(src/trainingv2/Week 2/code/include) by extensions ['cmake', 'python']
[4.131s] Level 1:colcon.colcon_core.package_identification:_identify(src/trainingv2/Week 2/code/include) by extension 'cmake'
[4.134s] Level 1:colcon.colcon_core.package_identification:_identify(src/trainingv2/Week 2/code/include) by extension 'python'
[4.137s] Level 1:colcon.colcon_core.package_identification:_identify(src/trainingv2/Week 2/code/include) by extensions ['python_setup_py']
[4.137s] Level 1:colcon.colcon_core.package_identification:_identify(src/trainingv2/Week 2/code/include) by extension 'python_setup_py'
[4.152s] Level 1:colcon.colcon_core.package_identification:_identify(src/trainingv2/Week 2/code/src) by extensions ['ignore', 'ignore_ament_install']
[4.152s] Level 1:colcon.colcon_core.package_identification:_identify(src/trainingv2/Week 2/code/src) by extension 'ignore'
[4.155s] Level 1:colcon.colcon_core.package_identification:_identify(src/trainingv2/Week 2/code/src) by extension 'ignore_ament_install'
[4.159s] Level 1:colcon.colcon_core.package_identification:_identify(src/trainingv2/Week 2/code/src) by extensions ['colcon_pkg']
[4.160s] Level 1:colcon.colcon_core.package_identification:_identify(src/trainingv2/Week 2/code/src) by extension 'colcon_pkg'
[4.162s] Level 1:colcon.colcon_core.package_identification:_identify(src/trainingv2/Week 2/code/src) by extensions ['colcon_meta']
[4.162s] Level 1:colcon.colcon_core.package_identification:_identify(src/trainingv2/Week 2/code/src) by extension 'colcon_meta'
[4.169s] Level 1:colcon.colcon_core.package_identification:_identify(src/trainingv2/Week 2/code/src) by extensions ['ros']
[4.170s] Level 1:colcon.colcon_core.package_identification:_identify(src/trainingv2/Week 2/code/src) by extension 'ros'
[4.182s] Level 1:colcon.colcon_core.package_identification:_identify(src/trainingv2/Week 2/code/src) by extensions ['cmake', 'python']
[4.182s] Level 1:colcon.colcon_core.package_identification:_identify(src/trainingv2/Week 2/code/src) by extension 'cmake'
[4.185s] Level 1:colcon.colcon_core.package_identification:_identify(src/trainingv2/Week 2/code/src) by extension 'python'
[4.191s] Level 1:colcon.colcon_core.package_identification:_identify(src/trainingv2/Week 2/code/src) by extensions ['python_setup_py']
[4.192s] Level 1:colcon.colcon_core.package_identification:_identify(src/trainingv2/Week 2/code/src) by extension 'python_setup_py'
[4.202s] Level 1:colcon.colcon_core.package_identification:_identify(src/trainingv2/Week 2/lecture_material) by extensions ['ignore', 'ignore_ament_install']
[4.202s] Level 1:colcon.colcon_core.package_identification:_identify(src/trainingv2/Week 2/lecture_material) by extension 'ignore'
[4.204s] Level 1:colcon.colcon_core.package_identification:_identify(src/trainingv2/Week 2/lecture_material) by extension 'ignore_ament_install'
[4.209s] Level 1:colcon.colcon_core.package_identification:_identify(src/trainingv2/Week 2/lecture_material) by extensions ['colcon_pkg']
[4.209s] Level 1:colcon.colcon_core.package_identification:_identify(src/trainingv2/Week 2/lecture_material) by extension 'colcon_pkg'
[4.212s] Level 1:colcon.colcon_core.package_identification:_identify(src/trainingv2/Week 2/lecture_material) by extensions ['colcon_meta']
[4.212s] Level 1:colcon.colcon_core.package_identification:_identify(src/trainingv2/Week 2/lecture_material) by extension 'colcon_meta'
[4.217s] Level 1:colcon.colcon_core.package_identification:_identify(src/trainingv2/Week 2/lecture_material) by extensions ['ros']
[4.217s] Level 1:colcon.colcon_core.package_identification:_identify(src/trainingv2/Week 2/lecture_material) by extension 'ros'
[4.228s] Level 1:colcon.colcon_core.package_identification:_identify(src/trainingv2/Week 2/lecture_material) by extensions ['cmake', 'python']
[4.228s] Level 1:colcon.colcon_core.package_identification:_identify(src/trainingv2/Week 2/lecture_material) by extension 'cmake'
[4.232s] Level 1:colcon.colcon_core.package_identification:_identify(src/trainingv2/Week 2/lecture_material) by extension 'python'
[4.234s] Level 1:colcon.colcon_core.package_identification:_identify(src/trainingv2/Week 2/lecture_material) by extensions ['python_setup_py']
[4.234s] Level 1:colcon.colcon_core.package_identification:_identify(src/trainingv2/Week 2/lecture_material) by extension 'python_setup_py'
[4.241s] Level 1:colcon.colcon_core.package_identification:_identify(src/trainingv2/Week 3) by extensions ['ignore', 'ignore_ament_install']
[4.242s] Level 1:colcon.colcon_core.package_identification:_identify(src/trainingv2/Week 3) by extension 'ignore'
[4.243s] Level 1:colcon.colcon_core.package_identification:_identify(src/trainingv2/Week 3) by extension 'ignore_ament_install'
[4.247s] Level 1:colcon.colcon_core.package_identification:_identify(src/trainingv2/Week 3) by extensions ['colcon_pkg']
[4.247s] Level 1:colcon.colcon_core.package_identification:_identify(src/trainingv2/Week 3) by extension 'colcon_pkg'
[4.249s] Level 1:colcon.colcon_core.package_identification:_identify(src/trainingv2/Week 3) by extensions ['colcon_meta']
[4.249s] Level 1:colcon.colcon_core.package_identification:_identify(src/trainingv2/Week 3) by extension 'colcon_meta'
[4.253s] Level 1:colcon.colcon_core.package_identification:_identify(src/trainingv2/Week 3) by extensions ['ros']
[4.253s] Level 1:colcon.colcon_core.package_identification:_identify(src/trainingv2/Week 3) by extension 'ros'
[4.261s] Level 1:colcon.colcon_core.package_identification:_identify(src/trainingv2/Week 3) by extensions ['cmake', 'python']
[4.261s] Level 1:colcon.colcon_core.package_identification:_identify(src/trainingv2/Week 3) by extension 'cmake'
[4.263s] Level 1:colcon.colcon_core.package_identification:_identify(src/trainingv2/Week 3) by extension 'python'
[4.264s] Level 1:colcon.colcon_core.package_identification:_identify(src/trainingv2/Week 3) by extensions ['python_setup_py']
[4.264s] Level 1:colcon.colcon_core.package_identification:_identify(src/trainingv2/Week 3) by extension 'python_setup_py'
[4.274s] Level 1:colcon.colcon_core.package_identification:_identify(src/trainingv2/Week 3/lecture_material) by extensions ['ignore', 'ignore_ament_install']
[4.274s] Level 1:colcon.colcon_core.package_identification:_identify(src/trainingv2/Week 3/lecture_material) by extension 'ignore'
[4.276s] Level 1:colcon.colcon_core.package_identification:_identify(src/trainingv2/Week 3/lecture_material) by extension 'ignore_ament_install'
[4.280s] Level 1:colcon.colcon_core.package_identification:_identify(src/trainingv2/Week 3/lecture_material) by extensions ['colcon_pkg']
[4.281s] Level 1:colcon.colcon_core.package_identification:_identify(src/trainingv2/Week 3/lecture_material) by extension 'colcon_pkg'
[4.283s] Level 1:colcon.colcon_core.package_identification:_identify(src/trainingv2/Week 3/lecture_material) by extensions ['colcon_meta']
[4.283s] Level 1:colcon.colcon_core.package_identification:_identify(src/trainingv2/Week 3/lecture_material) by extension 'colcon_meta'
[4.289s] Level 1:colcon.colcon_core.package_identification:_identify(src/trainingv2/Week 3/lecture_material) by extensions ['ros']
[4.289s] Level 1:colcon.colcon_core.package_identification:_identify(src/trainingv2/Week 3/lecture_material) by extension 'ros'
[4.299s] Level 1:colcon.colcon_core.package_identification:_identify(src/trainingv2/Week 3/lecture_material) by extensions ['cmake', 'python']
[4.299s] Level 1:colcon.colcon_core.package_identification:_identify(src/trainingv2/Week 3/lecture_material) by extension 'cmake'
[4.301s] Level 1:colcon.colcon_core.package_identification:_identify(src/trainingv2/Week 3/lecture_material) by extension 'python'
[4.303s] Level 1:colcon.colcon_core.package_identification:_identify(src/trainingv2/Week 3/lecture_material) by extensions ['python_setup_py']
[4.304s] Level 1:colcon.colcon_core.package_identification:_identify(src/trainingv2/Week 3/lecture_material) by extension 'python_setup_py'
[4.312s] Level 1:colcon.colcon_core.package_identification:_identify(src/trainingv2/Week 4) by extensions ['ignore', 'ignore_ament_install']
[4.312s] Level 1:colcon.colcon_core.package_identification:_identify(src/trainingv2/Week 4) by extension 'ignore'
[4.314s] Level 1:colcon.colcon_core.package_identification:_identify(src/trainingv2/Week 4) by extension 'ignore_ament_install'
[4.317s] Level 1:colcon.colcon_core.package_identification:_identify(src/trainingv2/Week 4) by extensions ['colcon_pkg']
[4.318s] Level 1:colcon.colcon_core.package_identification:_identify(src/trainingv2/Week 4) by extension 'colcon_pkg'
[4.319s] Level 1:colcon.colcon_core.package_identification:_identify(src/trainingv2/Week 4) by extensions ['colcon_meta']
[4.320s] Level 1:colcon.colcon_core.package_identification:_identify(src/trainingv2/Week 4) by extension 'colcon_meta'
[4.322s] Level 1:colcon.colcon_core.package_identification:_identify(src/trainingv2/Week 4) by extensions ['ros']
[4.323s] Level 1:colcon.colcon_core.package_identification:_identify(src/trainingv2/Week 4) by extension 'ros'
[4.330s] Level 1:colcon.colcon_core.package_identification:_identify(src/trainingv2/Week 4) by extensions ['cmake', 'python']
[4.331s] Level 1:colcon.colcon_core.package_identification:_identify(src/trainingv2/Week 4) by extension 'cmake'
[4.332s] Level 1:colcon.colcon_core.package_identification:_identify(src/trainingv2/Week 4) by extension 'python'
[4.334s] Level 1:colcon.colcon_core.package_identification:_identify(src/trainingv2/Week 4) by extensions ['python_setup_py']
[4.334s] Level 1:colcon.colcon_core.package_identification:_identify(src/trainingv2/Week 4) by extension 'python_setup_py'
[4.344s] Level 1:colcon.colcon_core.package_identification:_identify(src/trainingv2/Week 4/lecture_material) by extensions ['ignore', 'ignore_ament_install']
[4.345s] Level 1:colcon.colcon_core.package_identification:_identify(src/trainingv2/Week 4/lecture_material) by extension 'ignore'
[4.347s] Level 1:colcon.colcon_core.package_identification:_identify(src/trainingv2/Week 4/lecture_material) by extension 'ignore_ament_install'
[4.352s] Level 1:colcon.colcon_core.package_identification:_identify(src/trainingv2/Week 4/lecture_material) by extensions ['colcon_pkg']
[4.352s] Level 1:colcon.colcon_core.package_identification:_identify(src/trainingv2/Week 4/lecture_material) by extension 'colcon_pkg'
[4.354s] Level 1:colcon.colcon_core.package_identification:_identify(src/trainingv2/Week 4/lecture_material) by extensions ['colcon_meta']
[4.354s] Level 1:colcon.colcon_core.package_identification:_identify(src/trainingv2/Week 4/lecture_material) by extension 'colcon_meta'
[4.359s] Level 1:colcon.colcon_core.package_identification:_identify(src/trainingv2/Week 4/lecture_material) by extensions ['ros']
[4.360s] Level 1:colcon.colcon_core.package_identification:_identify(src/trainingv2/Week 4/lecture_material) by extension 'ros'
[4.370s] Level 1:colcon.colcon_core.package_identification:_identify(src/trainingv2/Week 4/lecture_material) by extensions ['cmake', 'python']
[4.370s] Level 1:colcon.colcon_core.package_identification:_identify(src/trainingv2/Week 4/lecture_material) by extension 'cmake'
[4.372s] Level 1:colcon.colcon_core.package_identification:_identify(src/trainingv2/Week 4/lecture_material) by extension 'python'
[4.374s] Level 1:colcon.colcon_core.package_identification:_identify(src/trainingv2/Week 4/lecture_material) by extensions ['python_setup_py']
[4.375s] Level 1:colcon.colcon_core.package_identification:_identify(src/trainingv2/Week 4/lecture_material) by extension 'python_setup_py'
[4.383s] Level 1:colcon.colcon_core.package_identification:_identify(src/trainingv2/cmake) by extensions ['ignore', 'ignore_ament_install']
[4.383s] Level 1:colcon.colcon_core.package_identification:_identify(src/trainingv2/cmake) by extension 'ignore'
[4.385s] Level 1:colcon.colcon_core.package_identification:_identify(src/trainingv2/cmake) by extension 'ignore_ament_install'
[4.388s] Level 1:colcon.colcon_core.package_identification:_identify(src/trainingv2/cmake) by extensions ['colcon_pkg']
[4.388s] Level 1:colcon.colcon_core.package_identification:_identify(src/trainingv2/cmake) by extension 'colcon_pkg'
[4.390s] Level 1:colcon.colcon_core.package_identification:_identify(src/trainingv2/cmake) by extensions ['colcon_meta']
[4.390s] Level 1:colcon.colcon_core.package_identification:_identify(src/trainingv2/cmake) by extension 'colcon_meta'
[4.393s] Level 1:colcon.colcon_core.package_identification:_identify(src/trainingv2/cmake) by extensions ['ros']
[4.394s] Level 1:colcon.colcon_core.package_identification:_identify(src/trainingv2/cmake) by extension 'ros'
[4.401s] Level 1:colcon.colcon_core.package_identification:_identify(src/trainingv2/cmake) by extensions ['cmake', 'python']
[4.402s] Level 1:colcon.colcon_core.package_identification:_identify(src/trainingv2/cmake) by extension 'cmake'
[4.404s] Level 1:colcon.colcon_core.package_identification:_identify(src/trainingv2/cmake) by extension 'python'
[4.405s] Level 1:colcon.colcon_core.package_identification:_identify(src/trainingv2/cmake) by extensions ['python_setup_py']
[4.405s] Level 1:colcon.colcon_core.package_identification:_identify(src/trainingv2/cmake) by extension 'python_setup_py'
[4.413s] Level 1:colcon.colcon_core.package_identification:_identify(src/trainingv2/controller_project) by extensions ['ignore', 'ignore_ament_install']
[4.414s] Level 1:colcon.colcon_core.package_identification:_identify(src/trainingv2/controller_project) by extension 'ignore'
[4.415s] Level 1:colcon.colcon_core.package_identification:_identify(src/trainingv2/controller_project) by extension 'ignore_ament_install'
[4.418s] Level 1:colcon.colcon_core.package_identification:_identify(src/trainingv2/controller_project) by extensions ['colcon_pkg']
[4.419s] Level 1:colcon.colcon_core.package_identification:_identify(src/trainingv2/controller_project) by extension 'colcon_pkg'
[4.421s] Level 1:colcon.colcon_core.package_identification:_identify(src/trainingv2/controller_project) by extensions ['colcon_meta']
[4.421s] Level 1:colcon.colcon_core.package_identification:_identify(src/trainingv2/controller_project) by extension 'colcon_meta'
[4.424s] Level 1:colcon.colcon_core.package_identification:_identify(src/trainingv2/controller_project) by extensions ['ros']
[4.425s] Level 1:colcon.colcon_core.package_identification:_identify(src/trainingv2/controller_project) by extension 'ros'
[4.433s] Level 1:colcon.colcon_core.package_identification:_identify(src/trainingv2/controller_project) by extensions ['cmake', 'python']
[4.433s] Level 1:colcon.colcon_core.package_identification:_identify(src/trainingv2/controller_project) by extension 'cmake'
[4.435s] Level 1:colcon.colcon_core.package_identification:_identify(src/trainingv2/controller_project) by extension 'python'
[4.437s] Level 1:colcon.colcon_core.package_identification:_identify(src/trainingv2/controller_project) by extensions ['python_setup_py']
[4.437s] Level 1:colcon.colcon_core.package_identification:_identify(src/trainingv2/controller_project) by extension 'python_setup_py'
[4.446s] Level 1:colcon.colcon_core.package_identification:_identify(src/trainingv2/controller_project/joystick_msgs) by extensions ['ignore', 'ignore_ament_install']
[4.446s] Level 1:colcon.colcon_core.package_identification:_identify(src/trainingv2/controller_project/joystick_msgs) by extension 'ignore'
[4.448s] Level 1:colcon.colcon_core.package_identification:_identify(src/trainingv2/controller_project/joystick_msgs) by extension 'ignore_ament_install'
[4.452s] Level 1:colcon.colcon_core.package_identification:_identify(src/trainingv2/controller_project/joystick_msgs) by extensions ['colcon_pkg']
[4.453s] Level 1:colcon.colcon_core.package_identification:_identify(src/trainingv2/controller_project/joystick_msgs) by extension 'colcon_pkg'
[4.455s] Level 1:colcon.colcon_core.package_identification:_identify(src/trainingv2/controller_project/joystick_msgs) by extensions ['colcon_meta']
[4.455s] Level 1:colcon.colcon_core.package_identification:_identify(src/trainingv2/controller_project/joystick_msgs) by extension 'colcon_meta'
[4.461s] Level 1:colcon.colcon_core.package_identification:_identify(src/trainingv2/controller_project/joystick_msgs) by extensions ['ros']
[4.461s] Level 1:colcon.colcon_core.package_identification:_identify(src/trainingv2/controller_project/joystick_msgs) by extension 'ros'
[4.498s] DEBUG:colcon.colcon_core.package_identification:Package 'src/trainingv2/controller_project/joystick_msgs' with type 'ros.ament_cmake' and name 'joystick_msgs'
[4.510s] Level 1:colcon.colcon_core.package_identification:_identify(src/trainingv2/controller_project/joystick_package) by extensions ['ignore', 'ignore_ament_install']
[4.511s] Level 1:colcon.colcon_core.package_identification:_identify(src/trainingv2/controller_project/joystick_package) by extension 'ignore'
[4.512s] Level 1:colcon.colcon_core.package_identification:_identify(src/trainingv2/controller_project/joystick_package) by extension 'ignore_ament_install'
[4.517s] Level 1:colcon.colcon_core.package_identification:_identify(src/trainingv2/controller_project/joystick_package) by extensions ['colcon_pkg']
[4.517s] Level 1:colcon.colcon_core.package_identification:_identify(src/trainingv2/controller_project/joystick_package) by extension 'colcon_pkg'
[4.519s] Level 1:colcon.colcon_core.package_identification:_identify(src/trainingv2/controller_project/joystick_package) by extensions ['colcon_meta']
[4.519s] Level 1:colcon.colcon_core.package_identification:_identify(src/trainingv2/controller_project/joystick_package) by extension 'colcon_meta'
[4.525s] Level 1:colcon.colcon_core.package_identification:_identify(src/trainingv2/controller_project/joystick_package) by extensions ['ros']
[4.525s] Level 1:colcon.colcon_core.package_identification:_identify(src/trainingv2/controller_project/joystick_package) by extension 'ros'
[4.555s] DEBUG:colcon.colcon_core.package_identification:Package 'src/trainingv2/controller_project/joystick_package' with type 'ros.ament_cmake' and name 'joystick_package'
[4.562s] Level 1:colcon.colcon_core.package_identification:_identify(src/trainingv2/documents) by extensions ['ignore', 'ignore_ament_install']
[4.562s] Level 1:colcon.colcon_core.package_identification:_identify(src/trainingv2/documents) by extension 'ignore'
[4.564s] Level 1:colcon.colcon_core.package_identification:_identify(src/trainingv2/documents) by extension 'ignore_ament_install'
[4.567s] Level 1:colcon.colcon_core.package_identification:_identify(src/trainingv2/documents) by extensions ['colcon_pkg']
[4.567s] Level 1:colcon.colcon_core.package_identification:_identify(src/trainingv2/documents) by extension 'colcon_pkg'
[4.569s] Level 1:colcon.colcon_core.package_identification:_identify(src/trainingv2/documents) by extensions ['colcon_meta']
[4.569s] Level 1:colcon.colcon_core.package_identification:_identify(src/trainingv2/documents) by extension 'colcon_meta'
[4.572s] Level 1:colcon.colcon_core.package_identification:_identify(src/trainingv2/documents) by extensions ['ros']
[4.572s] Level 1:colcon.colcon_core.package_identification:_identify(src/trainingv2/documents) by extension 'ros'
[4.580s] Level 1:colcon.colcon_core.package_identification:_identify(src/trainingv2/documents) by extensions ['cmake', 'python']
[4.580s] Level 1:colcon.colcon_core.package_identification:_identify(src/trainingv2/documents) by extension 'cmake'
[4.582s] Level 1:colcon.colcon_core.package_identification:_identify(src/trainingv2/documents) by extension 'python'
[4.583s] Level 1:colcon.colcon_core.package_identification:_identify(src/trainingv2/documents) by extensions ['python_setup_py']
[4.583s] Level 1:colcon.colcon_core.package_identification:_identify(src/trainingv2/documents) by extension 'python_setup_py'
[4.594s] Level 1:colcon.colcon_core.package_identification:_identify(src/trainingv2/documents/installation) by extensions ['ignore', 'ignore_ament_install']
[4.594s] Level 1:colcon.colcon_core.package_identification:_identify(src/trainingv2/documents/installation) by extension 'ignore'
[4.596s] Level 1:colcon.colcon_core.package_identification:_identify(src/trainingv2/documents/installation) by extension 'ignore_ament_install'
[4.600s] Level 1:colcon.colcon_core.package_identification:_identify(src/trainingv2/documents/installation) by extensions ['colcon_pkg']
[4.600s] Level 1:colcon.colcon_core.package_identification:_identify(src/trainingv2/documents/installation) by extension 'colcon_pkg'
[4.602s] Level 1:colcon.colcon_core.package_identification:_identify(src/trainingv2/documents/installation) by extensions ['colcon_meta']
[4.603s] Level 1:colcon.colcon_core.package_identification:_identify(src/trainingv2/documents/installation) by extension 'colcon_meta'
[4.608s] Level 1:colcon.colcon_core.package_identification:_identify(src/trainingv2/documents/installation) by extensions ['ros']
[4.609s] Level 1:colcon.colcon_core.package_identification:_identify(src/trainingv2/documents/installation) by extension 'ros'
[4.618s] Level 1:colcon.colcon_core.package_identification:_identify(src/trainingv2/documents/installation) by extensions ['cmake', 'python']
[4.618s] Level 1:colcon.colcon_core.package_identification:_identify(src/trainingv2/documents/installation) by extension 'cmake'
[4.620s] Level 1:colcon.colcon_core.package_identification:_identify(src/trainingv2/documents/installation) by extension 'python'
[4.626s] Level 1:colcon.colcon_core.package_identification:_identify(src/trainingv2/documents/installation) by extensions ['python_setup_py']
[4.626s] Level 1:colcon.colcon_core.package_identification:_identify(src/trainingv2/documents/installation) by extension 'python_setup_py'
[4.636s] Level 1:colcon.colcon_core.package_identification:_identify(src/trainingv2/documents/pictures) by extensions ['ignore', 'ignore_ament_install']
[4.636s] Level 1:colcon.colcon_core.package_identification:_identify(src/trainingv2/documents/pictures) by extension 'ignore'
[4.640s] Level 1:colcon.colcon_core.package_identification:_identify(src/trainingv2/documents/pictures) by extension 'ignore_ament_install'
[4.644s] Level 1:colcon.colcon_core.package_identification:_identify(src/trainingv2/documents/pictures) by extensions ['colcon_pkg']
[4.644s] Level 1:colcon.colcon_core.package_identification:_identify(src/trainingv2/documents/pictures) by extension 'colcon_pkg'
[4.646s] Level 1:colcon.colcon_core.package_identification:_identify(src/trainingv2/documents/pictures) by extensions ['colcon_meta']
[4.647s] Level 1:colcon.colcon_core.package_identification:_identify(src/trainingv2/documents/pictures) by extension 'colcon_meta'
[4.652s] Level 1:colcon.colcon_core.package_identification:_identify(src/trainingv2/documents/pictures) by extensions ['ros']
[4.652s] Level 1:colcon.colcon_core.package_identification:_identify(src/trainingv2/documents/pictures) by extension 'ros'
[4.661s] Level 1:colcon.colcon_core.package_identification:_identify(src/trainingv2/documents/pictures) by extensions ['cmake', 'python']
[4.661s] Level 1:colcon.colcon_core.package_identification:_identify(src/trainingv2/documents/pictures) by extension 'cmake'
[4.663s] Level 1:colcon.colcon_core.package_identification:_identify(src/trainingv2/documents/pictures) by extension 'python'
[4.665s] Level 1:colcon.colcon_core.package_identification:_identify(src/trainingv2/documents/pictures) by extensions ['python_setup_py']
[4.665s] Level 1:colcon.colcon_core.package_identification:_identify(src/trainingv2/documents/pictures) by extension 'python_setup_py'
[4.672s] Level 1:colcon.colcon_core.package_identification:_identify(src/trainingv2/turtlesim_project) by extensions ['ignore', 'ignore_ament_install']
[4.673s] Level 1:colcon.colcon_core.package_identification:_identify(src/trainingv2/turtlesim_project) by extension 'ignore'
[4.674s] Level 1:colcon.colcon_core.package_identification:_identify(src/trainingv2/turtlesim_project) by extension 'ignore_ament_install'
[4.677s] Level 1:colcon.colcon_core.package_identification:_identify(src/trainingv2/turtlesim_project) by extensions ['colcon_pkg']
[4.677s] Level 1:colcon.colcon_core.package_identification:_identify(src/trainingv2/turtlesim_project) by extension 'colcon_pkg'
[4.679s] Level 1:colcon.colcon_core.package_identification:_identify(src/trainingv2/turtlesim_project) by extensions ['colcon_meta']
[4.679s] Level 1:colcon.colcon_core.package_identification:_identify(src/trainingv2/turtlesim_project) by extension 'colcon_meta'
[4.682s] Level 1:colcon.colcon_core.package_identification:_identify(src/trainingv2/turtlesim_project) by extensions ['ros']
[4.682s] Level 1:colcon.colcon_core.package_identification:_identify(src/trainingv2/turtlesim_project) by extension 'ros'
[4.690s] Level 1:colcon.colcon_core.package_identification:_identify(src/trainingv2/turtlesim_project) by extensions ['cmake', 'python']
[4.690s] Level 1:colcon.colcon_core.package_identification:_identify(src/trainingv2/turtlesim_project) by extension 'cmake'
[4.692s] Level 1:colcon.colcon_core.package_identification:_identify(src/trainingv2/turtlesim_project) by extension 'python'
[4.694s] Level 1:colcon.colcon_core.package_identification:_identify(src/trainingv2/turtlesim_project) by extensions ['python_setup_py']
[4.694s] Level 1:colcon.colcon_core.package_identification:_identify(src/trainingv2/turtlesim_project) by extension 'python_setup_py'
[4.705s] Level 1:colcon.colcon_core.package_identification:_identify(src/trainingv2/turtlesim_project/src) by extensions ['ignore', 'ignore_ament_install']
[4.705s] Level 1:colcon.colcon_core.package_identification:_identify(src/trainingv2/turtlesim_project/src) by extension 'ignore'
[4.707s] Level 1:colcon.colcon_core.package_identification:_identify(src/trainingv2/turtlesim_project/src) by extension 'ignore_ament_install'
[4.711s] Level 1:colcon.colcon_core.package_identification:_identify(src/trainingv2/turtlesim_project/src) by extensions ['colcon_pkg']
[4.711s] Level 1:colcon.colcon_core.package_identification:_identify(src/trainingv2/turtlesim_project/src) by extension 'colcon_pkg'
[4.713s] Level 1:colcon.colcon_core.package_identification:_identify(src/trainingv2/turtlesim_project/src) by extensions ['colcon_meta']
[4.713s] Level 1:colcon.colcon_core.package_identification:_identify(src/trainingv2/turtlesim_project/src) by extension 'colcon_meta'
[4.718s] Level 1:colcon.colcon_core.package_identification:_identify(src/trainingv2/turtlesim_project/src) by extensions ['ros']
[4.718s] Level 1:colcon.colcon_core.package_identification:_identify(src/trainingv2/turtlesim_project/src) by extension 'ros'
[4.727s] Level 1:colcon.colcon_core.package_identification:_identify(src/trainingv2/turtlesim_project/src) by extensions ['cmake', 'python']
[4.728s] Level 1:colcon.colcon_core.package_identification:_identify(src/trainingv2/turtlesim_project/src) by extension 'cmake'
[4.730s] Level 1:colcon.colcon_core.package_identification:_identify(src/trainingv2/turtlesim_project/src) by extension 'python'
[4.732s] Level 1:colcon.colcon_core.package_identification:_identify(src/trainingv2/turtlesim_project/src) by extensions ['python_setup_py']
[4.732s] Level 1:colcon.colcon_core.package_identification:_identify(src/trainingv2/turtlesim_project/src) by extension 'python_setup_py'
[4.745s] Level 1:colcon.colcon_core.package_identification:_identify(src/trainingv2/turtlesim_project/src/keyboard) by extensions ['ignore', 'ignore_ament_install']
[4.745s] Level 1:colcon.colcon_core.package_identification:_identify(src/trainingv2/turtlesim_project/src/keyboard) by extension 'ignore'
[4.748s] Level 1:colcon.colcon_core.package_identification:_identify(src/trainingv2/turtlesim_project/src/keyboard) by extension 'ignore_ament_install'
[4.752s] Level 1:colcon.colcon_core.package_identification:_identify(src/trainingv2/turtlesim_project/src/keyboard) by extensions ['colcon_pkg']
[4.753s] Level 1:colcon.colcon_core.package_identification:_identify(src/trainingv2/turtlesim_project/src/keyboard) by extension 'colcon_pkg'
[4.755s] Level 1:colcon.colcon_core.package_identification:_identify(src/trainingv2/turtlesim_project/src/keyboard) by extensions ['colcon_meta']
[4.755s] Level 1:colcon.colcon_core.package_identification:_identify(src/trainingv2/turtlesim_project/src/keyboard) by extension 'colcon_meta'
[4.763s] Level 1:colcon.colcon_core.package_identification:_identify(src/trainingv2/turtlesim_project/src/keyboard) by extensions ['ros']
[4.763s] Level 1:colcon.colcon_core.package_identification:_identify(src/trainingv2/turtlesim_project/src/keyboard) by extension 'ros'
[4.809s] DEBUG:colcon.colcon_core.package_identification:Package 'src/trainingv2/turtlesim_project/src/keyboard' with type 'ros.ament_python' and name 'keyboard'
[4.821s] Level 1:colcon.colcon_core.package_identification:_identify(src/trainingv2/turtlesim_project/src/teleop) by extensions ['ignore', 'ignore_ament_install']
[4.821s] Level 1:colcon.colcon_core.package_identification:_identify(src/trainingv2/turtlesim_project/src/teleop) by extension 'ignore'
[4.824s] Level 1:colcon.colcon_core.package_identification:_identify(src/trainingv2/turtlesim_project/src/teleop) by extension 'ignore_ament_install'
[4.829s] Level 1:colcon.colcon_core.package_identification:_identify(src/trainingv2/turtlesim_project/src/teleop) by extensions ['colcon_pkg']
[4.830s] Level 1:colcon.colcon_core.package_identification:_identify(src/trainingv2/turtlesim_project/src/teleop) by extension 'colcon_pkg'
[4.833s] Level 1:colcon.colcon_core.package_identification:_identify(src/trainingv2/turtlesim_project/src/teleop) by extensions ['colcon_meta']
[4.833s] Level 1:colcon.colcon_core.package_identification:_identify(src/trainingv2/turtlesim_project/src/teleop) by extension 'colcon_meta'
[4.841s] Level 1:colcon.colcon_core.package_identification:_identify(src/trainingv2/turtlesim_project/src/teleop) by extensions ['ros']
[4.841s] Level 1:colcon.colcon_core.package_identification:_identify(src/trainingv2/turtlesim_project/src/teleop) by extension 'ros'
[4.876s] DEBUG:colcon.colcon_core.package_identification:Package 'src/trainingv2/turtlesim_project/src/teleop' with type 'ros.ament_cmake' and name 'teleop'
[4.876s] Level 1:colcon.colcon_core.package_discovery:discover_packages(recursive) using defaults
[4.877s] Level 1:colcon.colcon_core.package_discovery:discover_packages(ignore) discover
[4.877s] Level 1:colcon.colcon_core.package_discovery:discover_packages(ignore) using defaults
[4.877s] Level 1:colcon.colcon_core.package_discovery:discover_packages(path) discover
[4.878s] Level 1:colcon.colcon_core.package_discovery:discover_packages(path) using defaults
[5.219s] Level 1:colcon.colcon_core.package_discovery:discover_packages(prefix_path) check parameters
[5.219s] Level 1:colcon.colcon_core.package_discovery:discover_packages(prefix_path) discover
[5.597s] DEBUG:colcon.colcon_installed_package_information.package_discovery:Found 27 installed packages in /home/ubuntu/rj_training_container/training_ws/install
[5.600s] DEBUG:colcon.colcon_installed_package_information.package_discovery:Found 339 installed packages in /opt/ros/humble
[5.602s] Level 1:colcon.colcon_core.package_discovery:discover_packages(prefix_path) using defaults
[6.013s] Level 5:colcon.colcon_core.verb:set package 'astar_path_planner' build argument 'cmake_args' from command line to 'None'
[6.014s] Level 5:colcon.colcon_core.verb:set package 'astar_path_planner' build argument 'cmake_target' from command line to 'None'
[6.014s] Level 5:colcon.colcon_core.verb:set package 'astar_path_planner' build argument 'cmake_target_skip_unavailable' from command line to 'False'
[6.014s] Level 5:colcon.colcon_core.verb:set package 'astar_path_planner' build argument 'cmake_clean_cache' from command line to 'False'
[6.015s] Level 5:colcon.colcon_core.verb:set package 'astar_path_planner' build argument 'cmake_clean_first' from command line to 'False'
[6.015s] Level 5:colcon.colcon_core.verb:set package 'astar_path_planner' build argument 'cmake_force_configure' from command line to 'False'
[6.015s] Level 5:colcon.colcon_core.verb:set package 'astar_path_planner' build argument 'ament_cmake_args' from command line to 'None'
[6.016s] Level 5:colcon.colcon_core.verb:set package 'astar_path_planner' build argument 'catkin_cmake_args' from command line to 'None'
[6.016s] Level 5:colcon.colcon_core.verb:set package 'astar_path_planner' build argument 'catkin_skip_building_tests' from command line to 'False'
[6.016s] DEBUG:colcon.colcon_core.verb:Building package 'astar_path_planner' with the following arguments: {'ament_cmake_args': None, 'build_base': '/home/ubuntu/rj_training_container/training_ws/build/astar_path_planner', 'catkin_cmake_args': None, 'catkin_skip_building_tests': False, 'cmake_args': None, 'cmake_clean_cache': False, 'cmake_clean_first': False, 'cmake_force_configure': False, 'cmake_target': None, 'cmake_target_skip_unavailable': False, 'install_base': '/home/ubuntu/rj_training_container/training_ws/install/astar_path_planner', 'merge_install': False, 'path': '/home/ubuntu/rj_training_container/training_ws/src/software-training-old/astar_path_planner', 'symlink_install': False, 'test_result_base': None}
[6.017s] Level 5:colcon.colcon_core.verb:set package 'controllers' build argument 'cmake_args' from command line to 'None'
[6.017s] Level 5:colcon.colcon_core.verb:set package 'controllers' build argument 'cmake_target' from command line to 'None'
[6.017s] Level 5:colcon.colcon_core.verb:set package 'controllers' build argument 'cmake_target_skip_unavailable' from command line to 'False'
[6.017s] Level 5:colcon.colcon_core.verb:set package 'controllers' build argument 'cmake_clean_cache' from command line to 'False'
[6.018s] Level 5:colcon.colcon_core.verb:set package 'controllers' build argument 'cmake_clean_first' from command line to 'False'
[6.018s] Level 5:colcon.colcon_core.verb:set package 'controllers' build argument 'cmake_force_configure' from command line to 'False'
[6.018s] Level 5:colcon.colcon_core.verb:set package 'controllers' build argument 'ament_cmake_args' from command line to 'None'
[6.018s] Level 5:colcon.colcon_core.verb:set package 'controllers' build argument 'catkin_cmake_args' from command line to 'None'
[6.019s] Level 5:colcon.colcon_core.verb:set package 'controllers' build argument 'catkin_skip_building_tests' from command line to 'False'
[6.019s] DEBUG:colcon.colcon_core.verb:Building package 'controllers' with the following arguments: {'ament_cmake_args': None, 'build_base': '/home/ubuntu/rj_training_container/training_ws/build/controllers', 'catkin_cmake_args': None, 'catkin_skip_building_tests': False, 'cmake_args': None, 'cmake_clean_cache': False, 'cmake_clean_first': False, 'cmake_force_configure': False, 'cmake_target': None, 'cmake_target_skip_unavailable': False, 'install_base': '/home/ubuntu/rj_training_container/training_ws/install/controllers', 'merge_install': False, 'path': '/home/ubuntu/rj_training_container/training_ws/src/software-training-old/controllers', 'symlink_install': False, 'test_result_base': None}
[6.019s] Level 5:colcon.colcon_core.verb:set package 'joystick_msgs' build argument 'cmake_args' from command line to 'None'
[6.020s] Level 5:colcon.colcon_core.verb:set package 'joystick_msgs' build argument 'cmake_target' from command line to 'None'
[6.020s] Level 5:colcon.colcon_core.verb:set package 'joystick_msgs' build argument 'cmake_target_skip_unavailable' from command line to 'False'
[6.020s] Level 5:colcon.colcon_core.verb:set package 'joystick_msgs' build argument 'cmake_clean_cache' from command line to 'False'
[6.020s] Level 5:colcon.colcon_core.verb:set package 'joystick_msgs' build argument 'cmake_clean_first' from command line to 'False'
[6.020s] Level 5:colcon.colcon_core.verb:set package 'joystick_msgs' build argument 'cmake_force_configure' from command line to 'False'
[6.021s] Level 5:colcon.colcon_core.verb:set package 'joystick_msgs' build argument 'ament_cmake_args' from command line to 'None'
[6.021s] Level 5:colcon.colcon_core.verb:set package 'joystick_msgs' build argument 'catkin_cmake_args' from command line to 'None'
[6.021s] Level 5:colcon.colcon_core.verb:set package 'joystick_msgs' build argument 'catkin_skip_building_tests' from command line to 'False'
[6.021s] DEBUG:colcon.colcon_core.verb:Building package 'joystick_msgs' with the following arguments: {'ament_cmake_args': None, 'build_base': '/home/ubuntu/rj_training_container/training_ws/build/joystick_msgs', 'catkin_cmake_args': None, 'catkin_skip_building_tests': False, 'cmake_args': None, 'cmake_clean_cache': False, 'cmake_clean_first': False, 'cmake_force_configure': False, 'cmake_target': None, 'cmake_target_skip_unavailable': False, 'install_base': '/home/ubuntu/rj_training_container/training_ws/install/joystick_msgs', 'merge_install': False, 'path': '/home/ubuntu/rj_training_container/training_ws/src/trainingv2/controller_project/joystick_msgs', 'symlink_install': False, 'test_result_base': None}
[6.022s] Level 5:colcon.colcon_core.verb:set package 'keyboard' build argument 'cmake_args' from command line to 'None'
[6.022s] Level 5:colcon.colcon_core.verb:set package 'keyboard' build argument 'cmake_target' from command line to 'None'
[6.022s] Level 5:colcon.colcon_core.verb:set package 'keyboard' build argument 'cmake_target_skip_unavailable' from command line to 'False'
[6.022s] Level 5:colcon.colcon_core.verb:set package 'keyboard' build argument 'cmake_clean_cache' from command line to 'False'
[6.022s] Level 5:colcon.colcon_core.verb:set package 'keyboard' build argument 'cmake_clean_first' from command line to 'False'
[6.022s] Level 5:colcon.colcon_core.verb:set package 'keyboard' build argument 'cmake_force_configure' from command line to 'False'
[6.023s] Level 5:colcon.colcon_core.verb:set package 'keyboard' build argument 'ament_cmake_args' from command line to 'None'
[6.023s] Level 5:colcon.colcon_core.verb:set package 'keyboard' build argument 'catkin_cmake_args' from command line to 'None'
[6.023s] Level 5:colcon.colcon_core.verb:set package 'keyboard' build argument 'catkin_skip_building_tests' from command line to 'False'
[6.023s] DEBUG:colcon.colcon_core.verb:Building package 'keyboard' with the following arguments: {'ament_cmake_args': None, 'build_base': '/home/ubuntu/rj_training_container/training_ws/build/keyboard', 'catkin_cmake_args': None, 'catkin_skip_building_tests': False, 'cmake_args': None, 'cmake_clean_cache': False, 'cmake_clean_first': False, 'cmake_force_configure': False, 'cmake_target': None, 'cmake_target_skip_unavailable': False, 'install_base': '/home/ubuntu/rj_training_container/training_ws/install/keyboard', 'merge_install': False, 'path': '/home/ubuntu/rj_training_container/training_ws/src/trainingv2/turtlesim_project/src/keyboard', 'symlink_install': False, 'test_result_base': None}
[6.024s] Level 5:colcon.colcon_core.verb:set package 'mapping' build argument 'cmake_args' from command line to 'None'
[6.024s] Level 5:colcon.colcon_core.verb:set package 'mapping' build argument 'cmake_target' from command line to 'None'
[6.024s] Level 5:colcon.colcon_core.verb:set package 'mapping' build argument 'cmake_target_skip_unavailable' from command line to 'False'
[6.024s] Level 5:colcon.colcon_core.verb:set package 'mapping' build argument 'cmake_clean_cache' from command line to 'False'
[6.024s] Level 5:colcon.colcon_core.verb:set package 'mapping' build argument 'cmake_clean_first' from command line to 'False'
[6.025s] Level 5:colcon.colcon_core.verb:set package 'mapping' build argument 'cmake_force_configure' from command line to 'False'
[6.025s] Level 5:colcon.colcon_core.verb:set package 'mapping' build argument 'ament_cmake_args' from command line to 'None'
[6.025s] Level 5:colcon.colcon_core.verb:set package 'mapping' build argument 'catkin_cmake_args' from command line to 'None'
[6.025s] Level 5:colcon.colcon_core.verb:set package 'mapping' build argument 'catkin_skip_building_tests' from command line to 'False'
[6.025s] DEBUG:colcon.colcon_core.verb:Building package 'mapping' with the following arguments: {'ament_cmake_args': None, 'build_base': '/home/ubuntu/rj_training_container/training_ws/build/mapping', 'catkin_cmake_args': None, 'catkin_skip_building_tests': False, 'cmake_args': None, 'cmake_clean_cache': False, 'cmake_clean_first': False, 'cmake_force_configure': False, 'cmake_target': None, 'cmake_target_skip_unavailable': False, 'install_base': '/home/ubuntu/rj_training_container/training_ws/install/mapping', 'merge_install': False, 'path': '/home/ubuntu/rj_training_container/training_ws/src/software-training-old/mapping', 'symlink_install': False, 'test_result_base': None}
[6.026s] Level 5:colcon.colcon_core.verb:set package 'obstacle_detector' build argument 'cmake_args' from command line to 'None'
[6.027s] Level 5:colcon.colcon_core.verb:set package 'obstacle_detector' build argument 'cmake_target' from command line to 'None'
[6.027s] Level 5:colcon.colcon_core.verb:set package 'obstacle_detector' build argument 'cmake_target_skip_unavailable' from command line to 'False'
[6.027s] Level 5:colcon.colcon_core.verb:set package 'obstacle_detector' build argument 'cmake_clean_cache' from command line to 'False'
[6.027s] Level 5:colcon.colcon_core.verb:set package 'obstacle_detector' build argument 'cmake_clean_first' from command line to 'False'
[6.027s] Level 5:colcon.colcon_core.verb:set package 'obstacle_detector' build argument 'cmake_force_configure' from command line to 'False'
[6.028s] Level 5:colcon.colcon_core.verb:set package 'obstacle_detector' build argument 'ament_cmake_args' from command line to 'None'
[6.028s] Level 5:colcon.colcon_core.verb:set package 'obstacle_detector' build argument 'catkin_cmake_args' from command line to 'None'
[6.028s] Level 5:colcon.colcon_core.verb:set package 'obstacle_detector' build argument 'catkin_skip_building_tests' from command line to 'False'
[6.028s] DEBUG:colcon.colcon_core.verb:Building package 'obstacle_detector' with the following arguments: {'ament_cmake_args': None, 'build_base': '/home/ubuntu/rj_training_container/training_ws/build/obstacle_detector', 'catkin_cmake_args': None, 'catkin_skip_building_tests': False, 'cmake_args': None, 'cmake_clean_cache': False, 'cmake_clean_first': False, 'cmake_force_configure': False, 'cmake_target': None, 'cmake_target_skip_unavailable': False, 'install_base': '/home/ubuntu/rj_training_container/training_ws/install/obstacle_detector', 'merge_install': False, 'path': '/home/ubuntu/rj_training_container/training_ws/src/software-training-old/obstacle_detector', 'symlink_install': False, 'test_result_base': None}
[6.030s] Level 5:colcon.colcon_core.verb:set package 'rj_training_bringup' build argument 'cmake_args' from command line to 'None'
[6.030s] Level 5:colcon.colcon_core.verb:set package 'rj_training_bringup' build argument 'cmake_target' from command line to 'None'
[6.031s] Level 5:colcon.colcon_core.verb:set package 'rj_training_bringup' build argument 'cmake_target_skip_unavailable' from command line to 'False'
[6.031s] Level 5:colcon.colcon_core.verb:set package 'rj_training_bringup' build argument 'cmake_clean_cache' from command line to 'False'
[6.031s] Level 5:colcon.colcon_core.verb:set package 'rj_training_bringup' build argument 'cmake_clean_first' from command line to 'False'
[6.031s] Level 5:colcon.colcon_core.verb:set package 'rj_training_bringup' build argument 'cmake_force_configure' from command line to 'False'
[6.032s] Level 5:colcon.colcon_core.verb:set package 'rj_training_bringup' build argument 'ament_cmake_args' from command line to 'None'
[6.032s] Level 5:colcon.colcon_core.verb:set package 'rj_training_bringup' build argument 'catkin_cmake_args' from command line to 'None'
[6.032s] Level 5:colcon.colcon_core.verb:set package 'rj_training_bringup' build argument 'catkin_skip_building_tests' from command line to 'False'
[6.032s] DEBUG:colcon.colcon_core.verb:Building package 'rj_training_bringup' with the following arguments: {'ament_cmake_args': None, 'build_base': '/home/ubuntu/rj_training_container/training_ws/build/rj_training_bringup', 'catkin_cmake_args': None, 'catkin_skip_building_tests': False, 'cmake_args': None, 'cmake_clean_cache': False, 'cmake_clean_first': False, 'cmake_force_configure': False, 'cmake_target': None, 'cmake_target_skip_unavailable': False, 'install_base': '/home/ubuntu/rj_training_container/training_ws/install/rj_training_bringup', 'merge_install': False, 'path': '/home/ubuntu/rj_training_container/training_ws/src/software-training-old/rj_training_bringup', 'symlink_install': False, 'test_result_base': None}
[6.033s] Level 5:colcon.colcon_core.verb:set package 'stsl_gazebo_plugins' build argument 'cmake_args' from command line to 'None'
[6.033s] Level 5:colcon.colcon_core.verb:set package 'stsl_gazebo_plugins' build argument 'cmake_target' from command line to 'None'
[6.033s] Level 5:colcon.colcon_core.verb:set package 'stsl_gazebo_plugins' build argument 'cmake_target_skip_unavailable' from command line to 'False'
[6.033s] Level 5:colcon.colcon_core.verb:set package 'stsl_gazebo_plugins' build argument 'cmake_clean_cache' from command line to 'False'
[6.034s] Level 5:colcon.colcon_core.verb:set package 'stsl_gazebo_plugins' build argument 'cmake_clean_first' from command line to 'False'
[6.034s] Level 5:colcon.colcon_core.verb:set package 'stsl_gazebo_plugins' build argument 'cmake_force_configure' from command line to 'False'
[6.034s] Level 5:colcon.colcon_core.verb:set package 'stsl_gazebo_plugins' build argument 'ament_cmake_args' from command line to 'None'
[6.034s] Level 5:colcon.colcon_core.verb:set package 'stsl_gazebo_plugins' build argument 'catkin_cmake_args' from command line to 'None'
[6.034s] Level 5:colcon.colcon_core.verb:set package 'stsl_gazebo_plugins' build argument 'catkin_skip_building_tests' from command line to 'False'
[6.035s] DEBUG:colcon.colcon_core.verb:Building package 'stsl_gazebo_plugins' with the following arguments: {'ament_cmake_args': None, 'build_base': '/home/ubuntu/rj_training_container/training_ws/build/stsl_gazebo_plugins', 'catkin_cmake_args': None, 'catkin_skip_building_tests': False, 'cmake_args': None, 'cmake_clean_cache': False, 'cmake_clean_first': False, 'cmake_force_configure': False, 'cmake_target': None, 'cmake_target_skip_unavailable': False, 'install_base': '/home/ubuntu/rj_training_container/training_ws/install/stsl_gazebo_plugins', 'merge_install': False, 'path': '/home/ubuntu/rj_training_container/training_ws/src/stsl/stsl_gazebo_plugins', 'symlink_install': False, 'test_result_base': None}
[6.035s] Level 5:colcon.colcon_core.verb:set package 'stsl_interfaces' build argument 'cmake_args' from command line to 'None'
[6.036s] Level 5:colcon.colcon_core.verb:set package 'stsl_interfaces' build argument 'cmake_target' from command line to 'None'
[6.036s] Level 5:colcon.colcon_core.verb:set package 'stsl_interfaces' build argument 'cmake_target_skip_unavailable' from command line to 'False'
[6.036s] Level 5:colcon.colcon_core.verb:set package 'stsl_interfaces' build argument 'cmake_clean_cache' from command line to 'False'
[6.036s] Level 5:colcon.colcon_core.verb:set package 'stsl_interfaces' build argument 'cmake_clean_first' from command line to 'False'
[6.036s] Level 5:colcon.colcon_core.verb:set package 'stsl_interfaces' build argument 'cmake_force_configure' from command line to 'False'
[6.036s] Level 5:colcon.colcon_core.verb:set package 'stsl_interfaces' build argument 'ament_cmake_args' from command line to 'None'
[6.037s] Level 5:colcon.colcon_core.verb:set package 'stsl_interfaces' build argument 'catkin_cmake_args' from command line to 'None'
[6.037s] Level 5:colcon.colcon_core.verb:set package 'stsl_interfaces' build argument 'catkin_skip_building_tests' from command line to 'False'
[6.037s] DEBUG:colcon.colcon_core.verb:Building package 'stsl_interfaces' with the following arguments: {'ament_cmake_args': None, 'build_base': '/home/ubuntu/rj_training_container/training_ws/build/stsl_interfaces', 'catkin_cmake_args': None, 'catkin_skip_building_tests': False, 'cmake_args': None, 'cmake_clean_cache': False, 'cmake_clean_first': False, 'cmake_force_configure': False, 'cmake_target': None, 'cmake_target_skip_unavailable': False, 'install_base': '/home/ubuntu/rj_training_container/training_ws/install/stsl_interfaces', 'merge_install': False, 'path': '/home/ubuntu/rj_training_container/training_ws/src/stsl/stsl_interfaces', 'symlink_install': False, 'test_result_base': None}
[6.038s] Level 5:colcon.colcon_core.verb:set package 'stsl_nav_plugins' build argument 'cmake_args' from command line to 'None'
[6.038s] Level 5:colcon.colcon_core.verb:set package 'stsl_nav_plugins' build argument 'cmake_target' from command line to 'None'
[6.038s] Level 5:colcon.colcon_core.verb:set package 'stsl_nav_plugins' build argument 'cmake_target_skip_unavailable' from command line to 'False'
[6.038s] Level 5:colcon.colcon_core.verb:set package 'stsl_nav_plugins' build argument 'cmake_clean_cache' from command line to 'False'
[6.038s] Level 5:colcon.colcon_core.verb:set package 'stsl_nav_plugins' build argument 'cmake_clean_first' from command line to 'False'
[6.039s] Level 5:colcon.colcon_core.verb:set package 'stsl_nav_plugins' build argument 'cmake_force_configure' from command line to 'False'
[6.039s] Level 5:colcon.colcon_core.verb:set package 'stsl_nav_plugins' build argument 'ament_cmake_args' from command line to 'None'
[6.039s] Level 5:colcon.colcon_core.verb:set package 'stsl_nav_plugins' build argument 'catkin_cmake_args' from command line to 'None'
[6.039s] Level 5:colcon.colcon_core.verb:set package 'stsl_nav_plugins' build argument 'catkin_skip_building_tests' from command line to 'False'
[6.039s] DEBUG:colcon.colcon_core.verb:Building package 'stsl_nav_plugins' with the following arguments: {'ament_cmake_args': None, 'build_base': '/home/ubuntu/rj_training_container/training_ws/build/stsl_nav_plugins', 'catkin_cmake_args': None, 'catkin_skip_building_tests': False, 'cmake_args': None, 'cmake_clean_cache': False, 'cmake_clean_first': False, 'cmake_force_configure': False, 'cmake_target': None, 'cmake_target_skip_unavailable': False, 'install_base': '/home/ubuntu/rj_training_container/training_ws/install/stsl_nav_plugins', 'merge_install': False, 'path': '/home/ubuntu/rj_training_container/training_ws/src/stsl/stsl_nav_plugins', 'symlink_install': False, 'test_result_base': None}
[6.040s] Level 5:colcon.colcon_core.verb:set package 'stsl_utils' build argument 'cmake_args' from command line to 'None'
[6.040s] Level 5:colcon.colcon_core.verb:set package 'stsl_utils' build argument 'cmake_target' from command line to 'None'
[6.040s] Level 5:colcon.colcon_core.verb:set package 'stsl_utils' build argument 'cmake_target_skip_unavailable' from command line to 'False'
[6.040s] Level 5:colcon.colcon_core.verb:set package 'stsl_utils' build argument 'cmake_clean_cache' from command line to 'False'
[6.040s] Level 5:colcon.colcon_core.verb:set package 'stsl_utils' build argument 'cmake_clean_first' from command line to 'False'
[6.040s] Level 5:colcon.colcon_core.verb:set package 'stsl_utils' build argument 'cmake_force_configure' from command line to 'False'
[6.041s] Level 5:colcon.colcon_core.verb:set package 'stsl_utils' build argument 'ament_cmake_args' from command line to 'None'
[6.041s] Level 5:colcon.colcon_core.verb:set package 'stsl_utils' build argument 'catkin_cmake_args' from command line to 'None'
[6.041s] Level 5:colcon.colcon_core.verb:set package 'stsl_utils' build argument 'catkin_skip_building_tests' from command line to 'False'
[6.041s] DEBUG:colcon.colcon_core.verb:Building package 'stsl_utils' with the following arguments: {'ament_cmake_args': None, 'build_base': '/home/ubuntu/rj_training_container/training_ws/build/stsl_utils', 'catkin_cmake_args': None, 'catkin_skip_building_tests': False, 'cmake_args': None, 'cmake_clean_cache': False, 'cmake_clean_first': False, 'cmake_force_configure': False, 'cmake_target': None, 'cmake_target_skip_unavailable': False, 'install_base': '/home/ubuntu/rj_training_container/training_ws/install/stsl_utils', 'merge_install': False, 'path': '/home/ubuntu/rj_training_container/training_ws/src/stsl/stsl_utils', 'symlink_install': False, 'test_result_base': None}
[6.042s] Level 5:colcon.colcon_core.verb:set package 'teleop' build argument 'cmake_args' from command line to 'None'
[6.042s] Level 5:colcon.colcon_core.verb:set package 'teleop' build argument 'cmake_target' from command line to 'None'
[6.042s] Level 5:colcon.colcon_core.verb:set package 'teleop' build argument 'cmake_target_skip_unavailable' from command line to 'False'
[6.042s] Level 5:colcon.colcon_core.verb:set package 'teleop' build argument 'cmake_clean_cache' from command line to 'False'
[6.043s] Level 5:colcon.colcon_core.verb:set package 'teleop' build argument 'cmake_clean_first' from command line to 'False'
[6.043s] Level 5:colcon.colcon_core.verb:set package 'teleop' build argument 'cmake_force_configure' from command line to 'False'
[6.043s] Level 5:colcon.colcon_core.verb:set package 'teleop' build argument 'ament_cmake_args' from command line to 'None'
[6.043s] Level 5:colcon.colcon_core.verb:set package 'teleop' build argument 'catkin_cmake_args' from command line to 'None'
[6.043s] Level 5:colcon.colcon_core.verb:set package 'teleop' build argument 'catkin_skip_building_tests' from command line to 'False'
[6.044s] DEBUG:colcon.colcon_core.verb:Building package 'teleop' with the following arguments: {'ament_cmake_args': None, 'build_base': '/home/ubuntu/rj_training_container/training_ws/build/teleop', 'catkin_cmake_args': None, 'catkin_skip_building_tests': False, 'cmake_args': None, 'cmake_clean_cache': False, 'cmake_clean_first': False, 'cmake_force_configure': False, 'cmake_target': None, 'cmake_target_skip_unavailable': False, 'install_base': '/home/ubuntu/rj_training_container/training_ws/install/teleop', 'merge_install': False, 'path': '/home/ubuntu/rj_training_container/training_ws/src/trainingv2/turtlesim_project/src/teleop', 'symlink_install': False, 'test_result_base': None}
[6.044s] Level 5:colcon.colcon_core.verb:set package 'traini_description' build argument 'cmake_args' from command line to 'None'
[6.044s] Level 5:colcon.colcon_core.verb:set package 'traini_description' build argument 'cmake_target' from command line to 'None'
[6.045s] Level 5:colcon.colcon_core.verb:set package 'traini_description' build argument 'cmake_target_skip_unavailable' from command line to 'False'
[6.045s] Level 5:colcon.colcon_core.verb:set package 'traini_description' build argument 'cmake_clean_cache' from command line to 'False'
[6.045s] Level 5:colcon.colcon_core.verb:set package 'traini_description' build argument 'cmake_clean_first' from command line to 'False'
[6.045s] Level 5:colcon.colcon_core.verb:set package 'traini_description' build argument 'cmake_force_configure' from command line to 'False'
[6.045s] Level 5:colcon.colcon_core.verb:set package 'traini_description' build argument 'ament_cmake_args' from command line to 'None'
[6.046s] Level 5:colcon.colcon_core.verb:set package 'traini_description' build argument 'catkin_cmake_args' from command line to 'None'
[6.046s] Level 5:colcon.colcon_core.verb:set package 'traini_description' build argument 'catkin_skip_building_tests' from command line to 'False'
[6.046s] DEBUG:colcon.colcon_core.verb:Building package 'traini_description' with the following arguments: {'ament_cmake_args': None, 'build_base': '/home/ubuntu/rj_training_container/training_ws/build/traini_description', 'catkin_cmake_args': None, 'catkin_skip_building_tests': False, 'cmake_args': None, 'cmake_clean_cache': False, 'cmake_clean_first': False, 'cmake_force_configure': False, 'cmake_target': None, 'cmake_target_skip_unavailable': False, 'install_base': '/home/ubuntu/rj_training_container/training_ws/install/traini_description', 'merge_install': False, 'path': '/home/ubuntu/rj_training_container/training_ws/src/stsl/traini_description', 'symlink_install': False, 'test_result_base': None}
[6.047s] Level 5:colcon.colcon_core.verb:set package 'coordinate_transform' build argument 'cmake_args' from command line to 'None'
[6.047s] Level 5:colcon.colcon_core.verb:set package 'coordinate_transform' build argument 'cmake_target' from command line to 'None'
[6.047s] Level 5:colcon.colcon_core.verb:set package 'coordinate_transform' build argument 'cmake_target_skip_unavailable' from command line to 'False'
[6.047s] Level 5:colcon.colcon_core.verb:set package 'coordinate_transform' build argument 'cmake_clean_cache' from command line to 'False'
[6.047s] Level 5:colcon.colcon_core.verb:set package 'coordinate_transform' build argument 'cmake_clean_first' from command line to 'False'
[6.047s] Level 5:colcon.colcon_core.verb:set package 'coordinate_transform' build argument 'cmake_force_configure' from command line to 'False'
[6.047s] Level 5:colcon.colcon_core.verb:set package 'coordinate_transform' build argument 'ament_cmake_args' from command line to 'None'
[6.048s] Level 5:colcon.colcon_core.verb:set package 'coordinate_transform' build argument 'catkin_cmake_args' from command line to 'None'
[6.048s] Level 5:colcon.colcon_core.verb:set package 'coordinate_transform' build argument 'catkin_skip_building_tests' from command line to 'False'
[6.048s] DEBUG:colcon.colcon_core.verb:Building package 'coordinate_transform' with the following arguments: {'ament_cmake_args': None, 'build_base': '/home/ubuntu/rj_training_container/training_ws/build/coordinate_transform', 'catkin_cmake_args': None, 'catkin_skip_building_tests': False, 'cmake_args': None, 'cmake_clean_cache': False, 'cmake_clean_first': False, 'cmake_force_configure': False, 'cmake_target': None, 'cmake_target_skip_unavailable': False, 'install_base': '/home/ubuntu/rj_training_container/training_ws/install/coordinate_transform', 'merge_install': False, 'path': '/home/ubuntu/rj_training_container/training_ws/src/software-training-old/coordinate_transform', 'symlink_install': False, 'test_result_base': None}
[6.049s] Level 5:colcon.colcon_core.verb:set package 'elevation_server' build argument 'cmake_args' from command line to 'None'
[6.049s] Level 5:colcon.colcon_core.verb:set package 'elevation_server' build argument 'cmake_target' from command line to 'None'
[6.049s] Level 5:colcon.colcon_core.verb:set package 'elevation_server' build argument 'cmake_target_skip_unavailable' from command line to 'False'
[6.049s] Level 5:colcon.colcon_core.verb:set package 'elevation_server' build argument 'cmake_clean_cache' from command line to 'False'
[6.049s] Level 5:colcon.colcon_core.verb:set package 'elevation_server' build argument 'cmake_clean_first' from command line to 'False'
[6.050s] Level 5:colcon.colcon_core.verb:set package 'elevation_server' build argument 'cmake_force_configure' from command line to 'False'
[6.050s] Level 5:colcon.colcon_core.verb:set package 'elevation_server' build argument 'ament_cmake_args' from command line to 'None'
[6.050s] Level 5:colcon.colcon_core.verb:set package 'elevation_server' build argument 'catkin_cmake_args' from command line to 'None'
[6.050s] Level 5:colcon.colcon_core.verb:set package 'elevation_server' build argument 'catkin_skip_building_tests' from command line to 'False'
[6.050s] DEBUG:colcon.colcon_core.verb:Building package 'elevation_server' with the following arguments: {'ament_cmake_args': None, 'build_base': '/home/ubuntu/rj_training_container/training_ws/build/elevation_server', 'catkin_cmake_args': None, 'catkin_skip_building_tests': False, 'cmake_args': None, 'cmake_clean_cache': False, 'cmake_clean_first': False, 'cmake_force_configure': False, 'cmake_target': None, 'cmake_target_skip_unavailable': False, 'install_base': '/home/ubuntu/rj_training_container/training_ws/install/elevation_server', 'merge_install': False, 'path': '/home/ubuntu/rj_training_container/training_ws/src/stsl/elevation_server', 'symlink_install': False, 'test_result_base': None}
[6.051s] Level 5:colcon.colcon_core.verb:set package 'joystick_package' build argument 'cmake_args' from command line to 'None'
[6.051s] Level 5:colcon.colcon_core.verb:set package 'joystick_package' build argument 'cmake_target' from command line to 'None'
[6.052s] Level 5:colcon.colcon_core.verb:set package 'joystick_package' build argument 'cmake_target_skip_unavailable' from command line to 'False'
[6.052s] Level 5:colcon.colcon_core.verb:set package 'joystick_package' build argument 'cmake_clean_cache' from command line to 'False'
[6.052s] Level 5:colcon.colcon_core.verb:set package 'joystick_package' build argument 'cmake_clean_first' from command line to 'False'
[6.052s] Level 5:colcon.colcon_core.verb:set package 'joystick_package' build argument 'cmake_force_configure' from command line to 'False'
[6.053s] Level 5:colcon.colcon_core.verb:set package 'joystick_package' build argument 'ament_cmake_args' from command line to 'None'
[6.053s] Level 5:colcon.colcon_core.verb:set package 'joystick_package' build argument 'catkin_cmake_args' from command line to 'None'
[6.053s] Level 5:colcon.colcon_core.verb:set package 'joystick_package' build argument 'catkin_skip_building_tests' from command line to 'False'
[6.053s] DEBUG:colcon.colcon_core.verb:Building package 'joystick_package' with the following arguments: {'ament_cmake_args': None, 'build_base': '/home/ubuntu/rj_training_container/training_ws/build/joystick_package', 'catkin_cmake_args': None, 'catkin_skip_building_tests': False, 'cmake_args': None, 'cmake_clean_cache': False, 'cmake_clean_first': False, 'cmake_force_configure': False, 'cmake_target': None, 'cmake_target_skip_unavailable': False, 'install_base': '/home/ubuntu/rj_training_container/training_ws/install/joystick_package', 'merge_install': False, 'path': '/home/ubuntu/rj_training_container/training_ws/src/trainingv2/controller_project/joystick_package', 'symlink_install': False, 'test_result_base': None}
[6.053s] Level 5:colcon.colcon_core.verb:set package 'localization' build argument 'cmake_args' from command line to 'None'
[6.054s] Level 5:colcon.colcon_core.verb:set package 'localization' build argument 'cmake_target' from command line to 'None'
[6.054s] Level 5:colcon.colcon_core.verb:set package 'localization' build argument 'cmake_target_skip_unavailable' from command line to 'False'
[6.054s] Level 5:colcon.colcon_core.verb:set package 'localization' build argument 'cmake_clean_cache' from command line to 'False'
[6.054s] Level 5:colcon.colcon_core.verb:set package 'localization' build argument 'cmake_clean_first' from command line to 'False'
[6.054s] Level 5:colcon.colcon_core.verb:set package 'localization' build argument 'cmake_force_configure' from command line to 'False'
[6.054s] Level 5:colcon.colcon_core.verb:set package 'localization' build argument 'ament_cmake_args' from command line to 'None'
[6.054s] Level 5:colcon.colcon_core.verb:set package 'localization' build argument 'catkin_cmake_args' from command line to 'None'
[6.055s] Level 5:colcon.colcon_core.verb:set package 'localization' build argument 'catkin_skip_building_tests' from command line to 'False'
[6.055s] DEBUG:colcon.colcon_core.verb:Building package 'localization' with the following arguments: {'ament_cmake_args': None, 'build_base': '/home/ubuntu/rj_training_container/training_ws/build/localization', 'catkin_cmake_args': None, 'catkin_skip_building_tests': False, 'cmake_args': None, 'cmake_clean_cache': False, 'cmake_clean_first': False, 'cmake_force_configure': False, 'cmake_target': None, 'cmake_target_skip_unavailable': False, 'install_base': '/home/ubuntu/rj_training_container/training_ws/install/localization', 'merge_install': False, 'path': '/home/ubuntu/rj_training_container/training_ws/src/software-training-old/localization', 'symlink_install': False, 'test_result_base': None}
[6.056s] Level 5:colcon.colcon_core.verb:set package 'mineral_deposit_detection' build argument 'cmake_args' from command line to 'None'
[6.056s] Level 5:colcon.colcon_core.verb:set package 'mineral_deposit_detection' build argument 'cmake_target' from command line to 'None'
[6.056s] Level 5:colcon.colcon_core.verb:set package 'mineral_deposit_detection' build argument 'cmake_target_skip_unavailable' from command line to 'False'
[6.056s] Level 5:colcon.colcon_core.verb:set package 'mineral_deposit_detection' build argument 'cmake_clean_cache' from command line to 'False'
[6.056s] Level 5:colcon.colcon_core.verb:set package 'mineral_deposit_detection' build argument 'cmake_clean_first' from command line to 'False'
[6.056s] Level 5:colcon.colcon_core.verb:set package 'mineral_deposit_detection' build argument 'cmake_force_configure' from command line to 'False'
[6.057s] Level 5:colcon.colcon_core.verb:set package 'mineral_deposit_detection' build argument 'ament_cmake_args' from command line to 'None'
[6.057s] Level 5:colcon.colcon_core.verb:set package 'mineral_deposit_detection' build argument 'catkin_cmake_args' from command line to 'None'
[6.057s] Level 5:colcon.colcon_core.verb:set package 'mineral_deposit_detection' build argument 'catkin_skip_building_tests' from command line to 'False'
[6.057s] DEBUG:colcon.colcon_core.verb:Building package 'mineral_deposit_detection' with the following arguments: {'ament_cmake_args': None, 'build_base': '/home/ubuntu/rj_training_container/training_ws/build/mineral_deposit_detection', 'catkin_cmake_args': None, 'catkin_skip_building_tests': False, 'cmake_args': None, 'cmake_clean_cache': False, 'cmake_clean_first': False, 'cmake_force_configure': False, 'cmake_target': None, 'cmake_target_skip_unavailable': False, 'install_base': '/home/ubuntu/rj_training_container/training_ws/install/mineral_deposit_detection', 'merge_install': False, 'path': '/home/ubuntu/rj_training_container/training_ws/src/stsl/mineral_deposit_detection', 'symlink_install': False, 'test_result_base': None}
[6.058s] Level 5:colcon.colcon_core.verb:set package 'mineral_deposit_tracking' build argument 'cmake_args' from command line to 'None'
[6.058s] Level 5:colcon.colcon_core.verb:set package 'mineral_deposit_tracking' build argument 'cmake_target' from command line to 'None'
[6.058s] Level 5:colcon.colcon_core.verb:set package 'mineral_deposit_tracking' build argument 'cmake_target_skip_unavailable' from command line to 'False'
[6.059s] Level 5:colcon.colcon_core.verb:set package 'mineral_deposit_tracking' build argument 'cmake_clean_cache' from command line to 'False'
[6.059s] Level 5:colcon.colcon_core.verb:set package 'mineral_deposit_tracking' build argument 'cmake_clean_first' from command line to 'False'
[6.059s] Level 5:colcon.colcon_core.verb:set package 'mineral_deposit_tracking' build argument 'cmake_force_configure' from command line to 'False'
[6.059s] Level 5:colcon.colcon_core.verb:set package 'mineral_deposit_tracking' build argument 'ament_cmake_args' from command line to 'None'
[6.059s] Level 5:colcon.colcon_core.verb:set package 'mineral_deposit_tracking' build argument 'catkin_cmake_args' from command line to 'None'
[6.060s] Level 5:colcon.colcon_core.verb:set package 'mineral_deposit_tracking' build argument 'catkin_skip_building_tests' from command line to 'False'
[6.060s] DEBUG:colcon.colcon_core.verb:Building package 'mineral_deposit_tracking' with the following arguments: {'ament_cmake_args': None, 'build_base': '/home/ubuntu/rj_training_container/training_ws/build/mineral_deposit_tracking', 'catkin_cmake_args': None, 'catkin_skip_building_tests': False, 'cmake_args': None, 'cmake_clean_cache': False, 'cmake_clean_first': False, 'cmake_force_configure': False, 'cmake_target': None, 'cmake_target_skip_unavailable': False, 'install_base': '/home/ubuntu/rj_training_container/training_ws/install/mineral_deposit_tracking', 'merge_install': False, 'path': '/home/ubuntu/rj_training_container/training_ws/src/software-training-old/mineral_deposit_tracking', 'symlink_install': False, 'test_result_base': None}
[6.061s] Level 5:colcon.colcon_core.verb:set package 'peak_finder' build argument 'cmake_args' from command line to 'None'
[6.061s] Level 5:colcon.colcon_core.verb:set package 'peak_finder' build argument 'cmake_target' from command line to 'None'
[6.061s] Level 5:colcon.colcon_core.verb:set package 'peak_finder' build argument 'cmake_target_skip_unavailable' from command line to 'False'
[6.061s] Level 5:colcon.colcon_core.verb:set package 'peak_finder' build argument 'cmake_clean_cache' from command line to 'False'
[6.061s] Level 5:colcon.colcon_core.verb:set package 'peak_finder' build argument 'cmake_clean_first' from command line to 'False'
[6.062s] Level 5:colcon.colcon_core.verb:set package 'peak_finder' build argument 'cmake_force_configure' from command line to 'False'
[6.062s] Level 5:colcon.colcon_core.verb:set package 'peak_finder' build argument 'ament_cmake_args' from command line to 'None'
[6.062s] Level 5:colcon.colcon_core.verb:set package 'peak_finder' build argument 'catkin_cmake_args' from command line to 'None'
[6.062s] Level 5:colcon.colcon_core.verb:set package 'peak_finder' build argument 'catkin_skip_building_tests' from command line to 'False'
[6.062s] DEBUG:colcon.colcon_core.verb:Building package 'peak_finder' with the following arguments: {'ament_cmake_args': None, 'build_base': '/home/ubuntu/rj_training_container/training_ws/build/peak_finder', 'catkin_cmake_args': None, 'catkin_skip_building_tests': False, 'cmake_args': None, 'cmake_clean_cache': False, 'cmake_clean_first': False, 'cmake_force_configure': False, 'cmake_target': None, 'cmake_target_skip_unavailable': False, 'install_base': '/home/ubuntu/rj_training_container/training_ws/install/peak_finder', 'merge_install': False, 'path': '/home/ubuntu/rj_training_container/training_ws/src/software-training-old/peak_finder', 'symlink_install': False, 'test_result_base': None}
[6.063s] Level 5:colcon.colcon_core.verb:set package 'stsl_aruco_tags' build argument 'cmake_args' from command line to 'None'
[6.063s] Level 5:colcon.colcon_core.verb:set package 'stsl_aruco_tags' build argument 'cmake_target' from command line to 'None'
[6.063s] Level 5:colcon.colcon_core.verb:set package 'stsl_aruco_tags' build argument 'cmake_target_skip_unavailable' from command line to 'False'
[6.064s] Level 5:colcon.colcon_core.verb:set package 'stsl_aruco_tags' build argument 'cmake_clean_cache' from command line to 'False'
[6.064s] Level 5:colcon.colcon_core.verb:set package 'stsl_aruco_tags' build argument 'cmake_clean_first' from command line to 'False'
[6.064s] Level 5:colcon.colcon_core.verb:set package 'stsl_aruco_tags' build argument 'cmake_force_configure' from command line to 'False'
[6.064s] Level 5:colcon.colcon_core.verb:set package 'stsl_aruco_tags' build argument 'ament_cmake_args' from command line to 'None'
[6.064s] Level 5:colcon.colcon_core.verb:set package 'stsl_aruco_tags' build argument 'catkin_cmake_args' from command line to 'None'
[6.065s] Level 5:colcon.colcon_core.verb:set package 'stsl_aruco_tags' build argument 'catkin_skip_building_tests' from command line to 'False'
[6.065s] DEBUG:colcon.colcon_core.verb:Building package 'stsl_aruco_tags' with the following arguments: {'ament_cmake_args': None, 'build_base': '/home/ubuntu/rj_training_container/training_ws/build/stsl_aruco_tags', 'catkin_cmake_args': None, 'catkin_skip_building_tests': False, 'cmake_args': None, 'cmake_clean_cache': False, 'cmake_clean_first': False, 'cmake_force_configure': False, 'cmake_target': None, 'cmake_target_skip_unavailable': False, 'install_base': '/home/ubuntu/rj_training_container/training_ws/install/stsl_aruco_tags', 'merge_install': False, 'path': '/home/ubuntu/rj_training_container/training_ws/src/stsl/stsl_aruco_tags', 'symlink_install': False, 'test_result_base': None}
[6.065s] Level 5:colcon.colcon_core.verb:set package 'stsl_bt_nodes' build argument 'cmake_args' from command line to 'None'
[6.066s] Level 5:colcon.colcon_core.verb:set package 'stsl_bt_nodes' build argument 'cmake_target' from command line to 'None'
[6.066s] Level 5:colcon.colcon_core.verb:set package 'stsl_bt_nodes' build argument 'cmake_target_skip_unavailable' from command line to 'False'
[6.066s] Level 5:colcon.colcon_core.verb:set package 'stsl_bt_nodes' build argument 'cmake_clean_cache' from command line to 'False'
[6.066s] Level 5:colcon.colcon_core.verb:set package 'stsl_bt_nodes' build argument 'cmake_clean_first' from command line to 'False'
[6.066s] Level 5:colcon.colcon_core.verb:set package 'stsl_bt_nodes' build argument 'cmake_force_configure' from command line to 'False'
[6.066s] Level 5:colcon.colcon_core.verb:set package 'stsl_bt_nodes' build argument 'ament_cmake_args' from command line to 'None'
[6.067s] Level 5:colcon.colcon_core.verb:set package 'stsl_bt_nodes' build argument 'catkin_cmake_args' from command line to 'None'
[6.067s] Level 5:colcon.colcon_core.verb:set package 'stsl_bt_nodes' build argument 'catkin_skip_building_tests' from command line to 'False'
[6.067s] DEBUG:colcon.colcon_core.verb:Building package 'stsl_bt_nodes' with the following arguments: {'ament_cmake_args': None, 'build_base': '/home/ubuntu/rj_training_container/training_ws/build/stsl_bt_nodes', 'catkin_cmake_args': None, 'catkin_skip_building_tests': False, 'cmake_args': None, 'cmake_clean_cache': False, 'cmake_clean_first': False, 'cmake_force_configure': False, 'cmake_target': None, 'cmake_target_skip_unavailable': False, 'install_base': '/home/ubuntu/rj_training_container/training_ws/install/stsl_bt_nodes', 'merge_install': False, 'path': '/home/ubuntu/rj_training_container/training_ws/src/stsl/stsl_bt_nodes', 'symlink_install': False, 'test_result_base': None}
[6.067s] Level 5:colcon.colcon_core.verb:set package 'stsl_rviz_plugins' build argument 'cmake_args' from command line to 'None'
[6.068s] Level 5:colcon.colcon_core.verb:set package 'stsl_rviz_plugins' build argument 'cmake_target' from command line to 'None'
[6.068s] Level 5:colcon.colcon_core.verb:set package 'stsl_rviz_plugins' build argument 'cmake_target_skip_unavailable' from command line to 'False'
[6.068s] Level 5:colcon.colcon_core.verb:set package 'stsl_rviz_plugins' build argument 'cmake_clean_cache' from command line to 'False'
[6.068s] Level 5:colcon.colcon_core.verb:set package 'stsl_rviz_plugins' build argument 'cmake_clean_first' from command line to 'False'
[6.068s] Level 5:colcon.colcon_core.verb:set package 'stsl_rviz_plugins' build argument 'cmake_force_configure' from command line to 'False'
[6.069s] Level 5:colcon.colcon_core.verb:set package 'stsl_rviz_plugins' build argument 'ament_cmake_args' from command line to 'None'
[6.069s] Level 5:colcon.colcon_core.verb:set package 'stsl_rviz_plugins' build argument 'catkin_cmake_args' from command line to 'None'
[6.069s] Level 5:colcon.colcon_core.verb:set package 'stsl_rviz_plugins' build argument 'catkin_skip_building_tests' from command line to 'False'
[6.069s] DEBUG:colcon.colcon_core.verb:Building package 'stsl_rviz_plugins' with the following arguments: {'ament_cmake_args': None, 'build_base': '/home/ubuntu/rj_training_container/training_ws/build/stsl_rviz_plugins', 'catkin_cmake_args': None, 'catkin_skip_building_tests': False, 'cmake_args': None, 'cmake_clean_cache': False, 'cmake_clean_first': False, 'cmake_force_configure': False, 'cmake_target': None, 'cmake_target_skip_unavailable': False, 'install_base': '/home/ubuntu/rj_training_container/training_ws/install/stsl_rviz_plugins', 'merge_install': False, 'path': '/home/ubuntu/rj_training_container/training_ws/src/stsl/stsl_rviz_plugins', 'symlink_install': False, 'test_result_base': None}
[6.070s] Level 5:colcon.colcon_core.verb:set package 'mission_orchestration' build argument 'cmake_args' from command line to 'None'
[6.070s] Level 5:colcon.colcon_core.verb:set package 'mission_orchestration' build argument 'cmake_target' from command line to 'None'
[6.070s] Level 5:colcon.colcon_core.verb:set package 'mission_orchestration' build argument 'cmake_target_skip_unavailable' from command line to 'False'
[6.070s] Level 5:colcon.colcon_core.verb:set package 'mission_orchestration' build argument 'cmake_clean_cache' from command line to 'False'
[6.071s] Level 5:colcon.colcon_core.verb:set package 'mission_orchestration' build argument 'cmake_clean_first' from command line to 'False'
[6.071s] Level 5:colcon.colcon_core.verb:set package 'mission_orchestration' build argument 'cmake_force_configure' from command line to 'False'
[6.071s] Level 5:colcon.colcon_core.verb:set package 'mission_orchestration' build argument 'ament_cmake_args' from command line to 'None'
[6.071s] Level 5:colcon.colcon_core.verb:set package 'mission_orchestration' build argument 'catkin_cmake_args' from command line to 'None'
[6.071s] Level 5:colcon.colcon_core.verb:set package 'mission_orchestration' build argument 'catkin_skip_building_tests' from command line to 'False'
[6.071s] DEBUG:colcon.colcon_core.verb:Building package 'mission_orchestration' with the following arguments: {'ament_cmake_args': None, 'build_base': '/home/ubuntu/rj_training_container/training_ws/build/mission_orchestration', 'catkin_cmake_args': None, 'catkin_skip_building_tests': False, 'cmake_args': None, 'cmake_clean_cache': False, 'cmake_clean_first': False, 'cmake_force_configure': False, 'cmake_target': None, 'cmake_target_skip_unavailable': False, 'install_base': '/home/ubuntu/rj_training_container/training_ws/install/mission_orchestration', 'merge_install': False, 'path': '/home/ubuntu/rj_training_container/training_ws/src/stsl/mission_orchestration', 'symlink_install': False, 'test_result_base': None}
[6.072s] Level 5:colcon.colcon_core.verb:set package 'traini_gazebo' build argument 'cmake_args' from command line to 'None'
[6.072s] Level 5:colcon.colcon_core.verb:set package 'traini_gazebo' build argument 'cmake_target' from command line to 'None'
[6.073s] Level 5:colcon.colcon_core.verb:set package 'traini_gazebo' build argument 'cmake_target_skip_unavailable' from command line to 'False'
[6.073s] Level 5:colcon.colcon_core.verb:set package 'traini_gazebo' build argument 'cmake_clean_cache' from command line to 'False'
[6.073s] Level 5:colcon.colcon_core.verb:set package 'traini_gazebo' build argument 'cmake_clean_first' from command line to 'False'
[6.073s] Level 5:colcon.colcon_core.verb:set package 'traini_gazebo' build argument 'cmake_force_configure' from command line to 'False'
[6.073s] Level 5:colcon.colcon_core.verb:set package 'traini_gazebo' build argument 'ament_cmake_args' from command line to 'None'
[6.074s] Level 5:colcon.colcon_core.verb:set package 'traini_gazebo' build argument 'catkin_cmake_args' from command line to 'None'
[6.074s] Level 5:colcon.colcon_core.verb:set package 'traini_gazebo' build argument 'catkin_skip_building_tests' from command line to 'False'
[6.074s] DEBUG:colcon.colcon_core.verb:Building package 'traini_gazebo' with the following arguments: {'ament_cmake_args': None, 'build_base': '/home/ubuntu/rj_training_container/training_ws/build/traini_gazebo', 'catkin_cmake_args': None, 'catkin_skip_building_tests': False, 'cmake_args': None, 'cmake_clean_cache': False, 'cmake_clean_first': False, 'cmake_force_configure': False, 'cmake_target': None, 'cmake_target_skip_unavailable': False, 'install_base': '/home/ubuntu/rj_training_container/training_ws/install/traini_gazebo', 'merge_install': False, 'path': '/home/ubuntu/rj_training_container/training_ws/src/stsl/traini_gazebo', 'symlink_install': False, 'test_result_base': None}
[6.075s] Level 5:colcon.colcon_core.verb:set package 'traini_bringup' build argument 'cmake_args' from command line to 'None'
[6.075s] Level 5:colcon.colcon_core.verb:set package 'traini_bringup' build argument 'cmake_target' from command line to 'None'
[6.075s] Level 5:colcon.colcon_core.verb:set package 'traini_bringup' build argument 'cmake_target_skip_unavailable' from command line to 'False'
[6.075s] Level 5:colcon.colcon_core.verb:set package 'traini_bringup' build argument 'cmake_clean_cache' from command line to 'False'
[6.075s] Level 5:colcon.colcon_core.verb:set package 'traini_bringup' build argument 'cmake_clean_first' from command line to 'False'
[6.076s] Level 5:colcon.colcon_core.verb:set package 'traini_bringup' build argument 'cmake_force_configure' from command line to 'False'
[6.076s] Level 5:colcon.colcon_core.verb:set package 'traini_bringup' build argument 'ament_cmake_args' from command line to 'None'
[6.076s] Level 5:colcon.colcon_core.verb:set package 'traini_bringup' build argument 'catkin_cmake_args' from command line to 'None'
[6.076s] Level 5:colcon.colcon_core.verb:set package 'traini_bringup' build argument 'catkin_skip_building_tests' from command line to 'False'
[6.076s] DEBUG:colcon.colcon_core.verb:Building package 'traini_bringup' with the following arguments: {'ament_cmake_args': None, 'build_base': '/home/ubuntu/rj_training_container/training_ws/build/traini_bringup', 'catkin_cmake_args': None, 'catkin_skip_building_tests': False, 'cmake_args': None, 'cmake_clean_cache': False, 'cmake_clean_first': False, 'cmake_force_configure': False, 'cmake_target': None, 'cmake_target_skip_unavailable': False, 'install_base': '/home/ubuntu/rj_training_container/training_ws/install/traini_bringup', 'merge_install': False, 'path': '/home/ubuntu/rj_training_container/training_ws/src/stsl/traini_bringup', 'symlink_install': False, 'test_result_base': None}
[6.077s] Level 5:colcon.colcon_core.verb:set package 'stsl_desktop' build argument 'cmake_args' from command line to 'None'
[6.077s] Level 5:colcon.colcon_core.verb:set package 'stsl_desktop' build argument 'cmake_target' from command line to 'None'
[6.077s] Level 5:colcon.colcon_core.verb:set package 'stsl_desktop' build argument 'cmake_target_skip_unavailable' from command line to 'False'
[6.077s] Level 5:colcon.colcon_core.verb:set package 'stsl_desktop' build argument 'cmake_clean_cache' from command line to 'False'
[6.078s] Level 5:colcon.colcon_core.verb:set package 'stsl_desktop' build argument 'cmake_clean_first' from command line to 'False'
[6.078s] Level 5:colcon.colcon_core.verb:set package 'stsl_desktop' build argument 'cmake_force_configure' from command line to 'False'
[6.078s] Level 5:colcon.colcon_core.verb:set package 'stsl_desktop' build argument 'ament_cmake_args' from command line to 'None'
[6.078s] Level 5:colcon.colcon_core.verb:set package 'stsl_desktop' build argument 'catkin_cmake_args' from command line to 'None'
[6.079s] Level 5:colcon.colcon_core.verb:set package 'stsl_desktop' build argument 'catkin_skip_building_tests' from command line to 'False'
[6.079s] DEBUG:colcon.colcon_core.verb:Building package 'stsl_desktop' with the following arguments: {'ament_cmake_args': None, 'build_base': '/home/ubuntu/rj_training_container/training_ws/build/stsl_desktop', 'catkin_cmake_args': None, 'catkin_skip_building_tests': False, 'cmake_args': None, 'cmake_clean_cache': False, 'cmake_clean_first': False, 'cmake_force_configure': False, 'cmake_target': None, 'cmake_target_skip_unavailable': False, 'install_base': '/home/ubuntu/rj_training_container/training_ws/install/stsl_desktop', 'merge_install': False, 'path': '/home/ubuntu/rj_training_container/training_ws/src/stsl/stsl_desktop', 'symlink_install': False, 'test_result_base': None}
[6.079s] INFO:colcon.colcon_core.executor:Executing jobs using 'parallel' executor
[6.081s] DEBUG:colcon.colcon_parallel_executor.executor.parallel:run_until_complete
[6.082s] INFO:colcon.colcon_ros.task.ament_cmake.build:Building ROS package in '/home/ubuntu/rj_training_container/training_ws/src/stsl/stsl_interfaces' with build type 'ament_cmake'
[6.082s] INFO:colcon.colcon_cmake.task.cmake.build:Building CMake package in '/home/ubuntu/rj_training_container/training_ws/src/stsl/stsl_interfaces'
[6.106s] INFO:colcon.colcon_core.plugin_system:Skipping extension 'colcon_core.shell.bat': Not used on non-Windows systems
[6.106s] INFO:colcon.colcon_core.shell:Skip shell extension 'powershell' for command environment: Not usable outside of PowerShell
[6.106s] DEBUG:colcon.colcon_core.shell:Skip shell extension 'dsv' for command environment
[6.461s] INFO:colcon.colcon_ros.task.ament_cmake.build:Building ROS package in '/home/ubuntu/rj_training_container/training_ws/src/stsl/stsl_gazebo_plugins' with build type 'ament_cmake'
[6.462s] INFO:colcon.colcon_cmake.task.cmake.build:Building CMake package in '/home/ubuntu/rj_training_container/training_ws/src/stsl/stsl_gazebo_plugins'
[6.463s] INFO:colcon.colcon_core.shell:Skip shell extension 'powershell' for command environment: Not usable outside of PowerShell
[6.464s] DEBUG:colcon.colcon_core.shell:Skip shell extension 'dsv' for command environment
[6.766s] INFO:colcon.colcon_ros.task.ament_cmake.build:Building ROS package in '/home/ubuntu/rj_training_container/training_ws/src/stsl/traini_description' with build type 'ament_cmake'
[6.766s] INFO:colcon.colcon_cmake.task.cmake.build:Building CMake package in '/home/ubuntu/rj_training_container/training_ws/src/stsl/traini_description'
[6.767s] INFO:colcon.colcon_core.shell:Skip shell extension 'powershell' for command environment: Not usable outside of PowerShell
[6.767s] DEBUG:colcon.colcon_core.shell:Skip shell extension 'dsv' for command environment
[7.100s] INFO:colcon.colcon_ros.task.ament_cmake.build:Building ROS package in '/home/ubuntu/rj_training_container/training_ws/src/trainingv2/controller_project/joystick_msgs' with build type 'ament_cmake'
[7.101s] INFO:colcon.colcon_cmake.task.cmake.build:Building CMake package in '/home/ubuntu/rj_training_container/training_ws/src/trainingv2/controller_project/joystick_msgs'
[7.102s] INFO:colcon.colcon_core.shell:Skip shell extension 'powershell' for command environment: Not usable outside of PowerShell
[7.102s] DEBUG:colcon.colcon_core.shell:Skip shell extension 'dsv' for command environment
[7.486s] INFO:colcon.colcon_ros.task.ament_cmake.build:Building ROS package in '/home/ubuntu/rj_training_container/training_ws/src/stsl/stsl_nav_plugins' with build type 'ament_cmake'
[7.487s] INFO:colcon.colcon_cmake.task.cmake.build:Building CMake package in '/home/ubuntu/rj_training_container/training_ws/src/stsl/stsl_nav_plugins'
[7.488s] INFO:colcon.colcon_core.shell:Skip shell extension 'powershell' for command environment: Not usable outside of PowerShell
[7.488s] DEBUG:colcon.colcon_core.shell:Skip shell extension 'dsv' for command environment
[7.914s] INFO:colcon.colcon_ros.task.ament_cmake.build:Building ROS package in '/home/ubuntu/rj_training_container/training_ws/src/stsl/stsl_utils' with build type 'ament_cmake'
[7.915s] INFO:colcon.colcon_cmake.task.cmake.build:Building CMake package in '/home/ubuntu/rj_training_container/training_ws/src/stsl/stsl_utils'
[7.916s] INFO:colcon.colcon_core.shell:Skip shell extension 'powershell' for command environment: Not usable outside of PowerShell
[7.916s] DEBUG:colcon.colcon_core.shell:Skip shell extension 'dsv' for command environment
[8.331s] INFO:colcon.colcon_ros.task.ament_cmake.build:Building ROS package in '/home/ubuntu/rj_training_container/training_ws/src/software-training-old/astar_path_planner' with build type 'ament_cmake'
[8.331s] INFO:colcon.colcon_cmake.task.cmake.build:Building CMake package in '/home/ubuntu/rj_training_container/training_ws/src/software-training-old/astar_path_planner'
[8.332s] INFO:colcon.colcon_core.shell:Skip shell extension 'powershell' for command environment: Not usable outside of PowerShell
[8.332s] DEBUG:colcon.colcon_core.shell:Skip shell extension 'dsv' for command environment
[8.740s] INFO:colcon.colcon_ros.task.ament_cmake.build:Building ROS package in '/home/ubuntu/rj_training_container/training_ws/src/software-training-old/controllers' with build type 'ament_cmake'
[8.740s] INFO:colcon.colcon_cmake.task.cmake.build:Building CMake package in '/home/ubuntu/rj_training_container/training_ws/src/software-training-old/controllers'
[8.741s] INFO:colcon.colcon_core.shell:Skip shell extension 'powershell' for command environment: Not usable outside of PowerShell
[8.742s] DEBUG:colcon.colcon_core.shell:Skip shell extension 'dsv' for command environment
[9.164s] INFO:colcon.colcon_ros.task.ament_python.build:Building ROS package in '/home/ubuntu/rj_training_container/training_ws/src/trainingv2/turtlesim_project/src/keyboard' with build type 'ament_python'
[9.164s] Level 1:colcon.colcon_core.shell:create_environment_hook('keyboard', 'ament_prefix_path')
[9.165s] INFO:colcon.colcon_core.shell:Creating environment hook '/home/ubuntu/rj_training_container/training_ws/install/keyboard/share/keyboard/hook/ament_prefix_path.ps1'
[9.193s] INFO:colcon.colcon_core.shell:Creating environment descriptor '/home/ubuntu/rj_training_container/training_ws/install/keyboard/share/keyboard/hook/ament_prefix_path.dsv'
[9.214s] INFO:colcon.colcon_core.shell:Creating environment hook '/home/ubuntu/rj_training_container/training_ws/install/keyboard/share/keyboard/hook/ament_prefix_path.sh'
[9.237s] INFO:colcon.colcon_core.shell:Skip shell extension 'powershell' for command environment: Not usable outside of PowerShell
[9.237s] DEBUG:colcon.colcon_core.shell:Skip shell extension 'dsv' for command environment
[9.640s] INFO:colcon.colcon_ros.task.ament_cmake.build:Building ROS package in '/home/ubuntu/rj_training_container/training_ws/src/software-training-old/mapping' with build type 'ament_cmake'
[9.641s] INFO:colcon.colcon_cmake.task.cmake.build:Building CMake package in '/home/ubuntu/rj_training_container/training_ws/src/software-training-old/mapping'
[9.641s] INFO:colcon.colcon_core.shell:Skip shell extension 'powershell' for command environment: Not usable outside of PowerShell
[9.642s] DEBUG:colcon.colcon_core.shell:Skip shell extension 'dsv' for command environment
[10.047s] INFO:colcon.colcon_ros.task.ament_cmake.build:Building ROS package in '/home/ubuntu/rj_training_container/training_ws/src/software-training-old/obstacle_detector' with build type 'ament_cmake'
[10.047s] INFO:colcon.colcon_cmake.task.cmake.build:Building CMake package in '/home/ubuntu/rj_training_container/training_ws/src/software-training-old/obstacle_detector'
[10.048s] INFO:colcon.colcon_core.shell:Skip shell extension 'powershell' for command environment: Not usable outside of PowerShell
[10.048s] DEBUG:colcon.colcon_core.shell:Skip shell extension 'dsv' for command environment
[10.452s] INFO:colcon.colcon_ros.task.ament_cmake.build:Building ROS package in '/home/ubuntu/rj_training_container/training_ws/src/software-training-old/rj_training_bringup' with build type 'ament_cmake'
[10.453s] INFO:colcon.colcon_cmake.task.cmake.build:Building CMake package in '/home/ubuntu/rj_training_container/training_ws/src/software-training-old/rj_training_bringup'
[10.453s] INFO:colcon.colcon_core.shell:Skip shell extension 'powershell' for command environment: Not usable outside of PowerShell
[10.454s] DEBUG:colcon.colcon_core.shell:Skip shell extension 'dsv' for command environment
[10.869s] INFO:colcon.colcon_ros.task.ament_cmake.build:Building ROS package in '/home/ubuntu/rj_training_container/training_ws/src/trainingv2/turtlesim_project/src/teleop' with build type 'ament_cmake'
[10.869s] INFO:colcon.colcon_cmake.task.cmake.build:Building CMake package in '/home/ubuntu/rj_training_container/training_ws/src/trainingv2/turtlesim_project/src/teleop'
[10.870s] INFO:colcon.colcon_core.shell:Skip shell extension 'powershell' for command environment: Not usable outside of PowerShell
[10.870s] DEBUG:colcon.colcon_core.shell:Skip shell extension 'dsv' for command environment
[11.385s] DEBUG:colcon.colcon_core.event_handler.log_command:Invoking command in '/home/ubuntu/rj_training_container/training_ws/build/stsl_interfaces': CMAKE_PREFIX_PATH=${CMAKE_PREFIX_PATH}:/home/ubuntu/rj_training_container/training_ws/install/keyboard:/opt/ros/humble /usr/bin/cmake --build /home/ubuntu/rj_training_container/training_ws/build/stsl_interfaces -- -j16 -l16
[11.505s] DEBUG:colcon.colcon_core.event_handler.log_command:Invoking command in '/home/ubuntu/rj_training_container/training_ws/build/stsl_gazebo_plugins': CMAKE_PREFIX_PATH=${CMAKE_PREFIX_PATH}:/home/ubuntu/rj_training_container/training_ws/install/keyboard:/opt/ros/humble /usr/bin/cmake --build /home/ubuntu/rj_training_container/training_ws/build/stsl_gazebo_plugins -- -j16 -l16
[11.602s] DEBUG:colcon.colcon_core.event_handler.log_command:Invoking command in '/home/ubuntu/rj_training_container/training_ws/build/traini_description': CMAKE_PREFIX_PATH=${CMAKE_PREFIX_PATH}:/home/ubuntu/rj_training_container/training_ws/install/keyboard:/opt/ros/humble /usr/bin/cmake --build /home/ubuntu/rj_training_container/training_ws/build/traini_description -- -j16 -l16
[11.703s] DEBUG:colcon.colcon_core.event_handler.log_command:Invoking command in '/home/ubuntu/rj_training_container/training_ws/build/joystick_msgs': CMAKE_PREFIX_PATH=${CMAKE_PREFIX_PATH}:/home/ubuntu/rj_training_container/training_ws/install/keyboard:/opt/ros/humble /usr/bin/cmake --build /home/ubuntu/rj_training_container/training_ws/build/joystick_msgs -- -j16 -l16
[11.819s] DEBUG:colcon.colcon_core.event_handler.log_command:Invoking command in '/home/ubuntu/rj_training_container/training_ws/build/stsl_nav_plugins': CMAKE_PREFIX_PATH=${CMAKE_PREFIX_PATH}:/home/ubuntu/rj_training_container/training_ws/install/keyboard:/opt/ros/humble /usr/bin/cmake --build /home/ubuntu/rj_training_container/training_ws/build/stsl_nav_plugins -- -j16 -l16
[11.950s] DEBUG:colcon.colcon_core.event_handler.log_command:Invoking command in '/home/ubuntu/rj_training_container/training_ws/build/stsl_utils': CMAKE_PREFIX_PATH=${CMAKE_PREFIX_PATH}:/home/ubuntu/rj_training_container/training_ws/install/keyboard:/opt/ros/humble /usr/bin/cmake --build /home/ubuntu/rj_training_container/training_ws/build/stsl_utils -- -j16 -l16
[12.080s] DEBUG:colcon.colcon_core.event_handler.log_command:Invoking command in '/home/ubuntu/rj_training_container/training_ws/build/astar_path_planner': CMAKE_PREFIX_PATH=${CMAKE_PREFIX_PATH}:/home/ubuntu/rj_training_container/training_ws/install/keyboard:/opt/ros/humble /usr/bin/cmake --build /home/ubuntu/rj_training_container/training_ws/build/astar_path_planner -- -j16 -l16
[12.219s] DEBUG:colcon.colcon_core.event_handler.log_command:Invoking command in '/home/ubuntu/rj_training_container/training_ws/build/controllers': CMAKE_PREFIX_PATH=${CMAKE_PREFIX_PATH}:/home/ubuntu/rj_training_container/training_ws/install/keyboard:/opt/ros/humble /usr/bin/cmake --build /home/ubuntu/rj_training_container/training_ws/build/controllers -- -j16 -l16
[15.974s] INFO:colcon.colcon_core.task.python.build:Building Python package in '/home/ubuntu/rj_training_container/training_ws/src/trainingv2/turtlesim_project/src/keyboard'
[15.975s] INFO:colcon.colcon_core.shell:Skip shell extension 'powershell' for command environment: Not usable outside of PowerShell
[15.976s] DEBUG:colcon.colcon_core.shell:Skip shell extension 'dsv' for command environment
[16.811s] DEBUG:colcon.colcon_core.event_handler.log_command:Invoking command in '/home/ubuntu/rj_training_container/training_ws/build/mapping': CMAKE_PREFIX_PATH=${CMAKE_PREFIX_PATH}:/home/ubuntu/rj_training_container/training_ws/install/keyboard:/opt/ros/humble /usr/bin/cmake --build /home/ubuntu/rj_training_container/training_ws/build/mapping -- -j16 -l16
[16.949s] DEBUG:colcon.colcon_core.event_handler.log_command:Invoking command in '/home/ubuntu/rj_training_container/training_ws/build/obstacle_detector': CMAKE_PREFIX_PATH=${CMAKE_PREFIX_PATH}:/home/ubuntu/rj_training_container/training_ws/install/keyboard:/opt/ros/humble /usr/bin/cmake --build /home/ubuntu/rj_training_container/training_ws/build/obstacle_detector -- -j16 -l16
[17.086s] DEBUG:colcon.colcon_core.event_handler.log_command:Invoking command in '/home/ubuntu/rj_training_container/training_ws/build/rj_training_bringup': CMAKE_PREFIX_PATH=${CMAKE_PREFIX_PATH}:/home/ubuntu/rj_training_container/training_ws/install/keyboard:/opt/ros/humble /usr/bin/cmake --build /home/ubuntu/rj_training_container/training_ws/build/rj_training_bringup -- -j16 -l16
[17.227s] DEBUG:colcon.colcon_core.event_handler.log_command:Invoking command in '/home/ubuntu/rj_training_container/training_ws/build/teleop': CMAKE_PREFIX_PATH=${CMAKE_PREFIX_PATH}:/home/ubuntu/rj_training_container/training_ws/install/keyboard:/opt/ros/humble /usr/bin/cmake --build /home/ubuntu/rj_training_container/training_ws/build/teleop -- -j16 -l16
[25.653s] DEBUG:colcon.colcon_core.event_handler.log_command:Invoking command in '/home/ubuntu/rj_training_container/training_ws/src/trainingv2/turtlesim_project/src/keyboard': PYTHONPATH=/home/ubuntu/rj_training_container/training_ws/build/keyboard/prefix_override:/usr/lib/python3/dist-packages/colcon_core/task/python/colcon_distutils_commands:/home/ubuntu/rj_training_container/training_ws/install/keyboard/lib/python3.10/site-packages:${PYTHONPATH} /usr/bin/python3 -W ignore:setup.py install is deprecated setup.py egg_info --egg-base ../../../../../build/keyboard build --build-base /home/ubuntu/rj_training_container/training_ws/build/keyboard/build install --record /home/ubuntu/rj_training_container/training_ws/build/keyboard/install.log --single-version-externally-managed install_data
[44.462s] DEBUG:colcon.colcon_core.event_handler.log_command:Invoked command in '/home/ubuntu/rj_training_container/training_ws/build/traini_description' returned '0': CMAKE_PREFIX_PATH=${CMAKE_PREFIX_PATH}:/home/ubuntu/rj_training_container/training_ws/install/keyboard:/opt/ros/humble /usr/bin/cmake --build /home/ubuntu/rj_training_container/training_ws/build/traini_description -- -j16 -l16
[44.486s] DEBUG:colcon.colcon_core.event_handler.log_command:Invoked command in '/home/ubuntu/rj_training_container/training_ws/build/rj_training_bringup' returned '0': CMAKE_PREFIX_PATH=${CMAKE_PREFIX_PATH}:/home/ubuntu/rj_training_container/training_ws/install/keyboard:/opt/ros/humble /usr/bin/cmake --build /home/ubuntu/rj_training_container/training_ws/build/rj_training_bringup -- -j16 -l16
[45.669s] DEBUG:colcon.colcon_core.event_handler.log_command:Invoked command in '/home/ubuntu/rj_training_container/training_ws/build/stsl_gazebo_plugins' returned '0': CMAKE_PREFIX_PATH=${CMAKE_PREFIX_PATH}:/home/ubuntu/rj_training_container/training_ws/install/keyboard:/opt/ros/humble /usr/bin/cmake --build /home/ubuntu/rj_training_container/training_ws/build/stsl_gazebo_plugins -- -j16 -l16
[45.674s] DEBUG:colcon.colcon_core.event_handler.log_command:Invoked command in '/home/ubuntu/rj_training_container/training_ws/src/trainingv2/turtlesim_project/src/keyboard' returned '0': PYTHONPATH=/home/ubuntu/rj_training_container/training_ws/build/keyboard/prefix_override:/usr/lib/python3/dist-packages/colcon_core/task/python/colcon_distutils_commands:/home/ubuntu/rj_training_container/training_ws/install/keyboard/lib/python3.10/site-packages:${PYTHONPATH} /usr/bin/python3 -W ignore:setup.py install is deprecated setup.py egg_info --egg-base ../../../../../build/keyboard build --build-base /home/ubuntu/rj_training_container/training_ws/build/keyboard/build install --record /home/ubuntu/rj_training_container/training_ws/build/keyboard/install.log --single-version-externally-managed install_data
[45.719s] Level 1:colcon.colcon_core.environment:checking '/home/ubuntu/rj_training_container/training_ws/install/keyboard' for CMake module files
[45.998s] Level 1:colcon.colcon_core.environment:checking '/home/ubuntu/rj_training_container/training_ws/install/keyboard' for CMake config files
[46.487s] Level 1:colcon.colcon_core.environment:checking '/home/ubuntu/rj_training_container/training_ws/install/keyboard/lib'
[46.508s] Level 1:colcon.colcon_core.environment:checking '/home/ubuntu/rj_training_container/training_ws/install/keyboard/bin'
[46.513s] Level 1:colcon.colcon_core.environment:checking '/home/ubuntu/rj_training_container/training_ws/install/keyboard/lib/pkgconfig/keyboard.pc'
[46.520s] Level 1:colcon.colcon_core.environment:checking '/home/ubuntu/rj_training_container/training_ws/install/keyboard/lib/python3.10/site-packages'
[46.533s] Level 1:colcon.colcon_core.shell:create_environment_hook('keyboard', 'pythonpath')
[46.535s] INFO:colcon.colcon_core.shell:Creating environment hook '/home/ubuntu/rj_training_container/training_ws/install/keyboard/share/keyboard/hook/pythonpath.ps1'
[46.597s] INFO:colcon.colcon_core.shell:Creating environment descriptor '/home/ubuntu/rj_training_container/training_ws/install/keyboard/share/keyboard/hook/pythonpath.dsv'
[46.662s] INFO:colcon.colcon_core.shell:Creating environment hook '/home/ubuntu/rj_training_container/training_ws/install/keyboard/share/keyboard/hook/pythonpath.sh'
[46.735s] Level 1:colcon.colcon_core.environment:checking '/home/ubuntu/rj_training_container/training_ws/install/keyboard/bin'
[46.740s] Level 1:colcon.colcon_core.environment:create_environment_scripts_only(keyboard)
[46.742s] INFO:colcon.colcon_core.shell:Creating package script '/home/ubuntu/rj_training_container/training_ws/install/keyboard/share/keyboard/package.ps1'
[46.797s] INFO:colcon.colcon_core.shell:Creating package descriptor '/home/ubuntu/rj_training_container/training_ws/install/keyboard/share/keyboard/package.dsv'
[46.852s] INFO:colcon.colcon_core.shell:Creating package script '/home/ubuntu/rj_training_container/training_ws/install/keyboard/share/keyboard/package.sh'
[46.911s] INFO:colcon.colcon_core.shell:Creating package script '/home/ubuntu/rj_training_container/training_ws/install/keyboard/share/keyboard/package.bash'
[46.969s] INFO:colcon.colcon_core.shell:Creating package script '/home/ubuntu/rj_training_container/training_ws/install/keyboard/share/keyboard/package.zsh'
[47.024s] Level 1:colcon.colcon_core.environment:create_file_with_runtime_dependencies(/home/ubuntu/rj_training_container/training_ws/install/keyboard/share/colcon-core/packages/keyboard)
[47.101s] DEBUG:colcon.colcon_core.event_handler.log_command:Invoked command in '/home/ubuntu/rj_training_container/training_ws/build/stsl_utils' returned '0': CMAKE_PREFIX_PATH=${CMAKE_PREFIX_PATH}:/home/ubuntu/rj_training_container/training_ws/install/keyboard:/opt/ros/humble /usr/bin/cmake --build /home/ubuntu/rj_training_container/training_ws/build/stsl_utils -- -j16 -l16
[47.106s] DEBUG:colcon.colcon_core.event_handler.log_command:Invoked command in '/home/ubuntu/rj_training_container/training_ws/build/stsl_nav_plugins' returned '0': CMAKE_PREFIX_PATH=${CMAKE_PREFIX_PATH}:/home/ubuntu/rj_training_container/training_ws/install/keyboard:/opt/ros/humble /usr/bin/cmake --build /home/ubuntu/rj_training_container/training_ws/build/stsl_nav_plugins -- -j16 -l16
[47.824s] DEBUG:colcon.colcon_core.event_handler.log_command:Invoked command in '/home/ubuntu/rj_training_container/training_ws/build/controllers' returned '0': CMAKE_PREFIX_PATH=${CMAKE_PREFIX_PATH}:/home/ubuntu/rj_training_container/training_ws/install/keyboard:/opt/ros/humble /usr/bin/cmake --build /home/ubuntu/rj_training_container/training_ws/build/controllers -- -j16 -l16
[48.041s] DEBUG:colcon.colcon_core.event_handler.log_command:Invoked command in '/home/ubuntu/rj_training_container/training_ws/build/astar_path_planner' returned '0': CMAKE_PREFIX_PATH=${CMAKE_PREFIX_PATH}:/home/ubuntu/rj_training_container/training_ws/install/keyboard:/opt/ros/humble /usr/bin/cmake --build /home/ubuntu/rj_training_container/training_ws/build/astar_path_planner -- -j16 -l16
[55.023s] DEBUG:colcon.colcon_core.event_handler.log_command:Invoked command in '/home/ubuntu/rj_training_container/training_ws/build/obstacle_detector' returned '0': CMAKE_PREFIX_PATH=${CMAKE_PREFIX_PATH}:/home/ubuntu/rj_training_container/training_ws/install/keyboard:/opt/ros/humble /usr/bin/cmake --build /home/ubuntu/rj_training_container/training_ws/build/obstacle_detector -- -j16 -l16
[55.207s] DEBUG:colcon.colcon_core.event_handler.log_command:Invoked command in '/home/ubuntu/rj_training_container/training_ws/build/mapping' returned '0': CMAKE_PREFIX_PATH=${CMAKE_PREFIX_PATH}:/home/ubuntu/rj_training_container/training_ws/install/keyboard:/opt/ros/humble /usr/bin/cmake --build /home/ubuntu/rj_training_container/training_ws/build/mapping -- -j16 -l16
[56.546s] DEBUG:colcon.colcon_core.event_handler.log_command:Invoked command in '/home/ubuntu/rj_training_container/training_ws/build/teleop' returned '0': CMAKE_PREFIX_PATH=${CMAKE_PREFIX_PATH}:/home/ubuntu/rj_training_container/training_ws/install/keyboard:/opt/ros/humble /usr/bin/cmake --build /home/ubuntu/rj_training_container/training_ws/build/teleop -- -j16 -l16
[71.921s] DEBUG:colcon.colcon_core.event_handler.log_command:Invoking command in '/home/ubuntu/rj_training_container/training_ws/build/rj_training_bringup': CMAKE_PREFIX_PATH=${CMAKE_PREFIX_PATH}:/home/ubuntu/rj_training_container/training_ws/install/keyboard:/opt/ros/humble /usr/bin/cmake --install /home/ubuntu/rj_training_container/training_ws/build/rj_training_bringup
[71.937s] DEBUG:colcon.colcon_core.event_handler.log_command:Invoking command in '/home/ubuntu/rj_training_container/training_ws/build/traini_description': CMAKE_PREFIX_PATH=${CMAKE_PREFIX_PATH}:/home/ubuntu/rj_training_container/training_ws/install/keyboard:/opt/ros/humble /usr/bin/cmake --install /home/ubuntu/rj_training_container/training_ws/build/traini_description
[77.628s] Level 1:colcon.colcon_core.environment:create_environment_scripts_only(traini_description)
[77.629s] Level 1:colcon.colcon_core.environment:checking '/home/ubuntu/rj_training_container/training_ws/install/traini_description' for CMake module files
[77.633s] DEBUG:colcon.colcon_core.event_handler.log_command:Invoked command in '/home/ubuntu/rj_training_container/training_ws/build/traini_description' returned '0': CMAKE_PREFIX_PATH=${CMAKE_PREFIX_PATH}:/home/ubuntu/rj_training_container/training_ws/install/keyboard:/opt/ros/humble /usr/bin/cmake --install /home/ubuntu/rj_training_container/training_ws/build/traini_description
[77.888s] Level 1:colcon.colcon_core.environment:checking '/home/ubuntu/rj_training_container/training_ws/install/traini_description' for CMake config files
[78.079s] Level 1:colcon.colcon_core.shell:create_environment_hook('traini_description', 'cmake_prefix_path')
[78.080s] INFO:colcon.colcon_core.shell:Creating environment hook '/home/ubuntu/rj_training_container/training_ws/install/traini_description/share/traini_description/hook/cmake_prefix_path.ps1'
[78.128s] INFO:colcon.colcon_core.shell:Creating environment descriptor '/home/ubuntu/rj_training_container/training_ws/install/traini_description/share/traini_description/hook/cmake_prefix_path.dsv'
[78.168s] INFO:colcon.colcon_core.shell:Creating environment hook '/home/ubuntu/rj_training_container/training_ws/install/traini_description/share/traini_description/hook/cmake_prefix_path.sh'
[78.219s] Level 1:colcon.colcon_core.environment:checking '/home/ubuntu/rj_training_container/training_ws/install/traini_description/bin'
[78.222s] Level 1:colcon.colcon_core.environment:checking '/home/ubuntu/rj_training_container/training_ws/install/traini_description/lib/pkgconfig/traini_description.pc'
[78.225s] Level 1:colcon.colcon_core.environment:checking '/home/ubuntu/rj_training_container/training_ws/install/traini_description/lib/python3.10/site-packages'
[78.228s] Level 1:colcon.colcon_core.environment:checking '/home/ubuntu/rj_training_container/training_ws/install/traini_description/bin'
[78.231s] INFO:colcon.colcon_core.shell:Creating package script '/home/ubuntu/rj_training_container/training_ws/install/traini_description/share/traini_description/package.ps1'
[78.264s] INFO:colcon.colcon_core.shell:Creating package descriptor '/home/ubuntu/rj_training_container/training_ws/install/traini_description/share/traini_description/package.dsv'
[78.300s] INFO:colcon.colcon_core.shell:Creating package script '/home/ubuntu/rj_training_container/training_ws/install/traini_description/share/traini_description/package.sh'
[78.336s] INFO:colcon.colcon_core.shell:Creating package script '/home/ubuntu/rj_training_container/training_ws/install/traini_description/share/traini_description/package.bash'
[78.369s] INFO:colcon.colcon_core.shell:Creating package script '/home/ubuntu/rj_training_container/training_ws/install/traini_description/share/traini_description/package.zsh'
[78.403s] Level 1:colcon.colcon_core.environment:create_file_with_runtime_dependencies(/home/ubuntu/rj_training_container/training_ws/install/traini_description/share/colcon-core/packages/traini_description)
[80.088s] DEBUG:colcon.colcon_core.event_handler.log_command:Invoking command in '/home/ubuntu/rj_training_container/training_ws/build/controllers': CMAKE_PREFIX_PATH=${CMAKE_PREFIX_PATH}:/home/ubuntu/rj_training_container/training_ws/install/keyboard:/opt/ros/humble /usr/bin/cmake --install /home/ubuntu/rj_training_container/training_ws/build/controllers
[80.204s] Level 1:colcon.colcon_core.environment:create_environment_scripts_only(rj_training_bringup)
[80.205s] Level 1:colcon.colcon_core.environment:checking '/home/ubuntu/rj_training_container/training_ws/install/rj_training_bringup' for CMake module files
[80.207s] DEBUG:colcon.colcon_core.event_handler.log_command:Invoked command in '/home/ubuntu/rj_training_container/training_ws/build/rj_training_bringup' returned '0': CMAKE_PREFIX_PATH=${CMAKE_PREFIX_PATH}:/home/ubuntu/rj_training_container/training_ws/install/keyboard:/opt/ros/humble /usr/bin/cmake --install /home/ubuntu/rj_training_container/training_ws/build/rj_training_bringup
[80.465s] Level 1:colcon.colcon_core.environment:checking '/home/ubuntu/rj_training_container/training_ws/install/rj_training_bringup' for CMake config files
[80.654s] Level 1:colcon.colcon_core.shell:create_environment_hook('rj_training_bringup', 'cmake_prefix_path')
[80.655s] INFO:colcon.colcon_core.shell:Creating environment hook '/home/ubuntu/rj_training_container/training_ws/install/rj_training_bringup/share/rj_training_bringup/hook/cmake_prefix_path.ps1'
[80.695s] INFO:colcon.colcon_core.shell:Creating environment descriptor '/home/ubuntu/rj_training_container/training_ws/install/rj_training_bringup/share/rj_training_bringup/hook/cmake_prefix_path.dsv'
[80.737s] INFO:colcon.colcon_core.shell:Creating environment hook '/home/ubuntu/rj_training_container/training_ws/install/rj_training_bringup/share/rj_training_bringup/hook/cmake_prefix_path.sh'
[80.800s] Level 1:colcon.colcon_core.environment:checking '/home/ubuntu/rj_training_container/training_ws/install/rj_training_bringup/bin'
[80.802s] Level 1:colcon.colcon_core.environment:checking '/home/ubuntu/rj_training_container/training_ws/install/rj_training_bringup/lib/pkgconfig/rj_training_bringup.pc'
[80.805s] Level 1:colcon.colcon_core.environment:checking '/home/ubuntu/rj_training_container/training_ws/install/rj_training_bringup/lib/python3.10/site-packages'
[80.808s] Level 1:colcon.colcon_core.environment:checking '/home/ubuntu/rj_training_container/training_ws/install/rj_training_bringup/bin'
[80.811s] INFO:colcon.colcon_core.shell:Creating package script '/home/ubuntu/rj_training_container/training_ws/install/rj_training_bringup/share/rj_training_bringup/package.ps1'
[80.846s] INFO:colcon.colcon_core.shell:Creating package descriptor '/home/ubuntu/rj_training_container/training_ws/install/rj_training_bringup/share/rj_training_bringup/package.dsv'
[80.878s] INFO:colcon.colcon_core.shell:Creating package script '/home/ubuntu/rj_training_container/training_ws/install/rj_training_bringup/share/rj_training_bringup/package.sh'
[80.909s] INFO:colcon.colcon_core.shell:Creating package script '/home/ubuntu/rj_training_container/training_ws/install/rj_training_bringup/share/rj_training_bringup/package.bash'
[80.946s] INFO:colcon.colcon_core.shell:Creating package script '/home/ubuntu/rj_training_container/training_ws/install/rj_training_bringup/share/rj_training_bringup/package.zsh'
[80.988s] Level 1:colcon.colcon_core.environment:create_file_with_runtime_dependencies(/home/ubuntu/rj_training_container/training_ws/install/rj_training_bringup/share/colcon-core/packages/rj_training_bringup)
[81.060s] DEBUG:colcon.colcon_core.event_handler.log_command:Invoking command in '/home/ubuntu/rj_training_container/training_ws/build/astar_path_planner': CMAKE_PREFIX_PATH=${CMAKE_PREFIX_PATH}:/home/ubuntu/rj_training_container/training_ws/install/keyboard:/opt/ros/humble /usr/bin/cmake --install /home/ubuntu/rj_training_container/training_ws/build/astar_path_planner
[81.757s] DEBUG:colcon.colcon_core.event_handler.log_command:Invoking command in '/home/ubuntu/rj_training_container/training_ws/build/stsl_gazebo_plugins': CMAKE_PREFIX_PATH=${CMAKE_PREFIX_PATH}:/home/ubuntu/rj_training_container/training_ws/install/keyboard:/opt/ros/humble /usr/bin/cmake --install /home/ubuntu/rj_training_container/training_ws/build/stsl_gazebo_plugins
[83.172s] DEBUG:colcon.colcon_core.event_handler.log_command:Invoking command in '/home/ubuntu/rj_training_container/training_ws/build/stsl_nav_plugins': CMAKE_PREFIX_PATH=${CMAKE_PREFIX_PATH}:/home/ubuntu/rj_training_container/training_ws/install/keyboard:/opt/ros/humble /usr/bin/cmake --install /home/ubuntu/rj_training_container/training_ws/build/stsl_nav_plugins
[83.329s] DEBUG:colcon.colcon_core.event_handler.log_command:Invoking command in '/home/ubuntu/rj_training_container/training_ws/build/obstacle_detector': CMAKE_PREFIX_PATH=${CMAKE_PREFIX_PATH}:/home/ubuntu/rj_training_container/training_ws/install/keyboard:/opt/ros/humble /usr/bin/cmake --install /home/ubuntu/rj_training_container/training_ws/build/obstacle_detector
[83.363s] DEBUG:colcon.colcon_core.event_handler.log_command:Invoking command in '/home/ubuntu/rj_training_container/training_ws/build/mapping': CMAKE_PREFIX_PATH=${CMAKE_PREFIX_PATH}:/home/ubuntu/rj_training_container/training_ws/install/keyboard:/opt/ros/humble /usr/bin/cmake --install /home/ubuntu/rj_training_container/training_ws/build/mapping
[83.565s] DEBUG:colcon.colcon_core.event_handler.log_command:Invoking command in '/home/ubuntu/rj_training_container/training_ws/build/teleop': CMAKE_PREFIX_PATH=${CMAKE_PREFIX_PATH}:/home/ubuntu/rj_training_container/training_ws/install/keyboard:/opt/ros/humble /usr/bin/cmake --install /home/ubuntu/rj_training_container/training_ws/build/teleop
[84.505s] Level 1:colcon.colcon_core.environment:create_environment_scripts_only(controllers)
[84.506s] Level 1:colcon.colcon_core.environment:checking '/home/ubuntu/rj_training_container/training_ws/install/controllers' for CMake module files
[84.508s] DEBUG:colcon.colcon_core.event_handler.log_command:Invoked command in '/home/ubuntu/rj_training_container/training_ws/build/controllers' returned '0': CMAKE_PREFIX_PATH=${CMAKE_PREFIX_PATH}:/home/ubuntu/rj_training_container/training_ws/install/keyboard:/opt/ros/humble /usr/bin/cmake --install /home/ubuntu/rj_training_container/training_ws/build/controllers
[84.678s] Level 1:colcon.colcon_core.environment:checking '/home/ubuntu/rj_training_container/training_ws/install/controllers' for CMake config files
[84.841s] Level 1:colcon.colcon_core.shell:create_environment_hook('controllers', 'cmake_prefix_path')
[84.842s] INFO:colcon.colcon_core.shell:Creating environment hook '/home/ubuntu/rj_training_container/training_ws/install/controllers/share/controllers/hook/cmake_prefix_path.ps1'
[84.880s] INFO:colcon.colcon_core.shell:Creating environment descriptor '/home/ubuntu/rj_training_container/training_ws/install/controllers/share/controllers/hook/cmake_prefix_path.dsv'
[84.911s] INFO:colcon.colcon_core.shell:Creating environment hook '/home/ubuntu/rj_training_container/training_ws/install/controllers/share/controllers/hook/cmake_prefix_path.sh'
[84.951s] Level 1:colcon.colcon_core.environment:checking '/home/ubuntu/rj_training_container/training_ws/install/controllers/lib'
[84.960s] Level 1:colcon.colcon_core.shell:create_environment_hook('controllers', 'ld_library_path_lib')
[84.962s] INFO:colcon.colcon_core.shell:Creating environment hook '/home/ubuntu/rj_training_container/training_ws/install/controllers/share/controllers/hook/ld_library_path_lib.ps1'
[84.998s] INFO:colcon.colcon_core.shell:Creating environment descriptor '/home/ubuntu/rj_training_container/training_ws/install/controllers/share/controllers/hook/ld_library_path_lib.dsv'
[85.034s] INFO:colcon.colcon_core.shell:Creating environment hook '/home/ubuntu/rj_training_container/training_ws/install/controllers/share/controllers/hook/ld_library_path_lib.sh'
[85.067s] Level 1:colcon.colcon_core.environment:checking '/home/ubuntu/rj_training_container/training_ws/install/controllers/bin'
[85.070s] Level 1:colcon.colcon_core.environment:checking '/home/ubuntu/rj_training_container/training_ws/install/controllers/lib/pkgconfig/controllers.pc'
[85.075s] Level 1:colcon.colcon_core.environment:checking '/home/ubuntu/rj_training_container/training_ws/install/controllers/lib/python3.10/site-packages'
[85.079s] Level 1:colcon.colcon_core.environment:checking '/home/ubuntu/rj_training_container/training_ws/install/controllers/bin'
[85.083s] INFO:colcon.colcon_core.shell:Creating package script '/home/ubuntu/rj_training_container/training_ws/install/controllers/share/controllers/package.ps1'
[85.110s] INFO:colcon.colcon_core.shell:Creating package descriptor '/home/ubuntu/rj_training_container/training_ws/install/controllers/share/controllers/package.dsv'
[85.132s] INFO:colcon.colcon_core.shell:Creating package script '/home/ubuntu/rj_training_container/training_ws/install/controllers/share/controllers/package.sh'
[85.160s] INFO:colcon.colcon_core.shell:Creating package script '/home/ubuntu/rj_training_container/training_ws/install/controllers/share/controllers/package.bash'
[85.190s] INFO:colcon.colcon_core.shell:Creating package script '/home/ubuntu/rj_training_container/training_ws/install/controllers/share/controllers/package.zsh'
[85.216s] Level 1:colcon.colcon_core.environment:create_file_with_runtime_dependencies(/home/ubuntu/rj_training_container/training_ws/install/controllers/share/colcon-core/packages/controllers)
[85.265s] DEBUG:colcon.colcon_core.event_handler.log_command:Invoking command in '/home/ubuntu/rj_training_container/training_ws/build/stsl_utils': CMAKE_PREFIX_PATH=${CMAKE_PREFIX_PATH}:/home/ubuntu/rj_training_container/training_ws/install/keyboard:/opt/ros/humble /usr/bin/cmake --install /home/ubuntu/rj_training_container/training_ws/build/stsl_utils
[85.825s] Level 1:colcon.colcon_core.environment:create_environment_scripts_only(astar_path_planner)
[85.827s] Level 1:colcon.colcon_core.environment:checking '/home/ubuntu/rj_training_container/training_ws/install/astar_path_planner' for CMake module files
[85.829s] DEBUG:colcon.colcon_core.event_handler.log_command:Invoked command in '/home/ubuntu/rj_training_container/training_ws/build/astar_path_planner' returned '0': CMAKE_PREFIX_PATH=${CMAKE_PREFIX_PATH}:/home/ubuntu/rj_training_container/training_ws/install/keyboard:/opt/ros/humble /usr/bin/cmake --install /home/ubuntu/rj_training_container/training_ws/build/astar_path_planner
[86.054s] Level 1:colcon.colcon_core.environment:checking '/home/ubuntu/rj_training_container/training_ws/install/astar_path_planner' for CMake config files
[86.213s] Level 1:colcon.colcon_core.shell:create_environment_hook('astar_path_planner', 'cmake_prefix_path')
[86.214s] INFO:colcon.colcon_core.shell:Creating environment hook '/home/ubuntu/rj_training_container/training_ws/install/astar_path_planner/share/astar_path_planner/hook/cmake_prefix_path.ps1'
[86.247s] INFO:colcon.colcon_core.shell:Creating environment descriptor '/home/ubuntu/rj_training_container/training_ws/install/astar_path_planner/share/astar_path_planner/hook/cmake_prefix_path.dsv'
[86.282s] INFO:colcon.colcon_core.shell:Creating environment hook '/home/ubuntu/rj_training_container/training_ws/install/astar_path_planner/share/astar_path_planner/hook/cmake_prefix_path.sh'
[86.327s] Level 1:colcon.colcon_core.environment:checking '/home/ubuntu/rj_training_container/training_ws/install/astar_path_planner/lib'
[86.337s] Level 1:colcon.colcon_core.shell:create_environment_hook('astar_path_planner', 'ld_library_path_lib')
[86.338s] INFO:colcon.colcon_core.shell:Creating environment hook '/home/ubuntu/rj_training_container/training_ws/install/astar_path_planner/share/astar_path_planner/hook/ld_library_path_lib.ps1'
[86.369s] INFO:colcon.colcon_core.shell:Creating environment descriptor '/home/ubuntu/rj_training_container/training_ws/install/astar_path_planner/share/astar_path_planner/hook/ld_library_path_lib.dsv'
[86.397s] INFO:colcon.colcon_core.shell:Creating environment hook '/home/ubuntu/rj_training_container/training_ws/install/astar_path_planner/share/astar_path_planner/hook/ld_library_path_lib.sh'
[86.430s] Level 1:colcon.colcon_core.environment:checking '/home/ubuntu/rj_training_container/training_ws/install/astar_path_planner/bin'
[86.433s] Level 1:colcon.colcon_core.environment:checking '/home/ubuntu/rj_training_container/training_ws/install/astar_path_planner/lib/pkgconfig/astar_path_planner.pc'
[86.437s] Level 1:colcon.colcon_core.environment:checking '/home/ubuntu/rj_training_container/training_ws/install/astar_path_planner/lib/python3.10/site-packages'
[86.441s] Level 1:colcon.colcon_core.environment:checking '/home/ubuntu/rj_training_container/training_ws/install/astar_path_planner/bin'
[86.444s] INFO:colcon.colcon_core.shell:Creating package script '/home/ubuntu/rj_training_container/training_ws/install/astar_path_planner/share/astar_path_planner/package.ps1'
[86.471s] INFO:colcon.colcon_core.shell:Creating package descriptor '/home/ubuntu/rj_training_container/training_ws/install/astar_path_planner/share/astar_path_planner/package.dsv'
[86.500s] INFO:colcon.colcon_core.shell:Creating package script '/home/ubuntu/rj_training_container/training_ws/install/astar_path_planner/share/astar_path_planner/package.sh'
[86.527s] INFO:colcon.colcon_core.shell:Creating package script '/home/ubuntu/rj_training_container/training_ws/install/astar_path_planner/share/astar_path_planner/package.bash'
[86.553s] INFO:colcon.colcon_core.shell:Creating package script '/home/ubuntu/rj_training_container/training_ws/install/astar_path_planner/share/astar_path_planner/package.zsh'
[86.579s] Level 1:colcon.colcon_core.environment:create_file_with_runtime_dependencies(/home/ubuntu/rj_training_container/training_ws/install/astar_path_planner/share/colcon-core/packages/astar_path_planner)
[86.703s] Level 1:colcon.colcon_core.environment:create_environment_scripts_only(stsl_gazebo_plugins)
[86.704s] Level 1:colcon.colcon_core.environment:checking '/home/ubuntu/rj_training_container/training_ws/install/stsl_gazebo_plugins' for CMake module files
[86.706s] DEBUG:colcon.colcon_core.event_handler.log_command:Invoked command in '/home/ubuntu/rj_training_container/training_ws/build/stsl_gazebo_plugins' returned '0': CMAKE_PREFIX_PATH=${CMAKE_PREFIX_PATH}:/home/ubuntu/rj_training_container/training_ws/install/keyboard:/opt/ros/humble /usr/bin/cmake --install /home/ubuntu/rj_training_container/training_ws/build/stsl_gazebo_plugins
[86.907s] Level 1:colcon.colcon_core.environment:checking '/home/ubuntu/rj_training_container/training_ws/install/stsl_gazebo_plugins' for CMake config files
[87.081s] Level 1:colcon.colcon_core.shell:create_environment_hook('stsl_gazebo_plugins', 'cmake_prefix_path')
[87.083s] INFO:colcon.colcon_core.shell:Creating environment hook '/home/ubuntu/rj_training_container/training_ws/install/stsl_gazebo_plugins/share/stsl_gazebo_plugins/hook/cmake_prefix_path.ps1'
[87.122s] INFO:colcon.colcon_core.shell:Creating environment descriptor '/home/ubuntu/rj_training_container/training_ws/install/stsl_gazebo_plugins/share/stsl_gazebo_plugins/hook/cmake_prefix_path.dsv'
[87.161s] INFO:colcon.colcon_core.shell:Creating environment hook '/home/ubuntu/rj_training_container/training_ws/install/stsl_gazebo_plugins/share/stsl_gazebo_plugins/hook/cmake_prefix_path.sh'
[87.209s] Level 1:colcon.colcon_core.environment:checking '/home/ubuntu/rj_training_container/training_ws/install/stsl_gazebo_plugins/lib'
[87.221s] Level 1:colcon.colcon_core.shell:create_environment_hook('stsl_gazebo_plugins', 'ld_library_path_lib')
[87.223s] INFO:colcon.colcon_core.shell:Creating environment hook '/home/ubuntu/rj_training_container/training_ws/install/stsl_gazebo_plugins/share/stsl_gazebo_plugins/hook/ld_library_path_lib.ps1'
[87.262s] INFO:colcon.colcon_core.shell:Creating environment descriptor '/home/ubuntu/rj_training_container/training_ws/install/stsl_gazebo_plugins/share/stsl_gazebo_plugins/hook/ld_library_path_lib.dsv'
[87.303s] INFO:colcon.colcon_core.shell:Creating environment hook '/home/ubuntu/rj_training_container/training_ws/install/stsl_gazebo_plugins/share/stsl_gazebo_plugins/hook/ld_library_path_lib.sh'
[87.346s] Level 1:colcon.colcon_core.environment:checking '/home/ubuntu/rj_training_container/training_ws/install/stsl_gazebo_plugins/bin'
[87.349s] Level 1:colcon.colcon_core.environment:checking '/home/ubuntu/rj_training_container/training_ws/install/stsl_gazebo_plugins/lib/pkgconfig/stsl_gazebo_plugins.pc'
[87.353s] Level 1:colcon.colcon_core.environment:checking '/home/ubuntu/rj_training_container/training_ws/install/stsl_gazebo_plugins/lib/python3.10/site-packages'
[87.358s] Level 1:colcon.colcon_core.environment:checking '/home/ubuntu/rj_training_container/training_ws/install/stsl_gazebo_plugins/bin'
[87.362s] INFO:colcon.colcon_core.shell:Creating package script '/home/ubuntu/rj_training_container/training_ws/install/stsl_gazebo_plugins/share/stsl_gazebo_plugins/package.ps1'
[87.392s] INFO:colcon.colcon_core.shell:Creating package descriptor '/home/ubuntu/rj_training_container/training_ws/install/stsl_gazebo_plugins/share/stsl_gazebo_plugins/package.dsv'
[87.426s] INFO:colcon.colcon_core.shell:Creating package script '/home/ubuntu/rj_training_container/training_ws/install/stsl_gazebo_plugins/share/stsl_gazebo_plugins/package.sh'
[87.456s] INFO:colcon.colcon_core.shell:Creating package script '/home/ubuntu/rj_training_container/training_ws/install/stsl_gazebo_plugins/share/stsl_gazebo_plugins/package.bash'
[87.491s] INFO:colcon.colcon_core.shell:Creating package script '/home/ubuntu/rj_training_container/training_ws/install/stsl_gazebo_plugins/share/stsl_gazebo_plugins/package.zsh'
[87.522s] Level 1:colcon.colcon_core.environment:create_file_with_runtime_dependencies(/home/ubuntu/rj_training_container/training_ws/install/stsl_gazebo_plugins/share/colcon-core/packages/stsl_gazebo_plugins)
[87.983s] Level 1:colcon.colcon_core.environment:create_environment_scripts_only(stsl_nav_plugins)
[87.984s] Level 1:colcon.colcon_core.environment:checking '/home/ubuntu/rj_training_container/training_ws/install/stsl_nav_plugins' for CMake module files
[87.987s] DEBUG:colcon.colcon_core.event_handler.log_command:Invoked command in '/home/ubuntu/rj_training_container/training_ws/build/stsl_nav_plugins' returned '0': CMAKE_PREFIX_PATH=${CMAKE_PREFIX_PATH}:/home/ubuntu/rj_training_container/training_ws/install/keyboard:/opt/ros/humble /usr/bin/cmake --install /home/ubuntu/rj_training_container/training_ws/build/stsl_nav_plugins
[88.205s] Level 1:colcon.colcon_core.environment:checking '/home/ubuntu/rj_training_container/training_ws/install/stsl_nav_plugins' for CMake config files
[88.414s] Level 1:colcon.colcon_core.shell:create_environment_hook('stsl_nav_plugins', 'cmake_prefix_path')
[88.415s] INFO:colcon.colcon_core.shell:Creating environment hook '/home/ubuntu/rj_training_container/training_ws/install/stsl_nav_plugins/share/stsl_nav_plugins/hook/cmake_prefix_path.ps1'
[88.452s] INFO:colcon.colcon_core.shell:Creating environment descriptor '/home/ubuntu/rj_training_container/training_ws/install/stsl_nav_plugins/share/stsl_nav_plugins/hook/cmake_prefix_path.dsv'
[88.494s] INFO:colcon.colcon_core.shell:Creating environment hook '/home/ubuntu/rj_training_container/training_ws/install/stsl_nav_plugins/share/stsl_nav_plugins/hook/cmake_prefix_path.sh'
[88.537s] Level 1:colcon.colcon_core.environment:checking '/home/ubuntu/rj_training_container/training_ws/install/stsl_nav_plugins/lib'
[88.546s] Level 1:colcon.colcon_core.shell:create_environment_hook('stsl_nav_plugins', 'ld_library_path_lib')
[88.547s] INFO:colcon.colcon_core.shell:Creating environment hook '/home/ubuntu/rj_training_container/training_ws/install/stsl_nav_plugins/share/stsl_nav_plugins/hook/ld_library_path_lib.ps1'
[88.586s] INFO:colcon.colcon_core.shell:Creating environment descriptor '/home/ubuntu/rj_training_container/training_ws/install/stsl_nav_plugins/share/stsl_nav_plugins/hook/ld_library_path_lib.dsv'
[88.626s] INFO:colcon.colcon_core.shell:Creating environment hook '/home/ubuntu/rj_training_container/training_ws/install/stsl_nav_plugins/share/stsl_nav_plugins/hook/ld_library_path_lib.sh'
[88.662s] Level 1:colcon.colcon_core.environment:checking '/home/ubuntu/rj_training_container/training_ws/install/stsl_nav_plugins/bin'
[88.663s] Level 1:colcon.colcon_core.environment:checking '/home/ubuntu/rj_training_container/training_ws/install/stsl_nav_plugins/lib/pkgconfig/stsl_nav_plugins.pc'
[88.665s] Level 1:colcon.colcon_core.environment:checking '/home/ubuntu/rj_training_container/training_ws/install/stsl_nav_plugins/lib/python3.10/site-packages'
[88.668s] Level 1:colcon.colcon_core.environment:checking '/home/ubuntu/rj_training_container/training_ws/install/stsl_nav_plugins/bin'
[88.671s] INFO:colcon.colcon_core.shell:Creating package script '/home/ubuntu/rj_training_container/training_ws/install/stsl_nav_plugins/share/stsl_nav_plugins/package.ps1'
[88.695s] INFO:colcon.colcon_core.shell:Creating package descriptor '/home/ubuntu/rj_training_container/training_ws/install/stsl_nav_plugins/share/stsl_nav_plugins/package.dsv'
[88.727s] INFO:colcon.colcon_core.shell:Creating package script '/home/ubuntu/rj_training_container/training_ws/install/stsl_nav_plugins/share/stsl_nav_plugins/package.sh'
[88.754s] INFO:colcon.colcon_core.shell:Creating package script '/home/ubuntu/rj_training_container/training_ws/install/stsl_nav_plugins/share/stsl_nav_plugins/package.bash'
[88.779s] INFO:colcon.colcon_core.shell:Creating package script '/home/ubuntu/rj_training_container/training_ws/install/stsl_nav_plugins/share/stsl_nav_plugins/package.zsh'
[88.814s] Level 1:colcon.colcon_core.environment:create_file_with_runtime_dependencies(/home/ubuntu/rj_training_container/training_ws/install/stsl_nav_plugins/share/colcon-core/packages/stsl_nav_plugins)
[88.857s] Level 1:colcon.colcon_core.environment:create_environment_scripts_only(obstacle_detector)
[88.858s] Level 1:colcon.colcon_core.environment:checking '/home/ubuntu/rj_training_container/training_ws/install/obstacle_detector' for CMake module files
[88.860s] DEBUG:colcon.colcon_core.event_handler.log_command:Invoked command in '/home/ubuntu/rj_training_container/training_ws/build/obstacle_detector' returned '0': CMAKE_PREFIX_PATH=${CMAKE_PREFIX_PATH}:/home/ubuntu/rj_training_container/training_ws/install/keyboard:/opt/ros/humble /usr/bin/cmake --install /home/ubuntu/rj_training_container/training_ws/build/obstacle_detector
[89.077s] Level 1:colcon.colcon_core.environment:checking '/home/ubuntu/rj_training_container/training_ws/install/obstacle_detector' for CMake config files
[89.249s] Level 1:colcon.colcon_core.shell:create_environment_hook('obstacle_detector', 'cmake_prefix_path')
[89.250s] INFO:colcon.colcon_core.shell:Creating environment hook '/home/ubuntu/rj_training_container/training_ws/install/obstacle_detector/share/obstacle_detector/hook/cmake_prefix_path.ps1'
[89.284s] INFO:colcon.colcon_core.shell:Creating environment descriptor '/home/ubuntu/rj_training_container/training_ws/install/obstacle_detector/share/obstacle_detector/hook/cmake_prefix_path.dsv'
[89.323s] INFO:colcon.colcon_core.shell:Creating environment hook '/home/ubuntu/rj_training_container/training_ws/install/obstacle_detector/share/obstacle_detector/hook/cmake_prefix_path.sh'
[89.356s] Level 1:colcon.colcon_core.environment:checking '/home/ubuntu/rj_training_container/training_ws/install/obstacle_detector/lib'
[89.362s] Level 1:colcon.colcon_core.shell:create_environment_hook('obstacle_detector', 'ld_library_path_lib')
[89.364s] INFO:colcon.colcon_core.shell:Creating environment hook '/home/ubuntu/rj_training_container/training_ws/install/obstacle_detector/share/obstacle_detector/hook/ld_library_path_lib.ps1'
[89.401s] INFO:colcon.colcon_core.shell:Creating environment descriptor '/home/ubuntu/rj_training_container/training_ws/install/obstacle_detector/share/obstacle_detector/hook/ld_library_path_lib.dsv'
[89.434s] INFO:colcon.colcon_core.shell:Creating environment hook '/home/ubuntu/rj_training_container/training_ws/install/obstacle_detector/share/obstacle_detector/hook/ld_library_path_lib.sh'
[89.468s] Level 1:colcon.colcon_core.environment:checking '/home/ubuntu/rj_training_container/training_ws/install/obstacle_detector/bin'
[89.469s] Level 1:colcon.colcon_core.environment:checking '/home/ubuntu/rj_training_container/training_ws/install/obstacle_detector/lib/pkgconfig/obstacle_detector.pc'
[89.471s] Level 1:colcon.colcon_core.environment:checking '/home/ubuntu/rj_training_container/training_ws/install/obstacle_detector/lib/python3.10/site-packages'
[89.473s] Level 1:colcon.colcon_core.environment:checking '/home/ubuntu/rj_training_container/training_ws/install/obstacle_detector/bin'
[89.475s] INFO:colcon.colcon_core.shell:Creating package script '/home/ubuntu/rj_training_container/training_ws/install/obstacle_detector/share/obstacle_detector/package.ps1'
[89.498s] INFO:colcon.colcon_core.shell:Creating package descriptor '/home/ubuntu/rj_training_container/training_ws/install/obstacle_detector/share/obstacle_detector/package.dsv'
[89.521s] INFO:colcon.colcon_core.shell:Creating package script '/home/ubuntu/rj_training_container/training_ws/install/obstacle_detector/share/obstacle_detector/package.sh'
[89.542s] INFO:colcon.colcon_core.shell:Creating package script '/home/ubuntu/rj_training_container/training_ws/install/obstacle_detector/share/obstacle_detector/package.bash'
[89.564s] INFO:colcon.colcon_core.shell:Creating package script '/home/ubuntu/rj_training_container/training_ws/install/obstacle_detector/share/obstacle_detector/package.zsh'
[89.587s] Level 1:colcon.colcon_core.environment:create_file_with_runtime_dependencies(/home/ubuntu/rj_training_container/training_ws/install/obstacle_detector/share/colcon-core/packages/obstacle_detector)
[89.617s] Level 1:colcon.colcon_core.environment:create_environment_scripts_only(mapping)
[89.618s] Level 1:colcon.colcon_core.environment:checking '/home/ubuntu/rj_training_container/training_ws/install/mapping' for CMake module files
[89.620s] DEBUG:colcon.colcon_core.event_handler.log_command:Invoked command in '/home/ubuntu/rj_training_container/training_ws/build/mapping' returned '0': CMAKE_PREFIX_PATH=${CMAKE_PREFIX_PATH}:/home/ubuntu/rj_training_container/training_ws/install/keyboard:/opt/ros/humble /usr/bin/cmake --install /home/ubuntu/rj_training_container/training_ws/build/mapping
[89.832s] Level 1:colcon.colcon_core.environment:checking '/home/ubuntu/rj_training_container/training_ws/install/mapping' for CMake config files
[90.030s] Level 1:colcon.colcon_core.shell:create_environment_hook('mapping', 'cmake_prefix_path')
[90.031s] INFO:colcon.colcon_core.shell:Creating environment hook '/home/ubuntu/rj_training_container/training_ws/install/mapping/share/mapping/hook/cmake_prefix_path.ps1'
[90.068s] INFO:colcon.colcon_core.shell:Creating environment descriptor '/home/ubuntu/rj_training_container/training_ws/install/mapping/share/mapping/hook/cmake_prefix_path.dsv'
[90.104s] INFO:colcon.colcon_core.shell:Creating environment hook '/home/ubuntu/rj_training_container/training_ws/install/mapping/share/mapping/hook/cmake_prefix_path.sh'
[90.148s] Level 1:colcon.colcon_core.environment:checking '/home/ubuntu/rj_training_container/training_ws/install/mapping/lib'
[90.159s] Level 1:colcon.colcon_core.shell:create_environment_hook('mapping', 'ld_library_path_lib')
[90.160s] INFO:colcon.colcon_core.shell:Creating environment hook '/home/ubuntu/rj_training_container/training_ws/install/mapping/share/mapping/hook/ld_library_path_lib.ps1'
[90.194s] INFO:colcon.colcon_core.shell:Creating environment descriptor '/home/ubuntu/rj_training_container/training_ws/install/mapping/share/mapping/hook/ld_library_path_lib.dsv'
[90.228s] INFO:colcon.colcon_core.shell:Creating environment hook '/home/ubuntu/rj_training_container/training_ws/install/mapping/share/mapping/hook/ld_library_path_lib.sh'
[90.265s] Level 1:colcon.colcon_core.environment:checking '/home/ubuntu/rj_training_container/training_ws/install/mapping/bin'
[90.268s] Level 1:colcon.colcon_core.environment:checking '/home/ubuntu/rj_training_container/training_ws/install/mapping/lib/pkgconfig/mapping.pc'
[90.273s] Level 1:colcon.colcon_core.environment:checking '/home/ubuntu/rj_training_container/training_ws/install/mapping/lib/python3.10/site-packages'
[90.277s] Level 1:colcon.colcon_core.environment:checking '/home/ubuntu/rj_training_container/training_ws/install/mapping/bin'
[90.280s] INFO:colcon.colcon_core.shell:Creating package script '/home/ubuntu/rj_training_container/training_ws/install/mapping/share/mapping/package.ps1'
[90.307s] INFO:colcon.colcon_core.shell:Creating package descriptor '/home/ubuntu/rj_training_container/training_ws/install/mapping/share/mapping/package.dsv'
[90.336s] INFO:colcon.colcon_core.shell:Creating package script '/home/ubuntu/rj_training_container/training_ws/install/mapping/share/mapping/package.sh'
[90.363s] INFO:colcon.colcon_core.shell:Creating package script '/home/ubuntu/rj_training_container/training_ws/install/mapping/share/mapping/package.bash'
[90.387s] INFO:colcon.colcon_core.shell:Creating package script '/home/ubuntu/rj_training_container/training_ws/install/mapping/share/mapping/package.zsh'
[90.407s] Level 1:colcon.colcon_core.environment:create_file_with_runtime_dependencies(/home/ubuntu/rj_training_container/training_ws/install/mapping/share/colcon-core/packages/mapping)
[90.442s] Level 1:colcon.colcon_core.environment:create_environment_scripts_only(teleop)
[90.443s] Level 1:colcon.colcon_core.environment:checking '/home/ubuntu/rj_training_container/training_ws/install/teleop' for CMake module files
[90.444s] DEBUG:colcon.colcon_core.event_handler.log_command:Invoked command in '/home/ubuntu/rj_training_container/training_ws/build/teleop' returned '0': CMAKE_PREFIX_PATH=${CMAKE_PREFIX_PATH}:/home/ubuntu/rj_training_container/training_ws/install/keyboard:/opt/ros/humble /usr/bin/cmake --install /home/ubuntu/rj_training_container/training_ws/build/teleop
[90.684s] Level 1:colcon.colcon_core.environment:checking '/home/ubuntu/rj_training_container/training_ws/install/teleop' for CMake config files
[90.854s] Level 1:colcon.colcon_core.shell:create_environment_hook('teleop', 'cmake_prefix_path')
[90.855s] INFO:colcon.colcon_core.shell:Creating environment hook '/home/ubuntu/rj_training_container/training_ws/install/teleop/share/teleop/hook/cmake_prefix_path.ps1'
[90.883s] INFO:colcon.colcon_core.shell:Creating environment descriptor '/home/ubuntu/rj_training_container/training_ws/install/teleop/share/teleop/hook/cmake_prefix_path.dsv'
[90.915s] INFO:colcon.colcon_core.shell:Creating environment hook '/home/ubuntu/rj_training_container/training_ws/install/teleop/share/teleop/hook/cmake_prefix_path.sh'
[90.946s] Level 1:colcon.colcon_core.environment:checking '/home/ubuntu/rj_training_container/training_ws/install/teleop/lib'
[90.953s] Level 1:colcon.colcon_core.shell:create_environment_hook('teleop', 'ld_library_path_lib')
[90.954s] INFO:colcon.colcon_core.shell:Creating environment hook '/home/ubuntu/rj_training_container/training_ws/install/teleop/share/teleop/hook/ld_library_path_lib.ps1'
[90.983s] INFO:colcon.colcon_core.shell:Creating environment descriptor '/home/ubuntu/rj_training_container/training_ws/install/teleop/share/teleop/hook/ld_library_path_lib.dsv'
[91.011s] INFO:colcon.colcon_core.shell:Creating environment hook '/home/ubuntu/rj_training_container/training_ws/install/teleop/share/teleop/hook/ld_library_path_lib.sh'
[91.037s] Level 1:colcon.colcon_core.environment:checking '/home/ubuntu/rj_training_container/training_ws/install/teleop/bin'
[91.040s] Level 1:colcon.colcon_core.environment:checking '/home/ubuntu/rj_training_container/training_ws/install/teleop/lib/pkgconfig/teleop.pc'
[91.041s] Level 1:colcon.colcon_core.environment:checking '/home/ubuntu/rj_training_container/training_ws/install/teleop/lib/python3.10/site-packages'
[91.045s] Level 1:colcon.colcon_core.environment:checking '/home/ubuntu/rj_training_container/training_ws/install/teleop/bin'
[91.047s] INFO:colcon.colcon_core.shell:Creating package script '/home/ubuntu/rj_training_container/training_ws/install/teleop/share/teleop/package.ps1'
[91.070s] INFO:colcon.colcon_core.shell:Creating package descriptor '/home/ubuntu/rj_training_container/training_ws/install/teleop/share/teleop/package.dsv'
[91.093s] INFO:colcon.colcon_core.shell:Creating package script '/home/ubuntu/rj_training_container/training_ws/install/teleop/share/teleop/package.sh'
[91.118s] INFO:colcon.colcon_core.shell:Creating package script '/home/ubuntu/rj_training_container/training_ws/install/teleop/share/teleop/package.bash'
[91.142s] INFO:colcon.colcon_core.shell:Creating package script '/home/ubuntu/rj_training_container/training_ws/install/teleop/share/teleop/package.zsh'
[91.163s] Level 1:colcon.colcon_core.environment:create_file_with_runtime_dependencies(/home/ubuntu/rj_training_container/training_ws/install/teleop/share/colcon-core/packages/teleop)
[91.193s] Level 1:colcon.colcon_core.environment:create_environment_scripts_only(stsl_utils)
[91.194s] Level 1:colcon.colcon_core.environment:checking '/home/ubuntu/rj_training_container/training_ws/install/stsl_utils' for CMake module files
[91.195s] DEBUG:colcon.colcon_core.event_handler.log_command:Invoked command in '/home/ubuntu/rj_training_container/training_ws/build/stsl_utils' returned '0': CMAKE_PREFIX_PATH=${CMAKE_PREFIX_PATH}:/home/ubuntu/rj_training_container/training_ws/install/keyboard:/opt/ros/humble /usr/bin/cmake --install /home/ubuntu/rj_training_container/training_ws/build/stsl_utils
[91.384s] Level 1:colcon.colcon_core.environment:checking '/home/ubuntu/rj_training_container/training_ws/install/stsl_utils' for CMake config files
[91.553s] Level 1:colcon.colcon_core.shell:create_environment_hook('stsl_utils', 'cmake_prefix_path')
[91.554s] INFO:colcon.colcon_core.shell:Creating environment hook '/home/ubuntu/rj_training_container/training_ws/install/stsl_utils/share/stsl_utils/hook/cmake_prefix_path.ps1'
[91.591s] INFO:colcon.colcon_core.shell:Creating environment descriptor '/home/ubuntu/rj_training_container/training_ws/install/stsl_utils/share/stsl_utils/hook/cmake_prefix_path.dsv'
[91.627s] INFO:colcon.colcon_core.shell:Creating environment hook '/home/ubuntu/rj_training_container/training_ws/install/stsl_utils/share/stsl_utils/hook/cmake_prefix_path.sh'
[91.670s] Level 1:colcon.colcon_core.environment:checking '/home/ubuntu/rj_training_container/training_ws/install/stsl_utils/lib'
[91.680s] Level 1:colcon.colcon_core.shell:create_environment_hook('stsl_utils', 'ld_library_path_lib')
[91.681s] INFO:colcon.colcon_core.shell:Creating environment hook '/home/ubuntu/rj_training_container/training_ws/install/stsl_utils/share/stsl_utils/hook/ld_library_path_lib.ps1'
[91.718s] INFO:colcon.colcon_core.shell:Creating environment descriptor '/home/ubuntu/rj_training_container/training_ws/install/stsl_utils/share/stsl_utils/hook/ld_library_path_lib.dsv'
[91.751s] INFO:colcon.colcon_core.shell:Creating environment hook '/home/ubuntu/rj_training_container/training_ws/install/stsl_utils/share/stsl_utils/hook/ld_library_path_lib.sh'
[91.787s] Level 1:colcon.colcon_core.environment:checking '/home/ubuntu/rj_training_container/training_ws/install/stsl_utils/bin'
[91.790s] Level 1:colcon.colcon_core.environment:checking '/home/ubuntu/rj_training_container/training_ws/install/stsl_utils/lib/pkgconfig/stsl_utils.pc'
[91.793s] Level 1:colcon.colcon_core.environment:checking '/home/ubuntu/rj_training_container/training_ws/install/stsl_utils/lib/python3.10/site-packages'
[91.798s] Level 1:colcon.colcon_core.environment:checking '/home/ubuntu/rj_training_container/training_ws/install/stsl_utils/bin'
[91.800s] INFO:colcon.colcon_core.shell:Creating package script '/home/ubuntu/rj_training_container/training_ws/install/stsl_utils/share/stsl_utils/package.ps1'
[91.828s] INFO:colcon.colcon_core.shell:Creating package descriptor '/home/ubuntu/rj_training_container/training_ws/install/stsl_utils/share/stsl_utils/package.dsv'
[91.858s] INFO:colcon.colcon_core.shell:Creating package script '/home/ubuntu/rj_training_container/training_ws/install/stsl_utils/share/stsl_utils/package.sh'
[91.888s] INFO:colcon.colcon_core.shell:Creating package script '/home/ubuntu/rj_training_container/training_ws/install/stsl_utils/share/stsl_utils/package.bash'
[91.918s] INFO:colcon.colcon_core.shell:Creating package script '/home/ubuntu/rj_training_container/training_ws/install/stsl_utils/share/stsl_utils/package.zsh'
[91.948s] Level 1:colcon.colcon_core.environment:create_file_with_runtime_dependencies(/home/ubuntu/rj_training_container/training_ws/install/stsl_utils/share/colcon-core/packages/stsl_utils)
[98.598s] Level 1:colcon.colcon_core.environment:create_environment_scripts_only(traini_description)
[98.599s] Level 1:colcon.colcon_core.environment:checking '/home/ubuntu/rj_training_container/training_ws/install/traini_description' for CMake module files
[98.859s] Level 1:colcon.colcon_core.environment:checking '/home/ubuntu/rj_training_container/training_ws/install/traini_description' for CMake config files
[99.036s] Level 1:colcon.colcon_core.shell:create_environment_hook('traini_description', 'cmake_prefix_path')
[99.037s] INFO:colcon.colcon_core.shell:Creating environment hook '/home/ubuntu/rj_training_container/training_ws/install/traini_description/share/traini_description/hook/cmake_prefix_path.ps1'
[99.083s] INFO:colcon.colcon_core.shell:Creating environment descriptor '/home/ubuntu/rj_training_container/training_ws/install/traini_description/share/traini_description/hook/cmake_prefix_path.dsv'
[99.122s] INFO:colcon.colcon_core.shell:Creating environment hook '/home/ubuntu/rj_training_container/training_ws/install/traini_description/share/traini_description/hook/cmake_prefix_path.sh'
[99.170s] Level 1:colcon.colcon_core.environment:checking '/home/ubuntu/rj_training_container/training_ws/install/traini_description/bin'
[99.173s] Level 1:colcon.colcon_core.environment:checking '/home/ubuntu/rj_training_container/training_ws/install/traini_description/lib/pkgconfig/traini_description.pc'
[99.176s] Level 1:colcon.colcon_core.environment:checking '/home/ubuntu/rj_training_container/training_ws/install/traini_description/lib/python3.10/site-packages'
[99.180s] Level 1:colcon.colcon_core.environment:checking '/home/ubuntu/rj_training_container/training_ws/install/traini_description/bin'
[99.183s] INFO:colcon.colcon_core.shell:Creating package script '/home/ubuntu/rj_training_container/training_ws/install/traini_description/share/traini_description/package.ps1'
[99.215s] INFO:colcon.colcon_core.shell:Creating package descriptor '/home/ubuntu/rj_training_container/training_ws/install/traini_description/share/traini_description/package.dsv'
[99.247s] INFO:colcon.colcon_core.shell:Creating package script '/home/ubuntu/rj_training_container/training_ws/install/traini_description/share/traini_description/package.sh'
[99.282s] INFO:colcon.colcon_core.shell:Creating package script '/home/ubuntu/rj_training_container/training_ws/install/traini_description/share/traini_description/package.bash'
[99.313s] INFO:colcon.colcon_core.shell:Creating package script '/home/ubuntu/rj_training_container/training_ws/install/traini_description/share/traini_description/package.zsh'
[99.345s] Level 1:colcon.colcon_core.environment:create_file_with_runtime_dependencies(/home/ubuntu/rj_training_container/training_ws/install/traini_description/share/colcon-core/packages/traini_description)
[99.501s] Level 1:colcon.colcon_core.environment:create_environment_scripts_only(rj_training_bringup)
[99.501s] Level 1:colcon.colcon_core.environment:checking '/home/ubuntu/rj_training_container/training_ws/install/rj_training_bringup' for CMake module files
[99.804s] Level 1:colcon.colcon_core.environment:checking '/home/ubuntu/rj_training_container/training_ws/install/rj_training_bringup' for CMake config files
[100.041s] Level 1:colcon.colcon_core.shell:create_environment_hook('rj_training_bringup', 'cmake_prefix_path')
[100.042s] INFO:colcon.colcon_core.shell:Creating environment hook '/home/ubuntu/rj_training_container/training_ws/install/rj_training_bringup/share/rj_training_bringup/hook/cmake_prefix_path.ps1'
[100.099s] INFO:colcon.colcon_core.shell:Creating environment descriptor '/home/ubuntu/rj_training_container/training_ws/install/rj_training_bringup/share/rj_training_bringup/hook/cmake_prefix_path.dsv'
[100.156s] INFO:colcon.colcon_core.shell:Creating environment hook '/home/ubuntu/rj_training_container/training_ws/install/rj_training_bringup/share/rj_training_bringup/hook/cmake_prefix_path.sh'
[100.217s] Level 1:colcon.colcon_core.environment:checking '/home/ubuntu/rj_training_container/training_ws/install/rj_training_bringup/bin'
[100.221s] Level 1:colcon.colcon_core.environment:checking '/home/ubuntu/rj_training_container/training_ws/install/rj_training_bringup/lib/pkgconfig/rj_training_bringup.pc'
[100.224s] Level 1:colcon.colcon_core.environment:checking '/home/ubuntu/rj_training_container/training_ws/install/rj_training_bringup/lib/python3.10/site-packages'
[100.227s] Level 1:colcon.colcon_core.environment:checking '/home/ubuntu/rj_training_container/training_ws/install/rj_training_bringup/bin'
[100.231s] INFO:colcon.colcon_core.shell:Creating package script '/home/ubuntu/rj_training_container/training_ws/install/rj_training_bringup/share/rj_training_bringup/package.ps1'
[100.271s] INFO:colcon.colcon_core.shell:Creating package descriptor '/home/ubuntu/rj_training_container/training_ws/install/rj_training_bringup/share/rj_training_bringup/package.dsv'
[100.314s] INFO:colcon.colcon_core.shell:Creating package script '/home/ubuntu/rj_training_container/training_ws/install/rj_training_bringup/share/rj_training_bringup/package.sh'
[100.357s] INFO:colcon.colcon_core.shell:Creating package script '/home/ubuntu/rj_training_container/training_ws/install/rj_training_bringup/share/rj_training_bringup/package.bash'
[100.396s] INFO:colcon.colcon_core.shell:Creating package script '/home/ubuntu/rj_training_container/training_ws/install/rj_training_bringup/share/rj_training_bringup/package.zsh'
[100.436s] Level 1:colcon.colcon_core.environment:create_file_with_runtime_dependencies(/home/ubuntu/rj_training_container/training_ws/install/rj_training_bringup/share/colcon-core/packages/rj_training_bringup)
[109.721s] DEBUG:colcon.colcon_core.event_handler.log_command:Invoked command in '/home/ubuntu/rj_training_container/training_ws/build/joystick_msgs' returned '0': CMAKE_PREFIX_PATH=${CMAKE_PREFIX_PATH}:/home/ubuntu/rj_training_container/training_ws/install/keyboard:/opt/ros/humble /usr/bin/cmake --build /home/ubuntu/rj_training_container/training_ws/build/joystick_msgs -- -j16 -l16
[113.129s] Level 1:colcon.colcon_core.environment:create_environment_scripts_only(controllers)
[113.130s] Level 1:colcon.colcon_core.environment:checking '/home/ubuntu/rj_training_container/training_ws/install/controllers' for CMake module files
[113.312s] Level 1:colcon.colcon_core.environment:checking '/home/ubuntu/rj_training_container/training_ws/install/controllers' for CMake config files
[113.479s] Level 1:colcon.colcon_core.shell:create_environment_hook('controllers', 'cmake_prefix_path')
[113.480s] INFO:colcon.colcon_core.shell:Creating environment hook '/home/ubuntu/rj_training_container/training_ws/install/controllers/share/controllers/hook/cmake_prefix_path.ps1'
[113.508s] INFO:colcon.colcon_core.shell:Creating environment descriptor '/home/ubuntu/rj_training_container/training_ws/install/controllers/share/controllers/hook/cmake_prefix_path.dsv'
[113.534s] INFO:colcon.colcon_core.shell:Creating environment hook '/home/ubuntu/rj_training_container/training_ws/install/controllers/share/controllers/hook/cmake_prefix_path.sh'
[113.571s] Level 1:colcon.colcon_core.environment:checking '/home/ubuntu/rj_training_container/training_ws/install/controllers/lib'
[113.576s] Level 1:colcon.colcon_core.shell:create_environment_hook('controllers', 'ld_library_path_lib')
[113.578s] INFO:colcon.colcon_core.shell:Creating environment hook '/home/ubuntu/rj_training_container/training_ws/install/controllers/share/controllers/hook/ld_library_path_lib.ps1'
[113.610s] INFO:colcon.colcon_core.shell:Creating environment descriptor '/home/ubuntu/rj_training_container/training_ws/install/controllers/share/controllers/hook/ld_library_path_lib.dsv'
[113.644s] INFO:colcon.colcon_core.shell:Creating environment hook '/home/ubuntu/rj_training_container/training_ws/install/controllers/share/controllers/hook/ld_library_path_lib.sh'
[113.679s] Level 1:colcon.colcon_core.environment:checking '/home/ubuntu/rj_training_container/training_ws/install/controllers/bin'
[113.682s] Level 1:colcon.colcon_core.environment:checking '/home/ubuntu/rj_training_container/training_ws/install/controllers/lib/pkgconfig/controllers.pc'
[113.686s] Level 1:colcon.colcon_core.environment:checking '/home/ubuntu/rj_training_container/training_ws/install/controllers/lib/python3.10/site-packages'
[113.690s] Level 1:colcon.colcon_core.environment:checking '/home/ubuntu/rj_training_container/training_ws/install/controllers/bin'
[113.692s] INFO:colcon.colcon_core.shell:Creating package script '/home/ubuntu/rj_training_container/training_ws/install/controllers/share/controllers/package.ps1'
[113.719s] INFO:colcon.colcon_core.shell:Creating package descriptor '/home/ubuntu/rj_training_container/training_ws/install/controllers/share/controllers/package.dsv'
[113.746s] INFO:colcon.colcon_core.shell:Creating package script '/home/ubuntu/rj_training_container/training_ws/install/controllers/share/controllers/package.sh'
[113.773s] INFO:colcon.colcon_core.shell:Creating package script '/home/ubuntu/rj_training_container/training_ws/install/controllers/share/controllers/package.bash'
[113.801s] INFO:colcon.colcon_core.shell:Creating package script '/home/ubuntu/rj_training_container/training_ws/install/controllers/share/controllers/package.zsh'
[113.824s] Level 1:colcon.colcon_core.environment:create_file_with_runtime_dependencies(/home/ubuntu/rj_training_container/training_ws/install/controllers/share/colcon-core/packages/controllers)
[114.258s] Level 1:colcon.colcon_core.environment:create_environment_scripts_only(astar_path_planner)
[114.259s] Level 1:colcon.colcon_core.environment:checking '/home/ubuntu/rj_training_container/training_ws/install/astar_path_planner' for CMake module files
[114.434s] Level 1:colcon.colcon_core.environment:checking '/home/ubuntu/rj_training_container/training_ws/install/astar_path_planner' for CMake config files
[114.551s] Level 1:colcon.colcon_core.shell:create_environment_hook('astar_path_planner', 'cmake_prefix_path')
[114.551s] INFO:colcon.colcon_core.shell:Creating environment hook '/home/ubuntu/rj_training_container/training_ws/install/astar_path_planner/share/astar_path_planner/hook/cmake_prefix_path.ps1'
[114.581s] INFO:colcon.colcon_core.shell:Creating environment descriptor '/home/ubuntu/rj_training_container/training_ws/install/astar_path_planner/share/astar_path_planner/hook/cmake_prefix_path.dsv'
[114.606s] INFO:colcon.colcon_core.shell:Creating environment hook '/home/ubuntu/rj_training_container/training_ws/install/astar_path_planner/share/astar_path_planner/hook/cmake_prefix_path.sh'
[114.635s] Level 1:colcon.colcon_core.environment:checking '/home/ubuntu/rj_training_container/training_ws/install/astar_path_planner/lib'
[114.642s] Level 1:colcon.colcon_core.shell:create_environment_hook('astar_path_planner', 'ld_library_path_lib')
[114.643s] INFO:colcon.colcon_core.shell:Creating environment hook '/home/ubuntu/rj_training_container/training_ws/install/astar_path_planner/share/astar_path_planner/hook/ld_library_path_lib.ps1'
[114.671s] INFO:colcon.colcon_core.shell:Creating environment descriptor '/home/ubuntu/rj_training_container/training_ws/install/astar_path_planner/share/astar_path_planner/hook/ld_library_path_lib.dsv'
[114.699s] INFO:colcon.colcon_core.shell:Creating environment hook '/home/ubuntu/rj_training_container/training_ws/install/astar_path_planner/share/astar_path_planner/hook/ld_library_path_lib.sh'
[114.725s] Level 1:colcon.colcon_core.environment:checking '/home/ubuntu/rj_training_container/training_ws/install/astar_path_planner/bin'
[114.727s] Level 1:colcon.colcon_core.environment:checking '/home/ubuntu/rj_training_container/training_ws/install/astar_path_planner/lib/pkgconfig/astar_path_planner.pc'
[114.731s] Level 1:colcon.colcon_core.environment:checking '/home/ubuntu/rj_training_container/training_ws/install/astar_path_planner/lib/python3.10/site-packages'
[114.734s] Level 1:colcon.colcon_core.environment:checking '/home/ubuntu/rj_training_container/training_ws/install/astar_path_planner/bin'
[114.736s] INFO:colcon.colcon_core.shell:Creating package script '/home/ubuntu/rj_training_container/training_ws/install/astar_path_planner/share/astar_path_planner/package.ps1'
[114.758s] INFO:colcon.colcon_core.shell:Creating package descriptor '/home/ubuntu/rj_training_container/training_ws/install/astar_path_planner/share/astar_path_planner/package.dsv'
[114.783s] INFO:colcon.colcon_core.shell:Creating package script '/home/ubuntu/rj_training_container/training_ws/install/astar_path_planner/share/astar_path_planner/package.sh'
[114.804s] INFO:colcon.colcon_core.shell:Creating package script '/home/ubuntu/rj_training_container/training_ws/install/astar_path_planner/share/astar_path_planner/package.bash'
[114.825s] INFO:colcon.colcon_core.shell:Creating package script '/home/ubuntu/rj_training_container/training_ws/install/astar_path_planner/share/astar_path_planner/package.zsh'
[114.848s] Level 1:colcon.colcon_core.environment:create_file_with_runtime_dependencies(/home/ubuntu/rj_training_container/training_ws/install/astar_path_planner/share/colcon-core/packages/astar_path_planner)
[114.864s] Level 1:colcon.colcon_core.environment:create_environment_scripts_only(obstacle_detector)
[114.865s] Level 1:colcon.colcon_core.environment:checking '/home/ubuntu/rj_training_container/training_ws/install/obstacle_detector' for CMake module files
[115.042s] Level 1:colcon.colcon_core.environment:checking '/home/ubuntu/rj_training_container/training_ws/install/obstacle_detector' for CMake config files
[115.185s] Level 1:colcon.colcon_core.shell:create_environment_hook('obstacle_detector', 'cmake_prefix_path')
[115.186s] INFO:colcon.colcon_core.shell:Creating environment hook '/home/ubuntu/rj_training_container/training_ws/install/obstacle_detector/share/obstacle_detector/hook/cmake_prefix_path.ps1'
[115.209s] INFO:colcon.colcon_core.shell:Creating environment descriptor '/home/ubuntu/rj_training_container/training_ws/install/obstacle_detector/share/obstacle_detector/hook/cmake_prefix_path.dsv'
[115.232s] INFO:colcon.colcon_core.shell:Creating environment hook '/home/ubuntu/rj_training_container/training_ws/install/obstacle_detector/share/obstacle_detector/hook/cmake_prefix_path.sh'
[115.252s] Level 1:colcon.colcon_core.environment:checking '/home/ubuntu/rj_training_container/training_ws/install/obstacle_detector/lib'
[115.255s] Level 1:colcon.colcon_core.shell:create_environment_hook('obstacle_detector', 'ld_library_path_lib')
[115.255s] INFO:colcon.colcon_core.shell:Creating environment hook '/home/ubuntu/rj_training_container/training_ws/install/obstacle_detector/share/obstacle_detector/hook/ld_library_path_lib.ps1'
[115.277s] INFO:colcon.colcon_core.shell:Creating environment descriptor '/home/ubuntu/rj_training_container/training_ws/install/obstacle_detector/share/obstacle_detector/hook/ld_library_path_lib.dsv'
[115.296s] INFO:colcon.colcon_core.shell:Creating environment hook '/home/ubuntu/rj_training_container/training_ws/install/obstacle_detector/share/obstacle_detector/hook/ld_library_path_lib.sh'
[115.316s] Level 1:colcon.colcon_core.environment:checking '/home/ubuntu/rj_training_container/training_ws/install/obstacle_detector/bin'
[115.316s] Level 1:colcon.colcon_core.environment:checking '/home/ubuntu/rj_training_container/training_ws/install/obstacle_detector/lib/pkgconfig/obstacle_detector.pc'
[115.317s] Level 1:colcon.colcon_core.environment:checking '/home/ubuntu/rj_training_container/training_ws/install/obstacle_detector/lib/python3.10/site-packages'
[115.319s] Level 1:colcon.colcon_core.environment:checking '/home/ubuntu/rj_training_container/training_ws/install/obstacle_detector/bin'
[115.320s] INFO:colcon.colcon_core.shell:Creating package script '/home/ubuntu/rj_training_container/training_ws/install/obstacle_detector/share/obstacle_detector/package.ps1'
[115.334s] INFO:colcon.colcon_core.shell:Creating package descriptor '/home/ubuntu/rj_training_container/training_ws/install/obstacle_detector/share/obstacle_detector/package.dsv'
[115.349s] INFO:colcon.colcon_core.shell:Creating package script '/home/ubuntu/rj_training_container/training_ws/install/obstacle_detector/share/obstacle_detector/package.sh'
[115.365s] INFO:colcon.colcon_core.shell:Creating package script '/home/ubuntu/rj_training_container/training_ws/install/obstacle_detector/share/obstacle_detector/package.bash'
[115.381s] INFO:colcon.colcon_core.shell:Creating package script '/home/ubuntu/rj_training_container/training_ws/install/obstacle_detector/share/obstacle_detector/package.zsh'
[115.401s] Level 1:colcon.colcon_core.environment:create_file_with_runtime_dependencies(/home/ubuntu/rj_training_container/training_ws/install/obstacle_detector/share/colcon-core/packages/obstacle_detector)
[115.417s] Level 1:colcon.colcon_core.environment:create_environment_scripts_only(mapping)
[115.418s] Level 1:colcon.colcon_core.environment:checking '/home/ubuntu/rj_training_container/training_ws/install/mapping' for CMake module files
[115.539s] Level 1:colcon.colcon_core.environment:checking '/home/ubuntu/rj_training_container/training_ws/install/mapping' for CMake config files
[115.648s] Level 1:colcon.colcon_core.shell:create_environment_hook('mapping', 'cmake_prefix_path')
[115.649s] INFO:colcon.colcon_core.shell:Creating environment hook '/home/ubuntu/rj_training_container/training_ws/install/mapping/share/mapping/hook/cmake_prefix_path.ps1'
[115.669s] INFO:colcon.colcon_core.shell:Creating environment descriptor '/home/ubuntu/rj_training_container/training_ws/install/mapping/share/mapping/hook/cmake_prefix_path.dsv'
[115.689s] INFO:colcon.colcon_core.shell:Creating environment hook '/home/ubuntu/rj_training_container/training_ws/install/mapping/share/mapping/hook/cmake_prefix_path.sh'
[115.710s] Level 1:colcon.colcon_core.environment:checking '/home/ubuntu/rj_training_container/training_ws/install/mapping/lib'
[115.713s] Level 1:colcon.colcon_core.shell:create_environment_hook('mapping', 'ld_library_path_lib')
[115.714s] INFO:colcon.colcon_core.shell:Creating environment hook '/home/ubuntu/rj_training_container/training_ws/install/mapping/share/mapping/hook/ld_library_path_lib.ps1'
[115.732s] INFO:colcon.colcon_core.shell:Creating environment descriptor '/home/ubuntu/rj_training_container/training_ws/install/mapping/share/mapping/hook/ld_library_path_lib.dsv'
[115.752s] INFO:colcon.colcon_core.shell:Creating environment hook '/home/ubuntu/rj_training_container/training_ws/install/mapping/share/mapping/hook/ld_library_path_lib.sh'
[115.772s] Level 1:colcon.colcon_core.environment:checking '/home/ubuntu/rj_training_container/training_ws/install/mapping/bin'
[115.773s] Level 1:colcon.colcon_core.environment:checking '/home/ubuntu/rj_training_container/training_ws/install/mapping/lib/pkgconfig/mapping.pc'
[115.775s] Level 1:colcon.colcon_core.environment:checking '/home/ubuntu/rj_training_container/training_ws/install/mapping/lib/python3.10/site-packages'
[115.778s] Level 1:colcon.colcon_core.environment:checking '/home/ubuntu/rj_training_container/training_ws/install/mapping/bin'
[115.779s] INFO:colcon.colcon_core.shell:Creating package script '/home/ubuntu/rj_training_container/training_ws/install/mapping/share/mapping/package.ps1'
[115.795s] INFO:colcon.colcon_core.shell:Creating package descriptor '/home/ubuntu/rj_training_container/training_ws/install/mapping/share/mapping/package.dsv'
[115.813s] INFO:colcon.colcon_core.shell:Creating package script '/home/ubuntu/rj_training_container/training_ws/install/mapping/share/mapping/package.sh'
[115.829s] INFO:colcon.colcon_core.shell:Creating package script '/home/ubuntu/rj_training_container/training_ws/install/mapping/share/mapping/package.bash'
[115.844s] INFO:colcon.colcon_core.shell:Creating package script '/home/ubuntu/rj_training_container/training_ws/install/mapping/share/mapping/package.zsh'
[115.860s] Level 1:colcon.colcon_core.environment:create_file_with_runtime_dependencies(/home/ubuntu/rj_training_container/training_ws/install/mapping/share/colcon-core/packages/mapping)
[115.883s] Level 1:colcon.colcon_core.environment:create_environment_scripts_only(teleop)
[115.884s] Level 1:colcon.colcon_core.environment:checking '/home/ubuntu/rj_training_container/training_ws/install/teleop' for CMake module files
[115.888s] DEBUG:colcon.colcon_core.event_handler.log_command:Invoked command in '/home/ubuntu/rj_training_container/training_ws/build/stsl_interfaces' returned '0': CMAKE_PREFIX_PATH=${CMAKE_PREFIX_PATH}:/home/ubuntu/rj_training_container/training_ws/install/keyboard:/opt/ros/humble /usr/bin/cmake --build /home/ubuntu/rj_training_container/training_ws/build/stsl_interfaces -- -j16 -l16
[116.034s] Level 1:colcon.colcon_core.environment:checking '/home/ubuntu/rj_training_container/training_ws/install/teleop' for CMake config files
[116.153s] Level 1:colcon.colcon_core.shell:create_environment_hook('teleop', 'cmake_prefix_path')
[116.154s] INFO:colcon.colcon_core.shell:Creating environment hook '/home/ubuntu/rj_training_container/training_ws/install/teleop/share/teleop/hook/cmake_prefix_path.ps1'
[116.171s] INFO:colcon.colcon_core.shell:Creating environment descriptor '/home/ubuntu/rj_training_container/training_ws/install/teleop/share/teleop/hook/cmake_prefix_path.dsv'
[116.190s] INFO:colcon.colcon_core.shell:Creating environment hook '/home/ubuntu/rj_training_container/training_ws/install/teleop/share/teleop/hook/cmake_prefix_path.sh'
[116.217s] Level 1:colcon.colcon_core.environment:checking '/home/ubuntu/rj_training_container/training_ws/install/teleop/lib'
[116.224s] Level 1:colcon.colcon_core.shell:create_environment_hook('teleop', 'ld_library_path_lib')
[116.225s] INFO:colcon.colcon_core.shell:Creating environment hook '/home/ubuntu/rj_training_container/training_ws/install/teleop/share/teleop/hook/ld_library_path_lib.ps1'
[116.247s] INFO:colcon.colcon_core.shell:Creating environment descriptor '/home/ubuntu/rj_training_container/training_ws/install/teleop/share/teleop/hook/ld_library_path_lib.dsv'
[116.269s] INFO:colcon.colcon_core.shell:Creating environment hook '/home/ubuntu/rj_training_container/training_ws/install/teleop/share/teleop/hook/ld_library_path_lib.sh'
[116.290s] Level 1:colcon.colcon_core.environment:checking '/home/ubuntu/rj_training_container/training_ws/install/teleop/bin'
[116.292s] Level 1:colcon.colcon_core.environment:checking '/home/ubuntu/rj_training_container/training_ws/install/teleop/lib/pkgconfig/teleop.pc'
[116.295s] Level 1:colcon.colcon_core.environment:checking '/home/ubuntu/rj_training_container/training_ws/install/teleop/lib/python3.10/site-packages'
[116.297s] Level 1:colcon.colcon_core.environment:checking '/home/ubuntu/rj_training_container/training_ws/install/teleop/bin'
[116.299s] INFO:colcon.colcon_core.shell:Creating package script '/home/ubuntu/rj_training_container/training_ws/install/teleop/share/teleop/package.ps1'
[116.317s] INFO:colcon.colcon_core.shell:Creating package descriptor '/home/ubuntu/rj_training_container/training_ws/install/teleop/share/teleop/package.dsv'
[116.336s] INFO:colcon.colcon_core.shell:Creating package script '/home/ubuntu/rj_training_container/training_ws/install/teleop/share/teleop/package.sh'
[116.353s] INFO:colcon.colcon_core.shell:Creating package script '/home/ubuntu/rj_training_container/training_ws/install/teleop/share/teleop/package.bash'
[116.371s] INFO:colcon.colcon_core.shell:Creating package script '/home/ubuntu/rj_training_container/training_ws/install/teleop/share/teleop/package.zsh'
[116.388s] Level 1:colcon.colcon_core.environment:create_file_with_runtime_dependencies(/home/ubuntu/rj_training_container/training_ws/install/teleop/share/colcon-core/packages/teleop)
[116.418s] Level 1:colcon.colcon_core.environment:create_environment_scripts_only(stsl_gazebo_plugins)
[116.419s] Level 1:colcon.colcon_core.environment:checking '/home/ubuntu/rj_training_container/training_ws/install/stsl_gazebo_plugins' for CMake module files
[116.513s] Level 1:colcon.colcon_core.environment:checking '/home/ubuntu/rj_training_container/training_ws/install/stsl_gazebo_plugins' for CMake config files
[116.603s] Level 1:colcon.colcon_core.shell:create_environment_hook('stsl_gazebo_plugins', 'cmake_prefix_path')
[116.604s] INFO:colcon.colcon_core.shell:Creating environment hook '/home/ubuntu/rj_training_container/training_ws/install/stsl_gazebo_plugins/share/stsl_gazebo_plugins/hook/cmake_prefix_path.ps1'
[116.623s] INFO:colcon.colcon_core.shell:Creating environment descriptor '/home/ubuntu/rj_training_container/training_ws/install/stsl_gazebo_plugins/share/stsl_gazebo_plugins/hook/cmake_prefix_path.dsv'
[116.643s] INFO:colcon.colcon_core.shell:Creating environment hook '/home/ubuntu/rj_training_container/training_ws/install/stsl_gazebo_plugins/share/stsl_gazebo_plugins/hook/cmake_prefix_path.sh'
[116.668s] Level 1:colcon.colcon_core.environment:checking '/home/ubuntu/rj_training_container/training_ws/install/stsl_gazebo_plugins/lib'
[116.674s] Level 1:colcon.colcon_core.shell:create_environment_hook('stsl_gazebo_plugins', 'ld_library_path_lib')
[116.674s] INFO:colcon.colcon_core.shell:Creating environment hook '/home/ubuntu/rj_training_container/training_ws/install/stsl_gazebo_plugins/share/stsl_gazebo_plugins/hook/ld_library_path_lib.ps1'
[116.692s] INFO:colcon.colcon_core.shell:Creating environment descriptor '/home/ubuntu/rj_training_container/training_ws/install/stsl_gazebo_plugins/share/stsl_gazebo_plugins/hook/ld_library_path_lib.dsv'
[116.714s] INFO:colcon.colcon_core.shell:Creating environment hook '/home/ubuntu/rj_training_container/training_ws/install/stsl_gazebo_plugins/share/stsl_gazebo_plugins/hook/ld_library_path_lib.sh'
[116.733s] Level 1:colcon.colcon_core.environment:checking '/home/ubuntu/rj_training_container/training_ws/install/stsl_gazebo_plugins/bin'
[116.734s] Level 1:colcon.colcon_core.environment:checking '/home/ubuntu/rj_training_container/training_ws/install/stsl_gazebo_plugins/lib/pkgconfig/stsl_gazebo_plugins.pc'
[116.736s] Level 1:colcon.colcon_core.environment:checking '/home/ubuntu/rj_training_container/training_ws/install/stsl_gazebo_plugins/lib/python3.10/site-packages'
[116.738s] Level 1:colcon.colcon_core.environment:checking '/home/ubuntu/rj_training_container/training_ws/install/stsl_gazebo_plugins/bin'
[116.740s] INFO:colcon.colcon_core.shell:Creating package script '/home/ubuntu/rj_training_container/training_ws/install/stsl_gazebo_plugins/share/stsl_gazebo_plugins/package.ps1'
[116.755s] INFO:colcon.colcon_core.shell:Creating package descriptor '/home/ubuntu/rj_training_container/training_ws/install/stsl_gazebo_plugins/share/stsl_gazebo_plugins/package.dsv'
[116.772s] INFO:colcon.colcon_core.shell:Creating package script '/home/ubuntu/rj_training_container/training_ws/install/stsl_gazebo_plugins/share/stsl_gazebo_plugins/package.sh'
[116.788s] INFO:colcon.colcon_core.shell:Creating package script '/home/ubuntu/rj_training_container/training_ws/install/stsl_gazebo_plugins/share/stsl_gazebo_plugins/package.bash'
[116.811s] INFO:colcon.colcon_core.shell:Creating package script '/home/ubuntu/rj_training_container/training_ws/install/stsl_gazebo_plugins/share/stsl_gazebo_plugins/package.zsh'
[116.827s] Level 1:colcon.colcon_core.environment:create_file_with_runtime_dependencies(/home/ubuntu/rj_training_container/training_ws/install/stsl_gazebo_plugins/share/colcon-core/packages/stsl_gazebo_plugins)
[117.315s] Level 1:colcon.colcon_core.environment:create_environment_scripts_only(stsl_nav_plugins)
[117.315s] Level 1:colcon.colcon_core.environment:checking '/home/ubuntu/rj_training_container/training_ws/install/stsl_nav_plugins' for CMake module files
[117.414s] Level 1:colcon.colcon_core.environment:checking '/home/ubuntu/rj_training_container/training_ws/install/stsl_nav_plugins' for CMake config files
[117.507s] Level 1:colcon.colcon_core.shell:create_environment_hook('stsl_nav_plugins', 'cmake_prefix_path')
[117.508s] INFO:colcon.colcon_core.shell:Creating environment hook '/home/ubuntu/rj_training_container/training_ws/install/stsl_nav_plugins/share/stsl_nav_plugins/hook/cmake_prefix_path.ps1'
[117.525s] INFO:colcon.colcon_core.shell:Creating environment descriptor '/home/ubuntu/rj_training_container/training_ws/install/stsl_nav_plugins/share/stsl_nav_plugins/hook/cmake_prefix_path.dsv'
[117.540s] INFO:colcon.colcon_core.shell:Creating environment hook '/home/ubuntu/rj_training_container/training_ws/install/stsl_nav_plugins/share/stsl_nav_plugins/hook/cmake_prefix_path.sh'
[117.559s] Level 1:colcon.colcon_core.environment:checking '/home/ubuntu/rj_training_container/training_ws/install/stsl_nav_plugins/lib'
[117.564s] Level 1:colcon.colcon_core.shell:create_environment_hook('stsl_nav_plugins', 'ld_library_path_lib')
[117.565s] INFO:colcon.colcon_core.shell:Creating environment hook '/home/ubuntu/rj_training_container/training_ws/install/stsl_nav_plugins/share/stsl_nav_plugins/hook/ld_library_path_lib.ps1'
[117.588s] INFO:colcon.colcon_core.shell:Creating environment descriptor '/home/ubuntu/rj_training_container/training_ws/install/stsl_nav_plugins/share/stsl_nav_plugins/hook/ld_library_path_lib.dsv'
[117.608s] INFO:colcon.colcon_core.shell:Creating environment hook '/home/ubuntu/rj_training_container/training_ws/install/stsl_nav_plugins/share/stsl_nav_plugins/hook/ld_library_path_lib.sh'
[117.629s] Level 1:colcon.colcon_core.environment:checking '/home/ubuntu/rj_training_container/training_ws/install/stsl_nav_plugins/bin'
[117.630s] Level 1:colcon.colcon_core.environment:checking '/home/ubuntu/rj_training_container/training_ws/install/stsl_nav_plugins/lib/pkgconfig/stsl_nav_plugins.pc'
[117.632s] Level 1:colcon.colcon_core.environment:checking '/home/ubuntu/rj_training_container/training_ws/install/stsl_nav_plugins/lib/python3.10/site-packages'
[117.634s] Level 1:colcon.colcon_core.environment:checking '/home/ubuntu/rj_training_container/training_ws/install/stsl_nav_plugins/bin'
[117.635s] INFO:colcon.colcon_core.shell:Creating package script '/home/ubuntu/rj_training_container/training_ws/install/stsl_nav_plugins/share/stsl_nav_plugins/package.ps1'
[117.649s] INFO:colcon.colcon_core.shell:Creating package descriptor '/home/ubuntu/rj_training_container/training_ws/install/stsl_nav_plugins/share/stsl_nav_plugins/package.dsv'
[117.663s] INFO:colcon.colcon_core.shell:Creating package script '/home/ubuntu/rj_training_container/training_ws/install/stsl_nav_plugins/share/stsl_nav_plugins/package.sh'
[117.677s] INFO:colcon.colcon_core.shell:Creating package script '/home/ubuntu/rj_training_container/training_ws/install/stsl_nav_plugins/share/stsl_nav_plugins/package.bash'
[117.691s] INFO:colcon.colcon_core.shell:Creating package script '/home/ubuntu/rj_training_container/training_ws/install/stsl_nav_plugins/share/stsl_nav_plugins/package.zsh'
[117.705s] Level 1:colcon.colcon_core.environment:create_file_with_runtime_dependencies(/home/ubuntu/rj_training_container/training_ws/install/stsl_nav_plugins/share/colcon-core/packages/stsl_nav_plugins)
[119.757s] Level 1:colcon.colcon_core.environment:create_environment_scripts_only(stsl_utils)
[119.757s] Level 1:colcon.colcon_core.environment:checking '/home/ubuntu/rj_training_container/training_ws/install/stsl_utils' for CMake module files
[119.841s] Level 1:colcon.colcon_core.environment:checking '/home/ubuntu/rj_training_container/training_ws/install/stsl_utils' for CMake config files
[119.916s] Level 1:colcon.colcon_core.shell:create_environment_hook('stsl_utils', 'cmake_prefix_path')
[119.916s] INFO:colcon.colcon_core.shell:Creating environment hook '/home/ubuntu/rj_training_container/training_ws/install/stsl_utils/share/stsl_utils/hook/cmake_prefix_path.ps1'
[119.932s] INFO:colcon.colcon_core.shell:Creating environment descriptor '/home/ubuntu/rj_training_container/training_ws/install/stsl_utils/share/stsl_utils/hook/cmake_prefix_path.dsv'
[119.943s] INFO:colcon.colcon_core.shell:Creating environment hook '/home/ubuntu/rj_training_container/training_ws/install/stsl_utils/share/stsl_utils/hook/cmake_prefix_path.sh'
[119.960s] Level 1:colcon.colcon_core.environment:checking '/home/ubuntu/rj_training_container/training_ws/install/stsl_utils/lib'
[119.964s] Level 1:colcon.colcon_core.shell:create_environment_hook('stsl_utils', 'ld_library_path_lib')
[119.965s] INFO:colcon.colcon_core.shell:Creating environment hook '/home/ubuntu/rj_training_container/training_ws/install/stsl_utils/share/stsl_utils/hook/ld_library_path_lib.ps1'
[119.979s] INFO:colcon.colcon_core.shell:Creating environment descriptor '/home/ubuntu/rj_training_container/training_ws/install/stsl_utils/share/stsl_utils/hook/ld_library_path_lib.dsv'
[119.992s] INFO:colcon.colcon_core.shell:Creating environment hook '/home/ubuntu/rj_training_container/training_ws/install/stsl_utils/share/stsl_utils/hook/ld_library_path_lib.sh'
[120.005s] Level 1:colcon.colcon_core.environment:checking '/home/ubuntu/rj_training_container/training_ws/install/stsl_utils/bin'
[120.006s] Level 1:colcon.colcon_core.environment:checking '/home/ubuntu/rj_training_container/training_ws/install/stsl_utils/lib/pkgconfig/stsl_utils.pc'
[120.008s] Level 1:colcon.colcon_core.environment:checking '/home/ubuntu/rj_training_container/training_ws/install/stsl_utils/lib/python3.10/site-packages'
[120.010s] Level 1:colcon.colcon_core.environment:checking '/home/ubuntu/rj_training_container/training_ws/install/stsl_utils/bin'
[120.012s] INFO:colcon.colcon_core.shell:Creating package script '/home/ubuntu/rj_training_container/training_ws/install/stsl_utils/share/stsl_utils/package.ps1'
[120.023s] INFO:colcon.colcon_core.shell:Creating package descriptor '/home/ubuntu/rj_training_container/training_ws/install/stsl_utils/share/stsl_utils/package.dsv'
[120.036s] INFO:colcon.colcon_core.shell:Creating package script '/home/ubuntu/rj_training_container/training_ws/install/stsl_utils/share/stsl_utils/package.sh'
[120.047s] INFO:colcon.colcon_core.shell:Creating package script '/home/ubuntu/rj_training_container/training_ws/install/stsl_utils/share/stsl_utils/package.bash'
[120.059s] INFO:colcon.colcon_core.shell:Creating package script '/home/ubuntu/rj_training_container/training_ws/install/stsl_utils/share/stsl_utils/package.zsh'
[120.071s] Level 1:colcon.colcon_core.environment:create_file_with_runtime_dependencies(/home/ubuntu/rj_training_container/training_ws/install/stsl_utils/share/colcon-core/packages/stsl_utils)
[147.604s] DEBUG:colcon.colcon_core.event_handler.log_command:Invoking command in '/home/ubuntu/rj_training_container/training_ws/build/joystick_msgs': CMAKE_PREFIX_PATH=${CMAKE_PREFIX_PATH}:/home/ubuntu/rj_training_container/training_ws/install/keyboard:/opt/ros/humble /usr/bin/cmake --install /home/ubuntu/rj_training_container/training_ws/build/joystick_msgs
[154.533s] Level 1:colcon.colcon_core.environment:create_environment_scripts_only(joystick_msgs)
[154.534s] Level 1:colcon.colcon_core.environment:checking '/home/ubuntu/rj_training_container/training_ws/install/joystick_msgs' for CMake module files
[154.535s] DEBUG:colcon.colcon_core.event_handler.log_command:Invoked command in '/home/ubuntu/rj_training_container/training_ws/build/joystick_msgs' returned '0': CMAKE_PREFIX_PATH=${CMAKE_PREFIX_PATH}:/home/ubuntu/rj_training_container/training_ws/install/keyboard:/opt/ros/humble /usr/bin/cmake --install /home/ubuntu/rj_training_container/training_ws/build/joystick_msgs
[154.728s] Level 1:colcon.colcon_core.environment:checking '/home/ubuntu/rj_training_container/training_ws/install/joystick_msgs' for CMake config files
[154.882s] Level 1:colcon.colcon_core.shell:create_environment_hook('joystick_msgs', 'cmake_prefix_path')
[154.883s] INFO:colcon.colcon_core.shell:Creating environment hook '/home/ubuntu/rj_training_container/training_ws/install/joystick_msgs/share/joystick_msgs/hook/cmake_prefix_path.ps1'
[154.896s] INFO:colcon.colcon_core.shell:Creating environment descriptor '/home/ubuntu/rj_training_container/training_ws/install/joystick_msgs/share/joystick_msgs/hook/cmake_prefix_path.dsv'
[154.911s] INFO:colcon.colcon_core.shell:Creating environment hook '/home/ubuntu/rj_training_container/training_ws/install/joystick_msgs/share/joystick_msgs/hook/cmake_prefix_path.sh'
[154.924s] Level 1:colcon.colcon_core.environment:checking '/home/ubuntu/rj_training_container/training_ws/install/joystick_msgs/lib'
[154.928s] Level 1:colcon.colcon_core.shell:create_environment_hook('joystick_msgs', 'ld_library_path_lib')
[154.928s] INFO:colcon.colcon_core.shell:Creating environment hook '/home/ubuntu/rj_training_container/training_ws/install/joystick_msgs/share/joystick_msgs/hook/ld_library_path_lib.ps1'
[154.941s] INFO:colcon.colcon_core.shell:Creating environment descriptor '/home/ubuntu/rj_training_container/training_ws/install/joystick_msgs/share/joystick_msgs/hook/ld_library_path_lib.dsv'
[154.953s] INFO:colcon.colcon_core.shell:Creating environment hook '/home/ubuntu/rj_training_container/training_ws/install/joystick_msgs/share/joystick_msgs/hook/ld_library_path_lib.sh'
[154.966s] Level 1:colcon.colcon_core.environment:checking '/home/ubuntu/rj_training_container/training_ws/install/joystick_msgs/bin'
[154.967s] Level 1:colcon.colcon_core.environment:checking '/home/ubuntu/rj_training_container/training_ws/install/joystick_msgs/lib/pkgconfig/joystick_msgs.pc'
[154.968s] Level 1:colcon.colcon_core.environment:checking '/home/ubuntu/rj_training_container/training_ws/install/joystick_msgs/lib/python3.10/site-packages'
[154.970s] Level 1:colcon.colcon_core.environment:checking '/home/ubuntu/rj_training_container/training_ws/install/joystick_msgs/bin'
[154.971s] INFO:colcon.colcon_core.shell:Creating package script '/home/ubuntu/rj_training_container/training_ws/install/joystick_msgs/share/joystick_msgs/package.ps1'
[154.981s] INFO:colcon.colcon_core.shell:Creating package descriptor '/home/ubuntu/rj_training_container/training_ws/install/joystick_msgs/share/joystick_msgs/package.dsv'
[154.991s] INFO:colcon.colcon_core.shell:Creating package script '/home/ubuntu/rj_training_container/training_ws/install/joystick_msgs/share/joystick_msgs/package.sh'
[155.002s] INFO:colcon.colcon_core.shell:Creating package script '/home/ubuntu/rj_training_container/training_ws/install/joystick_msgs/share/joystick_msgs/package.bash'
[155.012s] INFO:colcon.colcon_core.shell:Creating package script '/home/ubuntu/rj_training_container/training_ws/install/joystick_msgs/share/joystick_msgs/package.zsh'
[155.023s] Level 1:colcon.colcon_core.environment:create_file_with_runtime_dependencies(/home/ubuntu/rj_training_container/training_ws/install/joystick_msgs/share/colcon-core/packages/joystick_msgs)
[190.656s] Level 1:colcon.colcon_core.environment:create_environment_scripts_only(joystick_msgs)
[190.657s] Level 1:colcon.colcon_core.environment:checking '/home/ubuntu/rj_training_container/training_ws/install/joystick_msgs' for CMake module files
[190.855s] Level 1:colcon.colcon_core.environment:checking '/home/ubuntu/rj_training_container/training_ws/install/joystick_msgs' for CMake config files
[191.010s] Level 1:colcon.colcon_core.shell:create_environment_hook('joystick_msgs', 'cmake_prefix_path')
[191.011s] INFO:colcon.colcon_core.shell:Creating environment hook '/home/ubuntu/rj_training_container/training_ws/install/joystick_msgs/share/joystick_msgs/hook/cmake_prefix_path.ps1'
[191.023s] INFO:colcon.colcon_core.shell:Creating environment descriptor '/home/ubuntu/rj_training_container/training_ws/install/joystick_msgs/share/joystick_msgs/hook/cmake_prefix_path.dsv'
[191.033s] INFO:colcon.colcon_core.shell:Creating environment hook '/home/ubuntu/rj_training_container/training_ws/install/joystick_msgs/share/joystick_msgs/hook/cmake_prefix_path.sh'
[191.047s] Level 1:colcon.colcon_core.environment:checking '/home/ubuntu/rj_training_container/training_ws/install/joystick_msgs/lib'
[191.050s] Level 1:colcon.colcon_core.shell:create_environment_hook('joystick_msgs', 'ld_library_path_lib')
[191.051s] INFO:colcon.colcon_core.shell:Creating environment hook '/home/ubuntu/rj_training_container/training_ws/install/joystick_msgs/share/joystick_msgs/hook/ld_library_path_lib.ps1'
[191.063s] INFO:colcon.colcon_core.shell:Creating environment descriptor '/home/ubuntu/rj_training_container/training_ws/install/joystick_msgs/share/joystick_msgs/hook/ld_library_path_lib.dsv'
[191.076s] INFO:colcon.colcon_core.shell:Creating environment hook '/home/ubuntu/rj_training_container/training_ws/install/joystick_msgs/share/joystick_msgs/hook/ld_library_path_lib.sh'
[191.089s] Level 1:colcon.colcon_core.environment:checking '/home/ubuntu/rj_training_container/training_ws/install/joystick_msgs/bin'
[191.090s] Level 1:colcon.colcon_core.environment:checking '/home/ubuntu/rj_training_container/training_ws/install/joystick_msgs/lib/pkgconfig/joystick_msgs.pc'
[191.091s] Level 1:colcon.colcon_core.environment:checking '/home/ubuntu/rj_training_container/training_ws/install/joystick_msgs/lib/python3.10/site-packages'
[191.093s] Level 1:colcon.colcon_core.environment:checking '/home/ubuntu/rj_training_container/training_ws/install/joystick_msgs/bin'
[191.094s] INFO:colcon.colcon_core.shell:Creating package script '/home/ubuntu/rj_training_container/training_ws/install/joystick_msgs/share/joystick_msgs/package.ps1'
[191.103s] INFO:colcon.colcon_core.shell:Creating package descriptor '/home/ubuntu/rj_training_container/training_ws/install/joystick_msgs/share/joystick_msgs/package.dsv'
[191.114s] INFO:colcon.colcon_core.shell:Creating package script '/home/ubuntu/rj_training_container/training_ws/install/joystick_msgs/share/joystick_msgs/package.sh'
[191.127s] INFO:colcon.colcon_core.shell:Creating package script '/home/ubuntu/rj_training_container/training_ws/install/joystick_msgs/share/joystick_msgs/package.bash'
[191.138s] INFO:colcon.colcon_core.shell:Creating package script '/home/ubuntu/rj_training_container/training_ws/install/joystick_msgs/share/joystick_msgs/package.zsh'
[191.149s] Level 1:colcon.colcon_core.environment:create_file_with_runtime_dependencies(/home/ubuntu/rj_training_container/training_ws/install/joystick_msgs/share/colcon-core/packages/joystick_msgs)
[191.158s] INFO:colcon.colcon_ros.task.ament_cmake.build:Building ROS package in '/home/ubuntu/rj_training_container/training_ws/src/trainingv2/controller_project/joystick_package' with build type 'ament_cmake'
[191.158s] INFO:colcon.colcon_cmake.task.cmake.build:Building CMake package in '/home/ubuntu/rj_training_container/training_ws/src/trainingv2/controller_project/joystick_package'
[191.159s] INFO:colcon.colcon_core.shell:Skip shell extension 'powershell' for command environment: Not usable outside of PowerShell
[191.159s] DEBUG:colcon.colcon_core.shell:Skip shell extension 'dsv' for command environment
[193.219s] DEBUG:colcon.colcon_core.event_handler.log_command:Invoking command in '/home/ubuntu/rj_training_container/training_ws/build/joystick_package': CMAKE_PREFIX_PATH=/home/ubuntu/rj_training_container/training_ws/install/joystick_msgs:/home/ubuntu/rj_training_container/training_ws/install/stsl_desktop:/home/ubuntu/rj_training_container/training_ws/install/traini_bringup:/home/ubuntu/rj_training_container/training_ws/install/traini_gazebo:/home/ubuntu/rj_training_container/training_ws/install/traini_description:/home/ubuntu/rj_training_container/training_ws/install/teleop:/home/ubuntu/rj_training_container/training_ws/install/stsl_utils:/home/ubuntu/rj_training_container/training_ws/install/stsl_rviz_plugins:/home/ubuntu/rj_training_container/training_ws/install/stsl_nav_plugins:/home/ubuntu/rj_training_container/training_ws/install/mission_orchestration:/home/ubuntu/rj_training_container/training_ws/install/stsl_bt_nodes:/home/ubuntu/rj_training_container/training_ws/install/stsl_aruco_tags:/home/ubuntu/rj_training_container/training_ws/install/peak_finder:/home/ubuntu/rj_training_container/training_ws/install/mineral_deposit_tracking:/home/ubuntu/rj_training_container/training_ws/install/mineral_deposit_detection:/home/ubuntu/rj_training_container/training_ws/install/localization:/home/ubuntu/rj_training_container/training_ws/install/elevation_server:/home/ubuntu/rj_training_container/training_ws/install/coordinate_transform:/home/ubuntu/rj_training_container/training_ws/install/stsl_interfaces:/home/ubuntu/rj_training_container/training_ws/install/stsl_gazebo_plugins:/home/ubuntu/rj_training_container/training_ws/install/rj_training_bringup:/home/ubuntu/rj_training_container/training_ws/install/obstacle_detector:/home/ubuntu/rj_training_container/training_ws/install/mapping:/home/ubuntu/rj_training_container/training_ws/install/joystick_package:/home/ubuntu/rj_training_container/training_ws/install/controllers:/home/ubuntu/rj_training_container/training_ws/install/astar_path_planner:/home/ubuntu/rj_training_container/training_ws/install/keyboard:/opt/ros/humble LD_LIBRARY_PATH=/home/ubuntu/rj_training_container/training_ws/install/joystick_msgs/lib:/home/ubuntu/rj_training_container/training_ws/install/teleop/lib:/home/ubuntu/rj_training_container/training_ws/install/stsl_utils/lib:/home/ubuntu/rj_training_container/training_ws/install/stsl_rviz_plugins/lib:/home/ubuntu/rj_training_container/training_ws/install/stsl_nav_plugins/lib:/home/ubuntu/rj_training_container/training_ws/install/mission_orchestration/lib:/home/ubuntu/rj_training_container/training_ws/install/stsl_bt_nodes/lib:/home/ubuntu/rj_training_container/training_ws/install/stsl_aruco_tags/lib:/home/ubuntu/rj_training_container/training_ws/install/peak_finder/lib:/home/ubuntu/rj_training_container/training_ws/install/mineral_deposit_tracking/lib:/home/ubuntu/rj_training_container/training_ws/install/mineral_deposit_detection/lib:/home/ubuntu/rj_training_container/training_ws/install/localization/lib:/home/ubuntu/rj_training_container/training_ws/install/elevation_server/lib:/home/ubuntu/rj_training_container/training_ws/install/coordinate_transform/lib:/home/ubuntu/rj_training_container/training_ws/install/stsl_interfaces/lib:/home/ubuntu/rj_training_container/training_ws/install/stsl_gazebo_plugins/lib:/home/ubuntu/rj_training_container/training_ws/install/obstacle_detector/lib:/home/ubuntu/rj_training_container/training_ws/install/mapping/lib:/home/ubuntu/rj_training_container/training_ws/install/joystick_package/lib:/home/ubuntu/rj_training_container/training_ws/install/controllers/lib:/home/ubuntu/rj_training_container/training_ws/install/astar_path_planner/lib:/usr/lib/x86_64-linux-gnu/gazebo-11/plugins:/opt/ros/humble/opt/rviz_ogre_vendor/lib:/opt/ros/humble/lib/x86_64-linux-gnu:/opt/ros/humble/lib /usr/bin/cmake --build /home/ubuntu/rj_training_container/training_ws/build/joystick_package -- -j16 -l16
[205.151s] DEBUG:colcon.colcon_core.event_handler.log_command:Invoked command in '/home/ubuntu/rj_training_container/training_ws/build/joystick_package' returned '0': CMAKE_PREFIX_PATH=/home/ubuntu/rj_training_container/training_ws/install/joystick_msgs:/home/ubuntu/rj_training_container/training_ws/install/stsl_desktop:/home/ubuntu/rj_training_container/training_ws/install/traini_bringup:/home/ubuntu/rj_training_container/training_ws/install/traini_gazebo:/home/ubuntu/rj_training_container/training_ws/install/traini_description:/home/ubuntu/rj_training_container/training_ws/install/teleop:/home/ubuntu/rj_training_container/training_ws/install/stsl_utils:/home/ubuntu/rj_training_container/training_ws/install/stsl_rviz_plugins:/home/ubuntu/rj_training_container/training_ws/install/stsl_nav_plugins:/home/ubuntu/rj_training_container/training_ws/install/mission_orchestration:/home/ubuntu/rj_training_container/training_ws/install/stsl_bt_nodes:/home/ubuntu/rj_training_container/training_ws/install/stsl_aruco_tags:/home/ubuntu/rj_training_container/training_ws/install/peak_finder:/home/ubuntu/rj_training_container/training_ws/install/mineral_deposit_tracking:/home/ubuntu/rj_training_container/training_ws/install/mineral_deposit_detection:/home/ubuntu/rj_training_container/training_ws/install/localization:/home/ubuntu/rj_training_container/training_ws/install/elevation_server:/home/ubuntu/rj_training_container/training_ws/install/coordinate_transform:/home/ubuntu/rj_training_container/training_ws/install/stsl_interfaces:/home/ubuntu/rj_training_container/training_ws/install/stsl_gazebo_plugins:/home/ubuntu/rj_training_container/training_ws/install/rj_training_bringup:/home/ubuntu/rj_training_container/training_ws/install/obstacle_detector:/home/ubuntu/rj_training_container/training_ws/install/mapping:/home/ubuntu/rj_training_container/training_ws/install/joystick_package:/home/ubuntu/rj_training_container/training_ws/install/controllers:/home/ubuntu/rj_training_container/training_ws/install/astar_path_planner:/home/ubuntu/rj_training_container/training_ws/install/keyboard:/opt/ros/humble LD_LIBRARY_PATH=/home/ubuntu/rj_training_container/training_ws/install/joystick_msgs/lib:/home/ubuntu/rj_training_container/training_ws/install/teleop/lib:/home/ubuntu/rj_training_container/training_ws/install/stsl_utils/lib:/home/ubuntu/rj_training_container/training_ws/install/stsl_rviz_plugins/lib:/home/ubuntu/rj_training_container/training_ws/install/stsl_nav_plugins/lib:/home/ubuntu/rj_training_container/training_ws/install/mission_orchestration/lib:/home/ubuntu/rj_training_container/training_ws/install/stsl_bt_nodes/lib:/home/ubuntu/rj_training_container/training_ws/install/stsl_aruco_tags/lib:/home/ubuntu/rj_training_container/training_ws/install/peak_finder/lib:/home/ubuntu/rj_training_container/training_ws/install/mineral_deposit_tracking/lib:/home/ubuntu/rj_training_container/training_ws/install/mineral_deposit_detection/lib:/home/ubuntu/rj_training_container/training_ws/install/localization/lib:/home/ubuntu/rj_training_container/training_ws/install/elevation_server/lib:/home/ubuntu/rj_training_container/training_ws/install/coordinate_transform/lib:/home/ubuntu/rj_training_container/training_ws/install/stsl_interfaces/lib:/home/ubuntu/rj_training_container/training_ws/install/stsl_gazebo_plugins/lib:/home/ubuntu/rj_training_container/training_ws/install/obstacle_detector/lib:/home/ubuntu/rj_training_container/training_ws/install/mapping/lib:/home/ubuntu/rj_training_container/training_ws/install/joystick_package/lib:/home/ubuntu/rj_training_container/training_ws/install/controllers/lib:/home/ubuntu/rj_training_container/training_ws/install/astar_path_planner/lib:/usr/lib/x86_64-linux-gnu/gazebo-11/plugins:/opt/ros/humble/opt/rviz_ogre_vendor/lib:/opt/ros/humble/lib/x86_64-linux-gnu:/opt/ros/humble/lib /usr/bin/cmake --build /home/ubuntu/rj_training_container/training_ws/build/joystick_package -- -j16 -l16
[218.215s] DEBUG:colcon.colcon_core.event_handler.log_command:Invoking command in '/home/ubuntu/rj_training_container/training_ws/build/joystick_package': CMAKE_PREFIX_PATH=/home/ubuntu/rj_training_container/training_ws/install/joystick_msgs:/home/ubuntu/rj_training_container/training_ws/install/stsl_desktop:/home/ubuntu/rj_training_container/training_ws/install/traini_bringup:/home/ubuntu/rj_training_container/training_ws/install/traini_gazebo:/home/ubuntu/rj_training_container/training_ws/install/traini_description:/home/ubuntu/rj_training_container/training_ws/install/teleop:/home/ubuntu/rj_training_container/training_ws/install/stsl_utils:/home/ubuntu/rj_training_container/training_ws/install/stsl_rviz_plugins:/home/ubuntu/rj_training_container/training_ws/install/stsl_nav_plugins:/home/ubuntu/rj_training_container/training_ws/install/mission_orchestration:/home/ubuntu/rj_training_container/training_ws/install/stsl_bt_nodes:/home/ubuntu/rj_training_container/training_ws/install/stsl_aruco_tags:/home/ubuntu/rj_training_container/training_ws/install/peak_finder:/home/ubuntu/rj_training_container/training_ws/install/mineral_deposit_tracking:/home/ubuntu/rj_training_container/training_ws/install/mineral_deposit_detection:/home/ubuntu/rj_training_container/training_ws/install/localization:/home/ubuntu/rj_training_container/training_ws/install/elevation_server:/home/ubuntu/rj_training_container/training_ws/install/coordinate_transform:/home/ubuntu/rj_training_container/training_ws/install/stsl_interfaces:/home/ubuntu/rj_training_container/training_ws/install/stsl_gazebo_plugins:/home/ubuntu/rj_training_container/training_ws/install/rj_training_bringup:/home/ubuntu/rj_training_container/training_ws/install/obstacle_detector:/home/ubuntu/rj_training_container/training_ws/install/mapping:/home/ubuntu/rj_training_container/training_ws/install/joystick_package:/home/ubuntu/rj_training_container/training_ws/install/controllers:/home/ubuntu/rj_training_container/training_ws/install/astar_path_planner:/home/ubuntu/rj_training_container/training_ws/install/keyboard:/opt/ros/humble LD_LIBRARY_PATH=/home/ubuntu/rj_training_container/training_ws/install/joystick_msgs/lib:/home/ubuntu/rj_training_container/training_ws/install/teleop/lib:/home/ubuntu/rj_training_container/training_ws/install/stsl_utils/lib:/home/ubuntu/rj_training_container/training_ws/install/stsl_rviz_plugins/lib:/home/ubuntu/rj_training_container/training_ws/install/stsl_nav_plugins/lib:/home/ubuntu/rj_training_container/training_ws/install/mission_orchestration/lib:/home/ubuntu/rj_training_container/training_ws/install/stsl_bt_nodes/lib:/home/ubuntu/rj_training_container/training_ws/install/stsl_aruco_tags/lib:/home/ubuntu/rj_training_container/training_ws/install/peak_finder/lib:/home/ubuntu/rj_training_container/training_ws/install/mineral_deposit_tracking/lib:/home/ubuntu/rj_training_container/training_ws/install/mineral_deposit_detection/lib:/home/ubuntu/rj_training_container/training_ws/install/localization/lib:/home/ubuntu/rj_training_container/training_ws/install/elevation_server/lib:/home/ubuntu/rj_training_container/training_ws/install/coordinate_transform/lib:/home/ubuntu/rj_training_container/training_ws/install/stsl_interfaces/lib:/home/ubuntu/rj_training_container/training_ws/install/stsl_gazebo_plugins/lib:/home/ubuntu/rj_training_container/training_ws/install/obstacle_detector/lib:/home/ubuntu/rj_training_container/training_ws/install/mapping/lib:/home/ubuntu/rj_training_container/training_ws/install/joystick_package/lib:/home/ubuntu/rj_training_container/training_ws/install/controllers/lib:/home/ubuntu/rj_training_container/training_ws/install/astar_path_planner/lib:/usr/lib/x86_64-linux-gnu/gazebo-11/plugins:/opt/ros/humble/opt/rviz_ogre_vendor/lib:/opt/ros/humble/lib/x86_64-linux-gnu:/opt/ros/humble/lib /usr/bin/cmake --install /home/ubuntu/rj_training_container/training_ws/build/joystick_package
[220.581s] Level 1:colcon.colcon_core.environment:create_environment_scripts_only(joystick_package)
[220.581s] Level 1:colcon.colcon_core.environment:checking '/home/ubuntu/rj_training_container/training_ws/install/joystick_package' for CMake module files
[220.583s] DEBUG:colcon.colcon_core.event_handler.log_command:Invoked command in '/home/ubuntu/rj_training_container/training_ws/build/joystick_package' returned '0': CMAKE_PREFIX_PATH=/home/ubuntu/rj_training_container/training_ws/install/joystick_msgs:/home/ubuntu/rj_training_container/training_ws/install/stsl_desktop:/home/ubuntu/rj_training_container/training_ws/install/traini_bringup:/home/ubuntu/rj_training_container/training_ws/install/traini_gazebo:/home/ubuntu/rj_training_container/training_ws/install/traini_description:/home/ubuntu/rj_training_container/training_ws/install/teleop:/home/ubuntu/rj_training_container/training_ws/install/stsl_utils:/home/ubuntu/rj_training_container/training_ws/install/stsl_rviz_plugins:/home/ubuntu/rj_training_container/training_ws/install/stsl_nav_plugins:/home/ubuntu/rj_training_container/training_ws/install/mission_orchestration:/home/ubuntu/rj_training_container/training_ws/install/stsl_bt_nodes:/home/ubuntu/rj_training_container/training_ws/install/stsl_aruco_tags:/home/ubuntu/rj_training_container/training_ws/install/peak_finder:/home/ubuntu/rj_training_container/training_ws/install/mineral_deposit_tracking:/home/ubuntu/rj_training_container/training_ws/install/mineral_deposit_detection:/home/ubuntu/rj_training_container/training_ws/install/localization:/home/ubuntu/rj_training_container/training_ws/install/elevation_server:/home/ubuntu/rj_training_container/training_ws/install/coordinate_transform:/home/ubuntu/rj_training_container/training_ws/install/stsl_interfaces:/home/ubuntu/rj_training_container/training_ws/install/stsl_gazebo_plugins:/home/ubuntu/rj_training_container/training_ws/install/rj_training_bringup:/home/ubuntu/rj_training_container/training_ws/install/obstacle_detector:/home/ubuntu/rj_training_container/training_ws/install/mapping:/home/ubuntu/rj_training_container/training_ws/install/joystick_package:/home/ubuntu/rj_training_container/training_ws/install/controllers:/home/ubuntu/rj_training_container/training_ws/install/astar_path_planner:/home/ubuntu/rj_training_container/training_ws/install/keyboard:/opt/ros/humble LD_LIBRARY_PATH=/home/ubuntu/rj_training_container/training_ws/install/joystick_msgs/lib:/home/ubuntu/rj_training_container/training_ws/install/teleop/lib:/home/ubuntu/rj_training_container/training_ws/install/stsl_utils/lib:/home/ubuntu/rj_training_container/training_ws/install/stsl_rviz_plugins/lib:/home/ubuntu/rj_training_container/training_ws/install/stsl_nav_plugins/lib:/home/ubuntu/rj_training_container/training_ws/install/mission_orchestration/lib:/home/ubuntu/rj_training_container/training_ws/install/stsl_bt_nodes/lib:/home/ubuntu/rj_training_container/training_ws/install/stsl_aruco_tags/lib:/home/ubuntu/rj_training_container/training_ws/install/peak_finder/lib:/home/ubuntu/rj_training_container/training_ws/install/mineral_deposit_tracking/lib:/home/ubuntu/rj_training_container/training_ws/install/mineral_deposit_detection/lib:/home/ubuntu/rj_training_container/training_ws/install/localization/lib:/home/ubuntu/rj_training_container/training_ws/install/elevation_server/lib:/home/ubuntu/rj_training_container/training_ws/install/coordinate_transform/lib:/home/ubuntu/rj_training_container/training_ws/install/stsl_interfaces/lib:/home/ubuntu/rj_training_container/training_ws/install/stsl_gazebo_plugins/lib:/home/ubuntu/rj_training_container/training_ws/install/obstacle_detector/lib:/home/ubuntu/rj_training_container/training_ws/install/mapping/lib:/home/ubuntu/rj_training_container/training_ws/install/joystick_package/lib:/home/ubuntu/rj_training_container/training_ws/install/controllers/lib:/home/ubuntu/rj_training_container/training_ws/install/astar_path_planner/lib:/usr/lib/x86_64-linux-gnu/gazebo-11/plugins:/opt/ros/humble/opt/rviz_ogre_vendor/lib:/opt/ros/humble/lib/x86_64-linux-gnu:/opt/ros/humble/lib /usr/bin/cmake --install /home/ubuntu/rj_training_container/training_ws/build/joystick_package
[220.672s] Level 1:colcon.colcon_core.environment:checking '/home/ubuntu/rj_training_container/training_ws/install/joystick_package' for CMake config files
[220.738s] Level 1:colcon.colcon_core.shell:create_environment_hook('joystick_package', 'cmake_prefix_path')
[220.739s] INFO:colcon.colcon_core.shell:Creating environment hook '/home/ubuntu/rj_training_container/training_ws/install/joystick_package/share/joystick_package/hook/cmake_prefix_path.ps1'
[220.751s] INFO:colcon.colcon_core.shell:Creating environment descriptor '/home/ubuntu/rj_training_container/training_ws/install/joystick_package/share/joystick_package/hook/cmake_prefix_path.dsv'
[220.764s] INFO:colcon.colcon_core.shell:Creating environment hook '/home/ubuntu/rj_training_container/training_ws/install/joystick_package/share/joystick_package/hook/cmake_prefix_path.sh'
[220.781s] Level 1:colcon.colcon_core.environment:checking '/home/ubuntu/rj_training_container/training_ws/install/joystick_package/lib'
[220.784s] Level 1:colcon.colcon_core.shell:create_environment_hook('joystick_package', 'ld_library_path_lib')
[220.785s] INFO:colcon.colcon_core.shell:Creating environment hook '/home/ubuntu/rj_training_container/training_ws/install/joystick_package/share/joystick_package/hook/ld_library_path_lib.ps1'
[220.797s] INFO:colcon.colcon_core.shell:Creating environment descriptor '/home/ubuntu/rj_training_container/training_ws/install/joystick_package/share/joystick_package/hook/ld_library_path_lib.dsv'
[220.809s] INFO:colcon.colcon_core.shell:Creating environment hook '/home/ubuntu/rj_training_container/training_ws/install/joystick_package/share/joystick_package/hook/ld_library_path_lib.sh'
[220.821s] Level 1:colcon.colcon_core.environment:checking '/home/ubuntu/rj_training_container/training_ws/install/joystick_package/bin'
[220.822s] Level 1:colcon.colcon_core.environment:checking '/home/ubuntu/rj_training_container/training_ws/install/joystick_package/lib/pkgconfig/joystick_package.pc'
[220.823s] Level 1:colcon.colcon_core.environment:checking '/home/ubuntu/rj_training_container/training_ws/install/joystick_package/lib/python3.10/site-packages'
[220.826s] Level 1:colcon.colcon_core.environment:checking '/home/ubuntu/rj_training_container/training_ws/install/joystick_package/bin'
[220.827s] INFO:colcon.colcon_core.shell:Creating package script '/home/ubuntu/rj_training_container/training_ws/install/joystick_package/share/joystick_package/package.ps1'
[220.837s] INFO:colcon.colcon_core.shell:Creating package descriptor '/home/ubuntu/rj_training_container/training_ws/install/joystick_package/share/joystick_package/package.dsv'
[220.847s] INFO:colcon.colcon_core.shell:Creating package script '/home/ubuntu/rj_training_container/training_ws/install/joystick_package/share/joystick_package/package.sh'
[220.857s] INFO:colcon.colcon_core.shell:Creating package script '/home/ubuntu/rj_training_container/training_ws/install/joystick_package/share/joystick_package/package.bash'
[220.868s] INFO:colcon.colcon_core.shell:Creating package script '/home/ubuntu/rj_training_container/training_ws/install/joystick_package/share/joystick_package/package.zsh'
[220.878s] Level 1:colcon.colcon_core.environment:create_file_with_runtime_dependencies(/home/ubuntu/rj_training_container/training_ws/install/joystick_package/share/colcon-core/packages/joystick_package)
[234.353s] Level 1:colcon.colcon_core.environment:create_environment_scripts_only(joystick_package)
[234.354s] Level 1:colcon.colcon_core.environment:checking '/home/ubuntu/rj_training_container/training_ws/install/joystick_package' for CMake module files
[234.450s] Level 1:colcon.colcon_core.environment:checking '/home/ubuntu/rj_training_container/training_ws/install/joystick_package' for CMake config files
[234.522s] Level 1:colcon.colcon_core.shell:create_environment_hook('joystick_package', 'cmake_prefix_path')
[234.523s] INFO:colcon.colcon_core.shell:Creating environment hook '/home/ubuntu/rj_training_container/training_ws/install/joystick_package/share/joystick_package/hook/cmake_prefix_path.ps1'
[234.536s] INFO:colcon.colcon_core.shell:Creating environment descriptor '/home/ubuntu/rj_training_container/training_ws/install/joystick_package/share/joystick_package/hook/cmake_prefix_path.dsv'
[234.549s] INFO:colcon.colcon_core.shell:Creating environment hook '/home/ubuntu/rj_training_container/training_ws/install/joystick_package/share/joystick_package/hook/cmake_prefix_path.sh'
[234.566s] Level 1:colcon.colcon_core.environment:checking '/home/ubuntu/rj_training_container/training_ws/install/joystick_package/lib'
[234.570s] Level 1:colcon.colcon_core.shell:create_environment_hook('joystick_package', 'ld_library_path_lib')
[234.571s] INFO:colcon.colcon_core.shell:Creating environment hook '/home/ubuntu/rj_training_container/training_ws/install/joystick_package/share/joystick_package/hook/ld_library_path_lib.ps1'
[234.584s] INFO:colcon.colcon_core.shell:Creating environment descriptor '/home/ubuntu/rj_training_container/training_ws/install/joystick_package/share/joystick_package/hook/ld_library_path_lib.dsv'
[234.597s] INFO:colcon.colcon_core.shell:Creating environment hook '/home/ubuntu/rj_training_container/training_ws/install/joystick_package/share/joystick_package/hook/ld_library_path_lib.sh'
[234.610s] Level 1:colcon.colcon_core.environment:checking '/home/ubuntu/rj_training_container/training_ws/install/joystick_package/bin'
[234.611s] Level 1:colcon.colcon_core.environment:checking '/home/ubuntu/rj_training_container/training_ws/install/joystick_package/lib/pkgconfig/joystick_package.pc'
[234.613s] Level 1:colcon.colcon_core.environment:checking '/home/ubuntu/rj_training_container/training_ws/install/joystick_package/lib/python3.10/site-packages'
[234.614s] Level 1:colcon.colcon_core.environment:checking '/home/ubuntu/rj_training_container/training_ws/install/joystick_package/bin'
[234.615s] INFO:colcon.colcon_core.shell:Creating package script '/home/ubuntu/rj_training_container/training_ws/install/joystick_package/share/joystick_package/package.ps1'
[234.624s] INFO:colcon.colcon_core.shell:Creating package descriptor '/home/ubuntu/rj_training_container/training_ws/install/joystick_package/share/joystick_package/package.dsv'
[234.635s] INFO:colcon.colcon_core.shell:Creating package script '/home/ubuntu/rj_training_container/training_ws/install/joystick_package/share/joystick_package/package.sh'
[234.647s] INFO:colcon.colcon_core.shell:Creating package script '/home/ubuntu/rj_training_container/training_ws/install/joystick_package/share/joystick_package/package.bash'
[234.659s] INFO:colcon.colcon_core.shell:Creating package script '/home/ubuntu/rj_training_container/training_ws/install/joystick_package/share/joystick_package/package.zsh'
[234.671s] Level 1:colcon.colcon_core.environment:create_file_with_runtime_dependencies(/home/ubuntu/rj_training_container/training_ws/install/joystick_package/share/colcon-core/packages/joystick_package)
[259.853s] DEBUG:colcon.colcon_core.event_handler.log_command:Invoking command in '/home/ubuntu/rj_training_container/training_ws/build/stsl_interfaces': CMAKE_PREFIX_PATH=${CMAKE_PREFIX_PATH}:/home/ubuntu/rj_training_container/training_ws/install/keyboard:/opt/ros/humble /usr/bin/cmake --install /home/ubuntu/rj_training_container/training_ws/build/stsl_interfaces
[273.558s] Level 1:colcon.colcon_core.environment:create_environment_scripts_only(stsl_interfaces)
[273.558s] Level 1:colcon.colcon_core.environment:checking '/home/ubuntu/rj_training_container/training_ws/install/stsl_interfaces' for CMake module files
[273.559s] DEBUG:colcon.colcon_core.event_handler.log_command:Invoked command in '/home/ubuntu/rj_training_container/training_ws/build/stsl_interfaces' returned '0': CMAKE_PREFIX_PATH=${CMAKE_PREFIX_PATH}:/home/ubuntu/rj_training_container/training_ws/install/keyboard:/opt/ros/humble /usr/bin/cmake --install /home/ubuntu/rj_training_container/training_ws/build/stsl_interfaces
[273.777s] Level 1:colcon.colcon_core.environment:checking '/home/ubuntu/rj_training_container/training_ws/install/stsl_interfaces' for CMake config files
[274.093s] Level 1:colcon.colcon_core.shell:create_environment_hook('stsl_interfaces', 'cmake_prefix_path')
[274.094s] INFO:colcon.colcon_core.shell:Creating environment hook '/home/ubuntu/rj_training_container/training_ws/install/stsl_interfaces/share/stsl_interfaces/hook/cmake_prefix_path.ps1'
[274.110s] INFO:colcon.colcon_core.shell:Creating environment descriptor '/home/ubuntu/rj_training_container/training_ws/install/stsl_interfaces/share/stsl_interfaces/hook/cmake_prefix_path.dsv'
[274.129s] INFO:colcon.colcon_core.shell:Creating environment hook '/home/ubuntu/rj_training_container/training_ws/install/stsl_interfaces/share/stsl_interfaces/hook/cmake_prefix_path.sh'
[274.148s] Level 1:colcon.colcon_core.environment:checking '/home/ubuntu/rj_training_container/training_ws/install/stsl_interfaces/lib'
[274.154s] Level 1:colcon.colcon_core.shell:create_environment_hook('stsl_interfaces', 'ld_library_path_lib')
[274.154s] INFO:colcon.colcon_core.shell:Creating environment hook '/home/ubuntu/rj_training_container/training_ws/install/stsl_interfaces/share/stsl_interfaces/hook/ld_library_path_lib.ps1'
[274.169s] INFO:colcon.colcon_core.shell:Creating environment descriptor '/home/ubuntu/rj_training_container/training_ws/install/stsl_interfaces/share/stsl_interfaces/hook/ld_library_path_lib.dsv'
[274.184s] INFO:colcon.colcon_core.shell:Creating environment hook '/home/ubuntu/rj_training_container/training_ws/install/stsl_interfaces/share/stsl_interfaces/hook/ld_library_path_lib.sh'
[274.199s] Level 1:colcon.colcon_core.environment:checking '/home/ubuntu/rj_training_container/training_ws/install/stsl_interfaces/bin'
[274.200s] Level 1:colcon.colcon_core.environment:checking '/home/ubuntu/rj_training_container/training_ws/install/stsl_interfaces/lib/pkgconfig/stsl_interfaces.pc'
[274.202s] Level 1:colcon.colcon_core.environment:checking '/home/ubuntu/rj_training_container/training_ws/install/stsl_interfaces/lib/python3.10/site-packages'
[274.203s] Level 1:colcon.colcon_core.environment:checking '/home/ubuntu/rj_training_container/training_ws/install/stsl_interfaces/bin'
[274.205s] INFO:colcon.colcon_core.shell:Creating package script '/home/ubuntu/rj_training_container/training_ws/install/stsl_interfaces/share/stsl_interfaces/package.ps1'
[274.219s] INFO:colcon.colcon_core.shell:Creating package descriptor '/home/ubuntu/rj_training_container/training_ws/install/stsl_interfaces/share/stsl_interfaces/package.dsv'
[274.232s] INFO:colcon.colcon_core.shell:Creating package script '/home/ubuntu/rj_training_container/training_ws/install/stsl_interfaces/share/stsl_interfaces/package.sh'
[274.313s] INFO:colcon.colcon_core.shell:Creating package script '/home/ubuntu/rj_training_container/training_ws/install/stsl_interfaces/share/stsl_interfaces/package.bash'
[274.328s] INFO:colcon.colcon_core.shell:Creating package script '/home/ubuntu/rj_training_container/training_ws/install/stsl_interfaces/share/stsl_interfaces/package.zsh'
[274.350s] Level 1:colcon.colcon_core.environment:create_file_with_runtime_dependencies(/home/ubuntu/rj_training_container/training_ws/install/stsl_interfaces/share/colcon-core/packages/stsl_interfaces)
[455.461s] Level 1:colcon.colcon_core.environment:create_environment_scripts_only(stsl_interfaces)
[455.462s] Level 1:colcon.colcon_core.environment:checking '/home/ubuntu/rj_training_container/training_ws/install/stsl_interfaces' for CMake module files
[455.681s] Level 1:colcon.colcon_core.environment:checking '/home/ubuntu/rj_training_container/training_ws/install/stsl_interfaces' for CMake config files
[455.943s] Level 1:colcon.colcon_core.shell:create_environment_hook('stsl_interfaces', 'cmake_prefix_path')
[455.944s] INFO:colcon.colcon_core.shell:Creating environment hook '/home/ubuntu/rj_training_container/training_ws/install/stsl_interfaces/share/stsl_interfaces/hook/cmake_prefix_path.ps1'
[455.958s] INFO:colcon.colcon_core.shell:Creating environment descriptor '/home/ubuntu/rj_training_container/training_ws/install/stsl_interfaces/share/stsl_interfaces/hook/cmake_prefix_path.dsv'
[455.972s] INFO:colcon.colcon_core.shell:Creating environment hook '/home/ubuntu/rj_training_container/training_ws/install/stsl_interfaces/share/stsl_interfaces/hook/cmake_prefix_path.sh'
[455.989s] Level 1:colcon.colcon_core.environment:checking '/home/ubuntu/rj_training_container/training_ws/install/stsl_interfaces/lib'
[455.993s] Level 1:colcon.colcon_core.shell:create_environment_hook('stsl_interfaces', 'ld_library_path_lib')
[455.993s] INFO:colcon.colcon_core.shell:Creating environment hook '/home/ubuntu/rj_training_container/training_ws/install/stsl_interfaces/share/stsl_interfaces/hook/ld_library_path_lib.ps1'
[456.007s] INFO:colcon.colcon_core.shell:Creating environment descriptor '/home/ubuntu/rj_training_container/training_ws/install/stsl_interfaces/share/stsl_interfaces/hook/ld_library_path_lib.dsv'
[456.021s] INFO:colcon.colcon_core.shell:Creating environment hook '/home/ubuntu/rj_training_container/training_ws/install/stsl_interfaces/share/stsl_interfaces/hook/ld_library_path_lib.sh'
[456.036s] Level 1:colcon.colcon_core.environment:checking '/home/ubuntu/rj_training_container/training_ws/install/stsl_interfaces/bin'
[456.037s] Level 1:colcon.colcon_core.environment:checking '/home/ubuntu/rj_training_container/training_ws/install/stsl_interfaces/lib/pkgconfig/stsl_interfaces.pc'
[456.040s] Level 1:colcon.colcon_core.environment:checking '/home/ubuntu/rj_training_container/training_ws/install/stsl_interfaces/lib/python3.10/site-packages'
[456.042s] Level 1:colcon.colcon_core.environment:checking '/home/ubuntu/rj_training_container/training_ws/install/stsl_interfaces/bin'
[456.044s] INFO:colcon.colcon_core.shell:Creating package script '/home/ubuntu/rj_training_container/training_ws/install/stsl_interfaces/share/stsl_interfaces/package.ps1'
[456.058s] INFO:colcon.colcon_core.shell:Creating package descriptor '/home/ubuntu/rj_training_container/training_ws/install/stsl_interfaces/share/stsl_interfaces/package.dsv'
[456.073s] INFO:colcon.colcon_core.shell:Creating package script '/home/ubuntu/rj_training_container/training_ws/install/stsl_interfaces/share/stsl_interfaces/package.sh'
[456.087s] INFO:colcon.colcon_core.shell:Creating package script '/home/ubuntu/rj_training_container/training_ws/install/stsl_interfaces/share/stsl_interfaces/package.bash'
[456.100s] INFO:colcon.colcon_core.shell:Creating package script '/home/ubuntu/rj_training_container/training_ws/install/stsl_interfaces/share/stsl_interfaces/package.zsh'
[456.116s] Level 1:colcon.colcon_core.environment:create_file_with_runtime_dependencies(/home/ubuntu/rj_training_container/training_ws/install/stsl_interfaces/share/colcon-core/packages/stsl_interfaces)
[456.129s] INFO:colcon.colcon_ros.task.ament_cmake.build:Building ROS package in '/home/ubuntu/rj_training_container/training_ws/src/stsl/stsl_aruco_tags' with build type 'ament_cmake'
[456.130s] INFO:colcon.colcon_cmake.task.cmake.build:Building CMake package in '/home/ubuntu/rj_training_container/training_ws/src/stsl/stsl_aruco_tags'
[456.130s] INFO:colcon.colcon_core.shell:Skip shell extension 'powershell' for command environment: Not usable outside of PowerShell
[456.131s] DEBUG:colcon.colcon_core.shell:Skip shell extension 'dsv' for command environment
[456.561s] INFO:colcon.colcon_ros.task.ament_cmake.build:Building ROS package in '/home/ubuntu/rj_training_container/training_ws/src/stsl/stsl_bt_nodes' with build type 'ament_cmake'
[456.562s] INFO:colcon.colcon_cmake.task.cmake.build:Building CMake package in '/home/ubuntu/rj_training_container/training_ws/src/stsl/stsl_bt_nodes'
[456.562s] INFO:colcon.colcon_core.shell:Skip shell extension 'powershell' for command environment: Not usable outside of PowerShell
[456.562s] DEBUG:colcon.colcon_core.shell:Skip shell extension 'dsv' for command environment
[456.885s] INFO:colcon.colcon_ros.task.ament_cmake.build:Building ROS package in '/home/ubuntu/rj_training_container/training_ws/src/stsl/elevation_server' with build type 'ament_cmake'
[456.885s] INFO:colcon.colcon_cmake.task.cmake.build:Building CMake package in '/home/ubuntu/rj_training_container/training_ws/src/stsl/elevation_server'
[456.886s] INFO:colcon.colcon_core.shell:Skip shell extension 'powershell' for command environment: Not usable outside of PowerShell
[456.886s] DEBUG:colcon.colcon_core.shell:Skip shell extension 'dsv' for command environment
[457.241s] INFO:colcon.colcon_ros.task.ament_cmake.build:Building ROS package in '/home/ubuntu/rj_training_container/training_ws/src/stsl/mineral_deposit_detection' with build type 'ament_cmake'
[457.242s] INFO:colcon.colcon_cmake.task.cmake.build:Building CMake package in '/home/ubuntu/rj_training_container/training_ws/src/stsl/mineral_deposit_detection'
[457.243s] INFO:colcon.colcon_core.shell:Skip shell extension 'powershell' for command environment: Not usable outside of PowerShell
[457.243s] DEBUG:colcon.colcon_core.shell:Skip shell extension 'dsv' for command environment
[457.650s] INFO:colcon.colcon_ros.task.ament_cmake.build:Building ROS package in '/home/ubuntu/rj_training_container/training_ws/src/stsl/stsl_rviz_plugins' with build type 'ament_cmake'
[457.650s] INFO:colcon.colcon_cmake.task.cmake.build:Building CMake package in '/home/ubuntu/rj_training_container/training_ws/src/stsl/stsl_rviz_plugins'
[457.651s] INFO:colcon.colcon_core.shell:Skip shell extension 'powershell' for command environment: Not usable outside of PowerShell
[457.652s] DEBUG:colcon.colcon_core.shell:Skip shell extension 'dsv' for command environment
[458.091s] INFO:colcon.colcon_ros.task.ament_cmake.build:Building ROS package in '/home/ubuntu/rj_training_container/training_ws/src/software-training-old/coordinate_transform' with build type 'ament_cmake'
[458.092s] INFO:colcon.colcon_cmake.task.cmake.build:Building CMake package in '/home/ubuntu/rj_training_container/training_ws/src/software-training-old/coordinate_transform'
[458.093s] INFO:colcon.colcon_core.shell:Skip shell extension 'powershell' for command environment: Not usable outside of PowerShell
[458.093s] DEBUG:colcon.colcon_core.shell:Skip shell extension 'dsv' for command environment
[458.593s] INFO:colcon.colcon_ros.task.ament_cmake.build:Building ROS package in '/home/ubuntu/rj_training_container/training_ws/src/software-training-old/localization' with build type 'ament_cmake'
[458.593s] INFO:colcon.colcon_cmake.task.cmake.build:Building CMake package in '/home/ubuntu/rj_training_container/training_ws/src/software-training-old/localization'
[458.594s] INFO:colcon.colcon_core.shell:Skip shell extension 'powershell' for command environment: Not usable outside of PowerShell
[458.595s] DEBUG:colcon.colcon_core.shell:Skip shell extension 'dsv' for command environment
[459.135s] INFO:colcon.colcon_ros.task.ament_cmake.build:Building ROS package in '/home/ubuntu/rj_training_container/training_ws/src/software-training-old/mineral_deposit_tracking' with build type 'ament_cmake'
[459.135s] INFO:colcon.colcon_cmake.task.cmake.build:Building CMake package in '/home/ubuntu/rj_training_container/training_ws/src/software-training-old/mineral_deposit_tracking'
[459.136s] INFO:colcon.colcon_core.shell:Skip shell extension 'powershell' for command environment: Not usable outside of PowerShell
[459.136s] DEBUG:colcon.colcon_core.shell:Skip shell extension 'dsv' for command environment
[459.638s] INFO:colcon.colcon_ros.task.ament_cmake.build:Building ROS package in '/home/ubuntu/rj_training_container/training_ws/src/software-training-old/peak_finder' with build type 'ament_cmake'
[459.639s] INFO:colcon.colcon_cmake.task.cmake.build:Building CMake package in '/home/ubuntu/rj_training_container/training_ws/src/software-training-old/peak_finder'
[459.640s] INFO:colcon.colcon_core.shell:Skip shell extension 'powershell' for command environment: Not usable outside of PowerShell
[459.640s] DEBUG:colcon.colcon_core.shell:Skip shell extension 'dsv' for command environment
[460.257s] DEBUG:colcon.colcon_core.event_handler.log_command:Invoking command in '/home/ubuntu/rj_training_container/training_ws/build/stsl_aruco_tags': CMAKE_PREFIX_PATH=/home/ubuntu/rj_training_container/training_ws/install/stsl_interfaces:/home/ubuntu/rj_training_container/training_ws/install/stsl_desktop:/home/ubuntu/rj_training_container/training_ws/install/traini_bringup:/home/ubuntu/rj_training_container/training_ws/install/traini_gazebo:/home/ubuntu/rj_training_container/training_ws/install/traini_description:/home/ubuntu/rj_training_container/training_ws/install/teleop:/home/ubuntu/rj_training_container/training_ws/install/stsl_utils:/home/ubuntu/rj_training_container/training_ws/install/stsl_rviz_plugins:/home/ubuntu/rj_training_container/training_ws/install/stsl_nav_plugins:/home/ubuntu/rj_training_container/training_ws/install/mission_orchestration:/home/ubuntu/rj_training_container/training_ws/install/stsl_bt_nodes:/home/ubuntu/rj_training_container/training_ws/install/stsl_aruco_tags:/home/ubuntu/rj_training_container/training_ws/install/peak_finder:/home/ubuntu/rj_training_container/training_ws/install/mineral_deposit_tracking:/home/ubuntu/rj_training_container/training_ws/install/mineral_deposit_detection:/home/ubuntu/rj_training_container/training_ws/install/localization:/home/ubuntu/rj_training_container/training_ws/install/elevation_server:/home/ubuntu/rj_training_container/training_ws/install/coordinate_transform:/home/ubuntu/rj_training_container/training_ws/install/stsl_gazebo_plugins:/home/ubuntu/rj_training_container/training_ws/install/rj_training_bringup:/home/ubuntu/rj_training_container/training_ws/install/obstacle_detector:/home/ubuntu/rj_training_container/training_ws/install/mapping:/home/ubuntu/rj_training_container/training_ws/install/joystick_package:/home/ubuntu/rj_training_container/training_ws/install/joystick_msgs:/home/ubuntu/rj_training_container/training_ws/install/controllers:/home/ubuntu/rj_training_container/training_ws/install/astar_path_planner:/home/ubuntu/rj_training_container/training_ws/install/keyboard:/opt/ros/humble LD_LIBRARY_PATH=/home/ubuntu/rj_training_container/training_ws/install/stsl_interfaces/lib:/home/ubuntu/rj_training_container/training_ws/install/teleop/lib:/home/ubuntu/rj_training_container/training_ws/install/stsl_utils/lib:/home/ubuntu/rj_training_container/training_ws/install/stsl_rviz_plugins/lib:/home/ubuntu/rj_training_container/training_ws/install/stsl_nav_plugins/lib:/home/ubuntu/rj_training_container/training_ws/install/mission_orchestration/lib:/home/ubuntu/rj_training_container/training_ws/install/stsl_bt_nodes/lib:/home/ubuntu/rj_training_container/training_ws/install/stsl_aruco_tags/lib:/home/ubuntu/rj_training_container/training_ws/install/peak_finder/lib:/home/ubuntu/rj_training_container/training_ws/install/mineral_deposit_tracking/lib:/home/ubuntu/rj_training_container/training_ws/install/mineral_deposit_detection/lib:/home/ubuntu/rj_training_container/training_ws/install/localization/lib:/home/ubuntu/rj_training_container/training_ws/install/elevation_server/lib:/home/ubuntu/rj_training_container/training_ws/install/coordinate_transform/lib:/home/ubuntu/rj_training_container/training_ws/install/stsl_gazebo_plugins/lib:/home/ubuntu/rj_training_container/training_ws/install/obstacle_detector/lib:/home/ubuntu/rj_training_container/training_ws/install/mapping/lib:/home/ubuntu/rj_training_container/training_ws/install/joystick_package/lib:/home/ubuntu/rj_training_container/training_ws/install/joystick_msgs/lib:/home/ubuntu/rj_training_container/training_ws/install/controllers/lib:/home/ubuntu/rj_training_container/training_ws/install/astar_path_planner/lib:/usr/lib/x86_64-linux-gnu/gazebo-11/plugins:/opt/ros/humble/opt/rviz_ogre_vendor/lib:/opt/ros/humble/lib/x86_64-linux-gnu:/opt/ros/humble/lib /usr/bin/cmake --build /home/ubuntu/rj_training_container/training_ws/build/stsl_aruco_tags -- -j16 -l16
[460.355s] DEBUG:colcon.colcon_core.event_handler.log_command:Invoking command in '/home/ubuntu/rj_training_container/training_ws/build/stsl_bt_nodes': CMAKE_PREFIX_PATH=/home/ubuntu/rj_training_container/training_ws/install/stsl_interfaces:/home/ubuntu/rj_training_container/training_ws/install/stsl_desktop:/home/ubuntu/rj_training_container/training_ws/install/traini_bringup:/home/ubuntu/rj_training_container/training_ws/install/traini_gazebo:/home/ubuntu/rj_training_container/training_ws/install/traini_description:/home/ubuntu/rj_training_container/training_ws/install/teleop:/home/ubuntu/rj_training_container/training_ws/install/stsl_utils:/home/ubuntu/rj_training_container/training_ws/install/stsl_rviz_plugins:/home/ubuntu/rj_training_container/training_ws/install/stsl_nav_plugins:/home/ubuntu/rj_training_container/training_ws/install/mission_orchestration:/home/ubuntu/rj_training_container/training_ws/install/stsl_bt_nodes:/home/ubuntu/rj_training_container/training_ws/install/stsl_aruco_tags:/home/ubuntu/rj_training_container/training_ws/install/peak_finder:/home/ubuntu/rj_training_container/training_ws/install/mineral_deposit_tracking:/home/ubuntu/rj_training_container/training_ws/install/mineral_deposit_detection:/home/ubuntu/rj_training_container/training_ws/install/localization:/home/ubuntu/rj_training_container/training_ws/install/elevation_server:/home/ubuntu/rj_training_container/training_ws/install/coordinate_transform:/home/ubuntu/rj_training_container/training_ws/install/stsl_gazebo_plugins:/home/ubuntu/rj_training_container/training_ws/install/rj_training_bringup:/home/ubuntu/rj_training_container/training_ws/install/obstacle_detector:/home/ubuntu/rj_training_container/training_ws/install/mapping:/home/ubuntu/rj_training_container/training_ws/install/joystick_package:/home/ubuntu/rj_training_container/training_ws/install/joystick_msgs:/home/ubuntu/rj_training_container/training_ws/install/controllers:/home/ubuntu/rj_training_container/training_ws/install/astar_path_planner:/home/ubuntu/rj_training_container/training_ws/install/keyboard:/opt/ros/humble LD_LIBRARY_PATH=/home/ubuntu/rj_training_container/training_ws/install/stsl_interfaces/lib:/home/ubuntu/rj_training_container/training_ws/install/teleop/lib:/home/ubuntu/rj_training_container/training_ws/install/stsl_utils/lib:/home/ubuntu/rj_training_container/training_ws/install/stsl_rviz_plugins/lib:/home/ubuntu/rj_training_container/training_ws/install/stsl_nav_plugins/lib:/home/ubuntu/rj_training_container/training_ws/install/mission_orchestration/lib:/home/ubuntu/rj_training_container/training_ws/install/stsl_bt_nodes/lib:/home/ubuntu/rj_training_container/training_ws/install/stsl_aruco_tags/lib:/home/ubuntu/rj_training_container/training_ws/install/peak_finder/lib:/home/ubuntu/rj_training_container/training_ws/install/mineral_deposit_tracking/lib:/home/ubuntu/rj_training_container/training_ws/install/mineral_deposit_detection/lib:/home/ubuntu/rj_training_container/training_ws/install/localization/lib:/home/ubuntu/rj_training_container/training_ws/install/elevation_server/lib:/home/ubuntu/rj_training_container/training_ws/install/coordinate_transform/lib:/home/ubuntu/rj_training_container/training_ws/install/stsl_gazebo_plugins/lib:/home/ubuntu/rj_training_container/training_ws/install/obstacle_detector/lib:/home/ubuntu/rj_training_container/training_ws/install/mapping/lib:/home/ubuntu/rj_training_container/training_ws/install/joystick_package/lib:/home/ubuntu/rj_training_container/training_ws/install/joystick_msgs/lib:/home/ubuntu/rj_training_container/training_ws/install/controllers/lib:/home/ubuntu/rj_training_container/training_ws/install/astar_path_planner/lib:/usr/lib/x86_64-linux-gnu/gazebo-11/plugins:/opt/ros/humble/opt/rviz_ogre_vendor/lib:/opt/ros/humble/lib/x86_64-linux-gnu:/opt/ros/humble/lib /usr/bin/cmake --build /home/ubuntu/rj_training_container/training_ws/build/stsl_bt_nodes -- -j16 -l16
[460.464s] DEBUG:colcon.colcon_core.event_handler.log_command:Invoking command in '/home/ubuntu/rj_training_container/training_ws/build/elevation_server': CMAKE_PREFIX_PATH=/home/ubuntu/rj_training_container/training_ws/install/stsl_interfaces:/home/ubuntu/rj_training_container/training_ws/install/stsl_desktop:/home/ubuntu/rj_training_container/training_ws/install/traini_bringup:/home/ubuntu/rj_training_container/training_ws/install/traini_gazebo:/home/ubuntu/rj_training_container/training_ws/install/traini_description:/home/ubuntu/rj_training_container/training_ws/install/teleop:/home/ubuntu/rj_training_container/training_ws/install/stsl_utils:/home/ubuntu/rj_training_container/training_ws/install/stsl_rviz_plugins:/home/ubuntu/rj_training_container/training_ws/install/stsl_nav_plugins:/home/ubuntu/rj_training_container/training_ws/install/mission_orchestration:/home/ubuntu/rj_training_container/training_ws/install/stsl_bt_nodes:/home/ubuntu/rj_training_container/training_ws/install/stsl_aruco_tags:/home/ubuntu/rj_training_container/training_ws/install/peak_finder:/home/ubuntu/rj_training_container/training_ws/install/mineral_deposit_tracking:/home/ubuntu/rj_training_container/training_ws/install/mineral_deposit_detection:/home/ubuntu/rj_training_container/training_ws/install/localization:/home/ubuntu/rj_training_container/training_ws/install/elevation_server:/home/ubuntu/rj_training_container/training_ws/install/coordinate_transform:/home/ubuntu/rj_training_container/training_ws/install/stsl_gazebo_plugins:/home/ubuntu/rj_training_container/training_ws/install/rj_training_bringup:/home/ubuntu/rj_training_container/training_ws/install/obstacle_detector:/home/ubuntu/rj_training_container/training_ws/install/mapping:/home/ubuntu/rj_training_container/training_ws/install/joystick_package:/home/ubuntu/rj_training_container/training_ws/install/joystick_msgs:/home/ubuntu/rj_training_container/training_ws/install/controllers:/home/ubuntu/rj_training_container/training_ws/install/astar_path_planner:/home/ubuntu/rj_training_container/training_ws/install/keyboard:/opt/ros/humble LD_LIBRARY_PATH=/home/ubuntu/rj_training_container/training_ws/install/stsl_interfaces/lib:/home/ubuntu/rj_training_container/training_ws/install/teleop/lib:/home/ubuntu/rj_training_container/training_ws/install/stsl_utils/lib:/home/ubuntu/rj_training_container/training_ws/install/stsl_rviz_plugins/lib:/home/ubuntu/rj_training_container/training_ws/install/stsl_nav_plugins/lib:/home/ubuntu/rj_training_container/training_ws/install/mission_orchestration/lib:/home/ubuntu/rj_training_container/training_ws/install/stsl_bt_nodes/lib:/home/ubuntu/rj_training_container/training_ws/install/stsl_aruco_tags/lib:/home/ubuntu/rj_training_container/training_ws/install/peak_finder/lib:/home/ubuntu/rj_training_container/training_ws/install/mineral_deposit_tracking/lib:/home/ubuntu/rj_training_container/training_ws/install/mineral_deposit_detection/lib:/home/ubuntu/rj_training_container/training_ws/install/localization/lib:/home/ubuntu/rj_training_container/training_ws/install/elevation_server/lib:/home/ubuntu/rj_training_container/training_ws/install/coordinate_transform/lib:/home/ubuntu/rj_training_container/training_ws/install/stsl_gazebo_plugins/lib:/home/ubuntu/rj_training_container/training_ws/install/obstacle_detector/lib:/home/ubuntu/rj_training_container/training_ws/install/mapping/lib:/home/ubuntu/rj_training_container/training_ws/install/joystick_package/lib:/home/ubuntu/rj_training_container/training_ws/install/joystick_msgs/lib:/home/ubuntu/rj_training_container/training_ws/install/controllers/lib:/home/ubuntu/rj_training_container/training_ws/install/astar_path_planner/lib:/usr/lib/x86_64-linux-gnu/gazebo-11/plugins:/opt/ros/humble/opt/rviz_ogre_vendor/lib:/opt/ros/humble/lib/x86_64-linux-gnu:/opt/ros/humble/lib /usr/bin/cmake --build /home/ubuntu/rj_training_container/training_ws/build/elevation_server -- -j16 -l16
[460.583s] DEBUG:colcon.colcon_core.event_handler.log_command:Invoking command in '/home/ubuntu/rj_training_container/training_ws/build/mineral_deposit_detection': CMAKE_PREFIX_PATH=/home/ubuntu/rj_training_container/training_ws/install/stsl_interfaces:/home/ubuntu/rj_training_container/training_ws/install/stsl_desktop:/home/ubuntu/rj_training_container/training_ws/install/traini_bringup:/home/ubuntu/rj_training_container/training_ws/install/traini_gazebo:/home/ubuntu/rj_training_container/training_ws/install/traini_description:/home/ubuntu/rj_training_container/training_ws/install/teleop:/home/ubuntu/rj_training_container/training_ws/install/stsl_utils:/home/ubuntu/rj_training_container/training_ws/install/stsl_rviz_plugins:/home/ubuntu/rj_training_container/training_ws/install/stsl_nav_plugins:/home/ubuntu/rj_training_container/training_ws/install/mission_orchestration:/home/ubuntu/rj_training_container/training_ws/install/stsl_bt_nodes:/home/ubuntu/rj_training_container/training_ws/install/stsl_aruco_tags:/home/ubuntu/rj_training_container/training_ws/install/peak_finder:/home/ubuntu/rj_training_container/training_ws/install/mineral_deposit_tracking:/home/ubuntu/rj_training_container/training_ws/install/mineral_deposit_detection:/home/ubuntu/rj_training_container/training_ws/install/localization:/home/ubuntu/rj_training_container/training_ws/install/elevation_server:/home/ubuntu/rj_training_container/training_ws/install/coordinate_transform:/home/ubuntu/rj_training_container/training_ws/install/stsl_gazebo_plugins:/home/ubuntu/rj_training_container/training_ws/install/rj_training_bringup:/home/ubuntu/rj_training_container/training_ws/install/obstacle_detector:/home/ubuntu/rj_training_container/training_ws/install/mapping:/home/ubuntu/rj_training_container/training_ws/install/joystick_package:/home/ubuntu/rj_training_container/training_ws/install/joystick_msgs:/home/ubuntu/rj_training_container/training_ws/install/controllers:/home/ubuntu/rj_training_container/training_ws/install/astar_path_planner:/home/ubuntu/rj_training_container/training_ws/install/keyboard:/opt/ros/humble LD_LIBRARY_PATH=/home/ubuntu/rj_training_container/training_ws/install/stsl_interfaces/lib:/home/ubuntu/rj_training_container/training_ws/install/teleop/lib:/home/ubuntu/rj_training_container/training_ws/install/stsl_utils/lib:/home/ubuntu/rj_training_container/training_ws/install/stsl_rviz_plugins/lib:/home/ubuntu/rj_training_container/training_ws/install/stsl_nav_plugins/lib:/home/ubuntu/rj_training_container/training_ws/install/mission_orchestration/lib:/home/ubuntu/rj_training_container/training_ws/install/stsl_bt_nodes/lib:/home/ubuntu/rj_training_container/training_ws/install/stsl_aruco_tags/lib:/home/ubuntu/rj_training_container/training_ws/install/peak_finder/lib:/home/ubuntu/rj_training_container/training_ws/install/mineral_deposit_tracking/lib:/home/ubuntu/rj_training_container/training_ws/install/mineral_deposit_detection/lib:/home/ubuntu/rj_training_container/training_ws/install/localization/lib:/home/ubuntu/rj_training_container/training_ws/install/elevation_server/lib:/home/ubuntu/rj_training_container/training_ws/install/coordinate_transform/lib:/home/ubuntu/rj_training_container/training_ws/install/stsl_gazebo_plugins/lib:/home/ubuntu/rj_training_container/training_ws/install/obstacle_detector/lib:/home/ubuntu/rj_training_container/training_ws/install/mapping/lib:/home/ubuntu/rj_training_container/training_ws/install/joystick_package/lib:/home/ubuntu/rj_training_container/training_ws/install/joystick_msgs/lib:/home/ubuntu/rj_training_container/training_ws/install/controllers/lib:/home/ubuntu/rj_training_container/training_ws/install/astar_path_planner/lib:/usr/lib/x86_64-linux-gnu/gazebo-11/plugins:/opt/ros/humble/opt/rviz_ogre_vendor/lib:/opt/ros/humble/lib/x86_64-linux-gnu:/opt/ros/humble/lib /usr/bin/cmake --build /home/ubuntu/rj_training_container/training_ws/build/mineral_deposit_detection -- -j16 -l16
[461.128s] DEBUG:colcon.colcon_core.event_handler.log_command:Invoking command in '/home/ubuntu/rj_training_container/training_ws/build/stsl_rviz_plugins': CMAKE_PREFIX_PATH=/home/ubuntu/rj_training_container/training_ws/install/stsl_interfaces:/home/ubuntu/rj_training_container/training_ws/install/stsl_desktop:/home/ubuntu/rj_training_container/training_ws/install/traini_bringup:/home/ubuntu/rj_training_container/training_ws/install/traini_gazebo:/home/ubuntu/rj_training_container/training_ws/install/traini_description:/home/ubuntu/rj_training_container/training_ws/install/teleop:/home/ubuntu/rj_training_container/training_ws/install/stsl_utils:/home/ubuntu/rj_training_container/training_ws/install/stsl_rviz_plugins:/home/ubuntu/rj_training_container/training_ws/install/stsl_nav_plugins:/home/ubuntu/rj_training_container/training_ws/install/mission_orchestration:/home/ubuntu/rj_training_container/training_ws/install/stsl_bt_nodes:/home/ubuntu/rj_training_container/training_ws/install/stsl_aruco_tags:/home/ubuntu/rj_training_container/training_ws/install/peak_finder:/home/ubuntu/rj_training_container/training_ws/install/mineral_deposit_tracking:/home/ubuntu/rj_training_container/training_ws/install/mineral_deposit_detection:/home/ubuntu/rj_training_container/training_ws/install/localization:/home/ubuntu/rj_training_container/training_ws/install/elevation_server:/home/ubuntu/rj_training_container/training_ws/install/coordinate_transform:/home/ubuntu/rj_training_container/training_ws/install/stsl_gazebo_plugins:/home/ubuntu/rj_training_container/training_ws/install/rj_training_bringup:/home/ubuntu/rj_training_container/training_ws/install/obstacle_detector:/home/ubuntu/rj_training_container/training_ws/install/mapping:/home/ubuntu/rj_training_container/training_ws/install/joystick_package:/home/ubuntu/rj_training_container/training_ws/install/joystick_msgs:/home/ubuntu/rj_training_container/training_ws/install/controllers:/home/ubuntu/rj_training_container/training_ws/install/astar_path_planner:/home/ubuntu/rj_training_container/training_ws/install/keyboard:/opt/ros/humble LD_LIBRARY_PATH=/home/ubuntu/rj_training_container/training_ws/install/stsl_interfaces/lib:/home/ubuntu/rj_training_container/training_ws/install/teleop/lib:/home/ubuntu/rj_training_container/training_ws/install/stsl_utils/lib:/home/ubuntu/rj_training_container/training_ws/install/stsl_rviz_plugins/lib:/home/ubuntu/rj_training_container/training_ws/install/stsl_nav_plugins/lib:/home/ubuntu/rj_training_container/training_ws/install/mission_orchestration/lib:/home/ubuntu/rj_training_container/training_ws/install/stsl_bt_nodes/lib:/home/ubuntu/rj_training_container/training_ws/install/stsl_aruco_tags/lib:/home/ubuntu/rj_training_container/training_ws/install/peak_finder/lib:/home/ubuntu/rj_training_container/training_ws/install/mineral_deposit_tracking/lib:/home/ubuntu/rj_training_container/training_ws/install/mineral_deposit_detection/lib:/home/ubuntu/rj_training_container/training_ws/install/localization/lib:/home/ubuntu/rj_training_container/training_ws/install/elevation_server/lib:/home/ubuntu/rj_training_container/training_ws/install/coordinate_transform/lib:/home/ubuntu/rj_training_container/training_ws/install/stsl_gazebo_plugins/lib:/home/ubuntu/rj_training_container/training_ws/install/obstacle_detector/lib:/home/ubuntu/rj_training_container/training_ws/install/mapping/lib:/home/ubuntu/rj_training_container/training_ws/install/joystick_package/lib:/home/ubuntu/rj_training_container/training_ws/install/joystick_msgs/lib:/home/ubuntu/rj_training_container/training_ws/install/controllers/lib:/home/ubuntu/rj_training_container/training_ws/install/astar_path_planner/lib:/usr/lib/x86_64-linux-gnu/gazebo-11/plugins:/opt/ros/humble/opt/rviz_ogre_vendor/lib:/opt/ros/humble/lib/x86_64-linux-gnu:/opt/ros/humble/lib /usr/bin/cmake --build /home/ubuntu/rj_training_container/training_ws/build/stsl_rviz_plugins -- -j16 -l16
[461.513s] DEBUG:colcon.colcon_core.event_handler.log_command:Invoking command in '/home/ubuntu/rj_training_container/training_ws/build/coordinate_transform': CMAKE_PREFIX_PATH=/home/ubuntu/rj_training_container/training_ws/install/stsl_interfaces:/home/ubuntu/rj_training_container/training_ws/install/stsl_desktop:/home/ubuntu/rj_training_container/training_ws/install/traini_bringup:/home/ubuntu/rj_training_container/training_ws/install/traini_gazebo:/home/ubuntu/rj_training_container/training_ws/install/traini_description:/home/ubuntu/rj_training_container/training_ws/install/teleop:/home/ubuntu/rj_training_container/training_ws/install/stsl_utils:/home/ubuntu/rj_training_container/training_ws/install/stsl_rviz_plugins:/home/ubuntu/rj_training_container/training_ws/install/stsl_nav_plugins:/home/ubuntu/rj_training_container/training_ws/install/mission_orchestration:/home/ubuntu/rj_training_container/training_ws/install/stsl_bt_nodes:/home/ubuntu/rj_training_container/training_ws/install/stsl_aruco_tags:/home/ubuntu/rj_training_container/training_ws/install/peak_finder:/home/ubuntu/rj_training_container/training_ws/install/mineral_deposit_tracking:/home/ubuntu/rj_training_container/training_ws/install/mineral_deposit_detection:/home/ubuntu/rj_training_container/training_ws/install/localization:/home/ubuntu/rj_training_container/training_ws/install/elevation_server:/home/ubuntu/rj_training_container/training_ws/install/coordinate_transform:/home/ubuntu/rj_training_container/training_ws/install/stsl_gazebo_plugins:/home/ubuntu/rj_training_container/training_ws/install/rj_training_bringup:/home/ubuntu/rj_training_container/training_ws/install/obstacle_detector:/home/ubuntu/rj_training_container/training_ws/install/mapping:/home/ubuntu/rj_training_container/training_ws/install/joystick_package:/home/ubuntu/rj_training_container/training_ws/install/joystick_msgs:/home/ubuntu/rj_training_container/training_ws/install/controllers:/home/ubuntu/rj_training_container/training_ws/install/astar_path_planner:/home/ubuntu/rj_training_container/training_ws/install/keyboard:/opt/ros/humble LD_LIBRARY_PATH=/home/ubuntu/rj_training_container/training_ws/install/stsl_interfaces/lib:/home/ubuntu/rj_training_container/training_ws/install/teleop/lib:/home/ubuntu/rj_training_container/training_ws/install/stsl_utils/lib:/home/ubuntu/rj_training_container/training_ws/install/stsl_rviz_plugins/lib:/home/ubuntu/rj_training_container/training_ws/install/stsl_nav_plugins/lib:/home/ubuntu/rj_training_container/training_ws/install/mission_orchestration/lib:/home/ubuntu/rj_training_container/training_ws/install/stsl_bt_nodes/lib:/home/ubuntu/rj_training_container/training_ws/install/stsl_aruco_tags/lib:/home/ubuntu/rj_training_container/training_ws/install/peak_finder/lib:/home/ubuntu/rj_training_container/training_ws/install/mineral_deposit_tracking/lib:/home/ubuntu/rj_training_container/training_ws/install/mineral_deposit_detection/lib:/home/ubuntu/rj_training_container/training_ws/install/localization/lib:/home/ubuntu/rj_training_container/training_ws/install/elevation_server/lib:/home/ubuntu/rj_training_container/training_ws/install/coordinate_transform/lib:/home/ubuntu/rj_training_container/training_ws/install/stsl_gazebo_plugins/lib:/home/ubuntu/rj_training_container/training_ws/install/obstacle_detector/lib:/home/ubuntu/rj_training_container/training_ws/install/mapping/lib:/home/ubuntu/rj_training_container/training_ws/install/joystick_package/lib:/home/ubuntu/rj_training_container/training_ws/install/joystick_msgs/lib:/home/ubuntu/rj_training_container/training_ws/install/controllers/lib:/home/ubuntu/rj_training_container/training_ws/install/astar_path_planner/lib:/usr/lib/x86_64-linux-gnu/gazebo-11/plugins:/opt/ros/humble/opt/rviz_ogre_vendor/lib:/opt/ros/humble/lib/x86_64-linux-gnu:/opt/ros/humble/lib /usr/bin/cmake --build /home/ubuntu/rj_training_container/training_ws/build/coordinate_transform -- -j16 -l16
[462.333s] DEBUG:colcon.colcon_core.event_handler.log_command:Invoking command in '/home/ubuntu/rj_training_container/training_ws/build/localization': CMAKE_PREFIX_PATH=/home/ubuntu/rj_training_container/training_ws/install/stsl_interfaces:/home/ubuntu/rj_training_container/training_ws/install/stsl_desktop:/home/ubuntu/rj_training_container/training_ws/install/traini_bringup:/home/ubuntu/rj_training_container/training_ws/install/traini_gazebo:/home/ubuntu/rj_training_container/training_ws/install/traini_description:/home/ubuntu/rj_training_container/training_ws/install/teleop:/home/ubuntu/rj_training_container/training_ws/install/stsl_utils:/home/ubuntu/rj_training_container/training_ws/install/stsl_rviz_plugins:/home/ubuntu/rj_training_container/training_ws/install/stsl_nav_plugins:/home/ubuntu/rj_training_container/training_ws/install/mission_orchestration:/home/ubuntu/rj_training_container/training_ws/install/stsl_bt_nodes:/home/ubuntu/rj_training_container/training_ws/install/stsl_aruco_tags:/home/ubuntu/rj_training_container/training_ws/install/peak_finder:/home/ubuntu/rj_training_container/training_ws/install/mineral_deposit_tracking:/home/ubuntu/rj_training_container/training_ws/install/mineral_deposit_detection:/home/ubuntu/rj_training_container/training_ws/install/localization:/home/ubuntu/rj_training_container/training_ws/install/elevation_server:/home/ubuntu/rj_training_container/training_ws/install/coordinate_transform:/home/ubuntu/rj_training_container/training_ws/install/stsl_gazebo_plugins:/home/ubuntu/rj_training_container/training_ws/install/rj_training_bringup:/home/ubuntu/rj_training_container/training_ws/install/obstacle_detector:/home/ubuntu/rj_training_container/training_ws/install/mapping:/home/ubuntu/rj_training_container/training_ws/install/joystick_package:/home/ubuntu/rj_training_container/training_ws/install/joystick_msgs:/home/ubuntu/rj_training_container/training_ws/install/controllers:/home/ubuntu/rj_training_container/training_ws/install/astar_path_planner:/home/ubuntu/rj_training_container/training_ws/install/keyboard:/opt/ros/humble LD_LIBRARY_PATH=/home/ubuntu/rj_training_container/training_ws/install/stsl_interfaces/lib:/home/ubuntu/rj_training_container/training_ws/install/teleop/lib:/home/ubuntu/rj_training_container/training_ws/install/stsl_utils/lib:/home/ubuntu/rj_training_container/training_ws/install/stsl_rviz_plugins/lib:/home/ubuntu/rj_training_container/training_ws/install/stsl_nav_plugins/lib:/home/ubuntu/rj_training_container/training_ws/install/mission_orchestration/lib:/home/ubuntu/rj_training_container/training_ws/install/stsl_bt_nodes/lib:/home/ubuntu/rj_training_container/training_ws/install/stsl_aruco_tags/lib:/home/ubuntu/rj_training_container/training_ws/install/peak_finder/lib:/home/ubuntu/rj_training_container/training_ws/install/mineral_deposit_tracking/lib:/home/ubuntu/rj_training_container/training_ws/install/mineral_deposit_detection/lib:/home/ubuntu/rj_training_container/training_ws/install/localization/lib:/home/ubuntu/rj_training_container/training_ws/install/elevation_server/lib:/home/ubuntu/rj_training_container/training_ws/install/coordinate_transform/lib:/home/ubuntu/rj_training_container/training_ws/install/stsl_gazebo_plugins/lib:/home/ubuntu/rj_training_container/training_ws/install/obstacle_detector/lib:/home/ubuntu/rj_training_container/training_ws/install/mapping/lib:/home/ubuntu/rj_training_container/training_ws/install/joystick_package/lib:/home/ubuntu/rj_training_container/training_ws/install/joystick_msgs/lib:/home/ubuntu/rj_training_container/training_ws/install/controllers/lib:/home/ubuntu/rj_training_container/training_ws/install/astar_path_planner/lib:/usr/lib/x86_64-linux-gnu/gazebo-11/plugins:/opt/ros/humble/opt/rviz_ogre_vendor/lib:/opt/ros/humble/lib/x86_64-linux-gnu:/opt/ros/humble/lib /usr/bin/cmake --build /home/ubuntu/rj_training_container/training_ws/build/localization -- -j16 -l16
[462.920s] DEBUG:colcon.colcon_core.event_handler.log_command:Invoking command in '/home/ubuntu/rj_training_container/training_ws/build/mineral_deposit_tracking': CMAKE_PREFIX_PATH=/home/ubuntu/rj_training_container/training_ws/install/stsl_interfaces:/home/ubuntu/rj_training_container/training_ws/install/stsl_desktop:/home/ubuntu/rj_training_container/training_ws/install/traini_bringup:/home/ubuntu/rj_training_container/training_ws/install/traini_gazebo:/home/ubuntu/rj_training_container/training_ws/install/traini_description:/home/ubuntu/rj_training_container/training_ws/install/teleop:/home/ubuntu/rj_training_container/training_ws/install/stsl_utils:/home/ubuntu/rj_training_container/training_ws/install/stsl_rviz_plugins:/home/ubuntu/rj_training_container/training_ws/install/stsl_nav_plugins:/home/ubuntu/rj_training_container/training_ws/install/mission_orchestration:/home/ubuntu/rj_training_container/training_ws/install/stsl_bt_nodes:/home/ubuntu/rj_training_container/training_ws/install/stsl_aruco_tags:/home/ubuntu/rj_training_container/training_ws/install/peak_finder:/home/ubuntu/rj_training_container/training_ws/install/mineral_deposit_tracking:/home/ubuntu/rj_training_container/training_ws/install/mineral_deposit_detection:/home/ubuntu/rj_training_container/training_ws/install/localization:/home/ubuntu/rj_training_container/training_ws/install/elevation_server:/home/ubuntu/rj_training_container/training_ws/install/coordinate_transform:/home/ubuntu/rj_training_container/training_ws/install/stsl_gazebo_plugins:/home/ubuntu/rj_training_container/training_ws/install/rj_training_bringup:/home/ubuntu/rj_training_container/training_ws/install/obstacle_detector:/home/ubuntu/rj_training_container/training_ws/install/mapping:/home/ubuntu/rj_training_container/training_ws/install/joystick_package:/home/ubuntu/rj_training_container/training_ws/install/joystick_msgs:/home/ubuntu/rj_training_container/training_ws/install/controllers:/home/ubuntu/rj_training_container/training_ws/install/astar_path_planner:/home/ubuntu/rj_training_container/training_ws/install/keyboard:/opt/ros/humble LD_LIBRARY_PATH=/home/ubuntu/rj_training_container/training_ws/install/stsl_interfaces/lib:/home/ubuntu/rj_training_container/training_ws/install/teleop/lib:/home/ubuntu/rj_training_container/training_ws/install/stsl_utils/lib:/home/ubuntu/rj_training_container/training_ws/install/stsl_rviz_plugins/lib:/home/ubuntu/rj_training_container/training_ws/install/stsl_nav_plugins/lib:/home/ubuntu/rj_training_container/training_ws/install/mission_orchestration/lib:/home/ubuntu/rj_training_container/training_ws/install/stsl_bt_nodes/lib:/home/ubuntu/rj_training_container/training_ws/install/stsl_aruco_tags/lib:/home/ubuntu/rj_training_container/training_ws/install/peak_finder/lib:/home/ubuntu/rj_training_container/training_ws/install/mineral_deposit_tracking/lib:/home/ubuntu/rj_training_container/training_ws/install/mineral_deposit_detection/lib:/home/ubuntu/rj_training_container/training_ws/install/localization/lib:/home/ubuntu/rj_training_container/training_ws/install/elevation_server/lib:/home/ubuntu/rj_training_container/training_ws/install/coordinate_transform/lib:/home/ubuntu/rj_training_container/training_ws/install/stsl_gazebo_plugins/lib:/home/ubuntu/rj_training_container/training_ws/install/obstacle_detector/lib:/home/ubuntu/rj_training_container/training_ws/install/mapping/lib:/home/ubuntu/rj_training_container/training_ws/install/joystick_package/lib:/home/ubuntu/rj_training_container/training_ws/install/joystick_msgs/lib:/home/ubuntu/rj_training_container/training_ws/install/controllers/lib:/home/ubuntu/rj_training_container/training_ws/install/astar_path_planner/lib:/usr/lib/x86_64-linux-gnu/gazebo-11/plugins:/opt/ros/humble/opt/rviz_ogre_vendor/lib:/opt/ros/humble/lib/x86_64-linux-gnu:/opt/ros/humble/lib /usr/bin/cmake --build /home/ubuntu/rj_training_container/training_ws/build/mineral_deposit_tracking -- -j16 -l16
[463.563s] DEBUG:colcon.colcon_core.event_handler.log_command:Invoking command in '/home/ubuntu/rj_training_container/training_ws/build/peak_finder': CMAKE_PREFIX_PATH=/home/ubuntu/rj_training_container/training_ws/install/stsl_interfaces:/home/ubuntu/rj_training_container/training_ws/install/stsl_desktop:/home/ubuntu/rj_training_container/training_ws/install/traini_bringup:/home/ubuntu/rj_training_container/training_ws/install/traini_gazebo:/home/ubuntu/rj_training_container/training_ws/install/traini_description:/home/ubuntu/rj_training_container/training_ws/install/teleop:/home/ubuntu/rj_training_container/training_ws/install/stsl_utils:/home/ubuntu/rj_training_container/training_ws/install/stsl_rviz_plugins:/home/ubuntu/rj_training_container/training_ws/install/stsl_nav_plugins:/home/ubuntu/rj_training_container/training_ws/install/mission_orchestration:/home/ubuntu/rj_training_container/training_ws/install/stsl_bt_nodes:/home/ubuntu/rj_training_container/training_ws/install/stsl_aruco_tags:/home/ubuntu/rj_training_container/training_ws/install/peak_finder:/home/ubuntu/rj_training_container/training_ws/install/mineral_deposit_tracking:/home/ubuntu/rj_training_container/training_ws/install/mineral_deposit_detection:/home/ubuntu/rj_training_container/training_ws/install/localization:/home/ubuntu/rj_training_container/training_ws/install/elevation_server:/home/ubuntu/rj_training_container/training_ws/install/coordinate_transform:/home/ubuntu/rj_training_container/training_ws/install/stsl_gazebo_plugins:/home/ubuntu/rj_training_container/training_ws/install/rj_training_bringup:/home/ubuntu/rj_training_container/training_ws/install/obstacle_detector:/home/ubuntu/rj_training_container/training_ws/install/mapping:/home/ubuntu/rj_training_container/training_ws/install/joystick_package:/home/ubuntu/rj_training_container/training_ws/install/joystick_msgs:/home/ubuntu/rj_training_container/training_ws/install/controllers:/home/ubuntu/rj_training_container/training_ws/install/astar_path_planner:/home/ubuntu/rj_training_container/training_ws/install/keyboard:/opt/ros/humble LD_LIBRARY_PATH=/home/ubuntu/rj_training_container/training_ws/install/stsl_interfaces/lib:/home/ubuntu/rj_training_container/training_ws/install/teleop/lib:/home/ubuntu/rj_training_container/training_ws/install/stsl_utils/lib:/home/ubuntu/rj_training_container/training_ws/install/stsl_rviz_plugins/lib:/home/ubuntu/rj_training_container/training_ws/install/stsl_nav_plugins/lib:/home/ubuntu/rj_training_container/training_ws/install/mission_orchestration/lib:/home/ubuntu/rj_training_container/training_ws/install/stsl_bt_nodes/lib:/home/ubuntu/rj_training_container/training_ws/install/stsl_aruco_tags/lib:/home/ubuntu/rj_training_container/training_ws/install/peak_finder/lib:/home/ubuntu/rj_training_container/training_ws/install/mineral_deposit_tracking/lib:/home/ubuntu/rj_training_container/training_ws/install/mineral_deposit_detection/lib:/home/ubuntu/rj_training_container/training_ws/install/localization/lib:/home/ubuntu/rj_training_container/training_ws/install/elevation_server/lib:/home/ubuntu/rj_training_container/training_ws/install/coordinate_transform/lib:/home/ubuntu/rj_training_container/training_ws/install/stsl_gazebo_plugins/lib:/home/ubuntu/rj_training_container/training_ws/install/obstacle_detector/lib:/home/ubuntu/rj_training_container/training_ws/install/mapping/lib:/home/ubuntu/rj_training_container/training_ws/install/joystick_package/lib:/home/ubuntu/rj_training_container/training_ws/install/joystick_msgs/lib:/home/ubuntu/rj_training_container/training_ws/install/controllers/lib:/home/ubuntu/rj_training_container/training_ws/install/astar_path_planner/lib:/usr/lib/x86_64-linux-gnu/gazebo-11/plugins:/opt/ros/humble/opt/rviz_ogre_vendor/lib:/opt/ros/humble/lib/x86_64-linux-gnu:/opt/ros/humble/lib /usr/bin/cmake --build /home/ubuntu/rj_training_container/training_ws/build/peak_finder -- -j16 -l16
[486.488s] DEBUG:colcon.colcon_core.event_handler.log_command:Invoked command in '/home/ubuntu/rj_training_container/training_ws/build/stsl_aruco_tags' returned '0': CMAKE_PREFIX_PATH=/home/ubuntu/rj_training_container/training_ws/install/stsl_interfaces:/home/ubuntu/rj_training_container/training_ws/install/stsl_desktop:/home/ubuntu/rj_training_container/training_ws/install/traini_bringup:/home/ubuntu/rj_training_container/training_ws/install/traini_gazebo:/home/ubuntu/rj_training_container/training_ws/install/traini_description:/home/ubuntu/rj_training_container/training_ws/install/teleop:/home/ubuntu/rj_training_container/training_ws/install/stsl_utils:/home/ubuntu/rj_training_container/training_ws/install/stsl_rviz_plugins:/home/ubuntu/rj_training_container/training_ws/install/stsl_nav_plugins:/home/ubuntu/rj_training_container/training_ws/install/mission_orchestration:/home/ubuntu/rj_training_container/training_ws/install/stsl_bt_nodes:/home/ubuntu/rj_training_container/training_ws/install/stsl_aruco_tags:/home/ubuntu/rj_training_container/training_ws/install/peak_finder:/home/ubuntu/rj_training_container/training_ws/install/mineral_deposit_tracking:/home/ubuntu/rj_training_container/training_ws/install/mineral_deposit_detection:/home/ubuntu/rj_training_container/training_ws/install/localization:/home/ubuntu/rj_training_container/training_ws/install/elevation_server:/home/ubuntu/rj_training_container/training_ws/install/coordinate_transform:/home/ubuntu/rj_training_container/training_ws/install/stsl_gazebo_plugins:/home/ubuntu/rj_training_container/training_ws/install/rj_training_bringup:/home/ubuntu/rj_training_container/training_ws/install/obstacle_detector:/home/ubuntu/rj_training_container/training_ws/install/mapping:/home/ubuntu/rj_training_container/training_ws/install/joystick_package:/home/ubuntu/rj_training_container/training_ws/install/joystick_msgs:/home/ubuntu/rj_training_container/training_ws/install/controllers:/home/ubuntu/rj_training_container/training_ws/install/astar_path_planner:/home/ubuntu/rj_training_container/training_ws/install/keyboard:/opt/ros/humble LD_LIBRARY_PATH=/home/ubuntu/rj_training_container/training_ws/install/stsl_interfaces/lib:/home/ubuntu/rj_training_container/training_ws/install/teleop/lib:/home/ubuntu/rj_training_container/training_ws/install/stsl_utils/lib:/home/ubuntu/rj_training_container/training_ws/install/stsl_rviz_plugins/lib:/home/ubuntu/rj_training_container/training_ws/install/stsl_nav_plugins/lib:/home/ubuntu/rj_training_container/training_ws/install/mission_orchestration/lib:/home/ubuntu/rj_training_container/training_ws/install/stsl_bt_nodes/lib:/home/ubuntu/rj_training_container/training_ws/install/stsl_aruco_tags/lib:/home/ubuntu/rj_training_container/training_ws/install/peak_finder/lib:/home/ubuntu/rj_training_container/training_ws/install/mineral_deposit_tracking/lib:/home/ubuntu/rj_training_container/training_ws/install/mineral_deposit_detection/lib:/home/ubuntu/rj_training_container/training_ws/install/localization/lib:/home/ubuntu/rj_training_container/training_ws/install/elevation_server/lib:/home/ubuntu/rj_training_container/training_ws/install/coordinate_transform/lib:/home/ubuntu/rj_training_container/training_ws/install/stsl_gazebo_plugins/lib:/home/ubuntu/rj_training_container/training_ws/install/obstacle_detector/lib:/home/ubuntu/rj_training_container/training_ws/install/mapping/lib:/home/ubuntu/rj_training_container/training_ws/install/joystick_package/lib:/home/ubuntu/rj_training_container/training_ws/install/joystick_msgs/lib:/home/ubuntu/rj_training_container/training_ws/install/controllers/lib:/home/ubuntu/rj_training_container/training_ws/install/astar_path_planner/lib:/usr/lib/x86_64-linux-gnu/gazebo-11/plugins:/opt/ros/humble/opt/rviz_ogre_vendor/lib:/opt/ros/humble/lib/x86_64-linux-gnu:/opt/ros/humble/lib /usr/bin/cmake --build /home/ubuntu/rj_training_container/training_ws/build/stsl_aruco_tags -- -j16 -l16
[486.634s] DEBUG:colcon.colcon_core.event_handler.log_command:Invoked command in '/home/ubuntu/rj_training_container/training_ws/build/elevation_server' returned '0': CMAKE_PREFIX_PATH=/home/ubuntu/rj_training_container/training_ws/install/stsl_interfaces:/home/ubuntu/rj_training_container/training_ws/install/stsl_desktop:/home/ubuntu/rj_training_container/training_ws/install/traini_bringup:/home/ubuntu/rj_training_container/training_ws/install/traini_gazebo:/home/ubuntu/rj_training_container/training_ws/install/traini_description:/home/ubuntu/rj_training_container/training_ws/install/teleop:/home/ubuntu/rj_training_container/training_ws/install/stsl_utils:/home/ubuntu/rj_training_container/training_ws/install/stsl_rviz_plugins:/home/ubuntu/rj_training_container/training_ws/install/stsl_nav_plugins:/home/ubuntu/rj_training_container/training_ws/install/mission_orchestration:/home/ubuntu/rj_training_container/training_ws/install/stsl_bt_nodes:/home/ubuntu/rj_training_container/training_ws/install/stsl_aruco_tags:/home/ubuntu/rj_training_container/training_ws/install/peak_finder:/home/ubuntu/rj_training_container/training_ws/install/mineral_deposit_tracking:/home/ubuntu/rj_training_container/training_ws/install/mineral_deposit_detection:/home/ubuntu/rj_training_container/training_ws/install/localization:/home/ubuntu/rj_training_container/training_ws/install/elevation_server:/home/ubuntu/rj_training_container/training_ws/install/coordinate_transform:/home/ubuntu/rj_training_container/training_ws/install/stsl_gazebo_plugins:/home/ubuntu/rj_training_container/training_ws/install/rj_training_bringup:/home/ubuntu/rj_training_container/training_ws/install/obstacle_detector:/home/ubuntu/rj_training_container/training_ws/install/mapping:/home/ubuntu/rj_training_container/training_ws/install/joystick_package:/home/ubuntu/rj_training_container/training_ws/install/joystick_msgs:/home/ubuntu/rj_training_container/training_ws/install/controllers:/home/ubuntu/rj_training_container/training_ws/install/astar_path_planner:/home/ubuntu/rj_training_container/training_ws/install/keyboard:/opt/ros/humble LD_LIBRARY_PATH=/home/ubuntu/rj_training_container/training_ws/install/stsl_interfaces/lib:/home/ubuntu/rj_training_container/training_ws/install/teleop/lib:/home/ubuntu/rj_training_container/training_ws/install/stsl_utils/lib:/home/ubuntu/rj_training_container/training_ws/install/stsl_rviz_plugins/lib:/home/ubuntu/rj_training_container/training_ws/install/stsl_nav_plugins/lib:/home/ubuntu/rj_training_container/training_ws/install/mission_orchestration/lib:/home/ubuntu/rj_training_container/training_ws/install/stsl_bt_nodes/lib:/home/ubuntu/rj_training_container/training_ws/install/stsl_aruco_tags/lib:/home/ubuntu/rj_training_container/training_ws/install/peak_finder/lib:/home/ubuntu/rj_training_container/training_ws/install/mineral_deposit_tracking/lib:/home/ubuntu/rj_training_container/training_ws/install/mineral_deposit_detection/lib:/home/ubuntu/rj_training_container/training_ws/install/localization/lib:/home/ubuntu/rj_training_container/training_ws/install/elevation_server/lib:/home/ubuntu/rj_training_container/training_ws/install/coordinate_transform/lib:/home/ubuntu/rj_training_container/training_ws/install/stsl_gazebo_plugins/lib:/home/ubuntu/rj_training_container/training_ws/install/obstacle_detector/lib:/home/ubuntu/rj_training_container/training_ws/install/mapping/lib:/home/ubuntu/rj_training_container/training_ws/install/joystick_package/lib:/home/ubuntu/rj_training_container/training_ws/install/joystick_msgs/lib:/home/ubuntu/rj_training_container/training_ws/install/controllers/lib:/home/ubuntu/rj_training_container/training_ws/install/astar_path_planner/lib:/usr/lib/x86_64-linux-gnu/gazebo-11/plugins:/opt/ros/humble/opt/rviz_ogre_vendor/lib:/opt/ros/humble/lib/x86_64-linux-gnu:/opt/ros/humble/lib /usr/bin/cmake --build /home/ubuntu/rj_training_container/training_ws/build/elevation_server -- -j16 -l16
[486.696s] DEBUG:colcon.colcon_core.event_handler.log_command:Invoked command in '/home/ubuntu/rj_training_container/training_ws/build/stsl_bt_nodes' returned '0': CMAKE_PREFIX_PATH=/home/ubuntu/rj_training_container/training_ws/install/stsl_interfaces:/home/ubuntu/rj_training_container/training_ws/install/stsl_desktop:/home/ubuntu/rj_training_container/training_ws/install/traini_bringup:/home/ubuntu/rj_training_container/training_ws/install/traini_gazebo:/home/ubuntu/rj_training_container/training_ws/install/traini_description:/home/ubuntu/rj_training_container/training_ws/install/teleop:/home/ubuntu/rj_training_container/training_ws/install/stsl_utils:/home/ubuntu/rj_training_container/training_ws/install/stsl_rviz_plugins:/home/ubuntu/rj_training_container/training_ws/install/stsl_nav_plugins:/home/ubuntu/rj_training_container/training_ws/install/mission_orchestration:/home/ubuntu/rj_training_container/training_ws/install/stsl_bt_nodes:/home/ubuntu/rj_training_container/training_ws/install/stsl_aruco_tags:/home/ubuntu/rj_training_container/training_ws/install/peak_finder:/home/ubuntu/rj_training_container/training_ws/install/mineral_deposit_tracking:/home/ubuntu/rj_training_container/training_ws/install/mineral_deposit_detection:/home/ubuntu/rj_training_container/training_ws/install/localization:/home/ubuntu/rj_training_container/training_ws/install/elevation_server:/home/ubuntu/rj_training_container/training_ws/install/coordinate_transform:/home/ubuntu/rj_training_container/training_ws/install/stsl_gazebo_plugins:/home/ubuntu/rj_training_container/training_ws/install/rj_training_bringup:/home/ubuntu/rj_training_container/training_ws/install/obstacle_detector:/home/ubuntu/rj_training_container/training_ws/install/mapping:/home/ubuntu/rj_training_container/training_ws/install/joystick_package:/home/ubuntu/rj_training_container/training_ws/install/joystick_msgs:/home/ubuntu/rj_training_container/training_ws/install/controllers:/home/ubuntu/rj_training_container/training_ws/install/astar_path_planner:/home/ubuntu/rj_training_container/training_ws/install/keyboard:/opt/ros/humble LD_LIBRARY_PATH=/home/ubuntu/rj_training_container/training_ws/install/stsl_interfaces/lib:/home/ubuntu/rj_training_container/training_ws/install/teleop/lib:/home/ubuntu/rj_training_container/training_ws/install/stsl_utils/lib:/home/ubuntu/rj_training_container/training_ws/install/stsl_rviz_plugins/lib:/home/ubuntu/rj_training_container/training_ws/install/stsl_nav_plugins/lib:/home/ubuntu/rj_training_container/training_ws/install/mission_orchestration/lib:/home/ubuntu/rj_training_container/training_ws/install/stsl_bt_nodes/lib:/home/ubuntu/rj_training_container/training_ws/install/stsl_aruco_tags/lib:/home/ubuntu/rj_training_container/training_ws/install/peak_finder/lib:/home/ubuntu/rj_training_container/training_ws/install/mineral_deposit_tracking/lib:/home/ubuntu/rj_training_container/training_ws/install/mineral_deposit_detection/lib:/home/ubuntu/rj_training_container/training_ws/install/localization/lib:/home/ubuntu/rj_training_container/training_ws/install/elevation_server/lib:/home/ubuntu/rj_training_container/training_ws/install/coordinate_transform/lib:/home/ubuntu/rj_training_container/training_ws/install/stsl_gazebo_plugins/lib:/home/ubuntu/rj_training_container/training_ws/install/obstacle_detector/lib:/home/ubuntu/rj_training_container/training_ws/install/mapping/lib:/home/ubuntu/rj_training_container/training_ws/install/joystick_package/lib:/home/ubuntu/rj_training_container/training_ws/install/joystick_msgs/lib:/home/ubuntu/rj_training_container/training_ws/install/controllers/lib:/home/ubuntu/rj_training_container/training_ws/install/astar_path_planner/lib:/usr/lib/x86_64-linux-gnu/gazebo-11/plugins:/opt/ros/humble/opt/rviz_ogre_vendor/lib:/opt/ros/humble/lib/x86_64-linux-gnu:/opt/ros/humble/lib /usr/bin/cmake --build /home/ubuntu/rj_training_container/training_ws/build/stsl_bt_nodes -- -j16 -l16
[487.380s] DEBUG:colcon.colcon_core.event_handler.log_command:Invoked command in '/home/ubuntu/rj_training_container/training_ws/build/mineral_deposit_detection' returned '0': CMAKE_PREFIX_PATH=/home/ubuntu/rj_training_container/training_ws/install/stsl_interfaces:/home/ubuntu/rj_training_container/training_ws/install/stsl_desktop:/home/ubuntu/rj_training_container/training_ws/install/traini_bringup:/home/ubuntu/rj_training_container/training_ws/install/traini_gazebo:/home/ubuntu/rj_training_container/training_ws/install/traini_description:/home/ubuntu/rj_training_container/training_ws/install/teleop:/home/ubuntu/rj_training_container/training_ws/install/stsl_utils:/home/ubuntu/rj_training_container/training_ws/install/stsl_rviz_plugins:/home/ubuntu/rj_training_container/training_ws/install/stsl_nav_plugins:/home/ubuntu/rj_training_container/training_ws/install/mission_orchestration:/home/ubuntu/rj_training_container/training_ws/install/stsl_bt_nodes:/home/ubuntu/rj_training_container/training_ws/install/stsl_aruco_tags:/home/ubuntu/rj_training_container/training_ws/install/peak_finder:/home/ubuntu/rj_training_container/training_ws/install/mineral_deposit_tracking:/home/ubuntu/rj_training_container/training_ws/install/mineral_deposit_detection:/home/ubuntu/rj_training_container/training_ws/install/localization:/home/ubuntu/rj_training_container/training_ws/install/elevation_server:/home/ubuntu/rj_training_container/training_ws/install/coordinate_transform:/home/ubuntu/rj_training_container/training_ws/install/stsl_gazebo_plugins:/home/ubuntu/rj_training_container/training_ws/install/rj_training_bringup:/home/ubuntu/rj_training_container/training_ws/install/obstacle_detector:/home/ubuntu/rj_training_container/training_ws/install/mapping:/home/ubuntu/rj_training_container/training_ws/install/joystick_package:/home/ubuntu/rj_training_container/training_ws/install/joystick_msgs:/home/ubuntu/rj_training_container/training_ws/install/controllers:/home/ubuntu/rj_training_container/training_ws/install/astar_path_planner:/home/ubuntu/rj_training_container/training_ws/install/keyboard:/opt/ros/humble LD_LIBRARY_PATH=/home/ubuntu/rj_training_container/training_ws/install/stsl_interfaces/lib:/home/ubuntu/rj_training_container/training_ws/install/teleop/lib:/home/ubuntu/rj_training_container/training_ws/install/stsl_utils/lib:/home/ubuntu/rj_training_container/training_ws/install/stsl_rviz_plugins/lib:/home/ubuntu/rj_training_container/training_ws/install/stsl_nav_plugins/lib:/home/ubuntu/rj_training_container/training_ws/install/mission_orchestration/lib:/home/ubuntu/rj_training_container/training_ws/install/stsl_bt_nodes/lib:/home/ubuntu/rj_training_container/training_ws/install/stsl_aruco_tags/lib:/home/ubuntu/rj_training_container/training_ws/install/peak_finder/lib:/home/ubuntu/rj_training_container/training_ws/install/mineral_deposit_tracking/lib:/home/ubuntu/rj_training_container/training_ws/install/mineral_deposit_detection/lib:/home/ubuntu/rj_training_container/training_ws/install/localization/lib:/home/ubuntu/rj_training_container/training_ws/install/elevation_server/lib:/home/ubuntu/rj_training_container/training_ws/install/coordinate_transform/lib:/home/ubuntu/rj_training_container/training_ws/install/stsl_gazebo_plugins/lib:/home/ubuntu/rj_training_container/training_ws/install/obstacle_detector/lib:/home/ubuntu/rj_training_container/training_ws/install/mapping/lib:/home/ubuntu/rj_training_container/training_ws/install/joystick_package/lib:/home/ubuntu/rj_training_container/training_ws/install/joystick_msgs/lib:/home/ubuntu/rj_training_container/training_ws/install/controllers/lib:/home/ubuntu/rj_training_container/training_ws/install/astar_path_planner/lib:/usr/lib/x86_64-linux-gnu/gazebo-11/plugins:/opt/ros/humble/opt/rviz_ogre_vendor/lib:/opt/ros/humble/lib/x86_64-linux-gnu:/opt/ros/humble/lib /usr/bin/cmake --build /home/ubuntu/rj_training_container/training_ws/build/mineral_deposit_detection -- -j16 -l16
[488.159s] DEBUG:colcon.colcon_core.event_handler.log_command:Invoked command in '/home/ubuntu/rj_training_container/training_ws/build/localization' returned '0': CMAKE_PREFIX_PATH=/home/ubuntu/rj_training_container/training_ws/install/stsl_interfaces:/home/ubuntu/rj_training_container/training_ws/install/stsl_desktop:/home/ubuntu/rj_training_container/training_ws/install/traini_bringup:/home/ubuntu/rj_training_container/training_ws/install/traini_gazebo:/home/ubuntu/rj_training_container/training_ws/install/traini_description:/home/ubuntu/rj_training_container/training_ws/install/teleop:/home/ubuntu/rj_training_container/training_ws/install/stsl_utils:/home/ubuntu/rj_training_container/training_ws/install/stsl_rviz_plugins:/home/ubuntu/rj_training_container/training_ws/install/stsl_nav_plugins:/home/ubuntu/rj_training_container/training_ws/install/mission_orchestration:/home/ubuntu/rj_training_container/training_ws/install/stsl_bt_nodes:/home/ubuntu/rj_training_container/training_ws/install/stsl_aruco_tags:/home/ubuntu/rj_training_container/training_ws/install/peak_finder:/home/ubuntu/rj_training_container/training_ws/install/mineral_deposit_tracking:/home/ubuntu/rj_training_container/training_ws/install/mineral_deposit_detection:/home/ubuntu/rj_training_container/training_ws/install/localization:/home/ubuntu/rj_training_container/training_ws/install/elevation_server:/home/ubuntu/rj_training_container/training_ws/install/coordinate_transform:/home/ubuntu/rj_training_container/training_ws/install/stsl_gazebo_plugins:/home/ubuntu/rj_training_container/training_ws/install/rj_training_bringup:/home/ubuntu/rj_training_container/training_ws/install/obstacle_detector:/home/ubuntu/rj_training_container/training_ws/install/mapping:/home/ubuntu/rj_training_container/training_ws/install/joystick_package:/home/ubuntu/rj_training_container/training_ws/install/joystick_msgs:/home/ubuntu/rj_training_container/training_ws/install/controllers:/home/ubuntu/rj_training_container/training_ws/install/astar_path_planner:/home/ubuntu/rj_training_container/training_ws/install/keyboard:/opt/ros/humble LD_LIBRARY_PATH=/home/ubuntu/rj_training_container/training_ws/install/stsl_interfaces/lib:/home/ubuntu/rj_training_container/training_ws/install/teleop/lib:/home/ubuntu/rj_training_container/training_ws/install/stsl_utils/lib:/home/ubuntu/rj_training_container/training_ws/install/stsl_rviz_plugins/lib:/home/ubuntu/rj_training_container/training_ws/install/stsl_nav_plugins/lib:/home/ubuntu/rj_training_container/training_ws/install/mission_orchestration/lib:/home/ubuntu/rj_training_container/training_ws/install/stsl_bt_nodes/lib:/home/ubuntu/rj_training_container/training_ws/install/stsl_aruco_tags/lib:/home/ubuntu/rj_training_container/training_ws/install/peak_finder/lib:/home/ubuntu/rj_training_container/training_ws/install/mineral_deposit_tracking/lib:/home/ubuntu/rj_training_container/training_ws/install/mineral_deposit_detection/lib:/home/ubuntu/rj_training_container/training_ws/install/localization/lib:/home/ubuntu/rj_training_container/training_ws/install/elevation_server/lib:/home/ubuntu/rj_training_container/training_ws/install/coordinate_transform/lib:/home/ubuntu/rj_training_container/training_ws/install/stsl_gazebo_plugins/lib:/home/ubuntu/rj_training_container/training_ws/install/obstacle_detector/lib:/home/ubuntu/rj_training_container/training_ws/install/mapping/lib:/home/ubuntu/rj_training_container/training_ws/install/joystick_package/lib:/home/ubuntu/rj_training_container/training_ws/install/joystick_msgs/lib:/home/ubuntu/rj_training_container/training_ws/install/controllers/lib:/home/ubuntu/rj_training_container/training_ws/install/astar_path_planner/lib:/usr/lib/x86_64-linux-gnu/gazebo-11/plugins:/opt/ros/humble/opt/rviz_ogre_vendor/lib:/opt/ros/humble/lib/x86_64-linux-gnu:/opt/ros/humble/lib /usr/bin/cmake --build /home/ubuntu/rj_training_container/training_ws/build/localization -- -j16 -l16
[488.595s] DEBUG:colcon.colcon_core.event_handler.log_command:Invoked command in '/home/ubuntu/rj_training_container/training_ws/build/mineral_deposit_tracking' returned '0': CMAKE_PREFIX_PATH=/home/ubuntu/rj_training_container/training_ws/install/stsl_interfaces:/home/ubuntu/rj_training_container/training_ws/install/stsl_desktop:/home/ubuntu/rj_training_container/training_ws/install/traini_bringup:/home/ubuntu/rj_training_container/training_ws/install/traini_gazebo:/home/ubuntu/rj_training_container/training_ws/install/traini_description:/home/ubuntu/rj_training_container/training_ws/install/teleop:/home/ubuntu/rj_training_container/training_ws/install/stsl_utils:/home/ubuntu/rj_training_container/training_ws/install/stsl_rviz_plugins:/home/ubuntu/rj_training_container/training_ws/install/stsl_nav_plugins:/home/ubuntu/rj_training_container/training_ws/install/mission_orchestration:/home/ubuntu/rj_training_container/training_ws/install/stsl_bt_nodes:/home/ubuntu/rj_training_container/training_ws/install/stsl_aruco_tags:/home/ubuntu/rj_training_container/training_ws/install/peak_finder:/home/ubuntu/rj_training_container/training_ws/install/mineral_deposit_tracking:/home/ubuntu/rj_training_container/training_ws/install/mineral_deposit_detection:/home/ubuntu/rj_training_container/training_ws/install/localization:/home/ubuntu/rj_training_container/training_ws/install/elevation_server:/home/ubuntu/rj_training_container/training_ws/install/coordinate_transform:/home/ubuntu/rj_training_container/training_ws/install/stsl_gazebo_plugins:/home/ubuntu/rj_training_container/training_ws/install/rj_training_bringup:/home/ubuntu/rj_training_container/training_ws/install/obstacle_detector:/home/ubuntu/rj_training_container/training_ws/install/mapping:/home/ubuntu/rj_training_container/training_ws/install/joystick_package:/home/ubuntu/rj_training_container/training_ws/install/joystick_msgs:/home/ubuntu/rj_training_container/training_ws/install/controllers:/home/ubuntu/rj_training_container/training_ws/install/astar_path_planner:/home/ubuntu/rj_training_container/training_ws/install/keyboard:/opt/ros/humble LD_LIBRARY_PATH=/home/ubuntu/rj_training_container/training_ws/install/stsl_interfaces/lib:/home/ubuntu/rj_training_container/training_ws/install/teleop/lib:/home/ubuntu/rj_training_container/training_ws/install/stsl_utils/lib:/home/ubuntu/rj_training_container/training_ws/install/stsl_rviz_plugins/lib:/home/ubuntu/rj_training_container/training_ws/install/stsl_nav_plugins/lib:/home/ubuntu/rj_training_container/training_ws/install/mission_orchestration/lib:/home/ubuntu/rj_training_container/training_ws/install/stsl_bt_nodes/lib:/home/ubuntu/rj_training_container/training_ws/install/stsl_aruco_tags/lib:/home/ubuntu/rj_training_container/training_ws/install/peak_finder/lib:/home/ubuntu/rj_training_container/training_ws/install/mineral_deposit_tracking/lib:/home/ubuntu/rj_training_container/training_ws/install/mineral_deposit_detection/lib:/home/ubuntu/rj_training_container/training_ws/install/localization/lib:/home/ubuntu/rj_training_container/training_ws/install/elevation_server/lib:/home/ubuntu/rj_training_container/training_ws/install/coordinate_transform/lib:/home/ubuntu/rj_training_container/training_ws/install/stsl_gazebo_plugins/lib:/home/ubuntu/rj_training_container/training_ws/install/obstacle_detector/lib:/home/ubuntu/rj_training_container/training_ws/install/mapping/lib:/home/ubuntu/rj_training_container/training_ws/install/joystick_package/lib:/home/ubuntu/rj_training_container/training_ws/install/joystick_msgs/lib:/home/ubuntu/rj_training_container/training_ws/install/controllers/lib:/home/ubuntu/rj_training_container/training_ws/install/astar_path_planner/lib:/usr/lib/x86_64-linux-gnu/gazebo-11/plugins:/opt/ros/humble/opt/rviz_ogre_vendor/lib:/opt/ros/humble/lib/x86_64-linux-gnu:/opt/ros/humble/lib /usr/bin/cmake --build /home/ubuntu/rj_training_container/training_ws/build/mineral_deposit_tracking -- -j16 -l16
[488.648s] DEBUG:colcon.colcon_core.event_handler.log_command:Invoked command in '/home/ubuntu/rj_training_container/training_ws/build/peak_finder' returned '0': CMAKE_PREFIX_PATH=/home/ubuntu/rj_training_container/training_ws/install/stsl_interfaces:/home/ubuntu/rj_training_container/training_ws/install/stsl_desktop:/home/ubuntu/rj_training_container/training_ws/install/traini_bringup:/home/ubuntu/rj_training_container/training_ws/install/traini_gazebo:/home/ubuntu/rj_training_container/training_ws/install/traini_description:/home/ubuntu/rj_training_container/training_ws/install/teleop:/home/ubuntu/rj_training_container/training_ws/install/stsl_utils:/home/ubuntu/rj_training_container/training_ws/install/stsl_rviz_plugins:/home/ubuntu/rj_training_container/training_ws/install/stsl_nav_plugins:/home/ubuntu/rj_training_container/training_ws/install/mission_orchestration:/home/ubuntu/rj_training_container/training_ws/install/stsl_bt_nodes:/home/ubuntu/rj_training_container/training_ws/install/stsl_aruco_tags:/home/ubuntu/rj_training_container/training_ws/install/peak_finder:/home/ubuntu/rj_training_container/training_ws/install/mineral_deposit_tracking:/home/ubuntu/rj_training_container/training_ws/install/mineral_deposit_detection:/home/ubuntu/rj_training_container/training_ws/install/localization:/home/ubuntu/rj_training_container/training_ws/install/elevation_server:/home/ubuntu/rj_training_container/training_ws/install/coordinate_transform:/home/ubuntu/rj_training_container/training_ws/install/stsl_gazebo_plugins:/home/ubuntu/rj_training_container/training_ws/install/rj_training_bringup:/home/ubuntu/rj_training_container/training_ws/install/obstacle_detector:/home/ubuntu/rj_training_container/training_ws/install/mapping:/home/ubuntu/rj_training_container/training_ws/install/joystick_package:/home/ubuntu/rj_training_container/training_ws/install/joystick_msgs:/home/ubuntu/rj_training_container/training_ws/install/controllers:/home/ubuntu/rj_training_container/training_ws/install/astar_path_planner:/home/ubuntu/rj_training_container/training_ws/install/keyboard:/opt/ros/humble LD_LIBRARY_PATH=/home/ubuntu/rj_training_container/training_ws/install/stsl_interfaces/lib:/home/ubuntu/rj_training_container/training_ws/install/teleop/lib:/home/ubuntu/rj_training_container/training_ws/install/stsl_utils/lib:/home/ubuntu/rj_training_container/training_ws/install/stsl_rviz_plugins/lib:/home/ubuntu/rj_training_container/training_ws/install/stsl_nav_plugins/lib:/home/ubuntu/rj_training_container/training_ws/install/mission_orchestration/lib:/home/ubuntu/rj_training_container/training_ws/install/stsl_bt_nodes/lib:/home/ubuntu/rj_training_container/training_ws/install/stsl_aruco_tags/lib:/home/ubuntu/rj_training_container/training_ws/install/peak_finder/lib:/home/ubuntu/rj_training_container/training_ws/install/mineral_deposit_tracking/lib:/home/ubuntu/rj_training_container/training_ws/install/mineral_deposit_detection/lib:/home/ubuntu/rj_training_container/training_ws/install/localization/lib:/home/ubuntu/rj_training_container/training_ws/install/elevation_server/lib:/home/ubuntu/rj_training_container/training_ws/install/coordinate_transform/lib:/home/ubuntu/rj_training_container/training_ws/install/stsl_gazebo_plugins/lib:/home/ubuntu/rj_training_container/training_ws/install/obstacle_detector/lib:/home/ubuntu/rj_training_container/training_ws/install/mapping/lib:/home/ubuntu/rj_training_container/training_ws/install/joystick_package/lib:/home/ubuntu/rj_training_container/training_ws/install/joystick_msgs/lib:/home/ubuntu/rj_training_container/training_ws/install/controllers/lib:/home/ubuntu/rj_training_container/training_ws/install/astar_path_planner/lib:/usr/lib/x86_64-linux-gnu/gazebo-11/plugins:/opt/ros/humble/opt/rviz_ogre_vendor/lib:/opt/ros/humble/lib/x86_64-linux-gnu:/opt/ros/humble/lib /usr/bin/cmake --build /home/ubuntu/rj_training_container/training_ws/build/peak_finder -- -j16 -l16
[505.148s] DEBUG:colcon.colcon_core.event_handler.log_command:Invoked command in '/home/ubuntu/rj_training_container/training_ws/build/stsl_rviz_plugins' returned '0': CMAKE_PREFIX_PATH=/home/ubuntu/rj_training_container/training_ws/install/stsl_interfaces:/home/ubuntu/rj_training_container/training_ws/install/stsl_desktop:/home/ubuntu/rj_training_container/training_ws/install/traini_bringup:/home/ubuntu/rj_training_container/training_ws/install/traini_gazebo:/home/ubuntu/rj_training_container/training_ws/install/traini_description:/home/ubuntu/rj_training_container/training_ws/install/teleop:/home/ubuntu/rj_training_container/training_ws/install/stsl_utils:/home/ubuntu/rj_training_container/training_ws/install/stsl_rviz_plugins:/home/ubuntu/rj_training_container/training_ws/install/stsl_nav_plugins:/home/ubuntu/rj_training_container/training_ws/install/mission_orchestration:/home/ubuntu/rj_training_container/training_ws/install/stsl_bt_nodes:/home/ubuntu/rj_training_container/training_ws/install/stsl_aruco_tags:/home/ubuntu/rj_training_container/training_ws/install/peak_finder:/home/ubuntu/rj_training_container/training_ws/install/mineral_deposit_tracking:/home/ubuntu/rj_training_container/training_ws/install/mineral_deposit_detection:/home/ubuntu/rj_training_container/training_ws/install/localization:/home/ubuntu/rj_training_container/training_ws/install/elevation_server:/home/ubuntu/rj_training_container/training_ws/install/coordinate_transform:/home/ubuntu/rj_training_container/training_ws/install/stsl_gazebo_plugins:/home/ubuntu/rj_training_container/training_ws/install/rj_training_bringup:/home/ubuntu/rj_training_container/training_ws/install/obstacle_detector:/home/ubuntu/rj_training_container/training_ws/install/mapping:/home/ubuntu/rj_training_container/training_ws/install/joystick_package:/home/ubuntu/rj_training_container/training_ws/install/joystick_msgs:/home/ubuntu/rj_training_container/training_ws/install/controllers:/home/ubuntu/rj_training_container/training_ws/install/astar_path_planner:/home/ubuntu/rj_training_container/training_ws/install/keyboard:/opt/ros/humble LD_LIBRARY_PATH=/home/ubuntu/rj_training_container/training_ws/install/stsl_interfaces/lib:/home/ubuntu/rj_training_container/training_ws/install/teleop/lib:/home/ubuntu/rj_training_container/training_ws/install/stsl_utils/lib:/home/ubuntu/rj_training_container/training_ws/install/stsl_rviz_plugins/lib:/home/ubuntu/rj_training_container/training_ws/install/stsl_nav_plugins/lib:/home/ubuntu/rj_training_container/training_ws/install/mission_orchestration/lib:/home/ubuntu/rj_training_container/training_ws/install/stsl_bt_nodes/lib:/home/ubuntu/rj_training_container/training_ws/install/stsl_aruco_tags/lib:/home/ubuntu/rj_training_container/training_ws/install/peak_finder/lib:/home/ubuntu/rj_training_container/training_ws/install/mineral_deposit_tracking/lib:/home/ubuntu/rj_training_container/training_ws/install/mineral_deposit_detection/lib:/home/ubuntu/rj_training_container/training_ws/install/localization/lib:/home/ubuntu/rj_training_container/training_ws/install/elevation_server/lib:/home/ubuntu/rj_training_container/training_ws/install/coordinate_transform/lib:/home/ubuntu/rj_training_container/training_ws/install/stsl_gazebo_plugins/lib:/home/ubuntu/rj_training_container/training_ws/install/obstacle_detector/lib:/home/ubuntu/rj_training_container/training_ws/install/mapping/lib:/home/ubuntu/rj_training_container/training_ws/install/joystick_package/lib:/home/ubuntu/rj_training_container/training_ws/install/joystick_msgs/lib:/home/ubuntu/rj_training_container/training_ws/install/controllers/lib:/home/ubuntu/rj_training_container/training_ws/install/astar_path_planner/lib:/usr/lib/x86_64-linux-gnu/gazebo-11/plugins:/opt/ros/humble/opt/rviz_ogre_vendor/lib:/opt/ros/humble/lib/x86_64-linux-gnu:/opt/ros/humble/lib /usr/bin/cmake --build /home/ubuntu/rj_training_container/training_ws/build/stsl_rviz_plugins -- -j16 -l16
[507.579s] DEBUG:colcon.colcon_core.event_handler.log_command:Invoking command in '/home/ubuntu/rj_training_container/training_ws/build/elevation_server': CMAKE_PREFIX_PATH=/home/ubuntu/rj_training_container/training_ws/install/stsl_interfaces:/home/ubuntu/rj_training_container/training_ws/install/stsl_desktop:/home/ubuntu/rj_training_container/training_ws/install/traini_bringup:/home/ubuntu/rj_training_container/training_ws/install/traini_gazebo:/home/ubuntu/rj_training_container/training_ws/install/traini_description:/home/ubuntu/rj_training_container/training_ws/install/teleop:/home/ubuntu/rj_training_container/training_ws/install/stsl_utils:/home/ubuntu/rj_training_container/training_ws/install/stsl_rviz_plugins:/home/ubuntu/rj_training_container/training_ws/install/stsl_nav_plugins:/home/ubuntu/rj_training_container/training_ws/install/mission_orchestration:/home/ubuntu/rj_training_container/training_ws/install/stsl_bt_nodes:/home/ubuntu/rj_training_container/training_ws/install/stsl_aruco_tags:/home/ubuntu/rj_training_container/training_ws/install/peak_finder:/home/ubuntu/rj_training_container/training_ws/install/mineral_deposit_tracking:/home/ubuntu/rj_training_container/training_ws/install/mineral_deposit_detection:/home/ubuntu/rj_training_container/training_ws/install/localization:/home/ubuntu/rj_training_container/training_ws/install/elevation_server:/home/ubuntu/rj_training_container/training_ws/install/coordinate_transform:/home/ubuntu/rj_training_container/training_ws/install/stsl_gazebo_plugins:/home/ubuntu/rj_training_container/training_ws/install/rj_training_bringup:/home/ubuntu/rj_training_container/training_ws/install/obstacle_detector:/home/ubuntu/rj_training_container/training_ws/install/mapping:/home/ubuntu/rj_training_container/training_ws/install/joystick_package:/home/ubuntu/rj_training_container/training_ws/install/joystick_msgs:/home/ubuntu/rj_training_container/training_ws/install/controllers:/home/ubuntu/rj_training_container/training_ws/install/astar_path_planner:/home/ubuntu/rj_training_container/training_ws/install/keyboard:/opt/ros/humble LD_LIBRARY_PATH=/home/ubuntu/rj_training_container/training_ws/install/stsl_interfaces/lib:/home/ubuntu/rj_training_container/training_ws/install/teleop/lib:/home/ubuntu/rj_training_container/training_ws/install/stsl_utils/lib:/home/ubuntu/rj_training_container/training_ws/install/stsl_rviz_plugins/lib:/home/ubuntu/rj_training_container/training_ws/install/stsl_nav_plugins/lib:/home/ubuntu/rj_training_container/training_ws/install/mission_orchestration/lib:/home/ubuntu/rj_training_container/training_ws/install/stsl_bt_nodes/lib:/home/ubuntu/rj_training_container/training_ws/install/stsl_aruco_tags/lib:/home/ubuntu/rj_training_container/training_ws/install/peak_finder/lib:/home/ubuntu/rj_training_container/training_ws/install/mineral_deposit_tracking/lib:/home/ubuntu/rj_training_container/training_ws/install/mineral_deposit_detection/lib:/home/ubuntu/rj_training_container/training_ws/install/localization/lib:/home/ubuntu/rj_training_container/training_ws/install/elevation_server/lib:/home/ubuntu/rj_training_container/training_ws/install/coordinate_transform/lib:/home/ubuntu/rj_training_container/training_ws/install/stsl_gazebo_plugins/lib:/home/ubuntu/rj_training_container/training_ws/install/obstacle_detector/lib:/home/ubuntu/rj_training_container/training_ws/install/mapping/lib:/home/ubuntu/rj_training_container/training_ws/install/joystick_package/lib:/home/ubuntu/rj_training_container/training_ws/install/joystick_msgs/lib:/home/ubuntu/rj_training_container/training_ws/install/controllers/lib:/home/ubuntu/rj_training_container/training_ws/install/astar_path_planner/lib:/usr/lib/x86_64-linux-gnu/gazebo-11/plugins:/opt/ros/humble/opt/rviz_ogre_vendor/lib:/opt/ros/humble/lib/x86_64-linux-gnu:/opt/ros/humble/lib /usr/bin/cmake --install /home/ubuntu/rj_training_container/training_ws/build/elevation_server
[508.578s] DEBUG:colcon.colcon_core.event_handler.log_command:Invoking command in '/home/ubuntu/rj_training_container/training_ws/build/mineral_deposit_detection': CMAKE_PREFIX_PATH=/home/ubuntu/rj_training_container/training_ws/install/stsl_interfaces:/home/ubuntu/rj_training_container/training_ws/install/stsl_desktop:/home/ubuntu/rj_training_container/training_ws/install/traini_bringup:/home/ubuntu/rj_training_container/training_ws/install/traini_gazebo:/home/ubuntu/rj_training_container/training_ws/install/traini_description:/home/ubuntu/rj_training_container/training_ws/install/teleop:/home/ubuntu/rj_training_container/training_ws/install/stsl_utils:/home/ubuntu/rj_training_container/training_ws/install/stsl_rviz_plugins:/home/ubuntu/rj_training_container/training_ws/install/stsl_nav_plugins:/home/ubuntu/rj_training_container/training_ws/install/mission_orchestration:/home/ubuntu/rj_training_container/training_ws/install/stsl_bt_nodes:/home/ubuntu/rj_training_container/training_ws/install/stsl_aruco_tags:/home/ubuntu/rj_training_container/training_ws/install/peak_finder:/home/ubuntu/rj_training_container/training_ws/install/mineral_deposit_tracking:/home/ubuntu/rj_training_container/training_ws/install/mineral_deposit_detection:/home/ubuntu/rj_training_container/training_ws/install/localization:/home/ubuntu/rj_training_container/training_ws/install/elevation_server:/home/ubuntu/rj_training_container/training_ws/install/coordinate_transform:/home/ubuntu/rj_training_container/training_ws/install/stsl_gazebo_plugins:/home/ubuntu/rj_training_container/training_ws/install/rj_training_bringup:/home/ubuntu/rj_training_container/training_ws/install/obstacle_detector:/home/ubuntu/rj_training_container/training_ws/install/mapping:/home/ubuntu/rj_training_container/training_ws/install/joystick_package:/home/ubuntu/rj_training_container/training_ws/install/joystick_msgs:/home/ubuntu/rj_training_container/training_ws/install/controllers:/home/ubuntu/rj_training_container/training_ws/install/astar_path_planner:/home/ubuntu/rj_training_container/training_ws/install/keyboard:/opt/ros/humble LD_LIBRARY_PATH=/home/ubuntu/rj_training_container/training_ws/install/stsl_interfaces/lib:/home/ubuntu/rj_training_container/training_ws/install/teleop/lib:/home/ubuntu/rj_training_container/training_ws/install/stsl_utils/lib:/home/ubuntu/rj_training_container/training_ws/install/stsl_rviz_plugins/lib:/home/ubuntu/rj_training_container/training_ws/install/stsl_nav_plugins/lib:/home/ubuntu/rj_training_container/training_ws/install/mission_orchestration/lib:/home/ubuntu/rj_training_container/training_ws/install/stsl_bt_nodes/lib:/home/ubuntu/rj_training_container/training_ws/install/stsl_aruco_tags/lib:/home/ubuntu/rj_training_container/training_ws/install/peak_finder/lib:/home/ubuntu/rj_training_container/training_ws/install/mineral_deposit_tracking/lib:/home/ubuntu/rj_training_container/training_ws/install/mineral_deposit_detection/lib:/home/ubuntu/rj_training_container/training_ws/install/localization/lib:/home/ubuntu/rj_training_container/training_ws/install/elevation_server/lib:/home/ubuntu/rj_training_container/training_ws/install/coordinate_transform/lib:/home/ubuntu/rj_training_container/training_ws/install/stsl_gazebo_plugins/lib:/home/ubuntu/rj_training_container/training_ws/install/obstacle_detector/lib:/home/ubuntu/rj_training_container/training_ws/install/mapping/lib:/home/ubuntu/rj_training_container/training_ws/install/joystick_package/lib:/home/ubuntu/rj_training_container/training_ws/install/joystick_msgs/lib:/home/ubuntu/rj_training_container/training_ws/install/controllers/lib:/home/ubuntu/rj_training_container/training_ws/install/astar_path_planner/lib:/usr/lib/x86_64-linux-gnu/gazebo-11/plugins:/opt/ros/humble/opt/rviz_ogre_vendor/lib:/opt/ros/humble/lib/x86_64-linux-gnu:/opt/ros/humble/lib /usr/bin/cmake --install /home/ubuntu/rj_training_container/training_ws/build/mineral_deposit_detection
[509.957s] DEBUG:colcon.colcon_core.event_handler.log_command:Invoking command in '/home/ubuntu/rj_training_container/training_ws/build/mineral_deposit_tracking': CMAKE_PREFIX_PATH=/home/ubuntu/rj_training_container/training_ws/install/stsl_interfaces:/home/ubuntu/rj_training_container/training_ws/install/stsl_desktop:/home/ubuntu/rj_training_container/training_ws/install/traini_bringup:/home/ubuntu/rj_training_container/training_ws/install/traini_gazebo:/home/ubuntu/rj_training_container/training_ws/install/traini_description:/home/ubuntu/rj_training_container/training_ws/install/teleop:/home/ubuntu/rj_training_container/training_ws/install/stsl_utils:/home/ubuntu/rj_training_container/training_ws/install/stsl_rviz_plugins:/home/ubuntu/rj_training_container/training_ws/install/stsl_nav_plugins:/home/ubuntu/rj_training_container/training_ws/install/mission_orchestration:/home/ubuntu/rj_training_container/training_ws/install/stsl_bt_nodes:/home/ubuntu/rj_training_container/training_ws/install/stsl_aruco_tags:/home/ubuntu/rj_training_container/training_ws/install/peak_finder:/home/ubuntu/rj_training_container/training_ws/install/mineral_deposit_tracking:/home/ubuntu/rj_training_container/training_ws/install/mineral_deposit_detection:/home/ubuntu/rj_training_container/training_ws/install/localization:/home/ubuntu/rj_training_container/training_ws/install/elevation_server:/home/ubuntu/rj_training_container/training_ws/install/coordinate_transform:/home/ubuntu/rj_training_container/training_ws/install/stsl_gazebo_plugins:/home/ubuntu/rj_training_container/training_ws/install/rj_training_bringup:/home/ubuntu/rj_training_container/training_ws/install/obstacle_detector:/home/ubuntu/rj_training_container/training_ws/install/mapping:/home/ubuntu/rj_training_container/training_ws/install/joystick_package:/home/ubuntu/rj_training_container/training_ws/install/joystick_msgs:/home/ubuntu/rj_training_container/training_ws/install/controllers:/home/ubuntu/rj_training_container/training_ws/install/astar_path_planner:/home/ubuntu/rj_training_container/training_ws/install/keyboard:/opt/ros/humble LD_LIBRARY_PATH=/home/ubuntu/rj_training_container/training_ws/install/stsl_interfaces/lib:/home/ubuntu/rj_training_container/training_ws/install/teleop/lib:/home/ubuntu/rj_training_container/training_ws/install/stsl_utils/lib:/home/ubuntu/rj_training_container/training_ws/install/stsl_rviz_plugins/lib:/home/ubuntu/rj_training_container/training_ws/install/stsl_nav_plugins/lib:/home/ubuntu/rj_training_container/training_ws/install/mission_orchestration/lib:/home/ubuntu/rj_training_container/training_ws/install/stsl_bt_nodes/lib:/home/ubuntu/rj_training_container/training_ws/install/stsl_aruco_tags/lib:/home/ubuntu/rj_training_container/training_ws/install/peak_finder/lib:/home/ubuntu/rj_training_container/training_ws/install/mineral_deposit_tracking/lib:/home/ubuntu/rj_training_container/training_ws/install/mineral_deposit_detection/lib:/home/ubuntu/rj_training_container/training_ws/install/localization/lib:/home/ubuntu/rj_training_container/training_ws/install/elevation_server/lib:/home/ubuntu/rj_training_container/training_ws/install/coordinate_transform/lib:/home/ubuntu/rj_training_container/training_ws/install/stsl_gazebo_plugins/lib:/home/ubuntu/rj_training_container/training_ws/install/obstacle_detector/lib:/home/ubuntu/rj_training_container/training_ws/install/mapping/lib:/home/ubuntu/rj_training_container/training_ws/install/joystick_package/lib:/home/ubuntu/rj_training_container/training_ws/install/joystick_msgs/lib:/home/ubuntu/rj_training_container/training_ws/install/controllers/lib:/home/ubuntu/rj_training_container/training_ws/install/astar_path_planner/lib:/usr/lib/x86_64-linux-gnu/gazebo-11/plugins:/opt/ros/humble/opt/rviz_ogre_vendor/lib:/opt/ros/humble/lib/x86_64-linux-gnu:/opt/ros/humble/lib /usr/bin/cmake --install /home/ubuntu/rj_training_container/training_ws/build/mineral_deposit_tracking
[511.870s] Level 1:colcon.colcon_core.environment:create_environment_scripts_only(elevation_server)
[511.871s] Level 1:colcon.colcon_core.environment:checking '/home/ubuntu/rj_training_container/training_ws/install/elevation_server' for CMake module files
[511.872s] DEBUG:colcon.colcon_core.event_handler.log_command:Invoked command in '/home/ubuntu/rj_training_container/training_ws/build/elevation_server' returned '0': CMAKE_PREFIX_PATH=/home/ubuntu/rj_training_container/training_ws/install/stsl_interfaces:/home/ubuntu/rj_training_container/training_ws/install/stsl_desktop:/home/ubuntu/rj_training_container/training_ws/install/traini_bringup:/home/ubuntu/rj_training_container/training_ws/install/traini_gazebo:/home/ubuntu/rj_training_container/training_ws/install/traini_description:/home/ubuntu/rj_training_container/training_ws/install/teleop:/home/ubuntu/rj_training_container/training_ws/install/stsl_utils:/home/ubuntu/rj_training_container/training_ws/install/stsl_rviz_plugins:/home/ubuntu/rj_training_container/training_ws/install/stsl_nav_plugins:/home/ubuntu/rj_training_container/training_ws/install/mission_orchestration:/home/ubuntu/rj_training_container/training_ws/install/stsl_bt_nodes:/home/ubuntu/rj_training_container/training_ws/install/stsl_aruco_tags:/home/ubuntu/rj_training_container/training_ws/install/peak_finder:/home/ubuntu/rj_training_container/training_ws/install/mineral_deposit_tracking:/home/ubuntu/rj_training_container/training_ws/install/mineral_deposit_detection:/home/ubuntu/rj_training_container/training_ws/install/localization:/home/ubuntu/rj_training_container/training_ws/install/elevation_server:/home/ubuntu/rj_training_container/training_ws/install/coordinate_transform:/home/ubuntu/rj_training_container/training_ws/install/stsl_gazebo_plugins:/home/ubuntu/rj_training_container/training_ws/install/rj_training_bringup:/home/ubuntu/rj_training_container/training_ws/install/obstacle_detector:/home/ubuntu/rj_training_container/training_ws/install/mapping:/home/ubuntu/rj_training_container/training_ws/install/joystick_package:/home/ubuntu/rj_training_container/training_ws/install/joystick_msgs:/home/ubuntu/rj_training_container/training_ws/install/controllers:/home/ubuntu/rj_training_container/training_ws/install/astar_path_planner:/home/ubuntu/rj_training_container/training_ws/install/keyboard:/opt/ros/humble LD_LIBRARY_PATH=/home/ubuntu/rj_training_container/training_ws/install/stsl_interfaces/lib:/home/ubuntu/rj_training_container/training_ws/install/teleop/lib:/home/ubuntu/rj_training_container/training_ws/install/stsl_utils/lib:/home/ubuntu/rj_training_container/training_ws/install/stsl_rviz_plugins/lib:/home/ubuntu/rj_training_container/training_ws/install/stsl_nav_plugins/lib:/home/ubuntu/rj_training_container/training_ws/install/mission_orchestration/lib:/home/ubuntu/rj_training_container/training_ws/install/stsl_bt_nodes/lib:/home/ubuntu/rj_training_container/training_ws/install/stsl_aruco_tags/lib:/home/ubuntu/rj_training_container/training_ws/install/peak_finder/lib:/home/ubuntu/rj_training_container/training_ws/install/mineral_deposit_tracking/lib:/home/ubuntu/rj_training_container/training_ws/install/mineral_deposit_detection/lib:/home/ubuntu/rj_training_container/training_ws/install/localization/lib:/home/ubuntu/rj_training_container/training_ws/install/elevation_server/lib:/home/ubuntu/rj_training_container/training_ws/install/coordinate_transform/lib:/home/ubuntu/rj_training_container/training_ws/install/stsl_gazebo_plugins/lib:/home/ubuntu/rj_training_container/training_ws/install/obstacle_detector/lib:/home/ubuntu/rj_training_container/training_ws/install/mapping/lib:/home/ubuntu/rj_training_container/training_ws/install/joystick_package/lib:/home/ubuntu/rj_training_container/training_ws/install/joystick_msgs/lib:/home/ubuntu/rj_training_container/training_ws/install/controllers/lib:/home/ubuntu/rj_training_container/training_ws/install/astar_path_planner/lib:/usr/lib/x86_64-linux-gnu/gazebo-11/plugins:/opt/ros/humble/opt/rviz_ogre_vendor/lib:/opt/ros/humble/lib/x86_64-linux-gnu:/opt/ros/humble/lib /usr/bin/cmake --install /home/ubuntu/rj_training_container/training_ws/build/elevation_server
[512.045s] Level 1:colcon.colcon_core.environment:checking '/home/ubuntu/rj_training_container/training_ws/install/elevation_server' for CMake config files
[512.210s] Level 1:colcon.colcon_core.shell:create_environment_hook('elevation_server', 'cmake_prefix_path')
[512.211s] INFO:colcon.colcon_core.shell:Creating environment hook '/home/ubuntu/rj_training_container/training_ws/install/elevation_server/share/elevation_server/hook/cmake_prefix_path.ps1'
[512.243s] INFO:colcon.colcon_core.shell:Creating environment descriptor '/home/ubuntu/rj_training_container/training_ws/install/elevation_server/share/elevation_server/hook/cmake_prefix_path.dsv'
[512.270s] INFO:colcon.colcon_core.shell:Creating environment hook '/home/ubuntu/rj_training_container/training_ws/install/elevation_server/share/elevation_server/hook/cmake_prefix_path.sh'
[512.303s] Level 1:colcon.colcon_core.environment:checking '/home/ubuntu/rj_training_container/training_ws/install/elevation_server/lib'
[512.308s] Level 1:colcon.colcon_core.shell:create_environment_hook('elevation_server', 'ld_library_path_lib')
[512.309s] INFO:colcon.colcon_core.shell:Creating environment hook '/home/ubuntu/rj_training_container/training_ws/install/elevation_server/share/elevation_server/hook/ld_library_path_lib.ps1'
[512.335s] INFO:colcon.colcon_core.shell:Creating environment descriptor '/home/ubuntu/rj_training_container/training_ws/install/elevation_server/share/elevation_server/hook/ld_library_path_lib.dsv'
[512.368s] INFO:colcon.colcon_core.shell:Creating environment hook '/home/ubuntu/rj_training_container/training_ws/install/elevation_server/share/elevation_server/hook/ld_library_path_lib.sh'
[512.399s] Level 1:colcon.colcon_core.environment:checking '/home/ubuntu/rj_training_container/training_ws/install/elevation_server/bin'
[512.402s] Level 1:colcon.colcon_core.environment:checking '/home/ubuntu/rj_training_container/training_ws/install/elevation_server/lib/pkgconfig/elevation_server.pc'
[512.406s] Level 1:colcon.colcon_core.environment:checking '/home/ubuntu/rj_training_container/training_ws/install/elevation_server/lib/python3.10/site-packages'
[512.409s] Level 1:colcon.colcon_core.environment:checking '/home/ubuntu/rj_training_container/training_ws/install/elevation_server/bin'
[512.412s] INFO:colcon.colcon_core.shell:Creating package script '/home/ubuntu/rj_training_container/training_ws/install/elevation_server/share/elevation_server/package.ps1'
[512.439s] INFO:colcon.colcon_core.shell:Creating package descriptor '/home/ubuntu/rj_training_container/training_ws/install/elevation_server/share/elevation_server/package.dsv'
[512.467s] INFO:colcon.colcon_core.shell:Creating package script '/home/ubuntu/rj_training_container/training_ws/install/elevation_server/share/elevation_server/package.sh'
[512.494s] INFO:colcon.colcon_core.shell:Creating package script '/home/ubuntu/rj_training_container/training_ws/install/elevation_server/share/elevation_server/package.bash'
[512.520s] INFO:colcon.colcon_core.shell:Creating package script '/home/ubuntu/rj_training_container/training_ws/install/elevation_server/share/elevation_server/package.zsh'
[512.549s] Level 1:colcon.colcon_core.environment:create_file_with_runtime_dependencies(/home/ubuntu/rj_training_container/training_ws/install/elevation_server/share/colcon-core/packages/elevation_server)
[513.137s] DEBUG:colcon.colcon_core.event_handler.log_command:Invoking command in '/home/ubuntu/rj_training_container/training_ws/build/peak_finder': CMAKE_PREFIX_PATH=/home/ubuntu/rj_training_container/training_ws/install/stsl_interfaces:/home/ubuntu/rj_training_container/training_ws/install/stsl_desktop:/home/ubuntu/rj_training_container/training_ws/install/traini_bringup:/home/ubuntu/rj_training_container/training_ws/install/traini_gazebo:/home/ubuntu/rj_training_container/training_ws/install/traini_description:/home/ubuntu/rj_training_container/training_ws/install/teleop:/home/ubuntu/rj_training_container/training_ws/install/stsl_utils:/home/ubuntu/rj_training_container/training_ws/install/stsl_rviz_plugins:/home/ubuntu/rj_training_container/training_ws/install/stsl_nav_plugins:/home/ubuntu/rj_training_container/training_ws/install/mission_orchestration:/home/ubuntu/rj_training_container/training_ws/install/stsl_bt_nodes:/home/ubuntu/rj_training_container/training_ws/install/stsl_aruco_tags:/home/ubuntu/rj_training_container/training_ws/install/peak_finder:/home/ubuntu/rj_training_container/training_ws/install/mineral_deposit_tracking:/home/ubuntu/rj_training_container/training_ws/install/mineral_deposit_detection:/home/ubuntu/rj_training_container/training_ws/install/localization:/home/ubuntu/rj_training_container/training_ws/install/elevation_server:/home/ubuntu/rj_training_container/training_ws/install/coordinate_transform:/home/ubuntu/rj_training_container/training_ws/install/stsl_gazebo_plugins:/home/ubuntu/rj_training_container/training_ws/install/rj_training_bringup:/home/ubuntu/rj_training_container/training_ws/install/obstacle_detector:/home/ubuntu/rj_training_container/training_ws/install/mapping:/home/ubuntu/rj_training_container/training_ws/install/joystick_package:/home/ubuntu/rj_training_container/training_ws/install/joystick_msgs:/home/ubuntu/rj_training_container/training_ws/install/controllers:/home/ubuntu/rj_training_container/training_ws/install/astar_path_planner:/home/ubuntu/rj_training_container/training_ws/install/keyboard:/opt/ros/humble LD_LIBRARY_PATH=/home/ubuntu/rj_training_container/training_ws/install/stsl_interfaces/lib:/home/ubuntu/rj_training_container/training_ws/install/teleop/lib:/home/ubuntu/rj_training_container/training_ws/install/stsl_utils/lib:/home/ubuntu/rj_training_container/training_ws/install/stsl_rviz_plugins/lib:/home/ubuntu/rj_training_container/training_ws/install/stsl_nav_plugins/lib:/home/ubuntu/rj_training_container/training_ws/install/mission_orchestration/lib:/home/ubuntu/rj_training_container/training_ws/install/stsl_bt_nodes/lib:/home/ubuntu/rj_training_container/training_ws/install/stsl_aruco_tags/lib:/home/ubuntu/rj_training_container/training_ws/install/peak_finder/lib:/home/ubuntu/rj_training_container/training_ws/install/mineral_deposit_tracking/lib:/home/ubuntu/rj_training_container/training_ws/install/mineral_deposit_detection/lib:/home/ubuntu/rj_training_container/training_ws/install/localization/lib:/home/ubuntu/rj_training_container/training_ws/install/elevation_server/lib:/home/ubuntu/rj_training_container/training_ws/install/coordinate_transform/lib:/home/ubuntu/rj_training_container/training_ws/install/stsl_gazebo_plugins/lib:/home/ubuntu/rj_training_container/training_ws/install/obstacle_detector/lib:/home/ubuntu/rj_training_container/training_ws/install/mapping/lib:/home/ubuntu/rj_training_container/training_ws/install/joystick_package/lib:/home/ubuntu/rj_training_container/training_ws/install/joystick_msgs/lib:/home/ubuntu/rj_training_container/training_ws/install/controllers/lib:/home/ubuntu/rj_training_container/training_ws/install/astar_path_planner/lib:/usr/lib/x86_64-linux-gnu/gazebo-11/plugins:/opt/ros/humble/opt/rviz_ogre_vendor/lib:/opt/ros/humble/lib/x86_64-linux-gnu:/opt/ros/humble/lib /usr/bin/cmake --install /home/ubuntu/rj_training_container/training_ws/build/peak_finder
[513.178s] Level 1:colcon.colcon_core.environment:create_environment_scripts_only(mineral_deposit_detection)
[513.179s] Level 1:colcon.colcon_core.environment:checking '/home/ubuntu/rj_training_container/training_ws/install/mineral_deposit_detection' for CMake module files
[513.180s] DEBUG:colcon.colcon_core.event_handler.log_command:Invoked command in '/home/ubuntu/rj_training_container/training_ws/build/mineral_deposit_detection' returned '0': CMAKE_PREFIX_PATH=/home/ubuntu/rj_training_container/training_ws/install/stsl_interfaces:/home/ubuntu/rj_training_container/training_ws/install/stsl_desktop:/home/ubuntu/rj_training_container/training_ws/install/traini_bringup:/home/ubuntu/rj_training_container/training_ws/install/traini_gazebo:/home/ubuntu/rj_training_container/training_ws/install/traini_description:/home/ubuntu/rj_training_container/training_ws/install/teleop:/home/ubuntu/rj_training_container/training_ws/install/stsl_utils:/home/ubuntu/rj_training_container/training_ws/install/stsl_rviz_plugins:/home/ubuntu/rj_training_container/training_ws/install/stsl_nav_plugins:/home/ubuntu/rj_training_container/training_ws/install/mission_orchestration:/home/ubuntu/rj_training_container/training_ws/install/stsl_bt_nodes:/home/ubuntu/rj_training_container/training_ws/install/stsl_aruco_tags:/home/ubuntu/rj_training_container/training_ws/install/peak_finder:/home/ubuntu/rj_training_container/training_ws/install/mineral_deposit_tracking:/home/ubuntu/rj_training_container/training_ws/install/mineral_deposit_detection:/home/ubuntu/rj_training_container/training_ws/install/localization:/home/ubuntu/rj_training_container/training_ws/install/elevation_server:/home/ubuntu/rj_training_container/training_ws/install/coordinate_transform:/home/ubuntu/rj_training_container/training_ws/install/stsl_gazebo_plugins:/home/ubuntu/rj_training_container/training_ws/install/rj_training_bringup:/home/ubuntu/rj_training_container/training_ws/install/obstacle_detector:/home/ubuntu/rj_training_container/training_ws/install/mapping:/home/ubuntu/rj_training_container/training_ws/install/joystick_package:/home/ubuntu/rj_training_container/training_ws/install/joystick_msgs:/home/ubuntu/rj_training_container/training_ws/install/controllers:/home/ubuntu/rj_training_container/training_ws/install/astar_path_planner:/home/ubuntu/rj_training_container/training_ws/install/keyboard:/opt/ros/humble LD_LIBRARY_PATH=/home/ubuntu/rj_training_container/training_ws/install/stsl_interfaces/lib:/home/ubuntu/rj_training_container/training_ws/install/teleop/lib:/home/ubuntu/rj_training_container/training_ws/install/stsl_utils/lib:/home/ubuntu/rj_training_container/training_ws/install/stsl_rviz_plugins/lib:/home/ubuntu/rj_training_container/training_ws/install/stsl_nav_plugins/lib:/home/ubuntu/rj_training_container/training_ws/install/mission_orchestration/lib:/home/ubuntu/rj_training_container/training_ws/install/stsl_bt_nodes/lib:/home/ubuntu/rj_training_container/training_ws/install/stsl_aruco_tags/lib:/home/ubuntu/rj_training_container/training_ws/install/peak_finder/lib:/home/ubuntu/rj_training_container/training_ws/install/mineral_deposit_tracking/lib:/home/ubuntu/rj_training_container/training_ws/install/mineral_deposit_detection/lib:/home/ubuntu/rj_training_container/training_ws/install/localization/lib:/home/ubuntu/rj_training_container/training_ws/install/elevation_server/lib:/home/ubuntu/rj_training_container/training_ws/install/coordinate_transform/lib:/home/ubuntu/rj_training_container/training_ws/install/stsl_gazebo_plugins/lib:/home/ubuntu/rj_training_container/training_ws/install/obstacle_detector/lib:/home/ubuntu/rj_training_container/training_ws/install/mapping/lib:/home/ubuntu/rj_training_container/training_ws/install/joystick_package/lib:/home/ubuntu/rj_training_container/training_ws/install/joystick_msgs/lib:/home/ubuntu/rj_training_container/training_ws/install/controllers/lib:/home/ubuntu/rj_training_container/training_ws/install/astar_path_planner/lib:/usr/lib/x86_64-linux-gnu/gazebo-11/plugins:/opt/ros/humble/opt/rviz_ogre_vendor/lib:/opt/ros/humble/lib/x86_64-linux-gnu:/opt/ros/humble/lib /usr/bin/cmake --install /home/ubuntu/rj_training_container/training_ws/build/mineral_deposit_detection
[513.341s] Level 1:colcon.colcon_core.environment:checking '/home/ubuntu/rj_training_container/training_ws/install/mineral_deposit_detection' for CMake config files
[513.495s] Level 1:colcon.colcon_core.shell:create_environment_hook('mineral_deposit_detection', 'cmake_prefix_path')
[513.496s] INFO:colcon.colcon_core.shell:Creating environment hook '/home/ubuntu/rj_training_container/training_ws/install/mineral_deposit_detection/share/mineral_deposit_detection/hook/cmake_prefix_path.ps1'
[513.527s] INFO:colcon.colcon_core.shell:Creating environment descriptor '/home/ubuntu/rj_training_container/training_ws/install/mineral_deposit_detection/share/mineral_deposit_detection/hook/cmake_prefix_path.dsv'
[513.560s] INFO:colcon.colcon_core.shell:Creating environment hook '/home/ubuntu/rj_training_container/training_ws/install/mineral_deposit_detection/share/mineral_deposit_detection/hook/cmake_prefix_path.sh'
[513.594s] Level 1:colcon.colcon_core.environment:checking '/home/ubuntu/rj_training_container/training_ws/install/mineral_deposit_detection/lib'
[513.600s] Level 1:colcon.colcon_core.shell:create_environment_hook('mineral_deposit_detection', 'ld_library_path_lib')
[513.601s] INFO:colcon.colcon_core.shell:Creating environment hook '/home/ubuntu/rj_training_container/training_ws/install/mineral_deposit_detection/share/mineral_deposit_detection/hook/ld_library_path_lib.ps1'
[513.627s] INFO:colcon.colcon_core.shell:Creating environment descriptor '/home/ubuntu/rj_training_container/training_ws/install/mineral_deposit_detection/share/mineral_deposit_detection/hook/ld_library_path_lib.dsv'
[513.658s] INFO:colcon.colcon_core.shell:Creating environment hook '/home/ubuntu/rj_training_container/training_ws/install/mineral_deposit_detection/share/mineral_deposit_detection/hook/ld_library_path_lib.sh'
[513.683s] Level 1:colcon.colcon_core.environment:checking '/home/ubuntu/rj_training_container/training_ws/install/mineral_deposit_detection/bin'
[513.685s] Level 1:colcon.colcon_core.environment:checking '/home/ubuntu/rj_training_container/training_ws/install/mineral_deposit_detection/lib/pkgconfig/mineral_deposit_detection.pc'
[513.687s] Level 1:colcon.colcon_core.environment:checking '/home/ubuntu/rj_training_container/training_ws/install/mineral_deposit_detection/lib/python3.10/site-packages'
[513.690s] Level 1:colcon.colcon_core.environment:checking '/home/ubuntu/rj_training_container/training_ws/install/mineral_deposit_detection/bin'
[513.692s] INFO:colcon.colcon_core.shell:Creating package script '/home/ubuntu/rj_training_container/training_ws/install/mineral_deposit_detection/share/mineral_deposit_detection/package.ps1'
[513.719s] INFO:colcon.colcon_core.shell:Creating package descriptor '/home/ubuntu/rj_training_container/training_ws/install/mineral_deposit_detection/share/mineral_deposit_detection/package.dsv'
[513.745s] INFO:colcon.colcon_core.shell:Creating package script '/home/ubuntu/rj_training_container/training_ws/install/mineral_deposit_detection/share/mineral_deposit_detection/package.sh'
[513.772s] INFO:colcon.colcon_core.shell:Creating package script '/home/ubuntu/rj_training_container/training_ws/install/mineral_deposit_detection/share/mineral_deposit_detection/package.bash'
[513.796s] INFO:colcon.colcon_core.shell:Creating package script '/home/ubuntu/rj_training_container/training_ws/install/mineral_deposit_detection/share/mineral_deposit_detection/package.zsh'
[513.819s] Level 1:colcon.colcon_core.environment:create_file_with_runtime_dependencies(/home/ubuntu/rj_training_container/training_ws/install/mineral_deposit_detection/share/colcon-core/packages/mineral_deposit_detection)
[514.787s] Level 1:colcon.colcon_core.environment:create_environment_scripts_only(mineral_deposit_tracking)
[514.788s] Level 1:colcon.colcon_core.environment:checking '/home/ubuntu/rj_training_container/training_ws/install/mineral_deposit_tracking' for CMake module files
[514.789s] DEBUG:colcon.colcon_core.event_handler.log_command:Invoked command in '/home/ubuntu/rj_training_container/training_ws/build/mineral_deposit_tracking' returned '0': CMAKE_PREFIX_PATH=/home/ubuntu/rj_training_container/training_ws/install/stsl_interfaces:/home/ubuntu/rj_training_container/training_ws/install/stsl_desktop:/home/ubuntu/rj_training_container/training_ws/install/traini_bringup:/home/ubuntu/rj_training_container/training_ws/install/traini_gazebo:/home/ubuntu/rj_training_container/training_ws/install/traini_description:/home/ubuntu/rj_training_container/training_ws/install/teleop:/home/ubuntu/rj_training_container/training_ws/install/stsl_utils:/home/ubuntu/rj_training_container/training_ws/install/stsl_rviz_plugins:/home/ubuntu/rj_training_container/training_ws/install/stsl_nav_plugins:/home/ubuntu/rj_training_container/training_ws/install/mission_orchestration:/home/ubuntu/rj_training_container/training_ws/install/stsl_bt_nodes:/home/ubuntu/rj_training_container/training_ws/install/stsl_aruco_tags:/home/ubuntu/rj_training_container/training_ws/install/peak_finder:/home/ubuntu/rj_training_container/training_ws/install/mineral_deposit_tracking:/home/ubuntu/rj_training_container/training_ws/install/mineral_deposit_detection:/home/ubuntu/rj_training_container/training_ws/install/localization:/home/ubuntu/rj_training_container/training_ws/install/elevation_server:/home/ubuntu/rj_training_container/training_ws/install/coordinate_transform:/home/ubuntu/rj_training_container/training_ws/install/stsl_gazebo_plugins:/home/ubuntu/rj_training_container/training_ws/install/rj_training_bringup:/home/ubuntu/rj_training_container/training_ws/install/obstacle_detector:/home/ubuntu/rj_training_container/training_ws/install/mapping:/home/ubuntu/rj_training_container/training_ws/install/joystick_package:/home/ubuntu/rj_training_container/training_ws/install/joystick_msgs:/home/ubuntu/rj_training_container/training_ws/install/controllers:/home/ubuntu/rj_training_container/training_ws/install/astar_path_planner:/home/ubuntu/rj_training_container/training_ws/install/keyboard:/opt/ros/humble LD_LIBRARY_PATH=/home/ubuntu/rj_training_container/training_ws/install/stsl_interfaces/lib:/home/ubuntu/rj_training_container/training_ws/install/teleop/lib:/home/ubuntu/rj_training_container/training_ws/install/stsl_utils/lib:/home/ubuntu/rj_training_container/training_ws/install/stsl_rviz_plugins/lib:/home/ubuntu/rj_training_container/training_ws/install/stsl_nav_plugins/lib:/home/ubuntu/rj_training_container/training_ws/install/mission_orchestration/lib:/home/ubuntu/rj_training_container/training_ws/install/stsl_bt_nodes/lib:/home/ubuntu/rj_training_container/training_ws/install/stsl_aruco_tags/lib:/home/ubuntu/rj_training_container/training_ws/install/peak_finder/lib:/home/ubuntu/rj_training_container/training_ws/install/mineral_deposit_tracking/lib:/home/ubuntu/rj_training_container/training_ws/install/mineral_deposit_detection/lib:/home/ubuntu/rj_training_container/training_ws/install/localization/lib:/home/ubuntu/rj_training_container/training_ws/install/elevation_server/lib:/home/ubuntu/rj_training_container/training_ws/install/coordinate_transform/lib:/home/ubuntu/rj_training_container/training_ws/install/stsl_gazebo_plugins/lib:/home/ubuntu/rj_training_container/training_ws/install/obstacle_detector/lib:/home/ubuntu/rj_training_container/training_ws/install/mapping/lib:/home/ubuntu/rj_training_container/training_ws/install/joystick_package/lib:/home/ubuntu/rj_training_container/training_ws/install/joystick_msgs/lib:/home/ubuntu/rj_training_container/training_ws/install/controllers/lib:/home/ubuntu/rj_training_container/training_ws/install/astar_path_planner/lib:/usr/lib/x86_64-linux-gnu/gazebo-11/plugins:/opt/ros/humble/opt/rviz_ogre_vendor/lib:/opt/ros/humble/lib/x86_64-linux-gnu:/opt/ros/humble/lib /usr/bin/cmake --install /home/ubuntu/rj_training_container/training_ws/build/mineral_deposit_tracking
[514.939s] Level 1:colcon.colcon_core.environment:checking '/home/ubuntu/rj_training_container/training_ws/install/mineral_deposit_tracking' for CMake config files
[515.096s] Level 1:colcon.colcon_core.shell:create_environment_hook('mineral_deposit_tracking', 'cmake_prefix_path')
[515.097s] INFO:colcon.colcon_core.shell:Creating environment hook '/home/ubuntu/rj_training_container/training_ws/install/mineral_deposit_tracking/share/mineral_deposit_tracking/hook/cmake_prefix_path.ps1'
[515.127s] INFO:colcon.colcon_core.shell:Creating environment descriptor '/home/ubuntu/rj_training_container/training_ws/install/mineral_deposit_tracking/share/mineral_deposit_tracking/hook/cmake_prefix_path.dsv'
[515.151s] INFO:colcon.colcon_core.shell:Creating environment hook '/home/ubuntu/rj_training_container/training_ws/install/mineral_deposit_tracking/share/mineral_deposit_tracking/hook/cmake_prefix_path.sh'
[515.183s] Level 1:colcon.colcon_core.environment:checking '/home/ubuntu/rj_training_container/training_ws/install/mineral_deposit_tracking/lib'
[515.190s] Level 1:colcon.colcon_core.shell:create_environment_hook('mineral_deposit_tracking', 'ld_library_path_lib')
[515.192s] INFO:colcon.colcon_core.shell:Creating environment hook '/home/ubuntu/rj_training_container/training_ws/install/mineral_deposit_tracking/share/mineral_deposit_tracking/hook/ld_library_path_lib.ps1'
[515.221s] INFO:colcon.colcon_core.shell:Creating environment descriptor '/home/ubuntu/rj_training_container/training_ws/install/mineral_deposit_tracking/share/mineral_deposit_tracking/hook/ld_library_path_lib.dsv'
[515.249s] INFO:colcon.colcon_core.shell:Creating environment hook '/home/ubuntu/rj_training_container/training_ws/install/mineral_deposit_tracking/share/mineral_deposit_tracking/hook/ld_library_path_lib.sh'
[515.279s] Level 1:colcon.colcon_core.environment:checking '/home/ubuntu/rj_training_container/training_ws/install/mineral_deposit_tracking/bin'
[515.280s] Level 1:colcon.colcon_core.environment:checking '/home/ubuntu/rj_training_container/training_ws/install/mineral_deposit_tracking/lib/pkgconfig/mineral_deposit_tracking.pc'
[515.283s] Level 1:colcon.colcon_core.environment:checking '/home/ubuntu/rj_training_container/training_ws/install/mineral_deposit_tracking/lib/python3.10/site-packages'
[515.286s] Level 1:colcon.colcon_core.environment:checking '/home/ubuntu/rj_training_container/training_ws/install/mineral_deposit_tracking/bin'
[515.289s] INFO:colcon.colcon_core.shell:Creating package script '/home/ubuntu/rj_training_container/training_ws/install/mineral_deposit_tracking/share/mineral_deposit_tracking/package.ps1'
[515.312s] INFO:colcon.colcon_core.shell:Creating package descriptor '/home/ubuntu/rj_training_container/training_ws/install/mineral_deposit_tracking/share/mineral_deposit_tracking/package.dsv'
[515.336s] INFO:colcon.colcon_core.shell:Creating package script '/home/ubuntu/rj_training_container/training_ws/install/mineral_deposit_tracking/share/mineral_deposit_tracking/package.sh'
[515.358s] INFO:colcon.colcon_core.shell:Creating package script '/home/ubuntu/rj_training_container/training_ws/install/mineral_deposit_tracking/share/mineral_deposit_tracking/package.bash'
[515.384s] INFO:colcon.colcon_core.shell:Creating package script '/home/ubuntu/rj_training_container/training_ws/install/mineral_deposit_tracking/share/mineral_deposit_tracking/package.zsh'
[515.407s] Level 1:colcon.colcon_core.environment:create_file_with_runtime_dependencies(/home/ubuntu/rj_training_container/training_ws/install/mineral_deposit_tracking/share/colcon-core/packages/mineral_deposit_tracking)
[516.711s] DEBUG:colcon.colcon_core.event_handler.log_command:Invoking command in '/home/ubuntu/rj_training_container/training_ws/build/stsl_aruco_tags': CMAKE_PREFIX_PATH=/home/ubuntu/rj_training_container/training_ws/install/stsl_interfaces:/home/ubuntu/rj_training_container/training_ws/install/stsl_desktop:/home/ubuntu/rj_training_container/training_ws/install/traini_bringup:/home/ubuntu/rj_training_container/training_ws/install/traini_gazebo:/home/ubuntu/rj_training_container/training_ws/install/traini_description:/home/ubuntu/rj_training_container/training_ws/install/teleop:/home/ubuntu/rj_training_container/training_ws/install/stsl_utils:/home/ubuntu/rj_training_container/training_ws/install/stsl_rviz_plugins:/home/ubuntu/rj_training_container/training_ws/install/stsl_nav_plugins:/home/ubuntu/rj_training_container/training_ws/install/mission_orchestration:/home/ubuntu/rj_training_container/training_ws/install/stsl_bt_nodes:/home/ubuntu/rj_training_container/training_ws/install/stsl_aruco_tags:/home/ubuntu/rj_training_container/training_ws/install/peak_finder:/home/ubuntu/rj_training_container/training_ws/install/mineral_deposit_tracking:/home/ubuntu/rj_training_container/training_ws/install/mineral_deposit_detection:/home/ubuntu/rj_training_container/training_ws/install/localization:/home/ubuntu/rj_training_container/training_ws/install/elevation_server:/home/ubuntu/rj_training_container/training_ws/install/coordinate_transform:/home/ubuntu/rj_training_container/training_ws/install/stsl_gazebo_plugins:/home/ubuntu/rj_training_container/training_ws/install/rj_training_bringup:/home/ubuntu/rj_training_container/training_ws/install/obstacle_detector:/home/ubuntu/rj_training_container/training_ws/install/mapping:/home/ubuntu/rj_training_container/training_ws/install/joystick_package:/home/ubuntu/rj_training_container/training_ws/install/joystick_msgs:/home/ubuntu/rj_training_container/training_ws/install/controllers:/home/ubuntu/rj_training_container/training_ws/install/astar_path_planner:/home/ubuntu/rj_training_container/training_ws/install/keyboard:/opt/ros/humble LD_LIBRARY_PATH=/home/ubuntu/rj_training_container/training_ws/install/stsl_interfaces/lib:/home/ubuntu/rj_training_container/training_ws/install/teleop/lib:/home/ubuntu/rj_training_container/training_ws/install/stsl_utils/lib:/home/ubuntu/rj_training_container/training_ws/install/stsl_rviz_plugins/lib:/home/ubuntu/rj_training_container/training_ws/install/stsl_nav_plugins/lib:/home/ubuntu/rj_training_container/training_ws/install/mission_orchestration/lib:/home/ubuntu/rj_training_container/training_ws/install/stsl_bt_nodes/lib:/home/ubuntu/rj_training_container/training_ws/install/stsl_aruco_tags/lib:/home/ubuntu/rj_training_container/training_ws/install/peak_finder/lib:/home/ubuntu/rj_training_container/training_ws/install/mineral_deposit_tracking/lib:/home/ubuntu/rj_training_container/training_ws/install/mineral_deposit_detection/lib:/home/ubuntu/rj_training_container/training_ws/install/localization/lib:/home/ubuntu/rj_training_container/training_ws/install/elevation_server/lib:/home/ubuntu/rj_training_container/training_ws/install/coordinate_transform/lib:/home/ubuntu/rj_training_container/training_ws/install/stsl_gazebo_plugins/lib:/home/ubuntu/rj_training_container/training_ws/install/obstacle_detector/lib:/home/ubuntu/rj_training_container/training_ws/install/mapping/lib:/home/ubuntu/rj_training_container/training_ws/install/joystick_package/lib:/home/ubuntu/rj_training_container/training_ws/install/joystick_msgs/lib:/home/ubuntu/rj_training_container/training_ws/install/controllers/lib:/home/ubuntu/rj_training_container/training_ws/install/astar_path_planner/lib:/usr/lib/x86_64-linux-gnu/gazebo-11/plugins:/opt/ros/humble/opt/rviz_ogre_vendor/lib:/opt/ros/humble/lib/x86_64-linux-gnu:/opt/ros/humble/lib /usr/bin/cmake --install /home/ubuntu/rj_training_container/training_ws/build/stsl_aruco_tags
[517.367s] Level 1:colcon.colcon_core.environment:create_environment_scripts_only(peak_finder)
[517.368s] Level 1:colcon.colcon_core.environment:checking '/home/ubuntu/rj_training_container/training_ws/install/peak_finder' for CMake module files
[517.369s] DEBUG:colcon.colcon_core.event_handler.log_command:Invoked command in '/home/ubuntu/rj_training_container/training_ws/build/peak_finder' returned '0': CMAKE_PREFIX_PATH=/home/ubuntu/rj_training_container/training_ws/install/stsl_interfaces:/home/ubuntu/rj_training_container/training_ws/install/stsl_desktop:/home/ubuntu/rj_training_container/training_ws/install/traini_bringup:/home/ubuntu/rj_training_container/training_ws/install/traini_gazebo:/home/ubuntu/rj_training_container/training_ws/install/traini_description:/home/ubuntu/rj_training_container/training_ws/install/teleop:/home/ubuntu/rj_training_container/training_ws/install/stsl_utils:/home/ubuntu/rj_training_container/training_ws/install/stsl_rviz_plugins:/home/ubuntu/rj_training_container/training_ws/install/stsl_nav_plugins:/home/ubuntu/rj_training_container/training_ws/install/mission_orchestration:/home/ubuntu/rj_training_container/training_ws/install/stsl_bt_nodes:/home/ubuntu/rj_training_container/training_ws/install/stsl_aruco_tags:/home/ubuntu/rj_training_container/training_ws/install/peak_finder:/home/ubuntu/rj_training_container/training_ws/install/mineral_deposit_tracking:/home/ubuntu/rj_training_container/training_ws/install/mineral_deposit_detection:/home/ubuntu/rj_training_container/training_ws/install/localization:/home/ubuntu/rj_training_container/training_ws/install/elevation_server:/home/ubuntu/rj_training_container/training_ws/install/coordinate_transform:/home/ubuntu/rj_training_container/training_ws/install/stsl_gazebo_plugins:/home/ubuntu/rj_training_container/training_ws/install/rj_training_bringup:/home/ubuntu/rj_training_container/training_ws/install/obstacle_detector:/home/ubuntu/rj_training_container/training_ws/install/mapping:/home/ubuntu/rj_training_container/training_ws/install/joystick_package:/home/ubuntu/rj_training_container/training_ws/install/joystick_msgs:/home/ubuntu/rj_training_container/training_ws/install/controllers:/home/ubuntu/rj_training_container/training_ws/install/astar_path_planner:/home/ubuntu/rj_training_container/training_ws/install/keyboard:/opt/ros/humble LD_LIBRARY_PATH=/home/ubuntu/rj_training_container/training_ws/install/stsl_interfaces/lib:/home/ubuntu/rj_training_container/training_ws/install/teleop/lib:/home/ubuntu/rj_training_container/training_ws/install/stsl_utils/lib:/home/ubuntu/rj_training_container/training_ws/install/stsl_rviz_plugins/lib:/home/ubuntu/rj_training_container/training_ws/install/stsl_nav_plugins/lib:/home/ubuntu/rj_training_container/training_ws/install/mission_orchestration/lib:/home/ubuntu/rj_training_container/training_ws/install/stsl_bt_nodes/lib:/home/ubuntu/rj_training_container/training_ws/install/stsl_aruco_tags/lib:/home/ubuntu/rj_training_container/training_ws/install/peak_finder/lib:/home/ubuntu/rj_training_container/training_ws/install/mineral_deposit_tracking/lib:/home/ubuntu/rj_training_container/training_ws/install/mineral_deposit_detection/lib:/home/ubuntu/rj_training_container/training_ws/install/localization/lib:/home/ubuntu/rj_training_container/training_ws/install/elevation_server/lib:/home/ubuntu/rj_training_container/training_ws/install/coordinate_transform/lib:/home/ubuntu/rj_training_container/training_ws/install/stsl_gazebo_plugins/lib:/home/ubuntu/rj_training_container/training_ws/install/obstacle_detector/lib:/home/ubuntu/rj_training_container/training_ws/install/mapping/lib:/home/ubuntu/rj_training_container/training_ws/install/joystick_package/lib:/home/ubuntu/rj_training_container/training_ws/install/joystick_msgs/lib:/home/ubuntu/rj_training_container/training_ws/install/controllers/lib:/home/ubuntu/rj_training_container/training_ws/install/astar_path_planner/lib:/usr/lib/x86_64-linux-gnu/gazebo-11/plugins:/opt/ros/humble/opt/rviz_ogre_vendor/lib:/opt/ros/humble/lib/x86_64-linux-gnu:/opt/ros/humble/lib /usr/bin/cmake --install /home/ubuntu/rj_training_container/training_ws/build/peak_finder
[517.524s] Level 1:colcon.colcon_core.environment:checking '/home/ubuntu/rj_training_container/training_ws/install/peak_finder' for CMake config files
[517.668s] Level 1:colcon.colcon_core.shell:create_environment_hook('peak_finder', 'cmake_prefix_path')
[517.670s] INFO:colcon.colcon_core.shell:Creating environment hook '/home/ubuntu/rj_training_container/training_ws/install/peak_finder/share/peak_finder/hook/cmake_prefix_path.ps1'
[517.703s] INFO:colcon.colcon_core.shell:Creating environment descriptor '/home/ubuntu/rj_training_container/training_ws/install/peak_finder/share/peak_finder/hook/cmake_prefix_path.dsv'
[517.723s] INFO:colcon.colcon_core.shell:Creating environment hook '/home/ubuntu/rj_training_container/training_ws/install/peak_finder/share/peak_finder/hook/cmake_prefix_path.sh'
[517.752s] Level 1:colcon.colcon_core.environment:checking '/home/ubuntu/rj_training_container/training_ws/install/peak_finder/lib'
[517.759s] Level 1:colcon.colcon_core.shell:create_environment_hook('peak_finder', 'ld_library_path_lib')
[517.760s] INFO:colcon.colcon_core.shell:Creating environment hook '/home/ubuntu/rj_training_container/training_ws/install/peak_finder/share/peak_finder/hook/ld_library_path_lib.ps1'
[517.783s] INFO:colcon.colcon_core.shell:Creating environment descriptor '/home/ubuntu/rj_training_container/training_ws/install/peak_finder/share/peak_finder/hook/ld_library_path_lib.dsv'
[517.809s] INFO:colcon.colcon_core.shell:Creating environment hook '/home/ubuntu/rj_training_container/training_ws/install/peak_finder/share/peak_finder/hook/ld_library_path_lib.sh'
[517.836s] Level 1:colcon.colcon_core.environment:checking '/home/ubuntu/rj_training_container/training_ws/install/peak_finder/bin'
[517.838s] Level 1:colcon.colcon_core.environment:checking '/home/ubuntu/rj_training_container/training_ws/install/peak_finder/lib/pkgconfig/peak_finder.pc'
[517.841s] Level 1:colcon.colcon_core.environment:checking '/home/ubuntu/rj_training_container/training_ws/install/peak_finder/lib/python3.10/site-packages'
[517.845s] Level 1:colcon.colcon_core.environment:checking '/home/ubuntu/rj_training_container/training_ws/install/peak_finder/bin'
[517.847s] INFO:colcon.colcon_core.shell:Creating package script '/home/ubuntu/rj_training_container/training_ws/install/peak_finder/share/peak_finder/package.ps1'
[517.866s] INFO:colcon.colcon_core.shell:Creating package descriptor '/home/ubuntu/rj_training_container/training_ws/install/peak_finder/share/peak_finder/package.dsv'
[517.886s] INFO:colcon.colcon_core.shell:Creating package script '/home/ubuntu/rj_training_container/training_ws/install/peak_finder/share/peak_finder/package.sh'
[517.905s] INFO:colcon.colcon_core.shell:Creating package script '/home/ubuntu/rj_training_container/training_ws/install/peak_finder/share/peak_finder/package.bash'
[517.923s] INFO:colcon.colcon_core.shell:Creating package script '/home/ubuntu/rj_training_container/training_ws/install/peak_finder/share/peak_finder/package.zsh'
[517.941s] Level 1:colcon.colcon_core.environment:create_file_with_runtime_dependencies(/home/ubuntu/rj_training_container/training_ws/install/peak_finder/share/colcon-core/packages/peak_finder)
[517.977s] DEBUG:colcon.colcon_core.event_handler.log_command:Invoking command in '/home/ubuntu/rj_training_container/training_ws/build/localization': CMAKE_PREFIX_PATH=/home/ubuntu/rj_training_container/training_ws/install/stsl_interfaces:/home/ubuntu/rj_training_container/training_ws/install/stsl_desktop:/home/ubuntu/rj_training_container/training_ws/install/traini_bringup:/home/ubuntu/rj_training_container/training_ws/install/traini_gazebo:/home/ubuntu/rj_training_container/training_ws/install/traini_description:/home/ubuntu/rj_training_container/training_ws/install/teleop:/home/ubuntu/rj_training_container/training_ws/install/stsl_utils:/home/ubuntu/rj_training_container/training_ws/install/stsl_rviz_plugins:/home/ubuntu/rj_training_container/training_ws/install/stsl_nav_plugins:/home/ubuntu/rj_training_container/training_ws/install/mission_orchestration:/home/ubuntu/rj_training_container/training_ws/install/stsl_bt_nodes:/home/ubuntu/rj_training_container/training_ws/install/stsl_aruco_tags:/home/ubuntu/rj_training_container/training_ws/install/peak_finder:/home/ubuntu/rj_training_container/training_ws/install/mineral_deposit_tracking:/home/ubuntu/rj_training_container/training_ws/install/mineral_deposit_detection:/home/ubuntu/rj_training_container/training_ws/install/localization:/home/ubuntu/rj_training_container/training_ws/install/elevation_server:/home/ubuntu/rj_training_container/training_ws/install/coordinate_transform:/home/ubuntu/rj_training_container/training_ws/install/stsl_gazebo_plugins:/home/ubuntu/rj_training_container/training_ws/install/rj_training_bringup:/home/ubuntu/rj_training_container/training_ws/install/obstacle_detector:/home/ubuntu/rj_training_container/training_ws/install/mapping:/home/ubuntu/rj_training_container/training_ws/install/joystick_package:/home/ubuntu/rj_training_container/training_ws/install/joystick_msgs:/home/ubuntu/rj_training_container/training_ws/install/controllers:/home/ubuntu/rj_training_container/training_ws/install/astar_path_planner:/home/ubuntu/rj_training_container/training_ws/install/keyboard:/opt/ros/humble LD_LIBRARY_PATH=/home/ubuntu/rj_training_container/training_ws/install/stsl_interfaces/lib:/home/ubuntu/rj_training_container/training_ws/install/teleop/lib:/home/ubuntu/rj_training_container/training_ws/install/stsl_utils/lib:/home/ubuntu/rj_training_container/training_ws/install/stsl_rviz_plugins/lib:/home/ubuntu/rj_training_container/training_ws/install/stsl_nav_plugins/lib:/home/ubuntu/rj_training_container/training_ws/install/mission_orchestration/lib:/home/ubuntu/rj_training_container/training_ws/install/stsl_bt_nodes/lib:/home/ubuntu/rj_training_container/training_ws/install/stsl_aruco_tags/lib:/home/ubuntu/rj_training_container/training_ws/install/peak_finder/lib:/home/ubuntu/rj_training_container/training_ws/install/mineral_deposit_tracking/lib:/home/ubuntu/rj_training_container/training_ws/install/mineral_deposit_detection/lib:/home/ubuntu/rj_training_container/training_ws/install/localization/lib:/home/ubuntu/rj_training_container/training_ws/install/elevation_server/lib:/home/ubuntu/rj_training_container/training_ws/install/coordinate_transform/lib:/home/ubuntu/rj_training_container/training_ws/install/stsl_gazebo_plugins/lib:/home/ubuntu/rj_training_container/training_ws/install/obstacle_detector/lib:/home/ubuntu/rj_training_container/training_ws/install/mapping/lib:/home/ubuntu/rj_training_container/training_ws/install/joystick_package/lib:/home/ubuntu/rj_training_container/training_ws/install/joystick_msgs/lib:/home/ubuntu/rj_training_container/training_ws/install/controllers/lib:/home/ubuntu/rj_training_container/training_ws/install/astar_path_planner/lib:/usr/lib/x86_64-linux-gnu/gazebo-11/plugins:/opt/ros/humble/opt/rviz_ogre_vendor/lib:/opt/ros/humble/lib/x86_64-linux-gnu:/opt/ros/humble/lib /usr/bin/cmake --install /home/ubuntu/rj_training_container/training_ws/build/localization
[517.989s] DEBUG:colcon.colcon_core.event_handler.log_command:Invoking command in '/home/ubuntu/rj_training_container/training_ws/build/stsl_bt_nodes': CMAKE_PREFIX_PATH=/home/ubuntu/rj_training_container/training_ws/install/stsl_interfaces:/home/ubuntu/rj_training_container/training_ws/install/stsl_desktop:/home/ubuntu/rj_training_container/training_ws/install/traini_bringup:/home/ubuntu/rj_training_container/training_ws/install/traini_gazebo:/home/ubuntu/rj_training_container/training_ws/install/traini_description:/home/ubuntu/rj_training_container/training_ws/install/teleop:/home/ubuntu/rj_training_container/training_ws/install/stsl_utils:/home/ubuntu/rj_training_container/training_ws/install/stsl_rviz_plugins:/home/ubuntu/rj_training_container/training_ws/install/stsl_nav_plugins:/home/ubuntu/rj_training_container/training_ws/install/mission_orchestration:/home/ubuntu/rj_training_container/training_ws/install/stsl_bt_nodes:/home/ubuntu/rj_training_container/training_ws/install/stsl_aruco_tags:/home/ubuntu/rj_training_container/training_ws/install/peak_finder:/home/ubuntu/rj_training_container/training_ws/install/mineral_deposit_tracking:/home/ubuntu/rj_training_container/training_ws/install/mineral_deposit_detection:/home/ubuntu/rj_training_container/training_ws/install/localization:/home/ubuntu/rj_training_container/training_ws/install/elevation_server:/home/ubuntu/rj_training_container/training_ws/install/coordinate_transform:/home/ubuntu/rj_training_container/training_ws/install/stsl_gazebo_plugins:/home/ubuntu/rj_training_container/training_ws/install/rj_training_bringup:/home/ubuntu/rj_training_container/training_ws/install/obstacle_detector:/home/ubuntu/rj_training_container/training_ws/install/mapping:/home/ubuntu/rj_training_container/training_ws/install/joystick_package:/home/ubuntu/rj_training_container/training_ws/install/joystick_msgs:/home/ubuntu/rj_training_container/training_ws/install/controllers:/home/ubuntu/rj_training_container/training_ws/install/astar_path_planner:/home/ubuntu/rj_training_container/training_ws/install/keyboard:/opt/ros/humble LD_LIBRARY_PATH=/home/ubuntu/rj_training_container/training_ws/install/stsl_interfaces/lib:/home/ubuntu/rj_training_container/training_ws/install/teleop/lib:/home/ubuntu/rj_training_container/training_ws/install/stsl_utils/lib:/home/ubuntu/rj_training_container/training_ws/install/stsl_rviz_plugins/lib:/home/ubuntu/rj_training_container/training_ws/install/stsl_nav_plugins/lib:/home/ubuntu/rj_training_container/training_ws/install/mission_orchestration/lib:/home/ubuntu/rj_training_container/training_ws/install/stsl_bt_nodes/lib:/home/ubuntu/rj_training_container/training_ws/install/stsl_aruco_tags/lib:/home/ubuntu/rj_training_container/training_ws/install/peak_finder/lib:/home/ubuntu/rj_training_container/training_ws/install/mineral_deposit_tracking/lib:/home/ubuntu/rj_training_container/training_ws/install/mineral_deposit_detection/lib:/home/ubuntu/rj_training_container/training_ws/install/localization/lib:/home/ubuntu/rj_training_container/training_ws/install/elevation_server/lib:/home/ubuntu/rj_training_container/training_ws/install/coordinate_transform/lib:/home/ubuntu/rj_training_container/training_ws/install/stsl_gazebo_plugins/lib:/home/ubuntu/rj_training_container/training_ws/install/obstacle_detector/lib:/home/ubuntu/rj_training_container/training_ws/install/mapping/lib:/home/ubuntu/rj_training_container/training_ws/install/joystick_package/lib:/home/ubuntu/rj_training_container/training_ws/install/joystick_msgs/lib:/home/ubuntu/rj_training_container/training_ws/install/controllers/lib:/home/ubuntu/rj_training_container/training_ws/install/astar_path_planner/lib:/usr/lib/x86_64-linux-gnu/gazebo-11/plugins:/opt/ros/humble/opt/rviz_ogre_vendor/lib:/opt/ros/humble/lib/x86_64-linux-gnu:/opt/ros/humble/lib /usr/bin/cmake --install /home/ubuntu/rj_training_container/training_ws/build/stsl_bt_nodes
[521.027s] Level 1:colcon.colcon_core.environment:create_environment_scripts_only(stsl_aruco_tags)
[521.028s] Level 1:colcon.colcon_core.environment:checking '/home/ubuntu/rj_training_container/training_ws/install/stsl_aruco_tags' for CMake module files
[521.030s] DEBUG:colcon.colcon_core.event_handler.log_command:Invoked command in '/home/ubuntu/rj_training_container/training_ws/build/stsl_aruco_tags' returned '0': CMAKE_PREFIX_PATH=/home/ubuntu/rj_training_container/training_ws/install/stsl_interfaces:/home/ubuntu/rj_training_container/training_ws/install/stsl_desktop:/home/ubuntu/rj_training_container/training_ws/install/traini_bringup:/home/ubuntu/rj_training_container/training_ws/install/traini_gazebo:/home/ubuntu/rj_training_container/training_ws/install/traini_description:/home/ubuntu/rj_training_container/training_ws/install/teleop:/home/ubuntu/rj_training_container/training_ws/install/stsl_utils:/home/ubuntu/rj_training_container/training_ws/install/stsl_rviz_plugins:/home/ubuntu/rj_training_container/training_ws/install/stsl_nav_plugins:/home/ubuntu/rj_training_container/training_ws/install/mission_orchestration:/home/ubuntu/rj_training_container/training_ws/install/stsl_bt_nodes:/home/ubuntu/rj_training_container/training_ws/install/stsl_aruco_tags:/home/ubuntu/rj_training_container/training_ws/install/peak_finder:/home/ubuntu/rj_training_container/training_ws/install/mineral_deposit_tracking:/home/ubuntu/rj_training_container/training_ws/install/mineral_deposit_detection:/home/ubuntu/rj_training_container/training_ws/install/localization:/home/ubuntu/rj_training_container/training_ws/install/elevation_server:/home/ubuntu/rj_training_container/training_ws/install/coordinate_transform:/home/ubuntu/rj_training_container/training_ws/install/stsl_gazebo_plugins:/home/ubuntu/rj_training_container/training_ws/install/rj_training_bringup:/home/ubuntu/rj_training_container/training_ws/install/obstacle_detector:/home/ubuntu/rj_training_container/training_ws/install/mapping:/home/ubuntu/rj_training_container/training_ws/install/joystick_package:/home/ubuntu/rj_training_container/training_ws/install/joystick_msgs:/home/ubuntu/rj_training_container/training_ws/install/controllers:/home/ubuntu/rj_training_container/training_ws/install/astar_path_planner:/home/ubuntu/rj_training_container/training_ws/install/keyboard:/opt/ros/humble LD_LIBRARY_PATH=/home/ubuntu/rj_training_container/training_ws/install/stsl_interfaces/lib:/home/ubuntu/rj_training_container/training_ws/install/teleop/lib:/home/ubuntu/rj_training_container/training_ws/install/stsl_utils/lib:/home/ubuntu/rj_training_container/training_ws/install/stsl_rviz_plugins/lib:/home/ubuntu/rj_training_container/training_ws/install/stsl_nav_plugins/lib:/home/ubuntu/rj_training_container/training_ws/install/mission_orchestration/lib:/home/ubuntu/rj_training_container/training_ws/install/stsl_bt_nodes/lib:/home/ubuntu/rj_training_container/training_ws/install/stsl_aruco_tags/lib:/home/ubuntu/rj_training_container/training_ws/install/peak_finder/lib:/home/ubuntu/rj_training_container/training_ws/install/mineral_deposit_tracking/lib:/home/ubuntu/rj_training_container/training_ws/install/mineral_deposit_detection/lib:/home/ubuntu/rj_training_container/training_ws/install/localization/lib:/home/ubuntu/rj_training_container/training_ws/install/elevation_server/lib:/home/ubuntu/rj_training_container/training_ws/install/coordinate_transform/lib:/home/ubuntu/rj_training_container/training_ws/install/stsl_gazebo_plugins/lib:/home/ubuntu/rj_training_container/training_ws/install/obstacle_detector/lib:/home/ubuntu/rj_training_container/training_ws/install/mapping/lib:/home/ubuntu/rj_training_container/training_ws/install/joystick_package/lib:/home/ubuntu/rj_training_container/training_ws/install/joystick_msgs/lib:/home/ubuntu/rj_training_container/training_ws/install/controllers/lib:/home/ubuntu/rj_training_container/training_ws/install/astar_path_planner/lib:/usr/lib/x86_64-linux-gnu/gazebo-11/plugins:/opt/ros/humble/opt/rviz_ogre_vendor/lib:/opt/ros/humble/lib/x86_64-linux-gnu:/opt/ros/humble/lib /usr/bin/cmake --install /home/ubuntu/rj_training_container/training_ws/build/stsl_aruco_tags
[521.247s] Level 1:colcon.colcon_core.environment:checking '/home/ubuntu/rj_training_container/training_ws/install/stsl_aruco_tags' for CMake config files
[521.423s] Level 1:colcon.colcon_core.shell:create_environment_hook('stsl_aruco_tags', 'cmake_prefix_path')
[521.424s] INFO:colcon.colcon_core.shell:Creating environment hook '/home/ubuntu/rj_training_container/training_ws/install/stsl_aruco_tags/share/stsl_aruco_tags/hook/cmake_prefix_path.ps1'
[521.455s] INFO:colcon.colcon_core.shell:Creating environment descriptor '/home/ubuntu/rj_training_container/training_ws/install/stsl_aruco_tags/share/stsl_aruco_tags/hook/cmake_prefix_path.dsv'
[521.486s] INFO:colcon.colcon_core.shell:Creating environment hook '/home/ubuntu/rj_training_container/training_ws/install/stsl_aruco_tags/share/stsl_aruco_tags/hook/cmake_prefix_path.sh'
[521.525s] Level 1:colcon.colcon_core.environment:checking '/home/ubuntu/rj_training_container/training_ws/install/stsl_aruco_tags/lib'
[521.533s] Level 1:colcon.colcon_core.shell:create_environment_hook('stsl_aruco_tags', 'ld_library_path_lib')
[521.533s] INFO:colcon.colcon_core.shell:Creating environment hook '/home/ubuntu/rj_training_container/training_ws/install/stsl_aruco_tags/share/stsl_aruco_tags/hook/ld_library_path_lib.ps1'
[521.567s] INFO:colcon.colcon_core.shell:Creating environment descriptor '/home/ubuntu/rj_training_container/training_ws/install/stsl_aruco_tags/share/stsl_aruco_tags/hook/ld_library_path_lib.dsv'
[521.598s] INFO:colcon.colcon_core.shell:Creating environment hook '/home/ubuntu/rj_training_container/training_ws/install/stsl_aruco_tags/share/stsl_aruco_tags/hook/ld_library_path_lib.sh'
[521.630s] Level 1:colcon.colcon_core.environment:checking '/home/ubuntu/rj_training_container/training_ws/install/stsl_aruco_tags/bin'
[521.632s] Level 1:colcon.colcon_core.environment:checking '/home/ubuntu/rj_training_container/training_ws/install/stsl_aruco_tags/lib/pkgconfig/stsl_aruco_tags.pc'
[521.636s] Level 1:colcon.colcon_core.environment:checking '/home/ubuntu/rj_training_container/training_ws/install/stsl_aruco_tags/lib/python3.10/site-packages'
[521.639s] Level 1:colcon.colcon_core.environment:checking '/home/ubuntu/rj_training_container/training_ws/install/stsl_aruco_tags/bin'
[521.641s] INFO:colcon.colcon_core.shell:Creating package script '/home/ubuntu/rj_training_container/training_ws/install/stsl_aruco_tags/share/stsl_aruco_tags/package.ps1'
[521.666s] INFO:colcon.colcon_core.shell:Creating package descriptor '/home/ubuntu/rj_training_container/training_ws/install/stsl_aruco_tags/share/stsl_aruco_tags/package.dsv'
[521.689s] INFO:colcon.colcon_core.shell:Creating package script '/home/ubuntu/rj_training_container/training_ws/install/stsl_aruco_tags/share/stsl_aruco_tags/package.sh'
[521.708s] INFO:colcon.colcon_core.shell:Creating package script '/home/ubuntu/rj_training_container/training_ws/install/stsl_aruco_tags/share/stsl_aruco_tags/package.bash'
[521.735s] INFO:colcon.colcon_core.shell:Creating package script '/home/ubuntu/rj_training_container/training_ws/install/stsl_aruco_tags/share/stsl_aruco_tags/package.zsh'
[521.761s] Level 1:colcon.colcon_core.environment:create_file_with_runtime_dependencies(/home/ubuntu/rj_training_container/training_ws/install/stsl_aruco_tags/share/colcon-core/packages/stsl_aruco_tags)
[521.932s] Level 1:colcon.colcon_core.environment:create_environment_scripts_only(stsl_bt_nodes)
[521.933s] Level 1:colcon.colcon_core.environment:checking '/home/ubuntu/rj_training_container/training_ws/install/stsl_bt_nodes' for CMake module files
[521.935s] DEBUG:colcon.colcon_core.event_handler.log_command:Invoked command in '/home/ubuntu/rj_training_container/training_ws/build/stsl_bt_nodes' returned '0': CMAKE_PREFIX_PATH=/home/ubuntu/rj_training_container/training_ws/install/stsl_interfaces:/home/ubuntu/rj_training_container/training_ws/install/stsl_desktop:/home/ubuntu/rj_training_container/training_ws/install/traini_bringup:/home/ubuntu/rj_training_container/training_ws/install/traini_gazebo:/home/ubuntu/rj_training_container/training_ws/install/traini_description:/home/ubuntu/rj_training_container/training_ws/install/teleop:/home/ubuntu/rj_training_container/training_ws/install/stsl_utils:/home/ubuntu/rj_training_container/training_ws/install/stsl_rviz_plugins:/home/ubuntu/rj_training_container/training_ws/install/stsl_nav_plugins:/home/ubuntu/rj_training_container/training_ws/install/mission_orchestration:/home/ubuntu/rj_training_container/training_ws/install/stsl_bt_nodes:/home/ubuntu/rj_training_container/training_ws/install/stsl_aruco_tags:/home/ubuntu/rj_training_container/training_ws/install/peak_finder:/home/ubuntu/rj_training_container/training_ws/install/mineral_deposit_tracking:/home/ubuntu/rj_training_container/training_ws/install/mineral_deposit_detection:/home/ubuntu/rj_training_container/training_ws/install/localization:/home/ubuntu/rj_training_container/training_ws/install/elevation_server:/home/ubuntu/rj_training_container/training_ws/install/coordinate_transform:/home/ubuntu/rj_training_container/training_ws/install/stsl_gazebo_plugins:/home/ubuntu/rj_training_container/training_ws/install/rj_training_bringup:/home/ubuntu/rj_training_container/training_ws/install/obstacle_detector:/home/ubuntu/rj_training_container/training_ws/install/mapping:/home/ubuntu/rj_training_container/training_ws/install/joystick_package:/home/ubuntu/rj_training_container/training_ws/install/joystick_msgs:/home/ubuntu/rj_training_container/training_ws/install/controllers:/home/ubuntu/rj_training_container/training_ws/install/astar_path_planner:/home/ubuntu/rj_training_container/training_ws/install/keyboard:/opt/ros/humble LD_LIBRARY_PATH=/home/ubuntu/rj_training_container/training_ws/install/stsl_interfaces/lib:/home/ubuntu/rj_training_container/training_ws/install/teleop/lib:/home/ubuntu/rj_training_container/training_ws/install/stsl_utils/lib:/home/ubuntu/rj_training_container/training_ws/install/stsl_rviz_plugins/lib:/home/ubuntu/rj_training_container/training_ws/install/stsl_nav_plugins/lib:/home/ubuntu/rj_training_container/training_ws/install/mission_orchestration/lib:/home/ubuntu/rj_training_container/training_ws/install/stsl_bt_nodes/lib:/home/ubuntu/rj_training_container/training_ws/install/stsl_aruco_tags/lib:/home/ubuntu/rj_training_container/training_ws/install/peak_finder/lib:/home/ubuntu/rj_training_container/training_ws/install/mineral_deposit_tracking/lib:/home/ubuntu/rj_training_container/training_ws/install/mineral_deposit_detection/lib:/home/ubuntu/rj_training_container/training_ws/install/localization/lib:/home/ubuntu/rj_training_container/training_ws/install/elevation_server/lib:/home/ubuntu/rj_training_container/training_ws/install/coordinate_transform/lib:/home/ubuntu/rj_training_container/training_ws/install/stsl_gazebo_plugins/lib:/home/ubuntu/rj_training_container/training_ws/install/obstacle_detector/lib:/home/ubuntu/rj_training_container/training_ws/install/mapping/lib:/home/ubuntu/rj_training_container/training_ws/install/joystick_package/lib:/home/ubuntu/rj_training_container/training_ws/install/joystick_msgs/lib:/home/ubuntu/rj_training_container/training_ws/install/controllers/lib:/home/ubuntu/rj_training_container/training_ws/install/astar_path_planner/lib:/usr/lib/x86_64-linux-gnu/gazebo-11/plugins:/opt/ros/humble/opt/rviz_ogre_vendor/lib:/opt/ros/humble/lib/x86_64-linux-gnu:/opt/ros/humble/lib /usr/bin/cmake --install /home/ubuntu/rj_training_container/training_ws/build/stsl_bt_nodes
[522.093s] Level 1:colcon.colcon_core.environment:checking '/home/ubuntu/rj_training_container/training_ws/install/stsl_bt_nodes' for CMake config files
[522.215s] Level 1:colcon.colcon_core.shell:create_environment_hook('stsl_bt_nodes', 'cmake_prefix_path')
[522.216s] INFO:colcon.colcon_core.shell:Creating environment hook '/home/ubuntu/rj_training_container/training_ws/install/stsl_bt_nodes/share/stsl_bt_nodes/hook/cmake_prefix_path.ps1'
[522.243s] INFO:colcon.colcon_core.shell:Creating environment descriptor '/home/ubuntu/rj_training_container/training_ws/install/stsl_bt_nodes/share/stsl_bt_nodes/hook/cmake_prefix_path.dsv'
[522.272s] INFO:colcon.colcon_core.shell:Creating environment hook '/home/ubuntu/rj_training_container/training_ws/install/stsl_bt_nodes/share/stsl_bt_nodes/hook/cmake_prefix_path.sh'
[522.304s] Level 1:colcon.colcon_core.environment:checking '/home/ubuntu/rj_training_container/training_ws/install/stsl_bt_nodes/lib'
[522.312s] Level 1:colcon.colcon_core.shell:create_environment_hook('stsl_bt_nodes', 'ld_library_path_lib')
[522.313s] INFO:colcon.colcon_core.shell:Creating environment hook '/home/ubuntu/rj_training_container/training_ws/install/stsl_bt_nodes/share/stsl_bt_nodes/hook/ld_library_path_lib.ps1'
[522.339s] INFO:colcon.colcon_core.shell:Creating environment descriptor '/home/ubuntu/rj_training_container/training_ws/install/stsl_bt_nodes/share/stsl_bt_nodes/hook/ld_library_path_lib.dsv'
[522.368s] INFO:colcon.colcon_core.shell:Creating environment hook '/home/ubuntu/rj_training_container/training_ws/install/stsl_bt_nodes/share/stsl_bt_nodes/hook/ld_library_path_lib.sh'
[522.393s] Level 1:colcon.colcon_core.environment:checking '/home/ubuntu/rj_training_container/training_ws/install/stsl_bt_nodes/bin'
[522.394s] Level 1:colcon.colcon_core.environment:checking '/home/ubuntu/rj_training_container/training_ws/install/stsl_bt_nodes/lib/pkgconfig/stsl_bt_nodes.pc'
[522.395s] Level 1:colcon.colcon_core.environment:checking '/home/ubuntu/rj_training_container/training_ws/install/stsl_bt_nodes/lib/python3.10/site-packages'
[522.397s] Level 1:colcon.colcon_core.environment:checking '/home/ubuntu/rj_training_container/training_ws/install/stsl_bt_nodes/bin'
[522.400s] INFO:colcon.colcon_core.shell:Creating package script '/home/ubuntu/rj_training_container/training_ws/install/stsl_bt_nodes/share/stsl_bt_nodes/package.ps1'
[522.418s] INFO:colcon.colcon_core.shell:Creating package descriptor '/home/ubuntu/rj_training_container/training_ws/install/stsl_bt_nodes/share/stsl_bt_nodes/package.dsv'
[522.435s] INFO:colcon.colcon_core.shell:Creating package script '/home/ubuntu/rj_training_container/training_ws/install/stsl_bt_nodes/share/stsl_bt_nodes/package.sh'
[522.456s] INFO:colcon.colcon_core.shell:Creating package script '/home/ubuntu/rj_training_container/training_ws/install/stsl_bt_nodes/share/stsl_bt_nodes/package.bash'
[522.485s] INFO:colcon.colcon_core.shell:Creating package script '/home/ubuntu/rj_training_container/training_ws/install/stsl_bt_nodes/share/stsl_bt_nodes/package.zsh'
[522.506s] Level 1:colcon.colcon_core.environment:create_file_with_runtime_dependencies(/home/ubuntu/rj_training_container/training_ws/install/stsl_bt_nodes/share/colcon-core/packages/stsl_bt_nodes)
[522.534s] Level 1:colcon.colcon_core.environment:create_environment_scripts_only(localization)
[522.534s] Level 1:colcon.colcon_core.environment:checking '/home/ubuntu/rj_training_container/training_ws/install/localization' for CMake module files
[522.536s] DEBUG:colcon.colcon_core.event_handler.log_command:Invoked command in '/home/ubuntu/rj_training_container/training_ws/build/localization' returned '0': CMAKE_PREFIX_PATH=/home/ubuntu/rj_training_container/training_ws/install/stsl_interfaces:/home/ubuntu/rj_training_container/training_ws/install/stsl_desktop:/home/ubuntu/rj_training_container/training_ws/install/traini_bringup:/home/ubuntu/rj_training_container/training_ws/install/traini_gazebo:/home/ubuntu/rj_training_container/training_ws/install/traini_description:/home/ubuntu/rj_training_container/training_ws/install/teleop:/home/ubuntu/rj_training_container/training_ws/install/stsl_utils:/home/ubuntu/rj_training_container/training_ws/install/stsl_rviz_plugins:/home/ubuntu/rj_training_container/training_ws/install/stsl_nav_plugins:/home/ubuntu/rj_training_container/training_ws/install/mission_orchestration:/home/ubuntu/rj_training_container/training_ws/install/stsl_bt_nodes:/home/ubuntu/rj_training_container/training_ws/install/stsl_aruco_tags:/home/ubuntu/rj_training_container/training_ws/install/peak_finder:/home/ubuntu/rj_training_container/training_ws/install/mineral_deposit_tracking:/home/ubuntu/rj_training_container/training_ws/install/mineral_deposit_detection:/home/ubuntu/rj_training_container/training_ws/install/localization:/home/ubuntu/rj_training_container/training_ws/install/elevation_server:/home/ubuntu/rj_training_container/training_ws/install/coordinate_transform:/home/ubuntu/rj_training_container/training_ws/install/stsl_gazebo_plugins:/home/ubuntu/rj_training_container/training_ws/install/rj_training_bringup:/home/ubuntu/rj_training_container/training_ws/install/obstacle_detector:/home/ubuntu/rj_training_container/training_ws/install/mapping:/home/ubuntu/rj_training_container/training_ws/install/joystick_package:/home/ubuntu/rj_training_container/training_ws/install/joystick_msgs:/home/ubuntu/rj_training_container/training_ws/install/controllers:/home/ubuntu/rj_training_container/training_ws/install/astar_path_planner:/home/ubuntu/rj_training_container/training_ws/install/keyboard:/opt/ros/humble LD_LIBRARY_PATH=/home/ubuntu/rj_training_container/training_ws/install/stsl_interfaces/lib:/home/ubuntu/rj_training_container/training_ws/install/teleop/lib:/home/ubuntu/rj_training_container/training_ws/install/stsl_utils/lib:/home/ubuntu/rj_training_container/training_ws/install/stsl_rviz_plugins/lib:/home/ubuntu/rj_training_container/training_ws/install/stsl_nav_plugins/lib:/home/ubuntu/rj_training_container/training_ws/install/mission_orchestration/lib:/home/ubuntu/rj_training_container/training_ws/install/stsl_bt_nodes/lib:/home/ubuntu/rj_training_container/training_ws/install/stsl_aruco_tags/lib:/home/ubuntu/rj_training_container/training_ws/install/peak_finder/lib:/home/ubuntu/rj_training_container/training_ws/install/mineral_deposit_tracking/lib:/home/ubuntu/rj_training_container/training_ws/install/mineral_deposit_detection/lib:/home/ubuntu/rj_training_container/training_ws/install/localization/lib:/home/ubuntu/rj_training_container/training_ws/install/elevation_server/lib:/home/ubuntu/rj_training_container/training_ws/install/coordinate_transform/lib:/home/ubuntu/rj_training_container/training_ws/install/stsl_gazebo_plugins/lib:/home/ubuntu/rj_training_container/training_ws/install/obstacle_detector/lib:/home/ubuntu/rj_training_container/training_ws/install/mapping/lib:/home/ubuntu/rj_training_container/training_ws/install/joystick_package/lib:/home/ubuntu/rj_training_container/training_ws/install/joystick_msgs/lib:/home/ubuntu/rj_training_container/training_ws/install/controllers/lib:/home/ubuntu/rj_training_container/training_ws/install/astar_path_planner/lib:/usr/lib/x86_64-linux-gnu/gazebo-11/plugins:/opt/ros/humble/opt/rviz_ogre_vendor/lib:/opt/ros/humble/lib/x86_64-linux-gnu:/opt/ros/humble/lib /usr/bin/cmake --install /home/ubuntu/rj_training_container/training_ws/build/localization
[522.717s] Level 1:colcon.colcon_core.environment:checking '/home/ubuntu/rj_training_container/training_ws/install/localization' for CMake config files
[522.870s] Level 1:colcon.colcon_core.shell:create_environment_hook('localization', 'cmake_prefix_path')
[522.871s] INFO:colcon.colcon_core.shell:Creating environment hook '/home/ubuntu/rj_training_container/training_ws/install/localization/share/localization/hook/cmake_prefix_path.ps1'
[522.904s] INFO:colcon.colcon_core.shell:Creating environment descriptor '/home/ubuntu/rj_training_container/training_ws/install/localization/share/localization/hook/cmake_prefix_path.dsv'
[522.935s] INFO:colcon.colcon_core.shell:Creating environment hook '/home/ubuntu/rj_training_container/training_ws/install/localization/share/localization/hook/cmake_prefix_path.sh'
[522.969s] Level 1:colcon.colcon_core.environment:checking '/home/ubuntu/rj_training_container/training_ws/install/localization/lib'
[522.979s] Level 1:colcon.colcon_core.shell:create_environment_hook('localization', 'ld_library_path_lib')
[522.980s] INFO:colcon.colcon_core.shell:Creating environment hook '/home/ubuntu/rj_training_container/training_ws/install/localization/share/localization/hook/ld_library_path_lib.ps1'
[523.010s] INFO:colcon.colcon_core.shell:Creating environment descriptor '/home/ubuntu/rj_training_container/training_ws/install/localization/share/localization/hook/ld_library_path_lib.dsv'
[523.038s] INFO:colcon.colcon_core.shell:Creating environment hook '/home/ubuntu/rj_training_container/training_ws/install/localization/share/localization/hook/ld_library_path_lib.sh'
[523.066s] Level 1:colcon.colcon_core.environment:checking '/home/ubuntu/rj_training_container/training_ws/install/localization/bin'
[523.068s] Level 1:colcon.colcon_core.environment:checking '/home/ubuntu/rj_training_container/training_ws/install/localization/lib/pkgconfig/localization.pc'
[523.071s] Level 1:colcon.colcon_core.environment:checking '/home/ubuntu/rj_training_container/training_ws/install/localization/lib/python3.10/site-packages'
[523.075s] Level 1:colcon.colcon_core.environment:checking '/home/ubuntu/rj_training_container/training_ws/install/localization/bin'
[523.077s] INFO:colcon.colcon_core.shell:Creating package script '/home/ubuntu/rj_training_container/training_ws/install/localization/share/localization/package.ps1'
[523.101s] INFO:colcon.colcon_core.shell:Creating package descriptor '/home/ubuntu/rj_training_container/training_ws/install/localization/share/localization/package.dsv'
[523.126s] INFO:colcon.colcon_core.shell:Creating package script '/home/ubuntu/rj_training_container/training_ws/install/localization/share/localization/package.sh'
[523.150s] INFO:colcon.colcon_core.shell:Creating package script '/home/ubuntu/rj_training_container/training_ws/install/localization/share/localization/package.bash'
[523.174s] INFO:colcon.colcon_core.shell:Creating package script '/home/ubuntu/rj_training_container/training_ws/install/localization/share/localization/package.zsh'
[523.198s] Level 1:colcon.colcon_core.environment:create_file_with_runtime_dependencies(/home/ubuntu/rj_training_container/training_ws/install/localization/share/colcon-core/packages/localization)
[534.493s] DEBUG:colcon.colcon_core.event_handler.log_command:Invoking command in '/home/ubuntu/rj_training_container/training_ws/build/stsl_rviz_plugins': CMAKE_PREFIX_PATH=/home/ubuntu/rj_training_container/training_ws/install/stsl_interfaces:/home/ubuntu/rj_training_container/training_ws/install/stsl_desktop:/home/ubuntu/rj_training_container/training_ws/install/traini_bringup:/home/ubuntu/rj_training_container/training_ws/install/traini_gazebo:/home/ubuntu/rj_training_container/training_ws/install/traini_description:/home/ubuntu/rj_training_container/training_ws/install/teleop:/home/ubuntu/rj_training_container/training_ws/install/stsl_utils:/home/ubuntu/rj_training_container/training_ws/install/stsl_rviz_plugins:/home/ubuntu/rj_training_container/training_ws/install/stsl_nav_plugins:/home/ubuntu/rj_training_container/training_ws/install/mission_orchestration:/home/ubuntu/rj_training_container/training_ws/install/stsl_bt_nodes:/home/ubuntu/rj_training_container/training_ws/install/stsl_aruco_tags:/home/ubuntu/rj_training_container/training_ws/install/peak_finder:/home/ubuntu/rj_training_container/training_ws/install/mineral_deposit_tracking:/home/ubuntu/rj_training_container/training_ws/install/mineral_deposit_detection:/home/ubuntu/rj_training_container/training_ws/install/localization:/home/ubuntu/rj_training_container/training_ws/install/elevation_server:/home/ubuntu/rj_training_container/training_ws/install/coordinate_transform:/home/ubuntu/rj_training_container/training_ws/install/stsl_gazebo_plugins:/home/ubuntu/rj_training_container/training_ws/install/rj_training_bringup:/home/ubuntu/rj_training_container/training_ws/install/obstacle_detector:/home/ubuntu/rj_training_container/training_ws/install/mapping:/home/ubuntu/rj_training_container/training_ws/install/joystick_package:/home/ubuntu/rj_training_container/training_ws/install/joystick_msgs:/home/ubuntu/rj_training_container/training_ws/install/controllers:/home/ubuntu/rj_training_container/training_ws/install/astar_path_planner:/home/ubuntu/rj_training_container/training_ws/install/keyboard:/opt/ros/humble LD_LIBRARY_PATH=/home/ubuntu/rj_training_container/training_ws/install/stsl_interfaces/lib:/home/ubuntu/rj_training_container/training_ws/install/teleop/lib:/home/ubuntu/rj_training_container/training_ws/install/stsl_utils/lib:/home/ubuntu/rj_training_container/training_ws/install/stsl_rviz_plugins/lib:/home/ubuntu/rj_training_container/training_ws/install/stsl_nav_plugins/lib:/home/ubuntu/rj_training_container/training_ws/install/mission_orchestration/lib:/home/ubuntu/rj_training_container/training_ws/install/stsl_bt_nodes/lib:/home/ubuntu/rj_training_container/training_ws/install/stsl_aruco_tags/lib:/home/ubuntu/rj_training_container/training_ws/install/peak_finder/lib:/home/ubuntu/rj_training_container/training_ws/install/mineral_deposit_tracking/lib:/home/ubuntu/rj_training_container/training_ws/install/mineral_deposit_detection/lib:/home/ubuntu/rj_training_container/training_ws/install/localization/lib:/home/ubuntu/rj_training_container/training_ws/install/elevation_server/lib:/home/ubuntu/rj_training_container/training_ws/install/coordinate_transform/lib:/home/ubuntu/rj_training_container/training_ws/install/stsl_gazebo_plugins/lib:/home/ubuntu/rj_training_container/training_ws/install/obstacle_detector/lib:/home/ubuntu/rj_training_container/training_ws/install/mapping/lib:/home/ubuntu/rj_training_container/training_ws/install/joystick_package/lib:/home/ubuntu/rj_training_container/training_ws/install/joystick_msgs/lib:/home/ubuntu/rj_training_container/training_ws/install/controllers/lib:/home/ubuntu/rj_training_container/training_ws/install/astar_path_planner/lib:/usr/lib/x86_64-linux-gnu/gazebo-11/plugins:/opt/ros/humble/opt/rviz_ogre_vendor/lib:/opt/ros/humble/lib/x86_64-linux-gnu:/opt/ros/humble/lib /usr/bin/cmake --install /home/ubuntu/rj_training_container/training_ws/build/stsl_rviz_plugins
[536.908s] Level 1:colcon.colcon_core.environment:create_environment_scripts_only(elevation_server)
[536.909s] Level 1:colcon.colcon_core.environment:checking '/home/ubuntu/rj_training_container/training_ws/install/elevation_server' for CMake module files
[537.082s] Level 1:colcon.colcon_core.environment:checking '/home/ubuntu/rj_training_container/training_ws/install/elevation_server' for CMake config files
[537.237s] Level 1:colcon.colcon_core.shell:create_environment_hook('elevation_server', 'cmake_prefix_path')
[537.238s] INFO:colcon.colcon_core.shell:Creating environment hook '/home/ubuntu/rj_training_container/training_ws/install/elevation_server/share/elevation_server/hook/cmake_prefix_path.ps1'
[537.262s] INFO:colcon.colcon_core.shell:Creating environment descriptor '/home/ubuntu/rj_training_container/training_ws/install/elevation_server/share/elevation_server/hook/cmake_prefix_path.dsv'
[537.290s] INFO:colcon.colcon_core.shell:Creating environment hook '/home/ubuntu/rj_training_container/training_ws/install/elevation_server/share/elevation_server/hook/cmake_prefix_path.sh'
[537.325s] Level 1:colcon.colcon_core.environment:checking '/home/ubuntu/rj_training_container/training_ws/install/elevation_server/lib'
[537.330s] Level 1:colcon.colcon_core.shell:create_environment_hook('elevation_server', 'ld_library_path_lib')
[537.330s] INFO:colcon.colcon_core.shell:Creating environment hook '/home/ubuntu/rj_training_container/training_ws/install/elevation_server/share/elevation_server/hook/ld_library_path_lib.ps1'
[537.359s] INFO:colcon.colcon_core.shell:Creating environment descriptor '/home/ubuntu/rj_training_container/training_ws/install/elevation_server/share/elevation_server/hook/ld_library_path_lib.dsv'
[537.387s] INFO:colcon.colcon_core.shell:Creating environment hook '/home/ubuntu/rj_training_container/training_ws/install/elevation_server/share/elevation_server/hook/ld_library_path_lib.sh'
[537.418s] Level 1:colcon.colcon_core.environment:checking '/home/ubuntu/rj_training_container/training_ws/install/elevation_server/bin'
[537.421s] Level 1:colcon.colcon_core.environment:checking '/home/ubuntu/rj_training_container/training_ws/install/elevation_server/lib/pkgconfig/elevation_server.pc'
[537.425s] Level 1:colcon.colcon_core.environment:checking '/home/ubuntu/rj_training_container/training_ws/install/elevation_server/lib/python3.10/site-packages'
[537.429s] Level 1:colcon.colcon_core.environment:checking '/home/ubuntu/rj_training_container/training_ws/install/elevation_server/bin'
[537.433s] INFO:colcon.colcon_core.shell:Creating package script '/home/ubuntu/rj_training_container/training_ws/install/elevation_server/share/elevation_server/package.ps1'
[537.457s] INFO:colcon.colcon_core.shell:Creating package descriptor '/home/ubuntu/rj_training_container/training_ws/install/elevation_server/share/elevation_server/package.dsv'
[537.481s] INFO:colcon.colcon_core.shell:Creating package script '/home/ubuntu/rj_training_container/training_ws/install/elevation_server/share/elevation_server/package.sh'
[537.504s] INFO:colcon.colcon_core.shell:Creating package script '/home/ubuntu/rj_training_container/training_ws/install/elevation_server/share/elevation_server/package.bash'
[537.528s] INFO:colcon.colcon_core.shell:Creating package script '/home/ubuntu/rj_training_container/training_ws/install/elevation_server/share/elevation_server/package.zsh'
[537.553s] Level 1:colcon.colcon_core.environment:create_file_with_runtime_dependencies(/home/ubuntu/rj_training_container/training_ws/install/elevation_server/share/colcon-core/packages/elevation_server)
[537.838s] Level 1:colcon.colcon_core.environment:create_environment_scripts_only(mineral_deposit_detection)
[537.839s] Level 1:colcon.colcon_core.environment:checking '/home/ubuntu/rj_training_container/training_ws/install/mineral_deposit_detection' for CMake module files
[538.002s] Level 1:colcon.colcon_core.environment:checking '/home/ubuntu/rj_training_container/training_ws/install/mineral_deposit_detection' for CMake config files
[538.139s] Level 1:colcon.colcon_core.shell:create_environment_hook('mineral_deposit_detection', 'cmake_prefix_path')
[538.140s] INFO:colcon.colcon_core.shell:Creating environment hook '/home/ubuntu/rj_training_container/training_ws/install/mineral_deposit_detection/share/mineral_deposit_detection/hook/cmake_prefix_path.ps1'
[538.163s] INFO:colcon.colcon_core.shell:Creating environment descriptor '/home/ubuntu/rj_training_container/training_ws/install/mineral_deposit_detection/share/mineral_deposit_detection/hook/cmake_prefix_path.dsv'
[538.190s] INFO:colcon.colcon_core.shell:Creating environment hook '/home/ubuntu/rj_training_container/training_ws/install/mineral_deposit_detection/share/mineral_deposit_detection/hook/cmake_prefix_path.sh'
[538.228s] Level 1:colcon.colcon_core.environment:checking '/home/ubuntu/rj_training_container/training_ws/install/mineral_deposit_detection/lib'
[538.234s] Level 1:colcon.colcon_core.shell:create_environment_hook('mineral_deposit_detection', 'ld_library_path_lib')
[538.235s] INFO:colcon.colcon_core.shell:Creating environment hook '/home/ubuntu/rj_training_container/training_ws/install/mineral_deposit_detection/share/mineral_deposit_detection/hook/ld_library_path_lib.ps1'
[538.259s] INFO:colcon.colcon_core.shell:Creating environment descriptor '/home/ubuntu/rj_training_container/training_ws/install/mineral_deposit_detection/share/mineral_deposit_detection/hook/ld_library_path_lib.dsv'
[538.285s] INFO:colcon.colcon_core.shell:Creating environment hook '/home/ubuntu/rj_training_container/training_ws/install/mineral_deposit_detection/share/mineral_deposit_detection/hook/ld_library_path_lib.sh'
[538.311s] Level 1:colcon.colcon_core.environment:checking '/home/ubuntu/rj_training_container/training_ws/install/mineral_deposit_detection/bin'
[538.313s] Level 1:colcon.colcon_core.environment:checking '/home/ubuntu/rj_training_container/training_ws/install/mineral_deposit_detection/lib/pkgconfig/mineral_deposit_detection.pc'
[538.317s] Level 1:colcon.colcon_core.environment:checking '/home/ubuntu/rj_training_container/training_ws/install/mineral_deposit_detection/lib/python3.10/site-packages'
[538.320s] Level 1:colcon.colcon_core.environment:checking '/home/ubuntu/rj_training_container/training_ws/install/mineral_deposit_detection/bin'
[538.323s] INFO:colcon.colcon_core.shell:Creating package script '/home/ubuntu/rj_training_container/training_ws/install/mineral_deposit_detection/share/mineral_deposit_detection/package.ps1'
[538.344s] INFO:colcon.colcon_core.shell:Creating package descriptor '/home/ubuntu/rj_training_container/training_ws/install/mineral_deposit_detection/share/mineral_deposit_detection/package.dsv'
[538.368s] INFO:colcon.colcon_core.shell:Creating package script '/home/ubuntu/rj_training_container/training_ws/install/mineral_deposit_detection/share/mineral_deposit_detection/package.sh'
[538.388s] INFO:colcon.colcon_core.shell:Creating package script '/home/ubuntu/rj_training_container/training_ws/install/mineral_deposit_detection/share/mineral_deposit_detection/package.bash'
[538.410s] INFO:colcon.colcon_core.shell:Creating package script '/home/ubuntu/rj_training_container/training_ws/install/mineral_deposit_detection/share/mineral_deposit_detection/package.zsh'
[538.433s] Level 1:colcon.colcon_core.environment:create_file_with_runtime_dependencies(/home/ubuntu/rj_training_container/training_ws/install/mineral_deposit_detection/share/colcon-core/packages/mineral_deposit_detection)
[538.845s] Level 1:colcon.colcon_core.environment:create_environment_scripts_only(stsl_rviz_plugins)
[538.846s] Level 1:colcon.colcon_core.environment:checking '/home/ubuntu/rj_training_container/training_ws/install/stsl_rviz_plugins' for CMake module files
[538.848s] DEBUG:colcon.colcon_core.event_handler.log_command:Invoked command in '/home/ubuntu/rj_training_container/training_ws/build/stsl_rviz_plugins' returned '0': CMAKE_PREFIX_PATH=/home/ubuntu/rj_training_container/training_ws/install/stsl_interfaces:/home/ubuntu/rj_training_container/training_ws/install/stsl_desktop:/home/ubuntu/rj_training_container/training_ws/install/traini_bringup:/home/ubuntu/rj_training_container/training_ws/install/traini_gazebo:/home/ubuntu/rj_training_container/training_ws/install/traini_description:/home/ubuntu/rj_training_container/training_ws/install/teleop:/home/ubuntu/rj_training_container/training_ws/install/stsl_utils:/home/ubuntu/rj_training_container/training_ws/install/stsl_rviz_plugins:/home/ubuntu/rj_training_container/training_ws/install/stsl_nav_plugins:/home/ubuntu/rj_training_container/training_ws/install/mission_orchestration:/home/ubuntu/rj_training_container/training_ws/install/stsl_bt_nodes:/home/ubuntu/rj_training_container/training_ws/install/stsl_aruco_tags:/home/ubuntu/rj_training_container/training_ws/install/peak_finder:/home/ubuntu/rj_training_container/training_ws/install/mineral_deposit_tracking:/home/ubuntu/rj_training_container/training_ws/install/mineral_deposit_detection:/home/ubuntu/rj_training_container/training_ws/install/localization:/home/ubuntu/rj_training_container/training_ws/install/elevation_server:/home/ubuntu/rj_training_container/training_ws/install/coordinate_transform:/home/ubuntu/rj_training_container/training_ws/install/stsl_gazebo_plugins:/home/ubuntu/rj_training_container/training_ws/install/rj_training_bringup:/home/ubuntu/rj_training_container/training_ws/install/obstacle_detector:/home/ubuntu/rj_training_container/training_ws/install/mapping:/home/ubuntu/rj_training_container/training_ws/install/joystick_package:/home/ubuntu/rj_training_container/training_ws/install/joystick_msgs:/home/ubuntu/rj_training_container/training_ws/install/controllers:/home/ubuntu/rj_training_container/training_ws/install/astar_path_planner:/home/ubuntu/rj_training_container/training_ws/install/keyboard:/opt/ros/humble LD_LIBRARY_PATH=/home/ubuntu/rj_training_container/training_ws/install/stsl_interfaces/lib:/home/ubuntu/rj_training_container/training_ws/install/teleop/lib:/home/ubuntu/rj_training_container/training_ws/install/stsl_utils/lib:/home/ubuntu/rj_training_container/training_ws/install/stsl_rviz_plugins/lib:/home/ubuntu/rj_training_container/training_ws/install/stsl_nav_plugins/lib:/home/ubuntu/rj_training_container/training_ws/install/mission_orchestration/lib:/home/ubuntu/rj_training_container/training_ws/install/stsl_bt_nodes/lib:/home/ubuntu/rj_training_container/training_ws/install/stsl_aruco_tags/lib:/home/ubuntu/rj_training_container/training_ws/install/peak_finder/lib:/home/ubuntu/rj_training_container/training_ws/install/mineral_deposit_tracking/lib:/home/ubuntu/rj_training_container/training_ws/install/mineral_deposit_detection/lib:/home/ubuntu/rj_training_container/training_ws/install/localization/lib:/home/ubuntu/rj_training_container/training_ws/install/elevation_server/lib:/home/ubuntu/rj_training_container/training_ws/install/coordinate_transform/lib:/home/ubuntu/rj_training_container/training_ws/install/stsl_gazebo_plugins/lib:/home/ubuntu/rj_training_container/training_ws/install/obstacle_detector/lib:/home/ubuntu/rj_training_container/training_ws/install/mapping/lib:/home/ubuntu/rj_training_container/training_ws/install/joystick_package/lib:/home/ubuntu/rj_training_container/training_ws/install/joystick_msgs/lib:/home/ubuntu/rj_training_container/training_ws/install/controllers/lib:/home/ubuntu/rj_training_container/training_ws/install/astar_path_planner/lib:/usr/lib/x86_64-linux-gnu/gazebo-11/plugins:/opt/ros/humble/opt/rviz_ogre_vendor/lib:/opt/ros/humble/lib/x86_64-linux-gnu:/opt/ros/humble/lib /usr/bin/cmake --install /home/ubuntu/rj_training_container/training_ws/build/stsl_rviz_plugins
[538.948s] Level 1:colcon.colcon_core.environment:checking '/home/ubuntu/rj_training_container/training_ws/install/stsl_rviz_plugins' for CMake config files
[539.058s] Level 1:colcon.colcon_core.shell:create_environment_hook('stsl_rviz_plugins', 'cmake_prefix_path')
[539.058s] INFO:colcon.colcon_core.shell:Creating environment hook '/home/ubuntu/rj_training_container/training_ws/install/stsl_rviz_plugins/share/stsl_rviz_plugins/hook/cmake_prefix_path.ps1'
[539.081s] INFO:colcon.colcon_core.shell:Creating environment descriptor '/home/ubuntu/rj_training_container/training_ws/install/stsl_rviz_plugins/share/stsl_rviz_plugins/hook/cmake_prefix_path.dsv'
[539.102s] INFO:colcon.colcon_core.shell:Creating environment hook '/home/ubuntu/rj_training_container/training_ws/install/stsl_rviz_plugins/share/stsl_rviz_plugins/hook/cmake_prefix_path.sh'
[539.129s] Level 1:colcon.colcon_core.environment:checking '/home/ubuntu/rj_training_container/training_ws/install/stsl_rviz_plugins/lib'
[539.135s] Level 1:colcon.colcon_core.shell:create_environment_hook('stsl_rviz_plugins', 'ld_library_path_lib')
[539.136s] INFO:colcon.colcon_core.shell:Creating environment hook '/home/ubuntu/rj_training_container/training_ws/install/stsl_rviz_plugins/share/stsl_rviz_plugins/hook/ld_library_path_lib.ps1'
[539.154s] INFO:colcon.colcon_core.shell:Creating environment descriptor '/home/ubuntu/rj_training_container/training_ws/install/stsl_rviz_plugins/share/stsl_rviz_plugins/hook/ld_library_path_lib.dsv'
[539.173s] INFO:colcon.colcon_core.shell:Creating environment hook '/home/ubuntu/rj_training_container/training_ws/install/stsl_rviz_plugins/share/stsl_rviz_plugins/hook/ld_library_path_lib.sh'
[539.192s] Level 1:colcon.colcon_core.environment:checking '/home/ubuntu/rj_training_container/training_ws/install/stsl_rviz_plugins/bin'
[539.193s] Level 1:colcon.colcon_core.environment:checking '/home/ubuntu/rj_training_container/training_ws/install/stsl_rviz_plugins/lib/pkgconfig/stsl_rviz_plugins.pc'
[539.195s] Level 1:colcon.colcon_core.environment:checking '/home/ubuntu/rj_training_container/training_ws/install/stsl_rviz_plugins/lib/python3.10/site-packages'
[539.197s] Level 1:colcon.colcon_core.environment:checking '/home/ubuntu/rj_training_container/training_ws/install/stsl_rviz_plugins/bin'
[539.199s] INFO:colcon.colcon_core.shell:Creating package script '/home/ubuntu/rj_training_container/training_ws/install/stsl_rviz_plugins/share/stsl_rviz_plugins/package.ps1'
[539.215s] INFO:colcon.colcon_core.shell:Creating package descriptor '/home/ubuntu/rj_training_container/training_ws/install/stsl_rviz_plugins/share/stsl_rviz_plugins/package.dsv'
[539.228s] INFO:colcon.colcon_core.shell:Creating package script '/home/ubuntu/rj_training_container/training_ws/install/stsl_rviz_plugins/share/stsl_rviz_plugins/package.sh'
[539.240s] INFO:colcon.colcon_core.shell:Creating package script '/home/ubuntu/rj_training_container/training_ws/install/stsl_rviz_plugins/share/stsl_rviz_plugins/package.bash'
[539.253s] INFO:colcon.colcon_core.shell:Creating package script '/home/ubuntu/rj_training_container/training_ws/install/stsl_rviz_plugins/share/stsl_rviz_plugins/package.zsh'
[539.266s] Level 1:colcon.colcon_core.environment:create_file_with_runtime_dependencies(/home/ubuntu/rj_training_container/training_ws/install/stsl_rviz_plugins/share/colcon-core/packages/stsl_rviz_plugins)
[539.286s] Level 1:colcon.colcon_core.environment:create_environment_scripts_only(mineral_deposit_tracking)
[539.286s] Level 1:colcon.colcon_core.environment:checking '/home/ubuntu/rj_training_container/training_ws/install/mineral_deposit_tracking' for CMake module files
[539.408s] Level 1:colcon.colcon_core.environment:checking '/home/ubuntu/rj_training_container/training_ws/install/mineral_deposit_tracking' for CMake config files
[539.511s] Level 1:colcon.colcon_core.shell:create_environment_hook('mineral_deposit_tracking', 'cmake_prefix_path')
[539.511s] INFO:colcon.colcon_core.shell:Creating environment hook '/home/ubuntu/rj_training_container/training_ws/install/mineral_deposit_tracking/share/mineral_deposit_tracking/hook/cmake_prefix_path.ps1'
[539.533s] INFO:colcon.colcon_core.shell:Creating environment descriptor '/home/ubuntu/rj_training_container/training_ws/install/mineral_deposit_tracking/share/mineral_deposit_tracking/hook/cmake_prefix_path.dsv'
[539.554s] INFO:colcon.colcon_core.shell:Creating environment hook '/home/ubuntu/rj_training_container/training_ws/install/mineral_deposit_tracking/share/mineral_deposit_tracking/hook/cmake_prefix_path.sh'
[539.581s] Level 1:colcon.colcon_core.environment:checking '/home/ubuntu/rj_training_container/training_ws/install/mineral_deposit_tracking/lib'
[539.587s] Level 1:colcon.colcon_core.shell:create_environment_hook('mineral_deposit_tracking', 'ld_library_path_lib')
[539.588s] INFO:colcon.colcon_core.shell:Creating environment hook '/home/ubuntu/rj_training_container/training_ws/install/mineral_deposit_tracking/share/mineral_deposit_tracking/hook/ld_library_path_lib.ps1'
[539.609s] INFO:colcon.colcon_core.shell:Creating environment descriptor '/home/ubuntu/rj_training_container/training_ws/install/mineral_deposit_tracking/share/mineral_deposit_tracking/hook/ld_library_path_lib.dsv'
[539.629s] INFO:colcon.colcon_core.shell:Creating environment hook '/home/ubuntu/rj_training_container/training_ws/install/mineral_deposit_tracking/share/mineral_deposit_tracking/hook/ld_library_path_lib.sh'
[539.646s] Level 1:colcon.colcon_core.environment:checking '/home/ubuntu/rj_training_container/training_ws/install/mineral_deposit_tracking/bin'
[539.646s] Level 1:colcon.colcon_core.environment:checking '/home/ubuntu/rj_training_container/training_ws/install/mineral_deposit_tracking/lib/pkgconfig/mineral_deposit_tracking.pc'
[539.647s] Level 1:colcon.colcon_core.environment:checking '/home/ubuntu/rj_training_container/training_ws/install/mineral_deposit_tracking/lib/python3.10/site-packages'
[539.650s] Level 1:colcon.colcon_core.environment:checking '/home/ubuntu/rj_training_container/training_ws/install/mineral_deposit_tracking/bin'
[539.652s] INFO:colcon.colcon_core.shell:Creating package script '/home/ubuntu/rj_training_container/training_ws/install/mineral_deposit_tracking/share/mineral_deposit_tracking/package.ps1'
[539.670s] INFO:colcon.colcon_core.shell:Creating package descriptor '/home/ubuntu/rj_training_container/training_ws/install/mineral_deposit_tracking/share/mineral_deposit_tracking/package.dsv'
[539.687s] INFO:colcon.colcon_core.shell:Creating package script '/home/ubuntu/rj_training_container/training_ws/install/mineral_deposit_tracking/share/mineral_deposit_tracking/package.sh'
[539.704s] INFO:colcon.colcon_core.shell:Creating package script '/home/ubuntu/rj_training_container/training_ws/install/mineral_deposit_tracking/share/mineral_deposit_tracking/package.bash'
[539.723s] INFO:colcon.colcon_core.shell:Creating package script '/home/ubuntu/rj_training_container/training_ws/install/mineral_deposit_tracking/share/mineral_deposit_tracking/package.zsh'
[539.741s] Level 1:colcon.colcon_core.environment:create_file_with_runtime_dependencies(/home/ubuntu/rj_training_container/training_ws/install/mineral_deposit_tracking/share/colcon-core/packages/mineral_deposit_tracking)
[539.771s] DEBUG:colcon.colcon_core.event_handler.log_command:Invoked command in '/home/ubuntu/rj_training_container/training_ws/build/coordinate_transform' returned '0': CMAKE_PREFIX_PATH=/home/ubuntu/rj_training_container/training_ws/install/stsl_interfaces:/home/ubuntu/rj_training_container/training_ws/install/stsl_desktop:/home/ubuntu/rj_training_container/training_ws/install/traini_bringup:/home/ubuntu/rj_training_container/training_ws/install/traini_gazebo:/home/ubuntu/rj_training_container/training_ws/install/traini_description:/home/ubuntu/rj_training_container/training_ws/install/teleop:/home/ubuntu/rj_training_container/training_ws/install/stsl_utils:/home/ubuntu/rj_training_container/training_ws/install/stsl_rviz_plugins:/home/ubuntu/rj_training_container/training_ws/install/stsl_nav_plugins:/home/ubuntu/rj_training_container/training_ws/install/mission_orchestration:/home/ubuntu/rj_training_container/training_ws/install/stsl_bt_nodes:/home/ubuntu/rj_training_container/training_ws/install/stsl_aruco_tags:/home/ubuntu/rj_training_container/training_ws/install/peak_finder:/home/ubuntu/rj_training_container/training_ws/install/mineral_deposit_tracking:/home/ubuntu/rj_training_container/training_ws/install/mineral_deposit_detection:/home/ubuntu/rj_training_container/training_ws/install/localization:/home/ubuntu/rj_training_container/training_ws/install/elevation_server:/home/ubuntu/rj_training_container/training_ws/install/coordinate_transform:/home/ubuntu/rj_training_container/training_ws/install/stsl_gazebo_plugins:/home/ubuntu/rj_training_container/training_ws/install/rj_training_bringup:/home/ubuntu/rj_training_container/training_ws/install/obstacle_detector:/home/ubuntu/rj_training_container/training_ws/install/mapping:/home/ubuntu/rj_training_container/training_ws/install/joystick_package:/home/ubuntu/rj_training_container/training_ws/install/joystick_msgs:/home/ubuntu/rj_training_container/training_ws/install/controllers:/home/ubuntu/rj_training_container/training_ws/install/astar_path_planner:/home/ubuntu/rj_training_container/training_ws/install/keyboard:/opt/ros/humble LD_LIBRARY_PATH=/home/ubuntu/rj_training_container/training_ws/install/stsl_interfaces/lib:/home/ubuntu/rj_training_container/training_ws/install/teleop/lib:/home/ubuntu/rj_training_container/training_ws/install/stsl_utils/lib:/home/ubuntu/rj_training_container/training_ws/install/stsl_rviz_plugins/lib:/home/ubuntu/rj_training_container/training_ws/install/stsl_nav_plugins/lib:/home/ubuntu/rj_training_container/training_ws/install/mission_orchestration/lib:/home/ubuntu/rj_training_container/training_ws/install/stsl_bt_nodes/lib:/home/ubuntu/rj_training_container/training_ws/install/stsl_aruco_tags/lib:/home/ubuntu/rj_training_container/training_ws/install/peak_finder/lib:/home/ubuntu/rj_training_container/training_ws/install/mineral_deposit_tracking/lib:/home/ubuntu/rj_training_container/training_ws/install/mineral_deposit_detection/lib:/home/ubuntu/rj_training_container/training_ws/install/localization/lib:/home/ubuntu/rj_training_container/training_ws/install/elevation_server/lib:/home/ubuntu/rj_training_container/training_ws/install/coordinate_transform/lib:/home/ubuntu/rj_training_container/training_ws/install/stsl_gazebo_plugins/lib:/home/ubuntu/rj_training_container/training_ws/install/obstacle_detector/lib:/home/ubuntu/rj_training_container/training_ws/install/mapping/lib:/home/ubuntu/rj_training_container/training_ws/install/joystick_package/lib:/home/ubuntu/rj_training_container/training_ws/install/joystick_msgs/lib:/home/ubuntu/rj_training_container/training_ws/install/controllers/lib:/home/ubuntu/rj_training_container/training_ws/install/astar_path_planner/lib:/usr/lib/x86_64-linux-gnu/gazebo-11/plugins:/opt/ros/humble/opt/rviz_ogre_vendor/lib:/opt/ros/humble/lib/x86_64-linux-gnu:/opt/ros/humble/lib /usr/bin/cmake --build /home/ubuntu/rj_training_container/training_ws/build/coordinate_transform -- -j16 -l16
[542.052s] Level 1:colcon.colcon_core.environment:create_environment_scripts_only(peak_finder)
[542.053s] Level 1:colcon.colcon_core.environment:checking '/home/ubuntu/rj_training_container/training_ws/install/peak_finder' for CMake module files
[542.181s] Level 1:colcon.colcon_core.environment:checking '/home/ubuntu/rj_training_container/training_ws/install/peak_finder' for CMake config files
[542.293s] Level 1:colcon.colcon_core.shell:create_environment_hook('peak_finder', 'cmake_prefix_path')
[542.293s] INFO:colcon.colcon_core.shell:Creating environment hook '/home/ubuntu/rj_training_container/training_ws/install/peak_finder/share/peak_finder/hook/cmake_prefix_path.ps1'
[542.311s] INFO:colcon.colcon_core.shell:Creating environment descriptor '/home/ubuntu/rj_training_container/training_ws/install/peak_finder/share/peak_finder/hook/cmake_prefix_path.dsv'
[542.328s] INFO:colcon.colcon_core.shell:Creating environment hook '/home/ubuntu/rj_training_container/training_ws/install/peak_finder/share/peak_finder/hook/cmake_prefix_path.sh'
[542.353s] Level 1:colcon.colcon_core.environment:checking '/home/ubuntu/rj_training_container/training_ws/install/peak_finder/lib'
[542.359s] Level 1:colcon.colcon_core.shell:create_environment_hook('peak_finder', 'ld_library_path_lib')
[542.360s] INFO:colcon.colcon_core.shell:Creating environment hook '/home/ubuntu/rj_training_container/training_ws/install/peak_finder/share/peak_finder/hook/ld_library_path_lib.ps1'
[542.382s] INFO:colcon.colcon_core.shell:Creating environment descriptor '/home/ubuntu/rj_training_container/training_ws/install/peak_finder/share/peak_finder/hook/ld_library_path_lib.dsv'
[542.405s] INFO:colcon.colcon_core.shell:Creating environment hook '/home/ubuntu/rj_training_container/training_ws/install/peak_finder/share/peak_finder/hook/ld_library_path_lib.sh'
[542.425s] Level 1:colcon.colcon_core.environment:checking '/home/ubuntu/rj_training_container/training_ws/install/peak_finder/bin'
[542.427s] Level 1:colcon.colcon_core.environment:checking '/home/ubuntu/rj_training_container/training_ws/install/peak_finder/lib/pkgconfig/peak_finder.pc'
[542.429s] Level 1:colcon.colcon_core.environment:checking '/home/ubuntu/rj_training_container/training_ws/install/peak_finder/lib/python3.10/site-packages'
[542.432s] Level 1:colcon.colcon_core.environment:checking '/home/ubuntu/rj_training_container/training_ws/install/peak_finder/bin'
[542.433s] INFO:colcon.colcon_core.shell:Creating package script '/home/ubuntu/rj_training_container/training_ws/install/peak_finder/share/peak_finder/package.ps1'
[542.449s] INFO:colcon.colcon_core.shell:Creating package descriptor '/home/ubuntu/rj_training_container/training_ws/install/peak_finder/share/peak_finder/package.dsv'
[542.469s] INFO:colcon.colcon_core.shell:Creating package script '/home/ubuntu/rj_training_container/training_ws/install/peak_finder/share/peak_finder/package.sh'
[542.485s] INFO:colcon.colcon_core.shell:Creating package script '/home/ubuntu/rj_training_container/training_ws/install/peak_finder/share/peak_finder/package.bash'
[542.504s] INFO:colcon.colcon_core.shell:Creating package script '/home/ubuntu/rj_training_container/training_ws/install/peak_finder/share/peak_finder/package.zsh'
[542.521s] Level 1:colcon.colcon_core.environment:create_file_with_runtime_dependencies(/home/ubuntu/rj_training_container/training_ws/install/peak_finder/share/colcon-core/packages/peak_finder)
[548.125s] Level 1:colcon.colcon_core.environment:create_environment_scripts_only(localization)
[548.126s] Level 1:colcon.colcon_core.environment:checking '/home/ubuntu/rj_training_container/training_ws/install/localization' for CMake module files
[548.233s] Level 1:colcon.colcon_core.environment:checking '/home/ubuntu/rj_training_container/training_ws/install/localization' for CMake config files
[548.313s] Level 1:colcon.colcon_core.shell:create_environment_hook('localization', 'cmake_prefix_path')
[548.313s] INFO:colcon.colcon_core.shell:Creating environment hook '/home/ubuntu/rj_training_container/training_ws/install/localization/share/localization/hook/cmake_prefix_path.ps1'
[548.330s] INFO:colcon.colcon_core.shell:Creating environment descriptor '/home/ubuntu/rj_training_container/training_ws/install/localization/share/localization/hook/cmake_prefix_path.dsv'
[548.347s] INFO:colcon.colcon_core.shell:Creating environment hook '/home/ubuntu/rj_training_container/training_ws/install/localization/share/localization/hook/cmake_prefix_path.sh'
[548.366s] Level 1:colcon.colcon_core.environment:checking '/home/ubuntu/rj_training_container/training_ws/install/localization/lib'
[548.370s] Level 1:colcon.colcon_core.shell:create_environment_hook('localization', 'ld_library_path_lib')
[548.371s] INFO:colcon.colcon_core.shell:Creating environment hook '/home/ubuntu/rj_training_container/training_ws/install/localization/share/localization/hook/ld_library_path_lib.ps1'
[548.386s] INFO:colcon.colcon_core.shell:Creating environment descriptor '/home/ubuntu/rj_training_container/training_ws/install/localization/share/localization/hook/ld_library_path_lib.dsv'
[548.401s] INFO:colcon.colcon_core.shell:Creating environment hook '/home/ubuntu/rj_training_container/training_ws/install/localization/share/localization/hook/ld_library_path_lib.sh'
[548.414s] Level 1:colcon.colcon_core.environment:checking '/home/ubuntu/rj_training_container/training_ws/install/localization/bin'
[548.414s] Level 1:colcon.colcon_core.environment:checking '/home/ubuntu/rj_training_container/training_ws/install/localization/lib/pkgconfig/localization.pc'
[548.415s] Level 1:colcon.colcon_core.environment:checking '/home/ubuntu/rj_training_container/training_ws/install/localization/lib/python3.10/site-packages'
[548.417s] Level 1:colcon.colcon_core.environment:checking '/home/ubuntu/rj_training_container/training_ws/install/localization/bin'
[548.419s] INFO:colcon.colcon_core.shell:Creating package script '/home/ubuntu/rj_training_container/training_ws/install/localization/share/localization/package.ps1'
[548.433s] INFO:colcon.colcon_core.shell:Creating package descriptor '/home/ubuntu/rj_training_container/training_ws/install/localization/share/localization/package.dsv'
[548.446s] INFO:colcon.colcon_core.shell:Creating package script '/home/ubuntu/rj_training_container/training_ws/install/localization/share/localization/package.sh'
[548.459s] INFO:colcon.colcon_core.shell:Creating package script '/home/ubuntu/rj_training_container/training_ws/install/localization/share/localization/package.bash'
[548.472s] INFO:colcon.colcon_core.shell:Creating package script '/home/ubuntu/rj_training_container/training_ws/install/localization/share/localization/package.zsh'
[548.484s] Level 1:colcon.colcon_core.environment:create_file_with_runtime_dependencies(/home/ubuntu/rj_training_container/training_ws/install/localization/share/colcon-core/packages/localization)
[548.497s] Level 1:colcon.colcon_core.environment:create_environment_scripts_only(stsl_aruco_tags)
[548.497s] Level 1:colcon.colcon_core.environment:checking '/home/ubuntu/rj_training_container/training_ws/install/stsl_aruco_tags' for CMake module files
[548.629s] Level 1:colcon.colcon_core.environment:checking '/home/ubuntu/rj_training_container/training_ws/install/stsl_aruco_tags' for CMake config files
[548.714s] Level 1:colcon.colcon_core.shell:create_environment_hook('stsl_aruco_tags', 'cmake_prefix_path')
[548.715s] INFO:colcon.colcon_core.shell:Creating environment hook '/home/ubuntu/rj_training_container/training_ws/install/stsl_aruco_tags/share/stsl_aruco_tags/hook/cmake_prefix_path.ps1'
[548.729s] INFO:colcon.colcon_core.shell:Creating environment descriptor '/home/ubuntu/rj_training_container/training_ws/install/stsl_aruco_tags/share/stsl_aruco_tags/hook/cmake_prefix_path.dsv'
[548.743s] INFO:colcon.colcon_core.shell:Creating environment hook '/home/ubuntu/rj_training_container/training_ws/install/stsl_aruco_tags/share/stsl_aruco_tags/hook/cmake_prefix_path.sh'
[548.760s] Level 1:colcon.colcon_core.environment:checking '/home/ubuntu/rj_training_container/training_ws/install/stsl_aruco_tags/lib'
[548.764s] Level 1:colcon.colcon_core.shell:create_environment_hook('stsl_aruco_tags', 'ld_library_path_lib')
[548.764s] INFO:colcon.colcon_core.shell:Creating environment hook '/home/ubuntu/rj_training_container/training_ws/install/stsl_aruco_tags/share/stsl_aruco_tags/hook/ld_library_path_lib.ps1'
[548.779s] INFO:colcon.colcon_core.shell:Creating environment descriptor '/home/ubuntu/rj_training_container/training_ws/install/stsl_aruco_tags/share/stsl_aruco_tags/hook/ld_library_path_lib.dsv'
[548.795s] INFO:colcon.colcon_core.shell:Creating environment hook '/home/ubuntu/rj_training_container/training_ws/install/stsl_aruco_tags/share/stsl_aruco_tags/hook/ld_library_path_lib.sh'
[548.809s] Level 1:colcon.colcon_core.environment:checking '/home/ubuntu/rj_training_container/training_ws/install/stsl_aruco_tags/bin'
[548.810s] Level 1:colcon.colcon_core.environment:checking '/home/ubuntu/rj_training_container/training_ws/install/stsl_aruco_tags/lib/pkgconfig/stsl_aruco_tags.pc'
[548.811s] Level 1:colcon.colcon_core.environment:checking '/home/ubuntu/rj_training_container/training_ws/install/stsl_aruco_tags/lib/python3.10/site-packages'
[548.813s] Level 1:colcon.colcon_core.environment:checking '/home/ubuntu/rj_training_container/training_ws/install/stsl_aruco_tags/bin'
[548.814s] INFO:colcon.colcon_core.shell:Creating package script '/home/ubuntu/rj_training_container/training_ws/install/stsl_aruco_tags/share/stsl_aruco_tags/package.ps1'
[548.825s] INFO:colcon.colcon_core.shell:Creating package descriptor '/home/ubuntu/rj_training_container/training_ws/install/stsl_aruco_tags/share/stsl_aruco_tags/package.dsv'
[548.839s] INFO:colcon.colcon_core.shell:Creating package script '/home/ubuntu/rj_training_container/training_ws/install/stsl_aruco_tags/share/stsl_aruco_tags/package.sh'
[548.851s] INFO:colcon.colcon_core.shell:Creating package script '/home/ubuntu/rj_training_container/training_ws/install/stsl_aruco_tags/share/stsl_aruco_tags/package.bash'
[548.864s] INFO:colcon.colcon_core.shell:Creating package script '/home/ubuntu/rj_training_container/training_ws/install/stsl_aruco_tags/share/stsl_aruco_tags/package.zsh'
[548.876s] Level 1:colcon.colcon_core.environment:create_file_with_runtime_dependencies(/home/ubuntu/rj_training_container/training_ws/install/stsl_aruco_tags/share/colcon-core/packages/stsl_aruco_tags)
[548.885s] INFO:colcon.colcon_ros.task.ament_cmake.build:Building ROS package in '/home/ubuntu/rj_training_container/training_ws/src/stsl/traini_gazebo' with build type 'ament_cmake'
[548.886s] INFO:colcon.colcon_cmake.task.cmake.build:Building CMake package in '/home/ubuntu/rj_training_container/training_ws/src/stsl/traini_gazebo'
[548.887s] INFO:colcon.colcon_core.shell:Skip shell extension 'powershell' for command environment: Not usable outside of PowerShell
[548.887s] DEBUG:colcon.colcon_core.shell:Skip shell extension 'dsv' for command environment
[549.225s] Level 1:colcon.colcon_core.environment:create_environment_scripts_only(stsl_bt_nodes)
[549.226s] Level 1:colcon.colcon_core.environment:checking '/home/ubuntu/rj_training_container/training_ws/install/stsl_bt_nodes' for CMake module files
[549.328s] Level 1:colcon.colcon_core.environment:checking '/home/ubuntu/rj_training_container/training_ws/install/stsl_bt_nodes' for CMake config files
[549.398s] Level 1:colcon.colcon_core.shell:create_environment_hook('stsl_bt_nodes', 'cmake_prefix_path')
[549.399s] INFO:colcon.colcon_core.shell:Creating environment hook '/home/ubuntu/rj_training_container/training_ws/install/stsl_bt_nodes/share/stsl_bt_nodes/hook/cmake_prefix_path.ps1'
[549.415s] INFO:colcon.colcon_core.shell:Creating environment descriptor '/home/ubuntu/rj_training_container/training_ws/install/stsl_bt_nodes/share/stsl_bt_nodes/hook/cmake_prefix_path.dsv'
[549.431s] INFO:colcon.colcon_core.shell:Creating environment hook '/home/ubuntu/rj_training_container/training_ws/install/stsl_bt_nodes/share/stsl_bt_nodes/hook/cmake_prefix_path.sh'
[549.450s] Level 1:colcon.colcon_core.environment:checking '/home/ubuntu/rj_training_container/training_ws/install/stsl_bt_nodes/lib'
[549.452s] Level 1:colcon.colcon_core.shell:create_environment_hook('stsl_bt_nodes', 'ld_library_path_lib')
[549.453s] INFO:colcon.colcon_core.shell:Creating environment hook '/home/ubuntu/rj_training_container/training_ws/install/stsl_bt_nodes/share/stsl_bt_nodes/hook/ld_library_path_lib.ps1'
[549.466s] INFO:colcon.colcon_core.shell:Creating environment descriptor '/home/ubuntu/rj_training_container/training_ws/install/stsl_bt_nodes/share/stsl_bt_nodes/hook/ld_library_path_lib.dsv'
[549.480s] INFO:colcon.colcon_core.shell:Creating environment hook '/home/ubuntu/rj_training_container/training_ws/install/stsl_bt_nodes/share/stsl_bt_nodes/hook/ld_library_path_lib.sh'
[549.496s] Level 1:colcon.colcon_core.environment:checking '/home/ubuntu/rj_training_container/training_ws/install/stsl_bt_nodes/bin'
[549.498s] Level 1:colcon.colcon_core.environment:checking '/home/ubuntu/rj_training_container/training_ws/install/stsl_bt_nodes/lib/pkgconfig/stsl_bt_nodes.pc'
[549.500s] Level 1:colcon.colcon_core.environment:checking '/home/ubuntu/rj_training_container/training_ws/install/stsl_bt_nodes/lib/python3.10/site-packages'
[549.502s] Level 1:colcon.colcon_core.environment:checking '/home/ubuntu/rj_training_container/training_ws/install/stsl_bt_nodes/bin'
[549.503s] INFO:colcon.colcon_core.shell:Creating package script '/home/ubuntu/rj_training_container/training_ws/install/stsl_bt_nodes/share/stsl_bt_nodes/package.ps1'
[549.515s] INFO:colcon.colcon_core.shell:Creating package descriptor '/home/ubuntu/rj_training_container/training_ws/install/stsl_bt_nodes/share/stsl_bt_nodes/package.dsv'
[549.529s] INFO:colcon.colcon_core.shell:Creating package script '/home/ubuntu/rj_training_container/training_ws/install/stsl_bt_nodes/share/stsl_bt_nodes/package.sh'
[549.541s] INFO:colcon.colcon_core.shell:Creating package script '/home/ubuntu/rj_training_container/training_ws/install/stsl_bt_nodes/share/stsl_bt_nodes/package.bash'
[549.552s] INFO:colcon.colcon_core.shell:Creating package script '/home/ubuntu/rj_training_container/training_ws/install/stsl_bt_nodes/share/stsl_bt_nodes/package.zsh'
[549.566s] Level 1:colcon.colcon_core.environment:create_file_with_runtime_dependencies(/home/ubuntu/rj_training_container/training_ws/install/stsl_bt_nodes/share/colcon-core/packages/stsl_bt_nodes)
[549.577s] INFO:colcon.colcon_ros.task.ament_cmake.build:Building ROS package in '/home/ubuntu/rj_training_container/training_ws/src/stsl/mission_orchestration' with build type 'ament_cmake'
[549.577s] INFO:colcon.colcon_cmake.task.cmake.build:Building CMake package in '/home/ubuntu/rj_training_container/training_ws/src/stsl/mission_orchestration'
[549.578s] INFO:colcon.colcon_core.shell:Skip shell extension 'powershell' for command environment: Not usable outside of PowerShell
[549.578s] DEBUG:colcon.colcon_core.shell:Skip shell extension 'dsv' for command environment
[551.155s] DEBUG:colcon.colcon_core.event_handler.log_command:Invoking command in '/home/ubuntu/rj_training_container/training_ws/build/traini_gazebo': CMAKE_PREFIX_PATH=/home/ubuntu/rj_training_container/training_ws/install/stsl_aruco_tags:/home/ubuntu/rj_training_container/training_ws/install/stsl_interfaces:/home/ubuntu/rj_training_container/training_ws/install/stsl_gazebo_plugins:/home/ubuntu/rj_training_container/training_ws/install/stsl_desktop:/home/ubuntu/rj_training_container/training_ws/install/traini_bringup:/home/ubuntu/rj_training_container/training_ws/install/traini_gazebo:/home/ubuntu/rj_training_container/training_ws/install/traini_description:/home/ubuntu/rj_training_container/training_ws/install/teleop:/home/ubuntu/rj_training_container/training_ws/install/stsl_utils:/home/ubuntu/rj_training_container/training_ws/install/stsl_rviz_plugins:/home/ubuntu/rj_training_container/training_ws/install/stsl_nav_plugins:/home/ubuntu/rj_training_container/training_ws/install/mission_orchestration:/home/ubuntu/rj_training_container/training_ws/install/stsl_bt_nodes:/home/ubuntu/rj_training_container/training_ws/install/peak_finder:/home/ubuntu/rj_training_container/training_ws/install/mineral_deposit_tracking:/home/ubuntu/rj_training_container/training_ws/install/mineral_deposit_detection:/home/ubuntu/rj_training_container/training_ws/install/localization:/home/ubuntu/rj_training_container/training_ws/install/elevation_server:/home/ubuntu/rj_training_container/training_ws/install/coordinate_transform:/home/ubuntu/rj_training_container/training_ws/install/rj_training_bringup:/home/ubuntu/rj_training_container/training_ws/install/obstacle_detector:/home/ubuntu/rj_training_container/training_ws/install/mapping:/home/ubuntu/rj_training_container/training_ws/install/joystick_package:/home/ubuntu/rj_training_container/training_ws/install/joystick_msgs:/home/ubuntu/rj_training_container/training_ws/install/controllers:/home/ubuntu/rj_training_container/training_ws/install/astar_path_planner:/home/ubuntu/rj_training_container/training_ws/install/keyboard:/opt/ros/humble LD_LIBRARY_PATH=/home/ubuntu/rj_training_container/training_ws/install/stsl_aruco_tags/lib:/home/ubuntu/rj_training_container/training_ws/install/stsl_interfaces/lib:/home/ubuntu/rj_training_container/training_ws/install/stsl_gazebo_plugins/lib:/home/ubuntu/rj_training_container/training_ws/install/teleop/lib:/home/ubuntu/rj_training_container/training_ws/install/stsl_utils/lib:/home/ubuntu/rj_training_container/training_ws/install/stsl_rviz_plugins/lib:/home/ubuntu/rj_training_container/training_ws/install/stsl_nav_plugins/lib:/home/ubuntu/rj_training_container/training_ws/install/mission_orchestration/lib:/home/ubuntu/rj_training_container/training_ws/install/stsl_bt_nodes/lib:/home/ubuntu/rj_training_container/training_ws/install/peak_finder/lib:/home/ubuntu/rj_training_container/training_ws/install/mineral_deposit_tracking/lib:/home/ubuntu/rj_training_container/training_ws/install/mineral_deposit_detection/lib:/home/ubuntu/rj_training_container/training_ws/install/localization/lib:/home/ubuntu/rj_training_container/training_ws/install/elevation_server/lib:/home/ubuntu/rj_training_container/training_ws/install/coordinate_transform/lib:/home/ubuntu/rj_training_container/training_ws/install/obstacle_detector/lib:/home/ubuntu/rj_training_container/training_ws/install/mapping/lib:/home/ubuntu/rj_training_container/training_ws/install/joystick_package/lib:/home/ubuntu/rj_training_container/training_ws/install/joystick_msgs/lib:/home/ubuntu/rj_training_container/training_ws/install/controllers/lib:/home/ubuntu/rj_training_container/training_ws/install/astar_path_planner/lib:/usr/lib/x86_64-linux-gnu/gazebo-11/plugins:/opt/ros/humble/opt/rviz_ogre_vendor/lib:/opt/ros/humble/lib/x86_64-linux-gnu:/opt/ros/humble/lib /usr/bin/cmake --build /home/ubuntu/rj_training_container/training_ws/build/traini_gazebo -- -j16 -l16
[552.104s] DEBUG:colcon.colcon_core.event_handler.log_command:Invoking command in '/home/ubuntu/rj_training_container/training_ws/build/mission_orchestration': CMAKE_PREFIX_PATH=/home/ubuntu/rj_training_container/training_ws/install/stsl_bt_nodes:/home/ubuntu/rj_training_container/training_ws/install/stsl_interfaces:/home/ubuntu/rj_training_container/training_ws/install/stsl_desktop:/home/ubuntu/rj_training_container/training_ws/install/traini_bringup:/home/ubuntu/rj_training_container/training_ws/install/traini_gazebo:/home/ubuntu/rj_training_container/training_ws/install/traini_description:/home/ubuntu/rj_training_container/training_ws/install/teleop:/home/ubuntu/rj_training_container/training_ws/install/stsl_utils:/home/ubuntu/rj_training_container/training_ws/install/stsl_rviz_plugins:/home/ubuntu/rj_training_container/training_ws/install/stsl_nav_plugins:/home/ubuntu/rj_training_container/training_ws/install/mission_orchestration:/home/ubuntu/rj_training_container/training_ws/install/stsl_aruco_tags:/home/ubuntu/rj_training_container/training_ws/install/peak_finder:/home/ubuntu/rj_training_container/training_ws/install/mineral_deposit_tracking:/home/ubuntu/rj_training_container/training_ws/install/mineral_deposit_detection:/home/ubuntu/rj_training_container/training_ws/install/localization:/home/ubuntu/rj_training_container/training_ws/install/elevation_server:/home/ubuntu/rj_training_container/training_ws/install/coordinate_transform:/home/ubuntu/rj_training_container/training_ws/install/stsl_gazebo_plugins:/home/ubuntu/rj_training_container/training_ws/install/rj_training_bringup:/home/ubuntu/rj_training_container/training_ws/install/obstacle_detector:/home/ubuntu/rj_training_container/training_ws/install/mapping:/home/ubuntu/rj_training_container/training_ws/install/joystick_package:/home/ubuntu/rj_training_container/training_ws/install/joystick_msgs:/home/ubuntu/rj_training_container/training_ws/install/controllers:/home/ubuntu/rj_training_container/training_ws/install/astar_path_planner:/home/ubuntu/rj_training_container/training_ws/install/keyboard:/opt/ros/humble LD_LIBRARY_PATH=/home/ubuntu/rj_training_container/training_ws/install/stsl_bt_nodes/lib:/home/ubuntu/rj_training_container/training_ws/install/stsl_interfaces/lib:/home/ubuntu/rj_training_container/training_ws/install/teleop/lib:/home/ubuntu/rj_training_container/training_ws/install/stsl_utils/lib:/home/ubuntu/rj_training_container/training_ws/install/stsl_rviz_plugins/lib:/home/ubuntu/rj_training_container/training_ws/install/stsl_nav_plugins/lib:/home/ubuntu/rj_training_container/training_ws/install/mission_orchestration/lib:/home/ubuntu/rj_training_container/training_ws/install/stsl_aruco_tags/lib:/home/ubuntu/rj_training_container/training_ws/install/peak_finder/lib:/home/ubuntu/rj_training_container/training_ws/install/mineral_deposit_tracking/lib:/home/ubuntu/rj_training_container/training_ws/install/mineral_deposit_detection/lib:/home/ubuntu/rj_training_container/training_ws/install/localization/lib:/home/ubuntu/rj_training_container/training_ws/install/elevation_server/lib:/home/ubuntu/rj_training_container/training_ws/install/coordinate_transform/lib:/home/ubuntu/rj_training_container/training_ws/install/stsl_gazebo_plugins/lib:/home/ubuntu/rj_training_container/training_ws/install/obstacle_detector/lib:/home/ubuntu/rj_training_container/training_ws/install/mapping/lib:/home/ubuntu/rj_training_container/training_ws/install/joystick_package/lib:/home/ubuntu/rj_training_container/training_ws/install/joystick_msgs/lib:/home/ubuntu/rj_training_container/training_ws/install/controllers/lib:/home/ubuntu/rj_training_container/training_ws/install/astar_path_planner/lib:/usr/lib/x86_64-linux-gnu/gazebo-11/plugins:/opt/ros/humble/opt/rviz_ogre_vendor/lib:/opt/ros/humble/lib/x86_64-linux-gnu:/opt/ros/humble/lib /usr/bin/cmake --build /home/ubuntu/rj_training_container/training_ws/build/mission_orchestration -- -j16 -l16
[554.347s] DEBUG:colcon.colcon_core.event_handler.log_command:Invoking command in '/home/ubuntu/rj_training_container/training_ws/build/coordinate_transform': CMAKE_PREFIX_PATH=/home/ubuntu/rj_training_container/training_ws/install/stsl_interfaces:/home/ubuntu/rj_training_container/training_ws/install/stsl_desktop:/home/ubuntu/rj_training_container/training_ws/install/traini_bringup:/home/ubuntu/rj_training_container/training_ws/install/traini_gazebo:/home/ubuntu/rj_training_container/training_ws/install/traini_description:/home/ubuntu/rj_training_container/training_ws/install/teleop:/home/ubuntu/rj_training_container/training_ws/install/stsl_utils:/home/ubuntu/rj_training_container/training_ws/install/stsl_rviz_plugins:/home/ubuntu/rj_training_container/training_ws/install/stsl_nav_plugins:/home/ubuntu/rj_training_container/training_ws/install/mission_orchestration:/home/ubuntu/rj_training_container/training_ws/install/stsl_bt_nodes:/home/ubuntu/rj_training_container/training_ws/install/stsl_aruco_tags:/home/ubuntu/rj_training_container/training_ws/install/peak_finder:/home/ubuntu/rj_training_container/training_ws/install/mineral_deposit_tracking:/home/ubuntu/rj_training_container/training_ws/install/mineral_deposit_detection:/home/ubuntu/rj_training_container/training_ws/install/localization:/home/ubuntu/rj_training_container/training_ws/install/elevation_server:/home/ubuntu/rj_training_container/training_ws/install/coordinate_transform:/home/ubuntu/rj_training_container/training_ws/install/stsl_gazebo_plugins:/home/ubuntu/rj_training_container/training_ws/install/rj_training_bringup:/home/ubuntu/rj_training_container/training_ws/install/obstacle_detector:/home/ubuntu/rj_training_container/training_ws/install/mapping:/home/ubuntu/rj_training_container/training_ws/install/joystick_package:/home/ubuntu/rj_training_container/training_ws/install/joystick_msgs:/home/ubuntu/rj_training_container/training_ws/install/controllers:/home/ubuntu/rj_training_container/training_ws/install/astar_path_planner:/home/ubuntu/rj_training_container/training_ws/install/keyboard:/opt/ros/humble LD_LIBRARY_PATH=/home/ubuntu/rj_training_container/training_ws/install/stsl_interfaces/lib:/home/ubuntu/rj_training_container/training_ws/install/teleop/lib:/home/ubuntu/rj_training_container/training_ws/install/stsl_utils/lib:/home/ubuntu/rj_training_container/training_ws/install/stsl_rviz_plugins/lib:/home/ubuntu/rj_training_container/training_ws/install/stsl_nav_plugins/lib:/home/ubuntu/rj_training_container/training_ws/install/mission_orchestration/lib:/home/ubuntu/rj_training_container/training_ws/install/stsl_bt_nodes/lib:/home/ubuntu/rj_training_container/training_ws/install/stsl_aruco_tags/lib:/home/ubuntu/rj_training_container/training_ws/install/peak_finder/lib:/home/ubuntu/rj_training_container/training_ws/install/mineral_deposit_tracking/lib:/home/ubuntu/rj_training_container/training_ws/install/mineral_deposit_detection/lib:/home/ubuntu/rj_training_container/training_ws/install/localization/lib:/home/ubuntu/rj_training_container/training_ws/install/elevation_server/lib:/home/ubuntu/rj_training_container/training_ws/install/coordinate_transform/lib:/home/ubuntu/rj_training_container/training_ws/install/stsl_gazebo_plugins/lib:/home/ubuntu/rj_training_container/training_ws/install/obstacle_detector/lib:/home/ubuntu/rj_training_container/training_ws/install/mapping/lib:/home/ubuntu/rj_training_container/training_ws/install/joystick_package/lib:/home/ubuntu/rj_training_container/training_ws/install/joystick_msgs/lib:/home/ubuntu/rj_training_container/training_ws/install/controllers/lib:/home/ubuntu/rj_training_container/training_ws/install/astar_path_planner/lib:/usr/lib/x86_64-linux-gnu/gazebo-11/plugins:/opt/ros/humble/opt/rviz_ogre_vendor/lib:/opt/ros/humble/lib/x86_64-linux-gnu:/opt/ros/humble/lib /usr/bin/cmake --install /home/ubuntu/rj_training_container/training_ws/build/coordinate_transform
[557.623s] Level 1:colcon.colcon_core.environment:create_environment_scripts_only(stsl_rviz_plugins)
[557.623s] Level 1:colcon.colcon_core.environment:checking '/home/ubuntu/rj_training_container/training_ws/install/stsl_rviz_plugins' for CMake module files
[557.708s] Level 1:colcon.colcon_core.environment:checking '/home/ubuntu/rj_training_container/training_ws/install/stsl_rviz_plugins' for CMake config files
[557.774s] Level 1:colcon.colcon_core.shell:create_environment_hook('stsl_rviz_plugins', 'cmake_prefix_path')
[557.775s] INFO:colcon.colcon_core.shell:Creating environment hook '/home/ubuntu/rj_training_container/training_ws/install/stsl_rviz_plugins/share/stsl_rviz_plugins/hook/cmake_prefix_path.ps1'
[557.790s] INFO:colcon.colcon_core.shell:Creating environment descriptor '/home/ubuntu/rj_training_container/training_ws/install/stsl_rviz_plugins/share/stsl_rviz_plugins/hook/cmake_prefix_path.dsv'
[557.804s] INFO:colcon.colcon_core.shell:Creating environment hook '/home/ubuntu/rj_training_container/training_ws/install/stsl_rviz_plugins/share/stsl_rviz_plugins/hook/cmake_prefix_path.sh'
[557.819s] Level 1:colcon.colcon_core.environment:checking '/home/ubuntu/rj_training_container/training_ws/install/stsl_rviz_plugins/lib'
[557.821s] Level 1:colcon.colcon_core.shell:create_environment_hook('stsl_rviz_plugins', 'ld_library_path_lib')
[557.821s] INFO:colcon.colcon_core.shell:Creating environment hook '/home/ubuntu/rj_training_container/training_ws/install/stsl_rviz_plugins/share/stsl_rviz_plugins/hook/ld_library_path_lib.ps1'
[557.835s] INFO:colcon.colcon_core.shell:Creating environment descriptor '/home/ubuntu/rj_training_container/training_ws/install/stsl_rviz_plugins/share/stsl_rviz_plugins/hook/ld_library_path_lib.dsv'
[557.848s] INFO:colcon.colcon_core.shell:Creating environment hook '/home/ubuntu/rj_training_container/training_ws/install/stsl_rviz_plugins/share/stsl_rviz_plugins/hook/ld_library_path_lib.sh'
[557.861s] Level 1:colcon.colcon_core.environment:checking '/home/ubuntu/rj_training_container/training_ws/install/stsl_rviz_plugins/bin'
[557.863s] Level 1:colcon.colcon_core.environment:checking '/home/ubuntu/rj_training_container/training_ws/install/stsl_rviz_plugins/lib/pkgconfig/stsl_rviz_plugins.pc'
[557.864s] Level 1:colcon.colcon_core.environment:checking '/home/ubuntu/rj_training_container/training_ws/install/stsl_rviz_plugins/lib/python3.10/site-packages'
[557.866s] Level 1:colcon.colcon_core.environment:checking '/home/ubuntu/rj_training_container/training_ws/install/stsl_rviz_plugins/bin'
[557.868s] INFO:colcon.colcon_core.shell:Creating package script '/home/ubuntu/rj_training_container/training_ws/install/stsl_rviz_plugins/share/stsl_rviz_plugins/package.ps1'
[557.880s] INFO:colcon.colcon_core.shell:Creating package descriptor '/home/ubuntu/rj_training_container/training_ws/install/stsl_rviz_plugins/share/stsl_rviz_plugins/package.dsv'
[557.892s] INFO:colcon.colcon_core.shell:Creating package script '/home/ubuntu/rj_training_container/training_ws/install/stsl_rviz_plugins/share/stsl_rviz_plugins/package.sh'
[557.906s] INFO:colcon.colcon_core.shell:Creating package script '/home/ubuntu/rj_training_container/training_ws/install/stsl_rviz_plugins/share/stsl_rviz_plugins/package.bash'
[557.917s] INFO:colcon.colcon_core.shell:Creating package script '/home/ubuntu/rj_training_container/training_ws/install/stsl_rviz_plugins/share/stsl_rviz_plugins/package.zsh'
[557.929s] Level 1:colcon.colcon_core.environment:create_file_with_runtime_dependencies(/home/ubuntu/rj_training_container/training_ws/install/stsl_rviz_plugins/share/colcon-core/packages/stsl_rviz_plugins)
[557.939s] Level 1:colcon.colcon_core.environment:create_environment_scripts_only(coordinate_transform)
[557.940s] Level 1:colcon.colcon_core.environment:checking '/home/ubuntu/rj_training_container/training_ws/install/coordinate_transform' for CMake module files
[557.949s] DEBUG:colcon.colcon_core.event_handler.log_command:Invoked command in '/home/ubuntu/rj_training_container/training_ws/build/coordinate_transform' returned '0': CMAKE_PREFIX_PATH=/home/ubuntu/rj_training_container/training_ws/install/stsl_interfaces:/home/ubuntu/rj_training_container/training_ws/install/stsl_desktop:/home/ubuntu/rj_training_container/training_ws/install/traini_bringup:/home/ubuntu/rj_training_container/training_ws/install/traini_gazebo:/home/ubuntu/rj_training_container/training_ws/install/traini_description:/home/ubuntu/rj_training_container/training_ws/install/teleop:/home/ubuntu/rj_training_container/training_ws/install/stsl_utils:/home/ubuntu/rj_training_container/training_ws/install/stsl_rviz_plugins:/home/ubuntu/rj_training_container/training_ws/install/stsl_nav_plugins:/home/ubuntu/rj_training_container/training_ws/install/mission_orchestration:/home/ubuntu/rj_training_container/training_ws/install/stsl_bt_nodes:/home/ubuntu/rj_training_container/training_ws/install/stsl_aruco_tags:/home/ubuntu/rj_training_container/training_ws/install/peak_finder:/home/ubuntu/rj_training_container/training_ws/install/mineral_deposit_tracking:/home/ubuntu/rj_training_container/training_ws/install/mineral_deposit_detection:/home/ubuntu/rj_training_container/training_ws/install/localization:/home/ubuntu/rj_training_container/training_ws/install/elevation_server:/home/ubuntu/rj_training_container/training_ws/install/coordinate_transform:/home/ubuntu/rj_training_container/training_ws/install/stsl_gazebo_plugins:/home/ubuntu/rj_training_container/training_ws/install/rj_training_bringup:/home/ubuntu/rj_training_container/training_ws/install/obstacle_detector:/home/ubuntu/rj_training_container/training_ws/install/mapping:/home/ubuntu/rj_training_container/training_ws/install/joystick_package:/home/ubuntu/rj_training_container/training_ws/install/joystick_msgs:/home/ubuntu/rj_training_container/training_ws/install/controllers:/home/ubuntu/rj_training_container/training_ws/install/astar_path_planner:/home/ubuntu/rj_training_container/training_ws/install/keyboard:/opt/ros/humble LD_LIBRARY_PATH=/home/ubuntu/rj_training_container/training_ws/install/stsl_interfaces/lib:/home/ubuntu/rj_training_container/training_ws/install/teleop/lib:/home/ubuntu/rj_training_container/training_ws/install/stsl_utils/lib:/home/ubuntu/rj_training_container/training_ws/install/stsl_rviz_plugins/lib:/home/ubuntu/rj_training_container/training_ws/install/stsl_nav_plugins/lib:/home/ubuntu/rj_training_container/training_ws/install/mission_orchestration/lib:/home/ubuntu/rj_training_container/training_ws/install/stsl_bt_nodes/lib:/home/ubuntu/rj_training_container/training_ws/install/stsl_aruco_tags/lib:/home/ubuntu/rj_training_container/training_ws/install/peak_finder/lib:/home/ubuntu/rj_training_container/training_ws/install/mineral_deposit_tracking/lib:/home/ubuntu/rj_training_container/training_ws/install/mineral_deposit_detection/lib:/home/ubuntu/rj_training_container/training_ws/install/localization/lib:/home/ubuntu/rj_training_container/training_ws/install/elevation_server/lib:/home/ubuntu/rj_training_container/training_ws/install/coordinate_transform/lib:/home/ubuntu/rj_training_container/training_ws/install/stsl_gazebo_plugins/lib:/home/ubuntu/rj_training_container/training_ws/install/obstacle_detector/lib:/home/ubuntu/rj_training_container/training_ws/install/mapping/lib:/home/ubuntu/rj_training_container/training_ws/install/joystick_package/lib:/home/ubuntu/rj_training_container/training_ws/install/joystick_msgs/lib:/home/ubuntu/rj_training_container/training_ws/install/controllers/lib:/home/ubuntu/rj_training_container/training_ws/install/astar_path_planner/lib:/usr/lib/x86_64-linux-gnu/gazebo-11/plugins:/opt/ros/humble/opt/rviz_ogre_vendor/lib:/opt/ros/humble/lib/x86_64-linux-gnu:/opt/ros/humble/lib /usr/bin/cmake --install /home/ubuntu/rj_training_container/training_ws/build/coordinate_transform
[558.022s] Level 1:colcon.colcon_core.environment:checking '/home/ubuntu/rj_training_container/training_ws/install/coordinate_transform' for CMake config files
[558.093s] Level 1:colcon.colcon_core.shell:create_environment_hook('coordinate_transform', 'cmake_prefix_path')
[558.093s] INFO:colcon.colcon_core.shell:Creating environment hook '/home/ubuntu/rj_training_container/training_ws/install/coordinate_transform/share/coordinate_transform/hook/cmake_prefix_path.ps1'
[558.108s] INFO:colcon.colcon_core.shell:Creating environment descriptor '/home/ubuntu/rj_training_container/training_ws/install/coordinate_transform/share/coordinate_transform/hook/cmake_prefix_path.dsv'
[558.122s] INFO:colcon.colcon_core.shell:Creating environment hook '/home/ubuntu/rj_training_container/training_ws/install/coordinate_transform/share/coordinate_transform/hook/cmake_prefix_path.sh'
[558.141s] Level 1:colcon.colcon_core.environment:checking '/home/ubuntu/rj_training_container/training_ws/install/coordinate_transform/lib'
[558.145s] Level 1:colcon.colcon_core.shell:create_environment_hook('coordinate_transform', 'ld_library_path_lib')
[558.146s] INFO:colcon.colcon_core.shell:Creating environment hook '/home/ubuntu/rj_training_container/training_ws/install/coordinate_transform/share/coordinate_transform/hook/ld_library_path_lib.ps1'
[558.160s] INFO:colcon.colcon_core.shell:Creating environment descriptor '/home/ubuntu/rj_training_container/training_ws/install/coordinate_transform/share/coordinate_transform/hook/ld_library_path_lib.dsv'
[558.173s] INFO:colcon.colcon_core.shell:Creating environment hook '/home/ubuntu/rj_training_container/training_ws/install/coordinate_transform/share/coordinate_transform/hook/ld_library_path_lib.sh'
[558.188s] Level 1:colcon.colcon_core.environment:checking '/home/ubuntu/rj_training_container/training_ws/install/coordinate_transform/bin'
[558.189s] Level 1:colcon.colcon_core.environment:checking '/home/ubuntu/rj_training_container/training_ws/install/coordinate_transform/lib/pkgconfig/coordinate_transform.pc'
[558.191s] Level 1:colcon.colcon_core.environment:checking '/home/ubuntu/rj_training_container/training_ws/install/coordinate_transform/lib/python3.10/site-packages'
[558.193s] Level 1:colcon.colcon_core.environment:checking '/home/ubuntu/rj_training_container/training_ws/install/coordinate_transform/bin'
[558.195s] INFO:colcon.colcon_core.shell:Creating package script '/home/ubuntu/rj_training_container/training_ws/install/coordinate_transform/share/coordinate_transform/package.ps1'
[558.206s] INFO:colcon.colcon_core.shell:Creating package descriptor '/home/ubuntu/rj_training_container/training_ws/install/coordinate_transform/share/coordinate_transform/package.dsv'
[558.218s] INFO:colcon.colcon_core.shell:Creating package script '/home/ubuntu/rj_training_container/training_ws/install/coordinate_transform/share/coordinate_transform/package.sh'
[558.229s] INFO:colcon.colcon_core.shell:Creating package script '/home/ubuntu/rj_training_container/training_ws/install/coordinate_transform/share/coordinate_transform/package.bash'
[558.241s] INFO:colcon.colcon_core.shell:Creating package script '/home/ubuntu/rj_training_container/training_ws/install/coordinate_transform/share/coordinate_transform/package.zsh'
[558.253s] Level 1:colcon.colcon_core.environment:create_file_with_runtime_dependencies(/home/ubuntu/rj_training_container/training_ws/install/coordinate_transform/share/colcon-core/packages/coordinate_transform)
[566.637s] DEBUG:colcon.colcon_core.event_handler.log_command:Invoked command in '/home/ubuntu/rj_training_container/training_ws/build/mission_orchestration' returned '0': CMAKE_PREFIX_PATH=/home/ubuntu/rj_training_container/training_ws/install/stsl_bt_nodes:/home/ubuntu/rj_training_container/training_ws/install/stsl_interfaces:/home/ubuntu/rj_training_container/training_ws/install/stsl_desktop:/home/ubuntu/rj_training_container/training_ws/install/traini_bringup:/home/ubuntu/rj_training_container/training_ws/install/traini_gazebo:/home/ubuntu/rj_training_container/training_ws/install/traini_description:/home/ubuntu/rj_training_container/training_ws/install/teleop:/home/ubuntu/rj_training_container/training_ws/install/stsl_utils:/home/ubuntu/rj_training_container/training_ws/install/stsl_rviz_plugins:/home/ubuntu/rj_training_container/training_ws/install/stsl_nav_plugins:/home/ubuntu/rj_training_container/training_ws/install/mission_orchestration:/home/ubuntu/rj_training_container/training_ws/install/stsl_aruco_tags:/home/ubuntu/rj_training_container/training_ws/install/peak_finder:/home/ubuntu/rj_training_container/training_ws/install/mineral_deposit_tracking:/home/ubuntu/rj_training_container/training_ws/install/mineral_deposit_detection:/home/ubuntu/rj_training_container/training_ws/install/localization:/home/ubuntu/rj_training_container/training_ws/install/elevation_server:/home/ubuntu/rj_training_container/training_ws/install/coordinate_transform:/home/ubuntu/rj_training_container/training_ws/install/stsl_gazebo_plugins:/home/ubuntu/rj_training_container/training_ws/install/rj_training_bringup:/home/ubuntu/rj_training_container/training_ws/install/obstacle_detector:/home/ubuntu/rj_training_container/training_ws/install/mapping:/home/ubuntu/rj_training_container/training_ws/install/joystick_package:/home/ubuntu/rj_training_container/training_ws/install/joystick_msgs:/home/ubuntu/rj_training_container/training_ws/install/controllers:/home/ubuntu/rj_training_container/training_ws/install/astar_path_planner:/home/ubuntu/rj_training_container/training_ws/install/keyboard:/opt/ros/humble LD_LIBRARY_PATH=/home/ubuntu/rj_training_container/training_ws/install/stsl_bt_nodes/lib:/home/ubuntu/rj_training_container/training_ws/install/stsl_interfaces/lib:/home/ubuntu/rj_training_container/training_ws/install/teleop/lib:/home/ubuntu/rj_training_container/training_ws/install/stsl_utils/lib:/home/ubuntu/rj_training_container/training_ws/install/stsl_rviz_plugins/lib:/home/ubuntu/rj_training_container/training_ws/install/stsl_nav_plugins/lib:/home/ubuntu/rj_training_container/training_ws/install/mission_orchestration/lib:/home/ubuntu/rj_training_container/training_ws/install/stsl_aruco_tags/lib:/home/ubuntu/rj_training_container/training_ws/install/peak_finder/lib:/home/ubuntu/rj_training_container/training_ws/install/mineral_deposit_tracking/lib:/home/ubuntu/rj_training_container/training_ws/install/mineral_deposit_detection/lib:/home/ubuntu/rj_training_container/training_ws/install/localization/lib:/home/ubuntu/rj_training_container/training_ws/install/elevation_server/lib:/home/ubuntu/rj_training_container/training_ws/install/coordinate_transform/lib:/home/ubuntu/rj_training_container/training_ws/install/stsl_gazebo_plugins/lib:/home/ubuntu/rj_training_container/training_ws/install/obstacle_detector/lib:/home/ubuntu/rj_training_container/training_ws/install/mapping/lib:/home/ubuntu/rj_training_container/training_ws/install/joystick_package/lib:/home/ubuntu/rj_training_container/training_ws/install/joystick_msgs/lib:/home/ubuntu/rj_training_container/training_ws/install/controllers/lib:/home/ubuntu/rj_training_container/training_ws/install/astar_path_planner/lib:/usr/lib/x86_64-linux-gnu/gazebo-11/plugins:/opt/ros/humble/opt/rviz_ogre_vendor/lib:/opt/ros/humble/lib/x86_64-linux-gnu:/opt/ros/humble/lib /usr/bin/cmake --build /home/ubuntu/rj_training_container/training_ws/build/mission_orchestration -- -j16 -l16
[567.312s] DEBUG:colcon.colcon_core.event_handler.log_command:Invoked command in '/home/ubuntu/rj_training_container/training_ws/build/traini_gazebo' returned '0': CMAKE_PREFIX_PATH=/home/ubuntu/rj_training_container/training_ws/install/stsl_aruco_tags:/home/ubuntu/rj_training_container/training_ws/install/stsl_interfaces:/home/ubuntu/rj_training_container/training_ws/install/stsl_gazebo_plugins:/home/ubuntu/rj_training_container/training_ws/install/stsl_desktop:/home/ubuntu/rj_training_container/training_ws/install/traini_bringup:/home/ubuntu/rj_training_container/training_ws/install/traini_gazebo:/home/ubuntu/rj_training_container/training_ws/install/traini_description:/home/ubuntu/rj_training_container/training_ws/install/teleop:/home/ubuntu/rj_training_container/training_ws/install/stsl_utils:/home/ubuntu/rj_training_container/training_ws/install/stsl_rviz_plugins:/home/ubuntu/rj_training_container/training_ws/install/stsl_nav_plugins:/home/ubuntu/rj_training_container/training_ws/install/mission_orchestration:/home/ubuntu/rj_training_container/training_ws/install/stsl_bt_nodes:/home/ubuntu/rj_training_container/training_ws/install/peak_finder:/home/ubuntu/rj_training_container/training_ws/install/mineral_deposit_tracking:/home/ubuntu/rj_training_container/training_ws/install/mineral_deposit_detection:/home/ubuntu/rj_training_container/training_ws/install/localization:/home/ubuntu/rj_training_container/training_ws/install/elevation_server:/home/ubuntu/rj_training_container/training_ws/install/coordinate_transform:/home/ubuntu/rj_training_container/training_ws/install/rj_training_bringup:/home/ubuntu/rj_training_container/training_ws/install/obstacle_detector:/home/ubuntu/rj_training_container/training_ws/install/mapping:/home/ubuntu/rj_training_container/training_ws/install/joystick_package:/home/ubuntu/rj_training_container/training_ws/install/joystick_msgs:/home/ubuntu/rj_training_container/training_ws/install/controllers:/home/ubuntu/rj_training_container/training_ws/install/astar_path_planner:/home/ubuntu/rj_training_container/training_ws/install/keyboard:/opt/ros/humble LD_LIBRARY_PATH=/home/ubuntu/rj_training_container/training_ws/install/stsl_aruco_tags/lib:/home/ubuntu/rj_training_container/training_ws/install/stsl_interfaces/lib:/home/ubuntu/rj_training_container/training_ws/install/stsl_gazebo_plugins/lib:/home/ubuntu/rj_training_container/training_ws/install/teleop/lib:/home/ubuntu/rj_training_container/training_ws/install/stsl_utils/lib:/home/ubuntu/rj_training_container/training_ws/install/stsl_rviz_plugins/lib:/home/ubuntu/rj_training_container/training_ws/install/stsl_nav_plugins/lib:/home/ubuntu/rj_training_container/training_ws/install/mission_orchestration/lib:/home/ubuntu/rj_training_container/training_ws/install/stsl_bt_nodes/lib:/home/ubuntu/rj_training_container/training_ws/install/peak_finder/lib:/home/ubuntu/rj_training_container/training_ws/install/mineral_deposit_tracking/lib:/home/ubuntu/rj_training_container/training_ws/install/mineral_deposit_detection/lib:/home/ubuntu/rj_training_container/training_ws/install/localization/lib:/home/ubuntu/rj_training_container/training_ws/install/elevation_server/lib:/home/ubuntu/rj_training_container/training_ws/install/coordinate_transform/lib:/home/ubuntu/rj_training_container/training_ws/install/obstacle_detector/lib:/home/ubuntu/rj_training_container/training_ws/install/mapping/lib:/home/ubuntu/rj_training_container/training_ws/install/joystick_package/lib:/home/ubuntu/rj_training_container/training_ws/install/joystick_msgs/lib:/home/ubuntu/rj_training_container/training_ws/install/controllers/lib:/home/ubuntu/rj_training_container/training_ws/install/astar_path_planner/lib:/usr/lib/x86_64-linux-gnu/gazebo-11/plugins:/opt/ros/humble/opt/rviz_ogre_vendor/lib:/opt/ros/humble/lib/x86_64-linux-gnu:/opt/ros/humble/lib /usr/bin/cmake --build /home/ubuntu/rj_training_container/training_ws/build/traini_gazebo -- -j16 -l16
[570.747s] Level 1:colcon.colcon_core.environment:create_environment_scripts_only(coordinate_transform)
[570.748s] Level 1:colcon.colcon_core.environment:checking '/home/ubuntu/rj_training_container/training_ws/install/coordinate_transform' for CMake module files
[570.829s] Level 1:colcon.colcon_core.environment:checking '/home/ubuntu/rj_training_container/training_ws/install/coordinate_transform' for CMake config files
[570.901s] Level 1:colcon.colcon_core.shell:create_environment_hook('coordinate_transform', 'cmake_prefix_path')
[570.902s] INFO:colcon.colcon_core.shell:Creating environment hook '/home/ubuntu/rj_training_container/training_ws/install/coordinate_transform/share/coordinate_transform/hook/cmake_prefix_path.ps1'
[570.915s] INFO:colcon.colcon_core.shell:Creating environment descriptor '/home/ubuntu/rj_training_container/training_ws/install/coordinate_transform/share/coordinate_transform/hook/cmake_prefix_path.dsv'
[570.930s] INFO:colcon.colcon_core.shell:Creating environment hook '/home/ubuntu/rj_training_container/training_ws/install/coordinate_transform/share/coordinate_transform/hook/cmake_prefix_path.sh'
[570.947s] Level 1:colcon.colcon_core.environment:checking '/home/ubuntu/rj_training_container/training_ws/install/coordinate_transform/lib'
[570.951s] Level 1:colcon.colcon_core.shell:create_environment_hook('coordinate_transform', 'ld_library_path_lib')
[570.952s] INFO:colcon.colcon_core.shell:Creating environment hook '/home/ubuntu/rj_training_container/training_ws/install/coordinate_transform/share/coordinate_transform/hook/ld_library_path_lib.ps1'
[570.967s] INFO:colcon.colcon_core.shell:Creating environment descriptor '/home/ubuntu/rj_training_container/training_ws/install/coordinate_transform/share/coordinate_transform/hook/ld_library_path_lib.dsv'
[570.980s] INFO:colcon.colcon_core.shell:Creating environment hook '/home/ubuntu/rj_training_container/training_ws/install/coordinate_transform/share/coordinate_transform/hook/ld_library_path_lib.sh'
[570.992s] Level 1:colcon.colcon_core.environment:checking '/home/ubuntu/rj_training_container/training_ws/install/coordinate_transform/bin'
[570.993s] Level 1:colcon.colcon_core.environment:checking '/home/ubuntu/rj_training_container/training_ws/install/coordinate_transform/lib/pkgconfig/coordinate_transform.pc'
[570.995s] Level 1:colcon.colcon_core.environment:checking '/home/ubuntu/rj_training_container/training_ws/install/coordinate_transform/lib/python3.10/site-packages'
[570.996s] Level 1:colcon.colcon_core.environment:checking '/home/ubuntu/rj_training_container/training_ws/install/coordinate_transform/bin'
[570.999s] INFO:colcon.colcon_core.shell:Creating package script '/home/ubuntu/rj_training_container/training_ws/install/coordinate_transform/share/coordinate_transform/package.ps1'
[571.010s] INFO:colcon.colcon_core.shell:Creating package descriptor '/home/ubuntu/rj_training_container/training_ws/install/coordinate_transform/share/coordinate_transform/package.dsv'
[571.022s] INFO:colcon.colcon_core.shell:Creating package script '/home/ubuntu/rj_training_container/training_ws/install/coordinate_transform/share/coordinate_transform/package.sh'
[571.033s] INFO:colcon.colcon_core.shell:Creating package script '/home/ubuntu/rj_training_container/training_ws/install/coordinate_transform/share/coordinate_transform/package.bash'
[571.044s] INFO:colcon.colcon_core.shell:Creating package script '/home/ubuntu/rj_training_container/training_ws/install/coordinate_transform/share/coordinate_transform/package.zsh'
[571.055s] Level 1:colcon.colcon_core.environment:create_file_with_runtime_dependencies(/home/ubuntu/rj_training_container/training_ws/install/coordinate_transform/share/colcon-core/packages/coordinate_transform)
[573.012s] DEBUG:colcon.colcon_core.event_handler.log_command:Invoking command in '/home/ubuntu/rj_training_container/training_ws/build/traini_gazebo': CMAKE_PREFIX_PATH=/home/ubuntu/rj_training_container/training_ws/install/stsl_aruco_tags:/home/ubuntu/rj_training_container/training_ws/install/stsl_interfaces:/home/ubuntu/rj_training_container/training_ws/install/stsl_gazebo_plugins:/home/ubuntu/rj_training_container/training_ws/install/stsl_desktop:/home/ubuntu/rj_training_container/training_ws/install/traini_bringup:/home/ubuntu/rj_training_container/training_ws/install/traini_gazebo:/home/ubuntu/rj_training_container/training_ws/install/traini_description:/home/ubuntu/rj_training_container/training_ws/install/teleop:/home/ubuntu/rj_training_container/training_ws/install/stsl_utils:/home/ubuntu/rj_training_container/training_ws/install/stsl_rviz_plugins:/home/ubuntu/rj_training_container/training_ws/install/stsl_nav_plugins:/home/ubuntu/rj_training_container/training_ws/install/mission_orchestration:/home/ubuntu/rj_training_container/training_ws/install/stsl_bt_nodes:/home/ubuntu/rj_training_container/training_ws/install/peak_finder:/home/ubuntu/rj_training_container/training_ws/install/mineral_deposit_tracking:/home/ubuntu/rj_training_container/training_ws/install/mineral_deposit_detection:/home/ubuntu/rj_training_container/training_ws/install/localization:/home/ubuntu/rj_training_container/training_ws/install/elevation_server:/home/ubuntu/rj_training_container/training_ws/install/coordinate_transform:/home/ubuntu/rj_training_container/training_ws/install/rj_training_bringup:/home/ubuntu/rj_training_container/training_ws/install/obstacle_detector:/home/ubuntu/rj_training_container/training_ws/install/mapping:/home/ubuntu/rj_training_container/training_ws/install/joystick_package:/home/ubuntu/rj_training_container/training_ws/install/joystick_msgs:/home/ubuntu/rj_training_container/training_ws/install/controllers:/home/ubuntu/rj_training_container/training_ws/install/astar_path_planner:/home/ubuntu/rj_training_container/training_ws/install/keyboard:/opt/ros/humble LD_LIBRARY_PATH=/home/ubuntu/rj_training_container/training_ws/install/stsl_aruco_tags/lib:/home/ubuntu/rj_training_container/training_ws/install/stsl_interfaces/lib:/home/ubuntu/rj_training_container/training_ws/install/stsl_gazebo_plugins/lib:/home/ubuntu/rj_training_container/training_ws/install/teleop/lib:/home/ubuntu/rj_training_container/training_ws/install/stsl_utils/lib:/home/ubuntu/rj_training_container/training_ws/install/stsl_rviz_plugins/lib:/home/ubuntu/rj_training_container/training_ws/install/stsl_nav_plugins/lib:/home/ubuntu/rj_training_container/training_ws/install/mission_orchestration/lib:/home/ubuntu/rj_training_container/training_ws/install/stsl_bt_nodes/lib:/home/ubuntu/rj_training_container/training_ws/install/peak_finder/lib:/home/ubuntu/rj_training_container/training_ws/install/mineral_deposit_tracking/lib:/home/ubuntu/rj_training_container/training_ws/install/mineral_deposit_detection/lib:/home/ubuntu/rj_training_container/training_ws/install/localization/lib:/home/ubuntu/rj_training_container/training_ws/install/elevation_server/lib:/home/ubuntu/rj_training_container/training_ws/install/coordinate_transform/lib:/home/ubuntu/rj_training_container/training_ws/install/obstacle_detector/lib:/home/ubuntu/rj_training_container/training_ws/install/mapping/lib:/home/ubuntu/rj_training_container/training_ws/install/joystick_package/lib:/home/ubuntu/rj_training_container/training_ws/install/joystick_msgs/lib:/home/ubuntu/rj_training_container/training_ws/install/controllers/lib:/home/ubuntu/rj_training_container/training_ws/install/astar_path_planner/lib:/usr/lib/x86_64-linux-gnu/gazebo-11/plugins:/opt/ros/humble/opt/rviz_ogre_vendor/lib:/opt/ros/humble/lib/x86_64-linux-gnu:/opt/ros/humble/lib /usr/bin/cmake --install /home/ubuntu/rj_training_container/training_ws/build/traini_gazebo
[577.541s] DEBUG:colcon.colcon_core.event_handler.log_command:Invoking command in '/home/ubuntu/rj_training_container/training_ws/build/mission_orchestration': CMAKE_PREFIX_PATH=/home/ubuntu/rj_training_container/training_ws/install/stsl_bt_nodes:/home/ubuntu/rj_training_container/training_ws/install/stsl_interfaces:/home/ubuntu/rj_training_container/training_ws/install/stsl_desktop:/home/ubuntu/rj_training_container/training_ws/install/traini_bringup:/home/ubuntu/rj_training_container/training_ws/install/traini_gazebo:/home/ubuntu/rj_training_container/training_ws/install/traini_description:/home/ubuntu/rj_training_container/training_ws/install/teleop:/home/ubuntu/rj_training_container/training_ws/install/stsl_utils:/home/ubuntu/rj_training_container/training_ws/install/stsl_rviz_plugins:/home/ubuntu/rj_training_container/training_ws/install/stsl_nav_plugins:/home/ubuntu/rj_training_container/training_ws/install/mission_orchestration:/home/ubuntu/rj_training_container/training_ws/install/stsl_aruco_tags:/home/ubuntu/rj_training_container/training_ws/install/peak_finder:/home/ubuntu/rj_training_container/training_ws/install/mineral_deposit_tracking:/home/ubuntu/rj_training_container/training_ws/install/mineral_deposit_detection:/home/ubuntu/rj_training_container/training_ws/install/localization:/home/ubuntu/rj_training_container/training_ws/install/elevation_server:/home/ubuntu/rj_training_container/training_ws/install/coordinate_transform:/home/ubuntu/rj_training_container/training_ws/install/stsl_gazebo_plugins:/home/ubuntu/rj_training_container/training_ws/install/rj_training_bringup:/home/ubuntu/rj_training_container/training_ws/install/obstacle_detector:/home/ubuntu/rj_training_container/training_ws/install/mapping:/home/ubuntu/rj_training_container/training_ws/install/joystick_package:/home/ubuntu/rj_training_container/training_ws/install/joystick_msgs:/home/ubuntu/rj_training_container/training_ws/install/controllers:/home/ubuntu/rj_training_container/training_ws/install/astar_path_planner:/home/ubuntu/rj_training_container/training_ws/install/keyboard:/opt/ros/humble LD_LIBRARY_PATH=/home/ubuntu/rj_training_container/training_ws/install/stsl_bt_nodes/lib:/home/ubuntu/rj_training_container/training_ws/install/stsl_interfaces/lib:/home/ubuntu/rj_training_container/training_ws/install/teleop/lib:/home/ubuntu/rj_training_container/training_ws/install/stsl_utils/lib:/home/ubuntu/rj_training_container/training_ws/install/stsl_rviz_plugins/lib:/home/ubuntu/rj_training_container/training_ws/install/stsl_nav_plugins/lib:/home/ubuntu/rj_training_container/training_ws/install/mission_orchestration/lib:/home/ubuntu/rj_training_container/training_ws/install/stsl_aruco_tags/lib:/home/ubuntu/rj_training_container/training_ws/install/peak_finder/lib:/home/ubuntu/rj_training_container/training_ws/install/mineral_deposit_tracking/lib:/home/ubuntu/rj_training_container/training_ws/install/mineral_deposit_detection/lib:/home/ubuntu/rj_training_container/training_ws/install/localization/lib:/home/ubuntu/rj_training_container/training_ws/install/elevation_server/lib:/home/ubuntu/rj_training_container/training_ws/install/coordinate_transform/lib:/home/ubuntu/rj_training_container/training_ws/install/stsl_gazebo_plugins/lib:/home/ubuntu/rj_training_container/training_ws/install/obstacle_detector/lib:/home/ubuntu/rj_training_container/training_ws/install/mapping/lib:/home/ubuntu/rj_training_container/training_ws/install/joystick_package/lib:/home/ubuntu/rj_training_container/training_ws/install/joystick_msgs/lib:/home/ubuntu/rj_training_container/training_ws/install/controllers/lib:/home/ubuntu/rj_training_container/training_ws/install/astar_path_planner/lib:/usr/lib/x86_64-linux-gnu/gazebo-11/plugins:/opt/ros/humble/opt/rviz_ogre_vendor/lib:/opt/ros/humble/lib/x86_64-linux-gnu:/opt/ros/humble/lib /usr/bin/cmake --install /home/ubuntu/rj_training_container/training_ws/build/mission_orchestration
[580.087s] Level 1:colcon.colcon_core.environment:create_environment_scripts_only(mission_orchestration)
[580.088s] Level 1:colcon.colcon_core.environment:checking '/home/ubuntu/rj_training_container/training_ws/install/mission_orchestration' for CMake module files
[580.089s] DEBUG:colcon.colcon_core.event_handler.log_command:Invoked command in '/home/ubuntu/rj_training_container/training_ws/build/mission_orchestration' returned '0': CMAKE_PREFIX_PATH=/home/ubuntu/rj_training_container/training_ws/install/stsl_bt_nodes:/home/ubuntu/rj_training_container/training_ws/install/stsl_interfaces:/home/ubuntu/rj_training_container/training_ws/install/stsl_desktop:/home/ubuntu/rj_training_container/training_ws/install/traini_bringup:/home/ubuntu/rj_training_container/training_ws/install/traini_gazebo:/home/ubuntu/rj_training_container/training_ws/install/traini_description:/home/ubuntu/rj_training_container/training_ws/install/teleop:/home/ubuntu/rj_training_container/training_ws/install/stsl_utils:/home/ubuntu/rj_training_container/training_ws/install/stsl_rviz_plugins:/home/ubuntu/rj_training_container/training_ws/install/stsl_nav_plugins:/home/ubuntu/rj_training_container/training_ws/install/mission_orchestration:/home/ubuntu/rj_training_container/training_ws/install/stsl_aruco_tags:/home/ubuntu/rj_training_container/training_ws/install/peak_finder:/home/ubuntu/rj_training_container/training_ws/install/mineral_deposit_tracking:/home/ubuntu/rj_training_container/training_ws/install/mineral_deposit_detection:/home/ubuntu/rj_training_container/training_ws/install/localization:/home/ubuntu/rj_training_container/training_ws/install/elevation_server:/home/ubuntu/rj_training_container/training_ws/install/coordinate_transform:/home/ubuntu/rj_training_container/training_ws/install/stsl_gazebo_plugins:/home/ubuntu/rj_training_container/training_ws/install/rj_training_bringup:/home/ubuntu/rj_training_container/training_ws/install/obstacle_detector:/home/ubuntu/rj_training_container/training_ws/install/mapping:/home/ubuntu/rj_training_container/training_ws/install/joystick_package:/home/ubuntu/rj_training_container/training_ws/install/joystick_msgs:/home/ubuntu/rj_training_container/training_ws/install/controllers:/home/ubuntu/rj_training_container/training_ws/install/astar_path_planner:/home/ubuntu/rj_training_container/training_ws/install/keyboard:/opt/ros/humble LD_LIBRARY_PATH=/home/ubuntu/rj_training_container/training_ws/install/stsl_bt_nodes/lib:/home/ubuntu/rj_training_container/training_ws/install/stsl_interfaces/lib:/home/ubuntu/rj_training_container/training_ws/install/teleop/lib:/home/ubuntu/rj_training_container/training_ws/install/stsl_utils/lib:/home/ubuntu/rj_training_container/training_ws/install/stsl_rviz_plugins/lib:/home/ubuntu/rj_training_container/training_ws/install/stsl_nav_plugins/lib:/home/ubuntu/rj_training_container/training_ws/install/mission_orchestration/lib:/home/ubuntu/rj_training_container/training_ws/install/stsl_aruco_tags/lib:/home/ubuntu/rj_training_container/training_ws/install/peak_finder/lib:/home/ubuntu/rj_training_container/training_ws/install/mineral_deposit_tracking/lib:/home/ubuntu/rj_training_container/training_ws/install/mineral_deposit_detection/lib:/home/ubuntu/rj_training_container/training_ws/install/localization/lib:/home/ubuntu/rj_training_container/training_ws/install/elevation_server/lib:/home/ubuntu/rj_training_container/training_ws/install/coordinate_transform/lib:/home/ubuntu/rj_training_container/training_ws/install/stsl_gazebo_plugins/lib:/home/ubuntu/rj_training_container/training_ws/install/obstacle_detector/lib:/home/ubuntu/rj_training_container/training_ws/install/mapping/lib:/home/ubuntu/rj_training_container/training_ws/install/joystick_package/lib:/home/ubuntu/rj_training_container/training_ws/install/joystick_msgs/lib:/home/ubuntu/rj_training_container/training_ws/install/controllers/lib:/home/ubuntu/rj_training_container/training_ws/install/astar_path_planner/lib:/usr/lib/x86_64-linux-gnu/gazebo-11/plugins:/opt/ros/humble/opt/rviz_ogre_vendor/lib:/opt/ros/humble/lib/x86_64-linux-gnu:/opt/ros/humble/lib /usr/bin/cmake --install /home/ubuntu/rj_training_container/training_ws/build/mission_orchestration
[580.176s] Level 1:colcon.colcon_core.environment:checking '/home/ubuntu/rj_training_container/training_ws/install/mission_orchestration' for CMake config files
[580.255s] Level 1:colcon.colcon_core.shell:create_environment_hook('mission_orchestration', 'cmake_prefix_path')
[580.256s] INFO:colcon.colcon_core.shell:Creating environment hook '/home/ubuntu/rj_training_container/training_ws/install/mission_orchestration/share/mission_orchestration/hook/cmake_prefix_path.ps1'
[580.270s] INFO:colcon.colcon_core.shell:Creating environment descriptor '/home/ubuntu/rj_training_container/training_ws/install/mission_orchestration/share/mission_orchestration/hook/cmake_prefix_path.dsv'
[580.283s] INFO:colcon.colcon_core.shell:Creating environment hook '/home/ubuntu/rj_training_container/training_ws/install/mission_orchestration/share/mission_orchestration/hook/cmake_prefix_path.sh'
[580.304s] Level 1:colcon.colcon_core.environment:checking '/home/ubuntu/rj_training_container/training_ws/install/mission_orchestration/lib'
[580.308s] Level 1:colcon.colcon_core.shell:create_environment_hook('mission_orchestration', 'ld_library_path_lib')
[580.308s] INFO:colcon.colcon_core.shell:Creating environment hook '/home/ubuntu/rj_training_container/training_ws/install/mission_orchestration/share/mission_orchestration/hook/ld_library_path_lib.ps1'
[580.324s] INFO:colcon.colcon_core.shell:Creating environment descriptor '/home/ubuntu/rj_training_container/training_ws/install/mission_orchestration/share/mission_orchestration/hook/ld_library_path_lib.dsv'
[580.338s] INFO:colcon.colcon_core.shell:Creating environment hook '/home/ubuntu/rj_training_container/training_ws/install/mission_orchestration/share/mission_orchestration/hook/ld_library_path_lib.sh'
[580.353s] Level 1:colcon.colcon_core.environment:checking '/home/ubuntu/rj_training_container/training_ws/install/mission_orchestration/bin'
[580.355s] Level 1:colcon.colcon_core.environment:checking '/home/ubuntu/rj_training_container/training_ws/install/mission_orchestration/lib/pkgconfig/mission_orchestration.pc'
[580.356s] Level 1:colcon.colcon_core.environment:checking '/home/ubuntu/rj_training_container/training_ws/install/mission_orchestration/lib/python3.10/site-packages'
[580.358s] Level 1:colcon.colcon_core.environment:checking '/home/ubuntu/rj_training_container/training_ws/install/mission_orchestration/bin'
[580.359s] INFO:colcon.colcon_core.shell:Creating package script '/home/ubuntu/rj_training_container/training_ws/install/mission_orchestration/share/mission_orchestration/package.ps1'
[580.371s] INFO:colcon.colcon_core.shell:Creating package descriptor '/home/ubuntu/rj_training_container/training_ws/install/mission_orchestration/share/mission_orchestration/package.dsv'
[580.385s] INFO:colcon.colcon_core.shell:Creating package script '/home/ubuntu/rj_training_container/training_ws/install/mission_orchestration/share/mission_orchestration/package.sh'
[580.405s] INFO:colcon.colcon_core.shell:Creating package script '/home/ubuntu/rj_training_container/training_ws/install/mission_orchestration/share/mission_orchestration/package.bash'
[580.419s] INFO:colcon.colcon_core.shell:Creating package script '/home/ubuntu/rj_training_container/training_ws/install/mission_orchestration/share/mission_orchestration/package.zsh'
[580.432s] Level 1:colcon.colcon_core.environment:create_file_with_runtime_dependencies(/home/ubuntu/rj_training_container/training_ws/install/mission_orchestration/share/colcon-core/packages/mission_orchestration)
[584.405s] Level 1:colcon.colcon_core.environment:create_environment_scripts_only(traini_gazebo)
[584.406s] Level 1:colcon.colcon_core.environment:checking '/home/ubuntu/rj_training_container/training_ws/install/traini_gazebo' for CMake module files
[584.407s] DEBUG:colcon.colcon_core.event_handler.log_command:Invoked command in '/home/ubuntu/rj_training_container/training_ws/build/traini_gazebo' returned '0': CMAKE_PREFIX_PATH=/home/ubuntu/rj_training_container/training_ws/install/stsl_aruco_tags:/home/ubuntu/rj_training_container/training_ws/install/stsl_interfaces:/home/ubuntu/rj_training_container/training_ws/install/stsl_gazebo_plugins:/home/ubuntu/rj_training_container/training_ws/install/stsl_desktop:/home/ubuntu/rj_training_container/training_ws/install/traini_bringup:/home/ubuntu/rj_training_container/training_ws/install/traini_gazebo:/home/ubuntu/rj_training_container/training_ws/install/traini_description:/home/ubuntu/rj_training_container/training_ws/install/teleop:/home/ubuntu/rj_training_container/training_ws/install/stsl_utils:/home/ubuntu/rj_training_container/training_ws/install/stsl_rviz_plugins:/home/ubuntu/rj_training_container/training_ws/install/stsl_nav_plugins:/home/ubuntu/rj_training_container/training_ws/install/mission_orchestration:/home/ubuntu/rj_training_container/training_ws/install/stsl_bt_nodes:/home/ubuntu/rj_training_container/training_ws/install/peak_finder:/home/ubuntu/rj_training_container/training_ws/install/mineral_deposit_tracking:/home/ubuntu/rj_training_container/training_ws/install/mineral_deposit_detection:/home/ubuntu/rj_training_container/training_ws/install/localization:/home/ubuntu/rj_training_container/training_ws/install/elevation_server:/home/ubuntu/rj_training_container/training_ws/install/coordinate_transform:/home/ubuntu/rj_training_container/training_ws/install/rj_training_bringup:/home/ubuntu/rj_training_container/training_ws/install/obstacle_detector:/home/ubuntu/rj_training_container/training_ws/install/mapping:/home/ubuntu/rj_training_container/training_ws/install/joystick_package:/home/ubuntu/rj_training_container/training_ws/install/joystick_msgs:/home/ubuntu/rj_training_container/training_ws/install/controllers:/home/ubuntu/rj_training_container/training_ws/install/astar_path_planner:/home/ubuntu/rj_training_container/training_ws/install/keyboard:/opt/ros/humble LD_LIBRARY_PATH=/home/ubuntu/rj_training_container/training_ws/install/stsl_aruco_tags/lib:/home/ubuntu/rj_training_container/training_ws/install/stsl_interfaces/lib:/home/ubuntu/rj_training_container/training_ws/install/stsl_gazebo_plugins/lib:/home/ubuntu/rj_training_container/training_ws/install/teleop/lib:/home/ubuntu/rj_training_container/training_ws/install/stsl_utils/lib:/home/ubuntu/rj_training_container/training_ws/install/stsl_rviz_plugins/lib:/home/ubuntu/rj_training_container/training_ws/install/stsl_nav_plugins/lib:/home/ubuntu/rj_training_container/training_ws/install/mission_orchestration/lib:/home/ubuntu/rj_training_container/training_ws/install/stsl_bt_nodes/lib:/home/ubuntu/rj_training_container/training_ws/install/peak_finder/lib:/home/ubuntu/rj_training_container/training_ws/install/mineral_deposit_tracking/lib:/home/ubuntu/rj_training_container/training_ws/install/mineral_deposit_detection/lib:/home/ubuntu/rj_training_container/training_ws/install/localization/lib:/home/ubuntu/rj_training_container/training_ws/install/elevation_server/lib:/home/ubuntu/rj_training_container/training_ws/install/coordinate_transform/lib:/home/ubuntu/rj_training_container/training_ws/install/obstacle_detector/lib:/home/ubuntu/rj_training_container/training_ws/install/mapping/lib:/home/ubuntu/rj_training_container/training_ws/install/joystick_package/lib:/home/ubuntu/rj_training_container/training_ws/install/joystick_msgs/lib:/home/ubuntu/rj_training_container/training_ws/install/controllers/lib:/home/ubuntu/rj_training_container/training_ws/install/astar_path_planner/lib:/usr/lib/x86_64-linux-gnu/gazebo-11/plugins:/opt/ros/humble/opt/rviz_ogre_vendor/lib:/opt/ros/humble/lib/x86_64-linux-gnu:/opt/ros/humble/lib /usr/bin/cmake --install /home/ubuntu/rj_training_container/training_ws/build/traini_gazebo
[584.493s] Level 1:colcon.colcon_core.environment:checking '/home/ubuntu/rj_training_container/training_ws/install/traini_gazebo' for CMake config files
[584.555s] Level 1:colcon.colcon_core.shell:create_environment_hook('traini_gazebo', 'cmake_prefix_path')
[584.555s] INFO:colcon.colcon_core.shell:Creating environment hook '/home/ubuntu/rj_training_container/training_ws/install/traini_gazebo/share/traini_gazebo/hook/cmake_prefix_path.ps1'
[584.568s] INFO:colcon.colcon_core.shell:Creating environment descriptor '/home/ubuntu/rj_training_container/training_ws/install/traini_gazebo/share/traini_gazebo/hook/cmake_prefix_path.dsv'
[584.581s] INFO:colcon.colcon_core.shell:Creating environment hook '/home/ubuntu/rj_training_container/training_ws/install/traini_gazebo/share/traini_gazebo/hook/cmake_prefix_path.sh'
[584.596s] Level 1:colcon.colcon_core.environment:checking '/home/ubuntu/rj_training_container/training_ws/install/traini_gazebo/lib'
[584.600s] Level 1:colcon.colcon_core.environment:checking '/home/ubuntu/rj_training_container/training_ws/install/traini_gazebo/bin'
[584.601s] Level 1:colcon.colcon_core.environment:checking '/home/ubuntu/rj_training_container/training_ws/install/traini_gazebo/lib/pkgconfig/traini_gazebo.pc'
[584.603s] Level 1:colcon.colcon_core.environment:checking '/home/ubuntu/rj_training_container/training_ws/install/traini_gazebo/lib/python3.10/site-packages'
[584.604s] Level 1:colcon.colcon_core.environment:checking '/home/ubuntu/rj_training_container/training_ws/install/traini_gazebo/bin'
[584.606s] INFO:colcon.colcon_core.shell:Creating package script '/home/ubuntu/rj_training_container/training_ws/install/traini_gazebo/share/traini_gazebo/package.ps1'
[584.616s] INFO:colcon.colcon_core.shell:Creating package descriptor '/home/ubuntu/rj_training_container/training_ws/install/traini_gazebo/share/traini_gazebo/package.dsv'
[584.627s] INFO:colcon.colcon_core.shell:Creating package script '/home/ubuntu/rj_training_container/training_ws/install/traini_gazebo/share/traini_gazebo/package.sh'
[584.639s] INFO:colcon.colcon_core.shell:Creating package script '/home/ubuntu/rj_training_container/training_ws/install/traini_gazebo/share/traini_gazebo/package.bash'
[584.649s] INFO:colcon.colcon_core.shell:Creating package script '/home/ubuntu/rj_training_container/training_ws/install/traini_gazebo/share/traini_gazebo/package.zsh'
[584.661s] Level 1:colcon.colcon_core.environment:create_file_with_runtime_dependencies(/home/ubuntu/rj_training_container/training_ws/install/traini_gazebo/share/colcon-core/packages/traini_gazebo)
[589.881s] Level 1:colcon.colcon_core.environment:create_environment_scripts_only(traini_gazebo)
[589.881s] Level 1:colcon.colcon_core.environment:checking '/home/ubuntu/rj_training_container/training_ws/install/traini_gazebo' for CMake module files
[589.970s] Level 1:colcon.colcon_core.environment:checking '/home/ubuntu/rj_training_container/training_ws/install/traini_gazebo' for CMake config files
[590.030s] Level 1:colcon.colcon_core.shell:create_environment_hook('traini_gazebo', 'cmake_prefix_path')
[590.031s] INFO:colcon.colcon_core.shell:Creating environment hook '/home/ubuntu/rj_training_container/training_ws/install/traini_gazebo/share/traini_gazebo/hook/cmake_prefix_path.ps1'
[590.043s] INFO:colcon.colcon_core.shell:Creating environment descriptor '/home/ubuntu/rj_training_container/training_ws/install/traini_gazebo/share/traini_gazebo/hook/cmake_prefix_path.dsv'
[590.055s] INFO:colcon.colcon_core.shell:Creating environment hook '/home/ubuntu/rj_training_container/training_ws/install/traini_gazebo/share/traini_gazebo/hook/cmake_prefix_path.sh'
[590.073s] Level 1:colcon.colcon_core.environment:checking '/home/ubuntu/rj_training_container/training_ws/install/traini_gazebo/lib'
[590.076s] Level 1:colcon.colcon_core.environment:checking '/home/ubuntu/rj_training_container/training_ws/install/traini_gazebo/bin'
[590.077s] Level 1:colcon.colcon_core.environment:checking '/home/ubuntu/rj_training_container/training_ws/install/traini_gazebo/lib/pkgconfig/traini_gazebo.pc'
[590.079s] Level 1:colcon.colcon_core.environment:checking '/home/ubuntu/rj_training_container/training_ws/install/traini_gazebo/lib/python3.10/site-packages'
[590.080s] Level 1:colcon.colcon_core.environment:checking '/home/ubuntu/rj_training_container/training_ws/install/traini_gazebo/bin'
[590.081s] INFO:colcon.colcon_core.shell:Creating package script '/home/ubuntu/rj_training_container/training_ws/install/traini_gazebo/share/traini_gazebo/package.ps1'
[590.093s] INFO:colcon.colcon_core.shell:Creating package descriptor '/home/ubuntu/rj_training_container/training_ws/install/traini_gazebo/share/traini_gazebo/package.dsv'
[590.105s] INFO:colcon.colcon_core.shell:Creating package script '/home/ubuntu/rj_training_container/training_ws/install/traini_gazebo/share/traini_gazebo/package.sh'
[590.115s] INFO:colcon.colcon_core.shell:Creating package script '/home/ubuntu/rj_training_container/training_ws/install/traini_gazebo/share/traini_gazebo/package.bash'
[590.126s] INFO:colcon.colcon_core.shell:Creating package script '/home/ubuntu/rj_training_container/training_ws/install/traini_gazebo/share/traini_gazebo/package.zsh'
[590.138s] Level 1:colcon.colcon_core.environment:create_file_with_runtime_dependencies(/home/ubuntu/rj_training_container/training_ws/install/traini_gazebo/share/colcon-core/packages/traini_gazebo)
[590.147s] INFO:colcon.colcon_ros.task.ament_cmake.build:Building ROS package in '/home/ubuntu/rj_training_container/training_ws/src/stsl/traini_bringup' with build type 'ament_cmake'
[590.148s] INFO:colcon.colcon_cmake.task.cmake.build:Building CMake package in '/home/ubuntu/rj_training_container/training_ws/src/stsl/traini_bringup'
[590.149s] INFO:colcon.colcon_core.shell:Skip shell extension 'powershell' for command environment: Not usable outside of PowerShell
[590.150s] DEBUG:colcon.colcon_core.shell:Skip shell extension 'dsv' for command environment
[591.493s] Level 1:colcon.colcon_core.environment:create_environment_scripts_only(mission_orchestration)
[591.493s] Level 1:colcon.colcon_core.environment:checking '/home/ubuntu/rj_training_container/training_ws/install/mission_orchestration' for CMake module files
[591.575s] Level 1:colcon.colcon_core.environment:checking '/home/ubuntu/rj_training_container/training_ws/install/mission_orchestration' for CMake config files
[591.646s] Level 1:colcon.colcon_core.shell:create_environment_hook('mission_orchestration', 'cmake_prefix_path')
[591.647s] INFO:colcon.colcon_core.shell:Creating environment hook '/home/ubuntu/rj_training_container/training_ws/install/mission_orchestration/share/mission_orchestration/hook/cmake_prefix_path.ps1'
[591.661s] INFO:colcon.colcon_core.shell:Creating environment descriptor '/home/ubuntu/rj_training_container/training_ws/install/mission_orchestration/share/mission_orchestration/hook/cmake_prefix_path.dsv'
[591.672s] INFO:colcon.colcon_core.shell:Creating environment hook '/home/ubuntu/rj_training_container/training_ws/install/mission_orchestration/share/mission_orchestration/hook/cmake_prefix_path.sh'
[591.687s] Level 1:colcon.colcon_core.environment:checking '/home/ubuntu/rj_training_container/training_ws/install/mission_orchestration/lib'
[591.692s] Level 1:colcon.colcon_core.shell:create_environment_hook('mission_orchestration', 'ld_library_path_lib')
[591.692s] INFO:colcon.colcon_core.shell:Creating environment hook '/home/ubuntu/rj_training_container/training_ws/install/mission_orchestration/share/mission_orchestration/hook/ld_library_path_lib.ps1'
[591.706s] INFO:colcon.colcon_core.shell:Creating environment descriptor '/home/ubuntu/rj_training_container/training_ws/install/mission_orchestration/share/mission_orchestration/hook/ld_library_path_lib.dsv'
[591.718s] INFO:colcon.colcon_core.shell:Creating environment hook '/home/ubuntu/rj_training_container/training_ws/install/mission_orchestration/share/mission_orchestration/hook/ld_library_path_lib.sh'
[591.732s] Level 1:colcon.colcon_core.environment:checking '/home/ubuntu/rj_training_container/training_ws/install/mission_orchestration/bin'
[591.733s] Level 1:colcon.colcon_core.environment:checking '/home/ubuntu/rj_training_container/training_ws/install/mission_orchestration/lib/pkgconfig/mission_orchestration.pc'
[591.737s] Level 1:colcon.colcon_core.environment:checking '/home/ubuntu/rj_training_container/training_ws/install/mission_orchestration/lib/python3.10/site-packages'
[591.741s] Level 1:colcon.colcon_core.environment:checking '/home/ubuntu/rj_training_container/training_ws/install/mission_orchestration/bin'
[591.743s] INFO:colcon.colcon_core.shell:Creating package script '/home/ubuntu/rj_training_container/training_ws/install/mission_orchestration/share/mission_orchestration/package.ps1'
[591.754s] INFO:colcon.colcon_core.shell:Creating package descriptor '/home/ubuntu/rj_training_container/training_ws/install/mission_orchestration/share/mission_orchestration/package.dsv'
[591.767s] INFO:colcon.colcon_core.shell:Creating package script '/home/ubuntu/rj_training_container/training_ws/install/mission_orchestration/share/mission_orchestration/package.sh'
[591.777s] INFO:colcon.colcon_core.shell:Creating package script '/home/ubuntu/rj_training_container/training_ws/install/mission_orchestration/share/mission_orchestration/package.bash'
[591.788s] INFO:colcon.colcon_core.shell:Creating package script '/home/ubuntu/rj_training_container/training_ws/install/mission_orchestration/share/mission_orchestration/package.zsh'
[591.800s] Level 1:colcon.colcon_core.environment:create_file_with_runtime_dependencies(/home/ubuntu/rj_training_container/training_ws/install/mission_orchestration/share/colcon-core/packages/mission_orchestration)
[592.463s] DEBUG:colcon.colcon_core.event_handler.log_command:Invoking command in '/home/ubuntu/rj_training_container/training_ws/build/traini_bringup': CMAKE_PREFIX_PATH=/home/ubuntu/rj_training_container/training_ws/install/traini_gazebo:/home/ubuntu/rj_training_container/training_ws/install/stsl_aruco_tags:/home/ubuntu/rj_training_container/training_ws/install/traini_description:/home/ubuntu/rj_training_container/training_ws/install/stsl_interfaces:/home/ubuntu/rj_training_container/training_ws/install/stsl_gazebo_plugins:/home/ubuntu/rj_training_container/training_ws/install/stsl_desktop:/home/ubuntu/rj_training_container/training_ws/install/traini_bringup:/home/ubuntu/rj_training_container/training_ws/install/teleop:/home/ubuntu/rj_training_container/training_ws/install/stsl_utils:/home/ubuntu/rj_training_container/training_ws/install/stsl_rviz_plugins:/home/ubuntu/rj_training_container/training_ws/install/stsl_nav_plugins:/home/ubuntu/rj_training_container/training_ws/install/mission_orchestration:/home/ubuntu/rj_training_container/training_ws/install/stsl_bt_nodes:/home/ubuntu/rj_training_container/training_ws/install/peak_finder:/home/ubuntu/rj_training_container/training_ws/install/mineral_deposit_tracking:/home/ubuntu/rj_training_container/training_ws/install/mineral_deposit_detection:/home/ubuntu/rj_training_container/training_ws/install/localization:/home/ubuntu/rj_training_container/training_ws/install/elevation_server:/home/ubuntu/rj_training_container/training_ws/install/coordinate_transform:/home/ubuntu/rj_training_container/training_ws/install/rj_training_bringup:/home/ubuntu/rj_training_container/training_ws/install/obstacle_detector:/home/ubuntu/rj_training_container/training_ws/install/mapping:/home/ubuntu/rj_training_container/training_ws/install/joystick_package:/home/ubuntu/rj_training_container/training_ws/install/joystick_msgs:/home/ubuntu/rj_training_container/training_ws/install/controllers:/home/ubuntu/rj_training_container/training_ws/install/astar_path_planner:/home/ubuntu/rj_training_container/training_ws/install/keyboard:/opt/ros/humble LD_LIBRARY_PATH=/home/ubuntu/rj_training_container/training_ws/install/stsl_aruco_tags/lib:/home/ubuntu/rj_training_container/training_ws/install/stsl_interfaces/lib:/home/ubuntu/rj_training_container/training_ws/install/stsl_gazebo_plugins/lib:/home/ubuntu/rj_training_container/training_ws/install/teleop/lib:/home/ubuntu/rj_training_container/training_ws/install/stsl_utils/lib:/home/ubuntu/rj_training_container/training_ws/install/stsl_rviz_plugins/lib:/home/ubuntu/rj_training_container/training_ws/install/stsl_nav_plugins/lib:/home/ubuntu/rj_training_container/training_ws/install/mission_orchestration/lib:/home/ubuntu/rj_training_container/training_ws/install/stsl_bt_nodes/lib:/home/ubuntu/rj_training_container/training_ws/install/peak_finder/lib:/home/ubuntu/rj_training_container/training_ws/install/mineral_deposit_tracking/lib:/home/ubuntu/rj_training_container/training_ws/install/mineral_deposit_detection/lib:/home/ubuntu/rj_training_container/training_ws/install/localization/lib:/home/ubuntu/rj_training_container/training_ws/install/elevation_server/lib:/home/ubuntu/rj_training_container/training_ws/install/coordinate_transform/lib:/home/ubuntu/rj_training_container/training_ws/install/obstacle_detector/lib:/home/ubuntu/rj_training_container/training_ws/install/mapping/lib:/home/ubuntu/rj_training_container/training_ws/install/joystick_package/lib:/home/ubuntu/rj_training_container/training_ws/install/joystick_msgs/lib:/home/ubuntu/rj_training_container/training_ws/install/controllers/lib:/home/ubuntu/rj_training_container/training_ws/install/astar_path_planner/lib:/usr/lib/x86_64-linux-gnu/gazebo-11/plugins:/opt/ros/humble/opt/rviz_ogre_vendor/lib:/opt/ros/humble/lib/x86_64-linux-gnu:/opt/ros/humble/lib /usr/bin/cmake --build /home/ubuntu/rj_training_container/training_ws/build/traini_bringup -- -j16 -l16
[602.277s] DEBUG:colcon.colcon_core.event_handler.log_command:Invoked command in '/home/ubuntu/rj_training_container/training_ws/build/traini_bringup' returned '0': CMAKE_PREFIX_PATH=/home/ubuntu/rj_training_container/training_ws/install/traini_gazebo:/home/ubuntu/rj_training_container/training_ws/install/stsl_aruco_tags:/home/ubuntu/rj_training_container/training_ws/install/traini_description:/home/ubuntu/rj_training_container/training_ws/install/stsl_interfaces:/home/ubuntu/rj_training_container/training_ws/install/stsl_gazebo_plugins:/home/ubuntu/rj_training_container/training_ws/install/stsl_desktop:/home/ubuntu/rj_training_container/training_ws/install/traini_bringup:/home/ubuntu/rj_training_container/training_ws/install/teleop:/home/ubuntu/rj_training_container/training_ws/install/stsl_utils:/home/ubuntu/rj_training_container/training_ws/install/stsl_rviz_plugins:/home/ubuntu/rj_training_container/training_ws/install/stsl_nav_plugins:/home/ubuntu/rj_training_container/training_ws/install/mission_orchestration:/home/ubuntu/rj_training_container/training_ws/install/stsl_bt_nodes:/home/ubuntu/rj_training_container/training_ws/install/peak_finder:/home/ubuntu/rj_training_container/training_ws/install/mineral_deposit_tracking:/home/ubuntu/rj_training_container/training_ws/install/mineral_deposit_detection:/home/ubuntu/rj_training_container/training_ws/install/localization:/home/ubuntu/rj_training_container/training_ws/install/elevation_server:/home/ubuntu/rj_training_container/training_ws/install/coordinate_transform:/home/ubuntu/rj_training_container/training_ws/install/rj_training_bringup:/home/ubuntu/rj_training_container/training_ws/install/obstacle_detector:/home/ubuntu/rj_training_container/training_ws/install/mapping:/home/ubuntu/rj_training_container/training_ws/install/joystick_package:/home/ubuntu/rj_training_container/training_ws/install/joystick_msgs:/home/ubuntu/rj_training_container/training_ws/install/controllers:/home/ubuntu/rj_training_container/training_ws/install/astar_path_planner:/home/ubuntu/rj_training_container/training_ws/install/keyboard:/opt/ros/humble LD_LIBRARY_PATH=/home/ubuntu/rj_training_container/training_ws/install/stsl_aruco_tags/lib:/home/ubuntu/rj_training_container/training_ws/install/stsl_interfaces/lib:/home/ubuntu/rj_training_container/training_ws/install/stsl_gazebo_plugins/lib:/home/ubuntu/rj_training_container/training_ws/install/teleop/lib:/home/ubuntu/rj_training_container/training_ws/install/stsl_utils/lib:/home/ubuntu/rj_training_container/training_ws/install/stsl_rviz_plugins/lib:/home/ubuntu/rj_training_container/training_ws/install/stsl_nav_plugins/lib:/home/ubuntu/rj_training_container/training_ws/install/mission_orchestration/lib:/home/ubuntu/rj_training_container/training_ws/install/stsl_bt_nodes/lib:/home/ubuntu/rj_training_container/training_ws/install/peak_finder/lib:/home/ubuntu/rj_training_container/training_ws/install/mineral_deposit_tracking/lib:/home/ubuntu/rj_training_container/training_ws/install/mineral_deposit_detection/lib:/home/ubuntu/rj_training_container/training_ws/install/localization/lib:/home/ubuntu/rj_training_container/training_ws/install/elevation_server/lib:/home/ubuntu/rj_training_container/training_ws/install/coordinate_transform/lib:/home/ubuntu/rj_training_container/training_ws/install/obstacle_detector/lib:/home/ubuntu/rj_training_container/training_ws/install/mapping/lib:/home/ubuntu/rj_training_container/training_ws/install/joystick_package/lib:/home/ubuntu/rj_training_container/training_ws/install/joystick_msgs/lib:/home/ubuntu/rj_training_container/training_ws/install/controllers/lib:/home/ubuntu/rj_training_container/training_ws/install/astar_path_planner/lib:/usr/lib/x86_64-linux-gnu/gazebo-11/plugins:/opt/ros/humble/opt/rviz_ogre_vendor/lib:/opt/ros/humble/lib/x86_64-linux-gnu:/opt/ros/humble/lib /usr/bin/cmake --build /home/ubuntu/rj_training_container/training_ws/build/traini_bringup -- -j16 -l16
[613.689s] DEBUG:colcon.colcon_core.event_handler.log_command:Invoking command in '/home/ubuntu/rj_training_container/training_ws/build/traini_bringup': CMAKE_PREFIX_PATH=/home/ubuntu/rj_training_container/training_ws/install/traini_gazebo:/home/ubuntu/rj_training_container/training_ws/install/stsl_aruco_tags:/home/ubuntu/rj_training_container/training_ws/install/traini_description:/home/ubuntu/rj_training_container/training_ws/install/stsl_interfaces:/home/ubuntu/rj_training_container/training_ws/install/stsl_gazebo_plugins:/home/ubuntu/rj_training_container/training_ws/install/stsl_desktop:/home/ubuntu/rj_training_container/training_ws/install/traini_bringup:/home/ubuntu/rj_training_container/training_ws/install/teleop:/home/ubuntu/rj_training_container/training_ws/install/stsl_utils:/home/ubuntu/rj_training_container/training_ws/install/stsl_rviz_plugins:/home/ubuntu/rj_training_container/training_ws/install/stsl_nav_plugins:/home/ubuntu/rj_training_container/training_ws/install/mission_orchestration:/home/ubuntu/rj_training_container/training_ws/install/stsl_bt_nodes:/home/ubuntu/rj_training_container/training_ws/install/peak_finder:/home/ubuntu/rj_training_container/training_ws/install/mineral_deposit_tracking:/home/ubuntu/rj_training_container/training_ws/install/mineral_deposit_detection:/home/ubuntu/rj_training_container/training_ws/install/localization:/home/ubuntu/rj_training_container/training_ws/install/elevation_server:/home/ubuntu/rj_training_container/training_ws/install/coordinate_transform:/home/ubuntu/rj_training_container/training_ws/install/rj_training_bringup:/home/ubuntu/rj_training_container/training_ws/install/obstacle_detector:/home/ubuntu/rj_training_container/training_ws/install/mapping:/home/ubuntu/rj_training_container/training_ws/install/joystick_package:/home/ubuntu/rj_training_container/training_ws/install/joystick_msgs:/home/ubuntu/rj_training_container/training_ws/install/controllers:/home/ubuntu/rj_training_container/training_ws/install/astar_path_planner:/home/ubuntu/rj_training_container/training_ws/install/keyboard:/opt/ros/humble LD_LIBRARY_PATH=/home/ubuntu/rj_training_container/training_ws/install/stsl_aruco_tags/lib:/home/ubuntu/rj_training_container/training_ws/install/stsl_interfaces/lib:/home/ubuntu/rj_training_container/training_ws/install/stsl_gazebo_plugins/lib:/home/ubuntu/rj_training_container/training_ws/install/teleop/lib:/home/ubuntu/rj_training_container/training_ws/install/stsl_utils/lib:/home/ubuntu/rj_training_container/training_ws/install/stsl_rviz_plugins/lib:/home/ubuntu/rj_training_container/training_ws/install/stsl_nav_plugins/lib:/home/ubuntu/rj_training_container/training_ws/install/mission_orchestration/lib:/home/ubuntu/rj_training_container/training_ws/install/stsl_bt_nodes/lib:/home/ubuntu/rj_training_container/training_ws/install/peak_finder/lib:/home/ubuntu/rj_training_container/training_ws/install/mineral_deposit_tracking/lib:/home/ubuntu/rj_training_container/training_ws/install/mineral_deposit_detection/lib:/home/ubuntu/rj_training_container/training_ws/install/localization/lib:/home/ubuntu/rj_training_container/training_ws/install/elevation_server/lib:/home/ubuntu/rj_training_container/training_ws/install/coordinate_transform/lib:/home/ubuntu/rj_training_container/training_ws/install/obstacle_detector/lib:/home/ubuntu/rj_training_container/training_ws/install/mapping/lib:/home/ubuntu/rj_training_container/training_ws/install/joystick_package/lib:/home/ubuntu/rj_training_container/training_ws/install/joystick_msgs/lib:/home/ubuntu/rj_training_container/training_ws/install/controllers/lib:/home/ubuntu/rj_training_container/training_ws/install/astar_path_planner/lib:/usr/lib/x86_64-linux-gnu/gazebo-11/plugins:/opt/ros/humble/opt/rviz_ogre_vendor/lib:/opt/ros/humble/lib/x86_64-linux-gnu:/opt/ros/humble/lib /usr/bin/cmake --install /home/ubuntu/rj_training_container/training_ws/build/traini_bringup
[616.320s] Level 1:colcon.colcon_core.environment:create_environment_scripts_only(traini_bringup)
[616.321s] Level 1:colcon.colcon_core.environment:checking '/home/ubuntu/rj_training_container/training_ws/install/traini_bringup' for CMake module files
[616.322s] DEBUG:colcon.colcon_core.event_handler.log_command:Invoked command in '/home/ubuntu/rj_training_container/training_ws/build/traini_bringup' returned '0': CMAKE_PREFIX_PATH=/home/ubuntu/rj_training_container/training_ws/install/traini_gazebo:/home/ubuntu/rj_training_container/training_ws/install/stsl_aruco_tags:/home/ubuntu/rj_training_container/training_ws/install/traini_description:/home/ubuntu/rj_training_container/training_ws/install/stsl_interfaces:/home/ubuntu/rj_training_container/training_ws/install/stsl_gazebo_plugins:/home/ubuntu/rj_training_container/training_ws/install/stsl_desktop:/home/ubuntu/rj_training_container/training_ws/install/traini_bringup:/home/ubuntu/rj_training_container/training_ws/install/teleop:/home/ubuntu/rj_training_container/training_ws/install/stsl_utils:/home/ubuntu/rj_training_container/training_ws/install/stsl_rviz_plugins:/home/ubuntu/rj_training_container/training_ws/install/stsl_nav_plugins:/home/ubuntu/rj_training_container/training_ws/install/mission_orchestration:/home/ubuntu/rj_training_container/training_ws/install/stsl_bt_nodes:/home/ubuntu/rj_training_container/training_ws/install/peak_finder:/home/ubuntu/rj_training_container/training_ws/install/mineral_deposit_tracking:/home/ubuntu/rj_training_container/training_ws/install/mineral_deposit_detection:/home/ubuntu/rj_training_container/training_ws/install/localization:/home/ubuntu/rj_training_container/training_ws/install/elevation_server:/home/ubuntu/rj_training_container/training_ws/install/coordinate_transform:/home/ubuntu/rj_training_container/training_ws/install/rj_training_bringup:/home/ubuntu/rj_training_container/training_ws/install/obstacle_detector:/home/ubuntu/rj_training_container/training_ws/install/mapping:/home/ubuntu/rj_training_container/training_ws/install/joystick_package:/home/ubuntu/rj_training_container/training_ws/install/joystick_msgs:/home/ubuntu/rj_training_container/training_ws/install/controllers:/home/ubuntu/rj_training_container/training_ws/install/astar_path_planner:/home/ubuntu/rj_training_container/training_ws/install/keyboard:/opt/ros/humble LD_LIBRARY_PATH=/home/ubuntu/rj_training_container/training_ws/install/stsl_aruco_tags/lib:/home/ubuntu/rj_training_container/training_ws/install/stsl_interfaces/lib:/home/ubuntu/rj_training_container/training_ws/install/stsl_gazebo_plugins/lib:/home/ubuntu/rj_training_container/training_ws/install/teleop/lib:/home/ubuntu/rj_training_container/training_ws/install/stsl_utils/lib:/home/ubuntu/rj_training_container/training_ws/install/stsl_rviz_plugins/lib:/home/ubuntu/rj_training_container/training_ws/install/stsl_nav_plugins/lib:/home/ubuntu/rj_training_container/training_ws/install/mission_orchestration/lib:/home/ubuntu/rj_training_container/training_ws/install/stsl_bt_nodes/lib:/home/ubuntu/rj_training_container/training_ws/install/peak_finder/lib:/home/ubuntu/rj_training_container/training_ws/install/mineral_deposit_tracking/lib:/home/ubuntu/rj_training_container/training_ws/install/mineral_deposit_detection/lib:/home/ubuntu/rj_training_container/training_ws/install/localization/lib:/home/ubuntu/rj_training_container/training_ws/install/elevation_server/lib:/home/ubuntu/rj_training_container/training_ws/install/coordinate_transform/lib:/home/ubuntu/rj_training_container/training_ws/install/obstacle_detector/lib:/home/ubuntu/rj_training_container/training_ws/install/mapping/lib:/home/ubuntu/rj_training_container/training_ws/install/joystick_package/lib:/home/ubuntu/rj_training_container/training_ws/install/joystick_msgs/lib:/home/ubuntu/rj_training_container/training_ws/install/controllers/lib:/home/ubuntu/rj_training_container/training_ws/install/astar_path_planner/lib:/usr/lib/x86_64-linux-gnu/gazebo-11/plugins:/opt/ros/humble/opt/rviz_ogre_vendor/lib:/opt/ros/humble/lib/x86_64-linux-gnu:/opt/ros/humble/lib /usr/bin/cmake --install /home/ubuntu/rj_training_container/training_ws/build/traini_bringup
[616.401s] Level 1:colcon.colcon_core.environment:checking '/home/ubuntu/rj_training_container/training_ws/install/traini_bringup' for CMake config files
[616.456s] Level 1:colcon.colcon_core.shell:create_environment_hook('traini_bringup', 'cmake_prefix_path')
[616.457s] INFO:colcon.colcon_core.shell:Creating environment hook '/home/ubuntu/rj_training_container/training_ws/install/traini_bringup/share/traini_bringup/hook/cmake_prefix_path.ps1'
[616.471s] INFO:colcon.colcon_core.shell:Creating environment descriptor '/home/ubuntu/rj_training_container/training_ws/install/traini_bringup/share/traini_bringup/hook/cmake_prefix_path.dsv'
[616.484s] INFO:colcon.colcon_core.shell:Creating environment hook '/home/ubuntu/rj_training_container/training_ws/install/traini_bringup/share/traini_bringup/hook/cmake_prefix_path.sh'
[616.501s] Level 1:colcon.colcon_core.environment:checking '/home/ubuntu/rj_training_container/training_ws/install/traini_bringup/bin'
[616.502s] Level 1:colcon.colcon_core.environment:checking '/home/ubuntu/rj_training_container/training_ws/install/traini_bringup/lib/pkgconfig/traini_bringup.pc'
[616.504s] Level 1:colcon.colcon_core.environment:checking '/home/ubuntu/rj_training_container/training_ws/install/traini_bringup/lib/python3.10/site-packages'
[616.505s] Level 1:colcon.colcon_core.environment:checking '/home/ubuntu/rj_training_container/training_ws/install/traini_bringup/bin'
[616.507s] INFO:colcon.colcon_core.shell:Creating package script '/home/ubuntu/rj_training_container/training_ws/install/traini_bringup/share/traini_bringup/package.ps1'
[616.518s] INFO:colcon.colcon_core.shell:Creating package descriptor '/home/ubuntu/rj_training_container/training_ws/install/traini_bringup/share/traini_bringup/package.dsv'
[616.531s] INFO:colcon.colcon_core.shell:Creating package script '/home/ubuntu/rj_training_container/training_ws/install/traini_bringup/share/traini_bringup/package.sh'
[616.543s] INFO:colcon.colcon_core.shell:Creating package script '/home/ubuntu/rj_training_container/training_ws/install/traini_bringup/share/traini_bringup/package.bash'
[616.556s] INFO:colcon.colcon_core.shell:Creating package script '/home/ubuntu/rj_training_container/training_ws/install/traini_bringup/share/traini_bringup/package.zsh'
[616.568s] Level 1:colcon.colcon_core.environment:create_file_with_runtime_dependencies(/home/ubuntu/rj_training_container/training_ws/install/traini_bringup/share/colcon-core/packages/traini_bringup)
[628.574s] Level 1:colcon.colcon_core.environment:create_environment_scripts_only(traini_bringup)
[628.574s] Level 1:colcon.colcon_core.environment:checking '/home/ubuntu/rj_training_container/training_ws/install/traini_bringup' for CMake module files
[628.661s] Level 1:colcon.colcon_core.environment:checking '/home/ubuntu/rj_training_container/training_ws/install/traini_bringup' for CMake config files
[628.720s] Level 1:colcon.colcon_core.shell:create_environment_hook('traini_bringup', 'cmake_prefix_path')
[628.721s] INFO:colcon.colcon_core.shell:Creating environment hook '/home/ubuntu/rj_training_container/training_ws/install/traini_bringup/share/traini_bringup/hook/cmake_prefix_path.ps1'
[628.734s] INFO:colcon.colcon_core.shell:Creating environment descriptor '/home/ubuntu/rj_training_container/training_ws/install/traini_bringup/share/traini_bringup/hook/cmake_prefix_path.dsv'
[628.748s] INFO:colcon.colcon_core.shell:Creating environment hook '/home/ubuntu/rj_training_container/training_ws/install/traini_bringup/share/traini_bringup/hook/cmake_prefix_path.sh'
[628.773s] Level 1:colcon.colcon_core.environment:checking '/home/ubuntu/rj_training_container/training_ws/install/traini_bringup/bin'
[628.775s] Level 1:colcon.colcon_core.environment:checking '/home/ubuntu/rj_training_container/training_ws/install/traini_bringup/lib/pkgconfig/traini_bringup.pc'
[628.776s] Level 1:colcon.colcon_core.environment:checking '/home/ubuntu/rj_training_container/training_ws/install/traini_bringup/lib/python3.10/site-packages'
[628.778s] Level 1:colcon.colcon_core.environment:checking '/home/ubuntu/rj_training_container/training_ws/install/traini_bringup/bin'
[628.781s] INFO:colcon.colcon_core.shell:Creating package script '/home/ubuntu/rj_training_container/training_ws/install/traini_bringup/share/traini_bringup/package.ps1'
[628.792s] INFO:colcon.colcon_core.shell:Creating package descriptor '/home/ubuntu/rj_training_container/training_ws/install/traini_bringup/share/traini_bringup/package.dsv'
[628.804s] INFO:colcon.colcon_core.shell:Creating package script '/home/ubuntu/rj_training_container/training_ws/install/traini_bringup/share/traini_bringup/package.sh'
[628.817s] INFO:colcon.colcon_core.shell:Creating package script '/home/ubuntu/rj_training_container/training_ws/install/traini_bringup/share/traini_bringup/package.bash'
[628.831s] INFO:colcon.colcon_core.shell:Creating package script '/home/ubuntu/rj_training_container/training_ws/install/traini_bringup/share/traini_bringup/package.zsh'
[628.842s] Level 1:colcon.colcon_core.environment:create_file_with_runtime_dependencies(/home/ubuntu/rj_training_container/training_ws/install/traini_bringup/share/colcon-core/packages/traini_bringup)
[628.857s] INFO:colcon.colcon_ros.task.ament_cmake.build:Building ROS package in '/home/ubuntu/rj_training_container/training_ws/src/stsl/stsl_desktop' with build type 'ament_cmake'
[628.857s] INFO:colcon.colcon_cmake.task.cmake.build:Building CMake package in '/home/ubuntu/rj_training_container/training_ws/src/stsl/stsl_desktop'
[628.858s] INFO:colcon.colcon_core.shell:Skip shell extension 'powershell' for command environment: Not usable outside of PowerShell
[628.858s] DEBUG:colcon.colcon_core.shell:Skip shell extension 'dsv' for command environment
[632.053s] DEBUG:colcon.colcon_core.event_handler.log_command:Invoking command in '/home/ubuntu/rj_training_container/training_ws/build/stsl_desktop': CMAKE_PREFIX_PATH=/home/ubuntu/rj_training_container/training_ws/install/traini_bringup:/home/ubuntu/rj_training_container/training_ws/install/traini_gazebo:/home/ubuntu/rj_training_container/training_ws/install/mission_orchestration:/home/ubuntu/rj_training_container/training_ws/install/stsl_rviz_plugins:/home/ubuntu/rj_training_container/training_ws/install/stsl_bt_nodes:/home/ubuntu/rj_training_container/training_ws/install/stsl_aruco_tags:/home/ubuntu/rj_training_container/training_ws/install/mineral_deposit_detection:/home/ubuntu/rj_training_container/training_ws/install/elevation_server:/home/ubuntu/rj_training_container/training_ws/install/traini_description:/home/ubuntu/rj_training_container/training_ws/install/stsl_utils:/home/ubuntu/rj_training_container/training_ws/install/stsl_nav_plugins:/home/ubuntu/rj_training_container/training_ws/install/stsl_interfaces:/home/ubuntu/rj_training_container/training_ws/install/stsl_gazebo_plugins:/home/ubuntu/rj_training_container/training_ws/install/stsl_desktop:/home/ubuntu/rj_training_container/training_ws/install/teleop:/home/ubuntu/rj_training_container/training_ws/install/peak_finder:/home/ubuntu/rj_training_container/training_ws/install/mineral_deposit_tracking:/home/ubuntu/rj_training_container/training_ws/install/localization:/home/ubuntu/rj_training_container/training_ws/install/coordinate_transform:/home/ubuntu/rj_training_container/training_ws/install/rj_training_bringup:/home/ubuntu/rj_training_container/training_ws/install/obstacle_detector:/home/ubuntu/rj_training_container/training_ws/install/mapping:/home/ubuntu/rj_training_container/training_ws/install/joystick_package:/home/ubuntu/rj_training_container/training_ws/install/joystick_msgs:/home/ubuntu/rj_training_container/training_ws/install/controllers:/home/ubuntu/rj_training_container/training_ws/install/astar_path_planner:/home/ubuntu/rj_training_container/training_ws/install/keyboard:/opt/ros/humble LD_LIBRARY_PATH=/home/ubuntu/rj_training_container/training_ws/install/mission_orchestration/lib:/home/ubuntu/rj_training_container/training_ws/install/stsl_rviz_plugins/lib:/home/ubuntu/rj_training_container/training_ws/install/stsl_bt_nodes/lib:/home/ubuntu/rj_training_container/training_ws/install/stsl_aruco_tags/lib:/home/ubuntu/rj_training_container/training_ws/install/mineral_deposit_detection/lib:/home/ubuntu/rj_training_container/training_ws/install/elevation_server/lib:/home/ubuntu/rj_training_container/training_ws/install/stsl_utils/lib:/home/ubuntu/rj_training_container/training_ws/install/stsl_nav_plugins/lib:/home/ubuntu/rj_training_container/training_ws/install/stsl_interfaces/lib:/home/ubuntu/rj_training_container/training_ws/install/stsl_gazebo_plugins/lib:/home/ubuntu/rj_training_container/training_ws/install/teleop/lib:/home/ubuntu/rj_training_container/training_ws/install/peak_finder/lib:/home/ubuntu/rj_training_container/training_ws/install/mineral_deposit_tracking/lib:/home/ubuntu/rj_training_container/training_ws/install/localization/lib:/home/ubuntu/rj_training_container/training_ws/install/coordinate_transform/lib:/home/ubuntu/rj_training_container/training_ws/install/obstacle_detector/lib:/home/ubuntu/rj_training_container/training_ws/install/mapping/lib:/home/ubuntu/rj_training_container/training_ws/install/joystick_package/lib:/home/ubuntu/rj_training_container/training_ws/install/joystick_msgs/lib:/home/ubuntu/rj_training_container/training_ws/install/controllers/lib:/home/ubuntu/rj_training_container/training_ws/install/astar_path_planner/lib:/usr/lib/x86_64-linux-gnu/gazebo-11/plugins:/opt/ros/humble/opt/rviz_ogre_vendor/lib:/opt/ros/humble/lib/x86_64-linux-gnu:/opt/ros/humble/lib /usr/bin/cmake --build /home/ubuntu/rj_training_container/training_ws/build/stsl_desktop -- -j16 -l16
[641.599s] DEBUG:colcon.colcon_core.event_handler.log_command:Invoked command in '/home/ubuntu/rj_training_container/training_ws/build/stsl_desktop' returned '0': CMAKE_PREFIX_PATH=/home/ubuntu/rj_training_container/training_ws/install/traini_bringup:/home/ubuntu/rj_training_container/training_ws/install/traini_gazebo:/home/ubuntu/rj_training_container/training_ws/install/mission_orchestration:/home/ubuntu/rj_training_container/training_ws/install/stsl_rviz_plugins:/home/ubuntu/rj_training_container/training_ws/install/stsl_bt_nodes:/home/ubuntu/rj_training_container/training_ws/install/stsl_aruco_tags:/home/ubuntu/rj_training_container/training_ws/install/mineral_deposit_detection:/home/ubuntu/rj_training_container/training_ws/install/elevation_server:/home/ubuntu/rj_training_container/training_ws/install/traini_description:/home/ubuntu/rj_training_container/training_ws/install/stsl_utils:/home/ubuntu/rj_training_container/training_ws/install/stsl_nav_plugins:/home/ubuntu/rj_training_container/training_ws/install/stsl_interfaces:/home/ubuntu/rj_training_container/training_ws/install/stsl_gazebo_plugins:/home/ubuntu/rj_training_container/training_ws/install/stsl_desktop:/home/ubuntu/rj_training_container/training_ws/install/teleop:/home/ubuntu/rj_training_container/training_ws/install/peak_finder:/home/ubuntu/rj_training_container/training_ws/install/mineral_deposit_tracking:/home/ubuntu/rj_training_container/training_ws/install/localization:/home/ubuntu/rj_training_container/training_ws/install/coordinate_transform:/home/ubuntu/rj_training_container/training_ws/install/rj_training_bringup:/home/ubuntu/rj_training_container/training_ws/install/obstacle_detector:/home/ubuntu/rj_training_container/training_ws/install/mapping:/home/ubuntu/rj_training_container/training_ws/install/joystick_package:/home/ubuntu/rj_training_container/training_ws/install/joystick_msgs:/home/ubuntu/rj_training_container/training_ws/install/controllers:/home/ubuntu/rj_training_container/training_ws/install/astar_path_planner:/home/ubuntu/rj_training_container/training_ws/install/keyboard:/opt/ros/humble LD_LIBRARY_PATH=/home/ubuntu/rj_training_container/training_ws/install/mission_orchestration/lib:/home/ubuntu/rj_training_container/training_ws/install/stsl_rviz_plugins/lib:/home/ubuntu/rj_training_container/training_ws/install/stsl_bt_nodes/lib:/home/ubuntu/rj_training_container/training_ws/install/stsl_aruco_tags/lib:/home/ubuntu/rj_training_container/training_ws/install/mineral_deposit_detection/lib:/home/ubuntu/rj_training_container/training_ws/install/elevation_server/lib:/home/ubuntu/rj_training_container/training_ws/install/stsl_utils/lib:/home/ubuntu/rj_training_container/training_ws/install/stsl_nav_plugins/lib:/home/ubuntu/rj_training_container/training_ws/install/stsl_interfaces/lib:/home/ubuntu/rj_training_container/training_ws/install/stsl_gazebo_plugins/lib:/home/ubuntu/rj_training_container/training_ws/install/teleop/lib:/home/ubuntu/rj_training_container/training_ws/install/peak_finder/lib:/home/ubuntu/rj_training_container/training_ws/install/mineral_deposit_tracking/lib:/home/ubuntu/rj_training_container/training_ws/install/localization/lib:/home/ubuntu/rj_training_container/training_ws/install/coordinate_transform/lib:/home/ubuntu/rj_training_container/training_ws/install/obstacle_detector/lib:/home/ubuntu/rj_training_container/training_ws/install/mapping/lib:/home/ubuntu/rj_training_container/training_ws/install/joystick_package/lib:/home/ubuntu/rj_training_container/training_ws/install/joystick_msgs/lib:/home/ubuntu/rj_training_container/training_ws/install/controllers/lib:/home/ubuntu/rj_training_container/training_ws/install/astar_path_planner/lib:/usr/lib/x86_64-linux-gnu/gazebo-11/plugins:/opt/ros/humble/opt/rviz_ogre_vendor/lib:/opt/ros/humble/lib/x86_64-linux-gnu:/opt/ros/humble/lib /usr/bin/cmake --build /home/ubuntu/rj_training_container/training_ws/build/stsl_desktop -- -j16 -l16
[653.199s] DEBUG:colcon.colcon_core.event_handler.log_command:Invoking command in '/home/ubuntu/rj_training_container/training_ws/build/stsl_desktop': CMAKE_PREFIX_PATH=/home/ubuntu/rj_training_container/training_ws/install/traini_bringup:/home/ubuntu/rj_training_container/training_ws/install/traini_gazebo:/home/ubuntu/rj_training_container/training_ws/install/mission_orchestration:/home/ubuntu/rj_training_container/training_ws/install/stsl_rviz_plugins:/home/ubuntu/rj_training_container/training_ws/install/stsl_bt_nodes:/home/ubuntu/rj_training_container/training_ws/install/stsl_aruco_tags:/home/ubuntu/rj_training_container/training_ws/install/mineral_deposit_detection:/home/ubuntu/rj_training_container/training_ws/install/elevation_server:/home/ubuntu/rj_training_container/training_ws/install/traini_description:/home/ubuntu/rj_training_container/training_ws/install/stsl_utils:/home/ubuntu/rj_training_container/training_ws/install/stsl_nav_plugins:/home/ubuntu/rj_training_container/training_ws/install/stsl_interfaces:/home/ubuntu/rj_training_container/training_ws/install/stsl_gazebo_plugins:/home/ubuntu/rj_training_container/training_ws/install/stsl_desktop:/home/ubuntu/rj_training_container/training_ws/install/teleop:/home/ubuntu/rj_training_container/training_ws/install/peak_finder:/home/ubuntu/rj_training_container/training_ws/install/mineral_deposit_tracking:/home/ubuntu/rj_training_container/training_ws/install/localization:/home/ubuntu/rj_training_container/training_ws/install/coordinate_transform:/home/ubuntu/rj_training_container/training_ws/install/rj_training_bringup:/home/ubuntu/rj_training_container/training_ws/install/obstacle_detector:/home/ubuntu/rj_training_container/training_ws/install/mapping:/home/ubuntu/rj_training_container/training_ws/install/joystick_package:/home/ubuntu/rj_training_container/training_ws/install/joystick_msgs:/home/ubuntu/rj_training_container/training_ws/install/controllers:/home/ubuntu/rj_training_container/training_ws/install/astar_path_planner:/home/ubuntu/rj_training_container/training_ws/install/keyboard:/opt/ros/humble LD_LIBRARY_PATH=/home/ubuntu/rj_training_container/training_ws/install/mission_orchestration/lib:/home/ubuntu/rj_training_container/training_ws/install/stsl_rviz_plugins/lib:/home/ubuntu/rj_training_container/training_ws/install/stsl_bt_nodes/lib:/home/ubuntu/rj_training_container/training_ws/install/stsl_aruco_tags/lib:/home/ubuntu/rj_training_container/training_ws/install/mineral_deposit_detection/lib:/home/ubuntu/rj_training_container/training_ws/install/elevation_server/lib:/home/ubuntu/rj_training_container/training_ws/install/stsl_utils/lib:/home/ubuntu/rj_training_container/training_ws/install/stsl_nav_plugins/lib:/home/ubuntu/rj_training_container/training_ws/install/stsl_interfaces/lib:/home/ubuntu/rj_training_container/training_ws/install/stsl_gazebo_plugins/lib:/home/ubuntu/rj_training_container/training_ws/install/teleop/lib:/home/ubuntu/rj_training_container/training_ws/install/peak_finder/lib:/home/ubuntu/rj_training_container/training_ws/install/mineral_deposit_tracking/lib:/home/ubuntu/rj_training_container/training_ws/install/localization/lib:/home/ubuntu/rj_training_container/training_ws/install/coordinate_transform/lib:/home/ubuntu/rj_training_container/training_ws/install/obstacle_detector/lib:/home/ubuntu/rj_training_container/training_ws/install/mapping/lib:/home/ubuntu/rj_training_container/training_ws/install/joystick_package/lib:/home/ubuntu/rj_training_container/training_ws/install/joystick_msgs/lib:/home/ubuntu/rj_training_container/training_ws/install/controllers/lib:/home/ubuntu/rj_training_container/training_ws/install/astar_path_planner/lib:/usr/lib/x86_64-linux-gnu/gazebo-11/plugins:/opt/ros/humble/opt/rviz_ogre_vendor/lib:/opt/ros/humble/lib/x86_64-linux-gnu:/opt/ros/humble/lib /usr/bin/cmake --install /home/ubuntu/rj_training_container/training_ws/build/stsl_desktop
[655.653s] Level 1:colcon.colcon_core.environment:create_environment_scripts_only(stsl_desktop)
[655.654s] Level 1:colcon.colcon_core.environment:checking '/home/ubuntu/rj_training_container/training_ws/install/stsl_desktop' for CMake module files
[655.655s] DEBUG:colcon.colcon_core.event_handler.log_command:Invoked command in '/home/ubuntu/rj_training_container/training_ws/build/stsl_desktop' returned '0': CMAKE_PREFIX_PATH=/home/ubuntu/rj_training_container/training_ws/install/traini_bringup:/home/ubuntu/rj_training_container/training_ws/install/traini_gazebo:/home/ubuntu/rj_training_container/training_ws/install/mission_orchestration:/home/ubuntu/rj_training_container/training_ws/install/stsl_rviz_plugins:/home/ubuntu/rj_training_container/training_ws/install/stsl_bt_nodes:/home/ubuntu/rj_training_container/training_ws/install/stsl_aruco_tags:/home/ubuntu/rj_training_container/training_ws/install/mineral_deposit_detection:/home/ubuntu/rj_training_container/training_ws/install/elevation_server:/home/ubuntu/rj_training_container/training_ws/install/traini_description:/home/ubuntu/rj_training_container/training_ws/install/stsl_utils:/home/ubuntu/rj_training_container/training_ws/install/stsl_nav_plugins:/home/ubuntu/rj_training_container/training_ws/install/stsl_interfaces:/home/ubuntu/rj_training_container/training_ws/install/stsl_gazebo_plugins:/home/ubuntu/rj_training_container/training_ws/install/stsl_desktop:/home/ubuntu/rj_training_container/training_ws/install/teleop:/home/ubuntu/rj_training_container/training_ws/install/peak_finder:/home/ubuntu/rj_training_container/training_ws/install/mineral_deposit_tracking:/home/ubuntu/rj_training_container/training_ws/install/localization:/home/ubuntu/rj_training_container/training_ws/install/coordinate_transform:/home/ubuntu/rj_training_container/training_ws/install/rj_training_bringup:/home/ubuntu/rj_training_container/training_ws/install/obstacle_detector:/home/ubuntu/rj_training_container/training_ws/install/mapping:/home/ubuntu/rj_training_container/training_ws/install/joystick_package:/home/ubuntu/rj_training_container/training_ws/install/joystick_msgs:/home/ubuntu/rj_training_container/training_ws/install/controllers:/home/ubuntu/rj_training_container/training_ws/install/astar_path_planner:/home/ubuntu/rj_training_container/training_ws/install/keyboard:/opt/ros/humble LD_LIBRARY_PATH=/home/ubuntu/rj_training_container/training_ws/install/mission_orchestration/lib:/home/ubuntu/rj_training_container/training_ws/install/stsl_rviz_plugins/lib:/home/ubuntu/rj_training_container/training_ws/install/stsl_bt_nodes/lib:/home/ubuntu/rj_training_container/training_ws/install/stsl_aruco_tags/lib:/home/ubuntu/rj_training_container/training_ws/install/mineral_deposit_detection/lib:/home/ubuntu/rj_training_container/training_ws/install/elevation_server/lib:/home/ubuntu/rj_training_container/training_ws/install/stsl_utils/lib:/home/ubuntu/rj_training_container/training_ws/install/stsl_nav_plugins/lib:/home/ubuntu/rj_training_container/training_ws/install/stsl_interfaces/lib:/home/ubuntu/rj_training_container/training_ws/install/stsl_gazebo_plugins/lib:/home/ubuntu/rj_training_container/training_ws/install/teleop/lib:/home/ubuntu/rj_training_container/training_ws/install/peak_finder/lib:/home/ubuntu/rj_training_container/training_ws/install/mineral_deposit_tracking/lib:/home/ubuntu/rj_training_container/training_ws/install/localization/lib:/home/ubuntu/rj_training_container/training_ws/install/coordinate_transform/lib:/home/ubuntu/rj_training_container/training_ws/install/obstacle_detector/lib:/home/ubuntu/rj_training_container/training_ws/install/mapping/lib:/home/ubuntu/rj_training_container/training_ws/install/joystick_package/lib:/home/ubuntu/rj_training_container/training_ws/install/joystick_msgs/lib:/home/ubuntu/rj_training_container/training_ws/install/controllers/lib:/home/ubuntu/rj_training_container/training_ws/install/astar_path_planner/lib:/usr/lib/x86_64-linux-gnu/gazebo-11/plugins:/opt/ros/humble/opt/rviz_ogre_vendor/lib:/opt/ros/humble/lib/x86_64-linux-gnu:/opt/ros/humble/lib /usr/bin/cmake --install /home/ubuntu/rj_training_container/training_ws/build/stsl_desktop
[655.735s] Level 1:colcon.colcon_core.environment:checking '/home/ubuntu/rj_training_container/training_ws/install/stsl_desktop' for CMake config files
[655.791s] Level 1:colcon.colcon_core.shell:create_environment_hook('stsl_desktop', 'cmake_prefix_path')
[655.791s] INFO:colcon.colcon_core.shell:Creating environment hook '/home/ubuntu/rj_training_container/training_ws/install/stsl_desktop/share/stsl_desktop/hook/cmake_prefix_path.ps1'
[655.810s] INFO:colcon.colcon_core.shell:Creating environment descriptor '/home/ubuntu/rj_training_container/training_ws/install/stsl_desktop/share/stsl_desktop/hook/cmake_prefix_path.dsv'
[655.824s] INFO:colcon.colcon_core.shell:Creating environment hook '/home/ubuntu/rj_training_container/training_ws/install/stsl_desktop/share/stsl_desktop/hook/cmake_prefix_path.sh'
[655.846s] Level 1:colcon.colcon_core.environment:checking '/home/ubuntu/rj_training_container/training_ws/install/stsl_desktop/bin'
[655.848s] Level 1:colcon.colcon_core.environment:checking '/home/ubuntu/rj_training_container/training_ws/install/stsl_desktop/lib/pkgconfig/stsl_desktop.pc'
[655.850s] Level 1:colcon.colcon_core.environment:checking '/home/ubuntu/rj_training_container/training_ws/install/stsl_desktop/lib/python3.10/site-packages'
[655.851s] Level 1:colcon.colcon_core.environment:checking '/home/ubuntu/rj_training_container/training_ws/install/stsl_desktop/bin'
[655.852s] INFO:colcon.colcon_core.shell:Creating package script '/home/ubuntu/rj_training_container/training_ws/install/stsl_desktop/share/stsl_desktop/package.ps1'
[655.867s] INFO:colcon.colcon_core.shell:Creating package descriptor '/home/ubuntu/rj_training_container/training_ws/install/stsl_desktop/share/stsl_desktop/package.dsv'
[655.880s] INFO:colcon.colcon_core.shell:Creating package script '/home/ubuntu/rj_training_container/training_ws/install/stsl_desktop/share/stsl_desktop/package.sh'
[655.893s] INFO:colcon.colcon_core.shell:Creating package script '/home/ubuntu/rj_training_container/training_ws/install/stsl_desktop/share/stsl_desktop/package.bash'
[655.904s] INFO:colcon.colcon_core.shell:Creating package script '/home/ubuntu/rj_training_container/training_ws/install/stsl_desktop/share/stsl_desktop/package.zsh'
[655.916s] Level 1:colcon.colcon_core.environment:create_file_with_runtime_dependencies(/home/ubuntu/rj_training_container/training_ws/install/stsl_desktop/share/colcon-core/packages/stsl_desktop)
[667.655s] Level 1:colcon.colcon_core.environment:create_environment_scripts_only(stsl_desktop)
[667.656s] Level 1:colcon.colcon_core.environment:checking '/home/ubuntu/rj_training_container/training_ws/install/stsl_desktop' for CMake module files
[667.738s] Level 1:colcon.colcon_core.environment:checking '/home/ubuntu/rj_training_container/training_ws/install/stsl_desktop' for CMake config files
[667.796s] Level 1:colcon.colcon_core.shell:create_environment_hook('stsl_desktop', 'cmake_prefix_path')
[667.797s] INFO:colcon.colcon_core.shell:Creating environment hook '/home/ubuntu/rj_training_container/training_ws/install/stsl_desktop/share/stsl_desktop/hook/cmake_prefix_path.ps1'
[667.815s] INFO:colcon.colcon_core.shell:Creating environment descriptor '/home/ubuntu/rj_training_container/training_ws/install/stsl_desktop/share/stsl_desktop/hook/cmake_prefix_path.dsv'
[667.828s] INFO:colcon.colcon_core.shell:Creating environment hook '/home/ubuntu/rj_training_container/training_ws/install/stsl_desktop/share/stsl_desktop/hook/cmake_prefix_path.sh'
[667.848s] Level 1:colcon.colcon_core.environment:checking '/home/ubuntu/rj_training_container/training_ws/install/stsl_desktop/bin'
[667.850s] Level 1:colcon.colcon_core.environment:checking '/home/ubuntu/rj_training_container/training_ws/install/stsl_desktop/lib/pkgconfig/stsl_desktop.pc'
[667.852s] Level 1:colcon.colcon_core.environment:checking '/home/ubuntu/rj_training_container/training_ws/install/stsl_desktop/lib/python3.10/site-packages'
[667.853s] Level 1:colcon.colcon_core.environment:checking '/home/ubuntu/rj_training_container/training_ws/install/stsl_desktop/bin'
[667.855s] INFO:colcon.colcon_core.shell:Creating package script '/home/ubuntu/rj_training_container/training_ws/install/stsl_desktop/share/stsl_desktop/package.ps1'
[667.867s] INFO:colcon.colcon_core.shell:Creating package descriptor '/home/ubuntu/rj_training_container/training_ws/install/stsl_desktop/share/stsl_desktop/package.dsv'
[667.881s] INFO:colcon.colcon_core.shell:Creating package script '/home/ubuntu/rj_training_container/training_ws/install/stsl_desktop/share/stsl_desktop/package.sh'
[667.893s] INFO:colcon.colcon_core.shell:Creating package script '/home/ubuntu/rj_training_container/training_ws/install/stsl_desktop/share/stsl_desktop/package.bash'
[667.906s] INFO:colcon.colcon_core.shell:Creating package script '/home/ubuntu/rj_training_container/training_ws/install/stsl_desktop/share/stsl_desktop/package.zsh'
[667.918s] Level 1:colcon.colcon_core.environment:create_file_with_runtime_dependencies(/home/ubuntu/rj_training_container/training_ws/install/stsl_desktop/share/colcon-core/packages/stsl_desktop)
[667.927s] DEBUG:colcon.colcon_parallel_executor.executor.parallel:closing loop
[667.928s] DEBUG:colcon.colcon_parallel_executor.executor.parallel:loop closed
[667.929s] DEBUG:colcon.colcon_parallel_executor.executor.parallel:run_until_complete finished with '0'
[667.930s] DEBUG:colcon.colcon_core.event_reactor:joining thread
[668.247s] INFO:colcon.colcon_core.plugin_system:Skipping extension 'colcon_notification.desktop_notification.terminal_notifier': Not used on non-Darwin systems
[668.247s] INFO:colcon.colcon_core.plugin_system:Skipping extension 'colcon_notification.desktop_notification.win32': Not used on non-Windows systems
[668.247s] INFO:colcon.colcon_notification.desktop_notification:Sending desktop notification using 'notify2'
[668.484s] DEBUG:colcon.colcon_core.event_reactor:joined thread
[668.485s] INFO:colcon.colcon_core.shell:Creating prefix script '/home/ubuntu/rj_training_container/training_ws/install/local_setup.ps1'
[668.495s] INFO:colcon.colcon_core.shell:Creating prefix util module '/home/ubuntu/rj_training_container/training_ws/install/_local_setup_util_ps1.py'
[668.503s] INFO:colcon.colcon_core.shell:Creating prefix chain script '/home/ubuntu/rj_training_container/training_ws/install/setup.ps1'
[668.758s] INFO:colcon.colcon_core.shell:Creating prefix script '/home/ubuntu/rj_training_container/training_ws/install/local_setup.sh'
[668.764s] INFO:colcon.colcon_core.shell:Creating prefix util module '/home/ubuntu/rj_training_container/training_ws/install/_local_setup_util_sh.py'
[668.769s] INFO:colcon.colcon_core.shell:Creating prefix chain script '/home/ubuntu/rj_training_container/training_ws/install/setup.sh'
[668.999s] INFO:colcon.colcon_core.shell:Creating prefix script '/home/ubuntu/rj_training_container/training_ws/install/local_setup.bash'
[669.004s] INFO:colcon.colcon_core.shell:Creating prefix chain script '/home/ubuntu/rj_training_container/training_ws/install/setup.bash'
[669.234s] INFO:colcon.colcon_core.shell:Creating prefix script '/home/ubuntu/rj_training_container/training_ws/install/local_setup.zsh'
[669.240s] INFO:colcon.colcon_core.shell:Creating prefix chain script '/home/ubuntu/rj_training_container/training_ws/install/setup.zsh'
